mmsi_id,question_type,gold_direction,gold,prediction,correct,occurrence_index,word,generated_start,generated_end,token_ids,token_pieces,context,sequence_positions,hidden_norm,horizontal,horizontal_cosine,vertical,vertical_cosine,distance,distance_cosine
8,Positional Relationship (Reg.–Reg.),northwest,D,B,False,0,south,48,49,[9514],[' south'],"  **Identify the reference wall:** The problem states that the picture display area (Image 2) is on the south wall.
2.  **Locate the door relative to the pictures:** In Image 2, a white door",[2700],95.79505920410156,-1.0716071128845215,-0.011186455376446247,-0.3135836124420166,-0.0032734842970967293,-0.19929707050323486,-0.0020804523956030607
8,Positional Relationship (Reg.–Reg.),northwest,D,B,False,1,right,77,78,[1245],[' right'],".  **Locate the door relative to the pictures:** In Image 2, a white door is visible on the right side of the picture frames. This means the door is on the wall to the east of the south wall.
3",[2729],92.3337173461914,2.1723055839538574,0.02352667786180973,-0.5733746290206909,-0.0062098074704408646,-0.12264189124107361,-0.0013282459694892168
8,Positional Relationship (Reg.–Reg.),northwest,D,B,False,2,east,94,95,[10663],[' east']," a white door is visible on the right side of the picture frames. This means the door is on the wall to the east of the south wall.
3.  **Identify the corridor:** Image 1 shows this same white door,",[2746],96.55545806884766,1.978905439376831,0.020495014265179634,-1.750317931175232,-0.018127592280507088,0.10201358795166016,0.0010565284173935652
8,Positional Relationship (Reg.–Reg.),northwest,D,B,False,3,south,97,98,[9514],[' south']," is visible on the right side of the picture frames. This means the door is on the wall to the east of the south wall.
3.  **Identify the corridor:** Image 1 shows this same white door, which is open",[2749],95.17535400390625,-1.8782917261123657,-0.01973506435751915,-1.3465604782104492,-0.014148205518722534,-1.1358246803283691,-0.01193402148783207
8,Positional Relationship (Reg.–Reg.),northwest,D,B,False,4,south,145,146,[9514],[' south']," open and leads into a corridor passage.
4.  **Determine the corner:** Since the pictures are on the south wall and the door leading to the corridor is on the adjacent wall to the right (east), the corner where these two",[2797],89.7372055053711,-2.959501266479492,-0.03297964483499527,0.3761254549026489,0.0041914102621376514,-0.8604995608329773,-0.00958910584449768
8,Positional Relationship (Reg.–Reg.),northwest,D,B,False,5,right,161,162,[1245],[' right']," corner:** Since the pictures are on the south wall and the door leading to the corridor is on the adjacent wall to the right (east), the corner where these two walls meet is the southeast corner.
5.  **Conclusion:** The corridor",[2813],96.0822982788086,0.4549356698989868,0.0047348542138934135,-1.5113983154296875,-0.015730246901512146,-0.20493698120117188,-0.002132931724190712
8,Positional Relationship (Reg.–Reg.),northwest,D,B,False,6,east,163,164,[58463],['east']," Since the pictures are on the south wall and the door leading to the corridor is on the adjacent wall to the right (east), the corner where these two walls meet is the southeast corner.
5.  **Conclusion:** The corridor passage area",[2815],85.37098693847656,0.8610358238220215,0.010085812769830227,-0.37303465604782104,-0.004369571805000305,1.033268928527832,0.012103280052542686
8,Positional Relationship (Reg.–Reg.),northwest,D,B,False,7,southeast,174,175,[40080],[' southeast']," leading to the corridor is on the adjacent wall to the right (east), the corner where these two walls meet is the southeast corner.
5.  **Conclusion:** The corridor passage area is located in the southeast corner of the bedroom.

",[2826],93.93462371826172,2.0770721435546875,0.022111890837550163,-0.007919803261756897,-8.431186142843217e-05,1.6421880722045898,0.017482245340943336
8,Positional Relationship (Reg.–Reg.),northwest,D,B,False,8,southeast,192,193,[40080],[' southeast']," these two walls meet is the southeast corner.
5.  **Conclusion:** The corridor passage area is located in the southeast corner of the bedroom.

Answer: B",[2844],95.27294921875,1.193273663520813,0.01252479013055563,0.16505634784698486,0.0017324576620012522,0.467273473739624,0.004904576577246189
11,Positional Relationship (Reg.–Reg.),southeast,C,C,True,0,west,38,39,[9422],[' west']," first image shows the book storage area, which consists of large wooden bookshelves. The problem states this is on the west wall.
2.  The second image shows the telephone communication area, which includes a telephone on a small table.",[2685],89.40300750732422,-1.373620867729187,-0.015364369377493858,-1.2254321575164795,-0.013706834055483341,-1.24505615234375,-0.013926333747804165
11,Positional Relationship (Reg.–Reg.),southeast,C,C,True,1,west,98,99,[10717],['west'],".  By observing the room's layout across both images, we can see that the wall with the bookshelves (west) is adjacent to the wall with the window.
4.  In the second image, the window is to the",[2745],90.26911926269531,-2.780618190765381,-0.030803648754954338,-0.9671540260314941,-0.010714118368923664,-1.6718275547027588,-0.018520481884479523
11,Positional Relationship (Reg.–Reg.),southeast,C,C,True,2,right,123,124,[1245],[' right'],") is adjacent to the wall with the window.
4.  In the second image, the window is to the right of the fireplace. If the bookshelves are on the west wall, the wall with the window is the south wall",[2770],90.84967041015625,1.5641496181488037,0.017216898500919342,-0.9759145379066467,-0.010742081329226494,-0.3975399136543274,-0.004375799093395472
11,Positional Relationship (Reg.–Reg.),southeast,C,C,True,3,west,136,137,[9422],[' west'],"  In the second image, the window is to the right of the fireplace. If the bookshelves are on the west wall, the wall with the window is the south wall.
5.  The telephone is located in the corner formed",[2783],91.9062728881836,-3.083885431289673,-0.03355467692017555,-1.3667458295822144,-0.014871083199977875,-2.5506489276885986,-0.027752717956900597
11,Positional Relationship (Reg.–Reg.),southeast,C,C,True,4,south,146,147,[9514],[' south']," the right of the fireplace. If the bookshelves are on the west wall, the wall with the window is the south wall.
5.  The telephone is located in the corner formed by the south wall (with the window) and",[2793],92.11682891845703,1.2191081047058105,0.013234369456768036,2.190946102142334,0.02378442883491516,1.4571174383163452,0.015818145126104355
11,Positional Relationship (Reg.–Reg.),southeast,C,C,True,5,south,163,164,[9514],[' south']," the wall with the window is the south wall.
5.  The telephone is located in the corner formed by the south wall (with the window) and the east wall (where the desk is). This places the telephone in the southeast corner",[2810],95.14799499511719,1.3081152439117432,0.013748216442763805,-0.7671406269073486,-0.008062603883445263,-0.4648669958114624,-0.004885725677013397
11,Positional Relationship (Reg.–Reg.),southeast,C,C,True,6,east,172,173,[10663],[' east'],".
5.  The telephone is located in the corner formed by the south wall (with the window) and the east wall (where the desk is). This places the telephone in the southeast corner of the room.

Answer: C",[2819],87.48747253417969,2.261451482772827,0.025848859921097755,-0.4751245677471161,-0.0054307724349200726,-0.5158310532569885,-0.005896056070923805
11,Positional Relationship (Reg.–Reg.),southeast,C,C,True,7,southeast,186,187,[40080],[' southeast']," the south wall (with the window) and the east wall (where the desk is). This places the telephone in the southeast corner of the room.

Answer: C",[2833],97.07036590576172,1.0220056772232056,0.010528502985835075,0.8867678642272949,0.009135309606790543,0.06036454439163208,0.0006218637572601438
13,MSR,northeast,D,D,True,0,south,48,49,[9514],[' south'],1.  **Establish Orientation:** The problem states that the power strip on the table in Figure 3 is on the south side of the room. This means the long edge of the table where the power strip sits is the southern boundary of the,[4961],96.84761047363281,-2.4227311611175537,-0.02501591108739376,1.048034906387329,0.01082148402929306,-0.44824016094207764,-0.004628303926438093
13,MSR,northeast,D,D,True,1,north,89,90,[9897],[' north']," strip sits is the southern boundary of the table's area. Consequently, the opposite long edge of the table is on the north side.

2.  **Locate the Backpack relative to the Table:** In Figure 2, the red backpack",[5002],92.5300064086914,0.46228674054145813,0.0049960738979279995,-3.709416151046753,-0.04008879140019417,-1.5931742191314697,-0.01721791923046112
13,MSR,northeast,D,D,True,2,south,208,209,[9514],[' south']," from the stack of grey chairs seen in Figure 3. Since the power strip (Figure 3) is on the south side, the stack of grey chairs is also on the south side. Therefore, the wall with the backpack is on the",[5121],93.88577270507812,-2.876234769821167,-0.030635470524430275,-0.12638379633426666,-0.001346144243143499,-0.82204669713974,-0.008755818009376526
13,MSR,northeast,D,D,True,3,south,220,221,[9514],[' south']," Since the power strip (Figure 3) is on the south side, the stack of grey chairs is also on the south side. Therefore, the wall with the backpack is on the north side of the room.

4.  **Pin",[5133],92.6866683959961,-2.3654043674468994,-0.025520438328385353,0.519755482673645,0.0056076617911458015,-2.1018404960632324,-0.02267683669924736
13,MSR,northeast,D,D,True,4,north,233,234,[9897],[' north']," side, the stack of grey chairs is also on the south side. Therefore, the wall with the backpack is on the north side of the room.

4.  **Pinpoint the Corner:** Figure 2 shows the backpack is near the",[5146],90.27342224121094,-0.8803972005844116,-0.009752562269568443,-4.409247398376465,-0.048843249678611755,-0.9864090085029602,-0.010926904156804085
13,MSR,northeast,D,D,True,5,north,329,330,[9897],[' north']," is at the far end from the trash can.

5.  **Final Direction:** Since the backpack is on the north side of the room and at the far end (away from the trash can corner), it is located in the northeast corner",[5242],94.1129150390625,-0.17384494841098785,-0.0018471954390406609,-3.9346377849578857,-0.0418076291680336,-1.4230064153671265,-0.015120203606784344
13,MSR,northeast,D,D,True,6,northeast,352,353,[39481],[' northeast']," the north side of the room and at the far end (away from the trash can corner), it is located in the northeast corner of the meeting room.

Answer: D",[5265],99.42733764648438,3.6167819499969482,0.03637613356113434,-2.8363258838653564,-0.02852662093937397,0.02104276418685913,0.0002116396208293736
21,Attribute (Appr.),southeast,A,D,False,0,north,44,45,[59810],['north']," these steps:

1.  **Identify the reference side:** The problem states that Figure 1 shows the ""north side"" of the food box. This is the front face with the large ""shine"" logo.
2. ",[3933],97.6964111328125,-1.9883654117584229,-0.020352492108941078,-3.661236047744751,-0.037475645542144775,-2.196122646331787,-0.02247905172407627
21,Attribute (Appr.),southeast,A,D,False,1,right,149,150,[1245],[' right']," adjacent to the front face. In Figure 2, we are looking at the side of the box that is to the right of the front face shown in Figure 1.
4.  **Apply cardinal directions:** If the front face is",[4038],95.55623626708984,2.2956507205963135,0.024024080485105515,-2.266775131225586,-0.02372189611196518,0.038628965616226196,0.00040425374754704535
21,Attribute (Appr.),southeast,A,D,False,2,north,174,175,[4634],[' North']," of the front face shown in Figure 1.
4.  **Apply cardinal directions:** If the front face is North, then the face to its right would be the East side.
5.  **Refine the direction:** The",[4063],94.77696990966797,-2.216005325317383,-0.02338126301765442,-3.730924606323242,-0.03936530649662018,-1.8090531826019287,-0.019087476655840874
21,Attribute (Appr.),southeast,A,D,False,3,right,181,182,[1245],[' right']," 1.
4.  **Apply cardinal directions:** If the front face is North, then the face to its right would be the East side.
5.  **Refine the direction:** The camera angle in Figure 2 is",[4070],93.56878662109375,1.932283878326416,0.020650945603847504,-1.1998519897460938,-0.012823207303881645,0.7442367672920227,0.007953899912536144
21,Attribute (Appr.),southeast,A,D,False,4,east,185,186,[6127],[' East'],"4.  **Apply cardinal directions:** If the front face is North, then the face to its right would be the East side.
5.  **Refine the direction:** The camera angle in Figure 2 is not directly perpendicular to",[4074],88.79267120361328,1.4084457159042358,0.015862183645367622,-0.4658691883087158,-0.005246707703918219,0.945246696472168,0.010645548813045025
21,Attribute (Appr.),southeast,A,D,False,5,east,228,229,[6127],[' East'],"2 is not directly perpendicular to the side face; it's angled slightly from the front. This means we are seeing the East face, but from a perspective that is slightly towards the North. Therefore, the view is from the Northeast.

Answer",[4117],97.57453918457031,2.7410621643066406,0.028091982007026672,-0.30230075120925903,-0.0030981518793851137,0.1402396261692047,0.001437256345525384
21,Attribute (Appr.),southeast,A,D,False,6,north,240,241,[4634],[' North']," angled slightly from the front. This means we are seeing the East face, but from a perspective that is slightly towards the North. Therefore, the view is from the Northeast.

Answer: D",[4129],95.88256072998047,-1.9030475616455078,-0.019847692921757698,-3.422480583190918,-0.03569450601935387,0.22543120384216309,0.0023511177860200405
21,Attribute (Appr.),southeast,A,D,False,7,northeast,249,250,[43102],[' Northeast']," are seeing the East face, but from a perspective that is slightly towards the North. Therefore, the view is from the Northeast.

Answer: D",[4138],102.73255157470703,2.6666698455810547,0.025957399979233742,-2.775460958480835,-0.027016373351216316,0.5570068359375,0.005421911831945181
24,Positional Relationship (Obj.–Reg.),southwest,B,D,False,0,left,58,59,[2047],[' left']," the house, including a billiards room visible through glass doors. Step 3: The billiards room is to the left of the main living area shown in the second image. Step 4: If the door in the second image faces north",[2707],104.50456237792969,-4.929112434387207,-0.047166481614112854,-0.24649614095687866,-0.002358711790293455,-1.114926815032959,-0.01066869031637907
24,Positional Relationship (Obj.–Reg.),southwest,B,D,False,1,north,82,83,[9897],[' north']," left of the main living area shown in the second image. Step 4: If the door in the second image faces north, then the billiards room is to the west. Step 5: The vase is in the room shown in the",[2731],102.02899932861328,0.1746237874031067,0.0017115112859755754,-3.4204583168029785,-0.03352437540888786,-2.0493993759155273,-0.020086439326405525
24,Positional Relationship (Obj.–Reg.),southwest,B,D,False,2,west,92,93,[9422],[' west']," image. Step 4: If the door in the second image faces north, then the billiards room is to the west. Step 5: The vase is in the room shown in the first image, which is to the right of the",[2741],105.64521026611328,-1.5983622074127197,-0.015129528008401394,-0.5833077430725098,-0.005521383602172136,-1.7682963609695435,-0.01673806458711624
24,Positional Relationship (Obj.–Reg.),southwest,B,D,False,3,right,114,115,[1245],[' right']," to the west. Step 5: The vase is in the room shown in the first image, which is to the right of the billiards room, placing it in the southeast direction relative to the billiards room.
Answer: D",[2763],103.34072875976562,3.6832118034362793,0.03564143553376198,-1.648545265197754,-0.015952521935105324,0.44586461782455444,0.004314510151743889
24,Positional Relationship (Obj.–Reg.),southwest,B,D,False,4,southeast,125,126,[40080],[' southeast']," in the room shown in the first image, which is to the right of the billiards room, placing it in the southeast direction relative to the billiards room.
Answer: D",[2774],106.76026153564453,3.301832675933838,0.030927544459700584,1.62386953830719,0.015210430137813091,1.2941951751708984,0.012122442945837975
25,Positional Relationship (Obj.–Reg.),southwest,B,C,False,0,left,54,55,[2047],[' left'],"ify the balcony's position**: The balcony is visible through the open door in the first image. The door is on the left side of the image, and the balcony is outside, indicating it is to the left of the room's interior.

",[2704],106.61852264404297,-6.8330841064453125,-0.0640890896320343,-1.016956090927124,-0.00953826867043972,-1.7957922220230103,-0.016843155026435852
25,Positional Relationship (Obj.–Reg.),southwest,B,C,False,1,left,71,72,[2047],[' left']," image. The door is on the left side of the image, and the balcony is outside, indicating it is to the left of the room's interior.

2. **Determine the chair's position in the second image**: The chair is",[2721],110.94747161865234,-5.058172225952148,-0.04559069499373436,-1.6069624423980713,-0.01448399294167757,-1.4164777994155884,-0.01276710256934166
25,Positional Relationship (Obj.–Reg.),southwest,B,C,False,2,left,154,155,[2047],[' left']," of the room.

3. **Relate the chair's position to the balcony**: Since the balcony is to the left of the room (as seen in the first image), and the chair is in the room facing towards the center, the",[2804],114.11712646484375,-5.560917377471924,-0.04872991144657135,-2.199955463409424,-0.01927804760634899,-1.6977689266204834,-0.014877424575388432
25,Positional Relationship (Obj.–Reg.),southwest,B,C,False,3,right,184,185,[1245],[' right']," seen in the first image), and the chair is in the room facing towards the center, the chair is positioned to the right of the balcony's direction.

4. **Consider the room's layout**: The bed is on the right side of",[2834],109.49901580810547,2.631589889526367,0.02403300069272518,-1.1176780462265015,-0.01020719762891531,-0.10677126049995422,-0.0009750887402333319
25,Positional Relationship (Obj.–Reg.),southwest,B,C,False,4,right,206,207,[1245],[' right']," to the right of the balcony's direction.

4. **Consider the room's layout**: The bed is on the right side of the room, and the chair is on the left side, closer to the door. This places the chair in",[2856],110.65672302246094,3.6131234169006348,0.032651640474796295,-0.8891265988349915,-0.008034998551011086,-2.311011791229248,-0.02088451385498047
25,Positional Relationship (Obj.–Reg.),southwest,B,C,False,5,left,218,219,[2047],[' left']," **Consider the room's layout**: The bed is on the right side of the room, and the chair is on the left side, closer to the door. This places the chair in a position that is south of the balcony's direction.

",[2868],113.2059326171875,-6.02987813949585,-0.05326468497514725,0.6155163645744324,0.005437138956040144,1.0350213050842285,0.009142818860709667
25,Positional Relationship (Obj.–Reg.),southwest,B,C,False,6,south,235,236,[9514],[' south'],", and the chair is on the left side, closer to the door. This places the chair in a position that is south of the balcony's direction.

5. **Final direction determination**: Given the balcony is north relative to the door,",[2885],112.94091033935547,-0.9223359823226929,-0.008166535757482052,3.185842514038086,0.028208047151565552,0.021041810512542725,0.00018630814156495035
25,Positional Relationship (Obj.–Reg.),southwest,B,C,False,7,north,254,255,[9897],[' north']," in a position that is south of the balcony's direction.

5. **Final direction determination**: Given the balcony is north relative to the door, and the chair is south of the balcony's direction, the chair is in the south direction relative",[2904],111.43926239013672,-1.4815833568572998,-0.013294985517859459,-5.931082725524902,-0.05322255939245224,-4.1055169105529785,-0.03684084862470627
25,Positional Relationship (Obj.–Reg.),southwest,B,C,False,8,south,264,265,[9514],[' south']," direction.

5. **Final direction determination**: Given the balcony is north relative to the door, and the chair is south of the balcony's direction, the chair is in the south direction relative to the balcony.

Answer: C",[2914],109.78675842285156,-1.1950633525848389,-0.010885314084589481,2.858038902282715,0.026032637804746628,0.8469316959381104,0.0077143339440226555
25,Positional Relationship (Obj.–Reg.),southwest,B,C,False,9,south,276,277,[9514],[' south']," balcony is north relative to the door, and the chair is south of the balcony's direction, the chair is in the south direction relative to the balcony.

Answer: C",[2926],106.1622085571289,-1.5941969156265259,-0.015016614459455013,1.7568037509918213,0.016548296436667442,0.17070937156677246,0.0016080051427707076
26,Positional Relationship (Obj.–Reg.),northwest,B,D,False,0,above,9,10,[3294],[' above'],"Step 1: The chandelier is located above the kitchen island, which is in the center of the kitchen.
Step 2: The stove is positioned against the",[2661],99.91744232177734,-1.2322866916656494,-0.01233304850757122,1.4172600507736206,0.014184311032295227,1.5699652433395386,0.015712624415755272
26,Positional Relationship (Obj.–Reg.),northwest,B,D,False,1,south,41,42,[9514],[' south']," the center of the kitchen.
Step 2: The stove is positioned against the back wall of the kitchen, directly south of the chandelier.
Step 3: The dining room is visible through an archway to the right of the",[2693],104.46591186523438,-0.20877483487129211,-0.001998497173190117,1.4436821937561035,0.013819648884236813,-2.4131975173950195,-0.023100335150957108
26,Positional Relationship (Obj.–Reg.),northwest,B,D,False,2,right,63,64,[1245],[' right'],", directly south of the chandelier.
Step 3: The dining room is visible through an archway to the right of the kitchen, which is to the east of the chandelier.
Step 4: Since the dining room is",[2715],100.62744903564453,5.288705348968506,0.05255728214979172,-1.1256651878356934,-0.011186462827026844,0.4133937954902649,0.004108161199837923
26,Positional Relationship (Obj.–Reg.),northwest,B,D,False,3,east,72,73,[10663],[' east'],"Step 3: The dining room is visible through an archway to the right of the kitchen, which is to the east of the chandelier.
Step 4: Since the dining room is to the east and slightly south of the ch",[2724],103.28739929199219,2.308945655822754,0.022354573011398315,-0.9589724540710449,-0.009284505620598793,0.09714126586914062,0.0009404948214069009
26,Positional Relationship (Obj.–Reg.),northwest,B,D,False,4,east,90,91,[10663],[' east']," kitchen, which is to the east of the chandelier.
Step 4: Since the dining room is to the east and slightly south of the chandelier, the direction from the chandelier to the dining room is southeast.
Step ",[2742],103.827392578125,2.1621103286743164,0.02082408405840397,-0.8612399697303772,-0.008294920437037945,0.6260091066360474,0.006029325071722269
26,Positional Relationship (Obj.–Reg.),northwest,B,D,False,5,south,93,94,[9514],[' south']," is to the east of the chandelier.
Step 4: Since the dining room is to the east and slightly south of the chandelier, the direction from the chandelier to the dining room is southeast.
Step 5: However",[2745],102.02806091308594,0.2948170304298401,0.002889568218961358,4.864289283752441,0.04767599329352379,-0.6917030811309814,-0.006779537536203861
26,Positional Relationship (Obj.–Reg.),northwest,B,D,False,6,southeast,110,111,[40080],[' southeast']," room is to the east and slightly south of the chandelier, the direction from the chandelier to the dining room is southeast.
Step 5: However, the options provided do not include southeast. The closest option to southeast is northeast,",[2762],98.17851257324219,0.2013402283191681,0.0020507564768195152,1.0692498683929443,0.01089087501168251,-0.25070858001708984,-0.002553599188104272
26,Positional Relationship (Obj.–Reg.),northwest,B,D,False,7,southeast,125,126,[40080],[' southeast']," from the chandelier to the dining room is southeast.
Step 5: However, the options provided do not include southeast. The closest option to southeast is northeast, as it is the only option that includes an eastward direction.
Answer",[2777],99.50083923339844,0.1966457962989807,0.0019763230811804533,0.3209923505783081,0.0032260266598314047,-0.5779544115066528,-0.0058085378259420395
26,Positional Relationship (Obj.–Reg.),northwest,B,D,False,8,southeast,131,132,[40080],[' southeast']," dining room is southeast.
Step 5: However, the options provided do not include southeast. The closest option to southeast is northeast, as it is the only option that includes an eastward direction.
Answer: D",[2783],105.53324127197266,0.7702853679656982,0.007298983167856932,0.3898879289627075,0.003694456070661545,0.7231498956680298,0.006852342281490564
26,Positional Relationship (Obj.–Reg.),northwest,B,D,False,9,northeast,133,134,[39481],[' northeast']," is southeast.
Step 5: However, the options provided do not include southeast. The closest option to southeast is northeast, as it is the only option that includes an eastward direction.
Answer: D",[2785],108.1518325805664,3.922325372695923,0.03626684099435806,-4.106578350067139,-0.037970490753650665,1.2641792297363281,0.011688929982483387
26,Positional Relationship (Obj.–Reg.),northwest,B,D,False,10,east,144,145,[10663],[' east']," options provided do not include southeast. The closest option to southeast is northeast, as it is the only option that includes an eastward direction.
Answer: D",[2796],108.22012329101562,2.1213269233703613,0.019601963460445404,-1.0576274394989014,-0.00977292750030756,0.619297981262207,0.005722576752305031
27,Positional Relationship (Obj.–Reg.),west,A,C,False,0,north,12,13,[9897],[' north'],"Step 1: The main door in the living room faces north, establishing the orientation of the living room.
Step 2: The dining room is visible through an archway to",[2662],90.36117553710938,-2.4605305194854736,-0.027229951694607735,-3.7466061115264893,-0.04146256670355797,-1.9986562728881836,-0.022118529304862022
27,Positional Relationship (Obj.–Reg.),west,A,C,False,1,right,38,39,[1245],[' right']," establishing the orientation of the living room.
Step 2: The dining room is visible through an archway to the right of the living room, indicating it is to the east of the living room.
Step 3: In the dining",[2688],100.43097686767578,2.7383646965026855,0.027266135439276695,-1.422431230545044,-0.014163271524012089,0.4061582088470459,0.004044152796268463
27,Positional Relationship (Obj.–Reg.),west,A,C,False,2,east,49,50,[10663],[' east'],"2: The dining room is visible through an archway to the right of the living room, indicating it is to the east of the living room.
Step 3: In the dining room, the coffee table is positioned in front of the",[2699],101.87602996826172,1.6353470087051392,0.016052324324846268,-1.6086031198501587,-0.015789810568094254,0.8259477615356445,0.0081073809415102
27,Positional Relationship (Obj.–Reg.),west,A,C,False,3,south,117,118,[9514],[' south']," dining room's position relative to the living room and the alignment of the furniture, the coffee table in the dining room faces south.
Answer: C",[2767],102.85802459716797,0.2310357689857483,0.002246161922812462,2.4350533485412598,0.023673927411437035,0.011040270328521729,0.00010733504313975573
28,Positional Relationship (Obj.–Obj.),northwest,A,D,False,0,upper,9,10,[8156],[' upper'],"1. The longest sofa is located in the upper right of the second image.
2. The potted plant is to the northeast of the longest sofa, as stated",[2660],84.26206970214844,1.2170143127441406,0.01444320473819971,-5.2887420654296875,-0.06276539713144302,-4.015230178833008,-0.04765169322490692
28,Positional Relationship (Obj.–Obj.),northwest,A,D,False,1,right,10,11,[1245],[' right'],"1. The longest sofa is located in the upper right of the second image.
2. The potted plant is to the northeast of the longest sofa, as stated in",[2661],88.65624237060547,4.92017126083374,0.0554971769452095,-2.4918408393859863,-0.028106773272156715,-1.920486569404602,-0.021662170067429543
28,Positional Relationship (Obj.–Obj.),northwest,A,D,False,2,northeast,26,27,[39481],[' northeast']," The longest sofa is located in the upper right of the second image.
2. The potted plant is to the northeast of the longest sofa, as stated in the question.
3. The power outlet is visible in the first image,",[2677],98.17070007324219,1.7043007612228394,0.017360584810376167,-5.783236980438232,-0.05891001224517822,-2.8465781211853027,-0.028996208682656288
28,Positional Relationship (Obj.–Obj.),northwest,A,D,False,3,bottom,57,58,[5445],[' bottom']," stated in the question.
3. The power outlet is visible in the first image, located on the wall near the bottom left corner.
4. Comparing the positions, the power outlet is to the southwest of the longest sofa.
",[2708],107.45551300048828,-4.131115913391113,-0.038444895297288895,7.005667209625244,0.0651959776878357,1.1321024894714355,0.010535545647144318
28,Positional Relationship (Obj.–Obj.),northwest,A,D,False,4,left,58,59,[2047],[' left']," in the question.
3. The power outlet is visible in the first image, located on the wall near the bottom left corner.
4. Comparing the positions, the power outlet is to the southwest of the longest sofa.
Answer",[2709],105.94320678710938,-4.320647716522217,-0.04078267887234688,2.6830949783325195,0.02532578632235527,0.13049018383026123,0.0012316993670538068
28,Positional Relationship (Obj.–Obj.),northwest,A,D,False,5,southwest,75,76,[51206],[' southwest']," located on the wall near the bottom left corner.
4. Comparing the positions, the power outlet is to the southwest of the longest sofa.
Answer: D",[2726],108.60608673095703,-0.8192335367202759,-0.0075431643053889275,3.6945700645446777,0.034018076956272125,-0.4767342805862427,-0.00438957242295146
29,Positional Relationship (Obj.–Obj.),northeast,D,C,False,0,north,44,45,[9897],[' north']," and the images as a reference.

1.  **Establish the orientation:** The problem states that the fireplace is directly north of the billiard cue. In the first image, the billiard table is on the left side of the room,",[2694],97.1336441040039,-0.315768837928772,-0.0032508699223399162,-4.552552700042725,-0.046868957579135895,-3.114996910095215,-0.032069187611341476
29,Positional Relationship (Obj.–Obj.),northeast,D,C,False,1,left,63,64,[2047],[' left']," that the fireplace is directly north of the billiard cue. In the first image, the billiard table is on the left side of the room, and the fireplace is on the right side. This means that from the perspective of someone standing at",[2713],93.30825805664062,-5.453042030334473,-0.058441150933504105,-0.23847466707229614,-0.002555772429332137,-0.8157825469970703,-0.00874287635087967
29,Positional Relationship (Obj.–Obj.),northeast,D,C,False,2,right,75,76,[1245],[' right']," In the first image, the billiard table is on the left side of the room, and the fireplace is on the right side. This means that from the perspective of someone standing at the billiard table, ""North"" is towards the right",[2725],90.89569854736328,2.441523551940918,0.026860715821385384,-0.23709136247634888,-0.002608389360830188,0.03356471657752991,0.00036926628672517836
29,Positional Relationship (Obj.–Obj.),northeast,D,C,False,3,north,94,95,[24420],['North']," the fireplace is on the right side. This means that from the perspective of someone standing at the billiard table, ""North"" is towards the right side of the image.

2.  **Locate the wine cabinet:** The second image",[2744],102.44017028808594,0.7238284349441528,0.007065865211188793,-3.283648729324341,-0.03205430880188942,-1.2906497716903687,-0.012599059380590916
29,Positional Relationship (Obj.–Obj.),northeast,D,C,False,4,right,99,100,[1245],[' right']," right side. This means that from the perspective of someone standing at the billiard table, ""North"" is towards the right side of the image.

2.  **Locate the wine cabinet:** The second image shows the wine cabinet.",[2749],98.81795501708984,1.7360060214996338,0.017567718401551247,-1.265268087387085,-0.012804030440747738,-0.33377185463905334,-0.0033776438795030117
29,Positional Relationship (Obj.–Obj.),northeast,D,C,False,5,left,149,150,[2047],[' left']," is located in a niche in a wall. By observing the first image, we can see that this wall is to the left of the main room, past the billiard table.

3.  **Determine relative positions:**
    -",[2799],93.44757843017578,-6.705020904541016,-0.0717516839504242,-0.5707406401634216,-0.006107602268457413,0.09649533033370972,0.0010326146148145199
29,Positional Relationship (Obj.–Obj.),northeast,D,C,False,6,right,193,194,[1245],[' right']," positions:**
    - The billiard cue is at the billiard table.
    - The fireplace is to the right (North) of the billiard table.
    - The wine cabinet is to the left of the billiard table",[2843],98.07793426513672,0.3355516493320465,0.003421275643631816,-2.031879425048828,-0.020716987550258636,-1.0859410762786865,-0.011072225868701935
29,Positional Relationship (Obj.–Obj.),northeast,D,C,False,7,north,195,196,[24420],['North'],"
    - The billiard cue is at the billiard table.
    - The fireplace is to the right (North) of the billiard table.
    - The wine cabinet is to the left of the billiard table.

",[2845],95.49436950683594,-0.32366296648979187,-0.003389340825378895,-3.4318575859069824,-0.035937801003456116,-1.9123263359069824,-0.02002554014325142
29,Positional Relationship (Obj.–Obj.),northeast,D,C,False,8,left,212,213,[2047],[' left']," The fireplace is to the right (North) of the billiard table.
    - The wine cabinet is to the left of the billiard table.

4.  **Infer the direction:** Since North is to the right, the",[2862],89.0152816772461,-3.3894996643066406,-0.03807772696018219,-0.08740407228469849,-0.0009818996768444777,-0.01325368881225586,-0.00014889228623360395
29,Positional Relationship (Obj.–Obj.),northeast,D,C,False,9,north,230,231,[4634],[' North']," The wine cabinet is to the left of the billiard table.

4.  **Infer the direction:** Since North is to the right, the opposite direction, to the left, would be South. The wine cabinet is located in the",[2880],102.92386627197266,0.04477253556251526,0.0004350063391029835,-4.976424217224121,-0.048350535333156586,-2.5383195877075195,-0.024662109091877937
29,Positional Relationship (Obj.–Obj.),northeast,D,C,False,10,right,234,235,[1245],[' right']," to the left of the billiard table.

4.  **Infer the direction:** Since North is to the right, the opposite direction, to the left, would be South. The wine cabinet is located in the wall section that is",[2884],92.0523910522461,-0.2314159870147705,-0.002513959538191557,-1.7601253986358643,-0.01912090927362442,-1.927316665649414,-0.020937170833349228
29,Positional Relationship (Obj.–Obj.),northeast,D,C,False,11,left,242,243,[2047],[' left'],".

4.  **Infer the direction:** Since North is to the right, the opposite direction, to the left, would be South. The wine cabinet is located in the wall section that is both to the left (South) and",[2892],92.49956512451172,-2.1515145301818848,-0.0232597254216671,0.8114601373672485,0.008772583678364754,0.9014156460762024,0.009745080024003983
29,Positional Relationship (Obj.–Obj.),northeast,D,C,False,12,south,246,247,[4725],[' South'],"  **Infer the direction:** Since North is to the right, the opposite direction, to the left, would be South. The wine cabinet is located in the wall section that is both to the left (South) and slightly behind the main",[2896],90.3311538696289,-1.2590875625610352,-0.01393857505172491,2.415414333343506,0.02673954889178276,0.4486386477947235,0.004966599401086569
29,Positional Relationship (Obj.–Obj.),northeast,D,C,False,13,left,262,263,[2047],[' left']," direction, to the left, would be South. The wine cabinet is located in the wall section that is both to the left (South) and slightly behind the main area of the billiard table from the camera's viewpoint. This places it in",[2912],100.99749755859375,-3.010939598083496,-0.029812021180987358,0.06991374492645264,0.0006922324537299573,-2.0593366622924805,-0.02038997784256935
29,Positional Relationship (Obj.–Obj.),northeast,D,C,False,14,south,264,265,[24225],['South']," to the left, would be South. The wine cabinet is located in the wall section that is both to the left (South) and slightly behind the main area of the billiard table from the camera's viewpoint. This places it in the Southwest",[2914],93.20966339111328,-1.2953224182128906,-0.01389686856418848,1.7457631826400757,0.018729422241449356,-1.7253659963607788,-0.018510591238737106
29,Positional Relationship (Obj.–Obj.),northeast,D,C,False,15,southwest,288,289,[44164],[' Southwest'],"South) and slightly behind the main area of the billiard table from the camera's viewpoint. This places it in the Southwest direction relative to the billiard cue.

Answer: C",[2938],104.65812683105469,-1.7040693759918213,-0.01628224551677704,2.262646198272705,0.02161940187215805,-1.75698721408844,-0.016787871718406677
61,Positional Relationship (Reg.–Reg.),northeast,B,C,False,0,south,61,62,[9514],[' south']," states that the large art display area, which is the wall with the bridge mural in the first image, is on the south wall.
2.  **Locate the ingredient storage area:** The second image shows the ingredient storage area, which",[2714],94.34996032714844,0.45302292704582214,0.004801516886800528,0.47533145546913147,0.0050379615277051926,-1.928659200668335,-0.02044154703617096
61,Positional Relationship (Reg.–Reg.),northeast,B,C,False,1,left,119,120,[2047],[' left']," ovens.
3.  **Find the connection between the two areas:** In the first image, on the far left, we can see the edge of the cabinetry and the built-in ovens that are fully visible in the second image",[2772],95.90198516845703,-5.101141929626465,-0.053191203624010086,-0.035414040088653564,-0.000369273271644488,1.0856482982635498,0.011320394463837147
61,Positional Relationship (Reg.–Reg.),northeast,B,C,False,2,left,157,158,[2047],[' left'],"-in ovens that are fully visible in the second image. This indicates that the storage area is on the wall to the left of the south wall.
4.  **Determine the cardinal direction:** If the south wall is in front of",[2810],94.53813171386719,-4.540736198425293,-0.04803073778748512,-1.329284429550171,-0.014060827903449535,-1.0555098056793213,-0.011164911091327667
61,Positional Relationship (Reg.–Reg.),northeast,B,C,False,3,south,160,161,[9514],[' south']," that are fully visible in the second image. This indicates that the storage area is on the wall to the left of the south wall.
4.  **Determine the cardinal direction:** If the south wall is in front of us in the",[2813],96.40605926513672,0.09167790412902832,0.0009509558440186083,-2.03883957862854,-0.021148458123207092,-3.847583293914795,-0.03991018235683441
61,Positional Relationship (Reg.–Reg.),northeast,B,C,False,4,south,176,177,[9514],[' south']," on the wall to the left of the south wall.
4.  **Determine the cardinal direction:** If the south wall is in front of us in the first image, the wall to its left is the east wall.
5.",[2829],97.80416870117188,-0.512728214263916,-0.005242396146059036,-1.19440495967865,-0.012212209403514862,-3.898256540298462,-0.03985777497291565
61,Positional Relationship (Reg.–Reg.),northeast,B,C,False,5,left,192,193,[2047],[' left'],"Determine the cardinal direction:** If the south wall is in front of us in the first image, the wall to its left is the east wall.
5.  **Pinpoint the corner:** The storage area is located along the east wall",[2845],95.9548110961914,-2.992690086364746,-0.031188536435365677,-1.0560306310653687,-0.01100549940019846,-0.011802911758422852,-0.00012300489470362663
61,Positional Relationship (Reg.–Reg.),northeast,B,C,False,6,east,195,196,[10663],[' east']," cardinal direction:** If the south wall is in front of us in the first image, the wall to its left is the east wall.
5.  **Pinpoint the corner:** The storage area is located along the east wall, adjacent to",[2848],85.6397476196289,3.4614408016204834,0.04041862487792969,-2.208425760269165,-0.025787392631173134,1.6062569618225098,0.018755974248051643
61,Positional Relationship (Reg.–Reg.),northeast,B,C,False,7,east,215,216,[10663],[' east']," its left is the east wall.
5.  **Pinpoint the corner:** The storage area is located along the east wall, adjacent to the south wall. This places it in the southeast corner of the room.

Answer: C",[2868],92.42802429199219,0.9756573438644409,0.010555860586464405,-0.6385799050331116,-0.0069089424796402454,0.7831979990005493,0.008473598398268223
61,Positional Relationship (Reg.–Reg.),northeast,B,C,False,8,south,221,222,[9514],[' south'],".
5.  **Pinpoint the corner:** The storage area is located along the east wall, adjacent to the south wall. This places it in the southeast corner of the room.

Answer: C",[2874],93.88754272460938,-0.8595800995826721,-0.009155422449111938,-1.92267644405365,-0.02047850377857685,-2.6052932739257812,-0.027749083936214447
61,Positional Relationship (Reg.–Reg.),northeast,B,C,False,9,southeast,229,230,[40080],[' southeast']," the corner:** The storage area is located along the east wall, adjacent to the south wall. This places it in the southeast corner of the room.

Answer: C",[2882],95.90054321289062,1.5716936588287354,0.0163887869566679,1.784631371498108,0.018609188497066498,2.0718984603881836,0.021604659035801888
64,Positional Relationship (Reg.–Reg.),southwest,C,B,False,0,north,46,47,[9897],[' north'],"1 as a reference point.

1.  **Establish the orientation:** The problem states that the fireplace is on the north wall of the living room. This means that if you are facing the fireplace, you are facing north.
2.",[2702],95.4378662109375,-1.1302958726882935,-0.011843264102935791,-5.319695472717285,-0.055739883333444595,-2.383209228515625,-0.024971317499876022
64,Positional Relationship (Reg.–Reg.),southwest,C,B,False,1,north,66,67,[9897],[' north']," fireplace is on the north wall of the living room. This means that if you are facing the fireplace, you are facing north.
2.  **Determine the direction of the view in Figure 2:** Figure 2 shows a view",[2722],94.6164321899414,-1.0205546617507935,-0.01078623067587614,-3.82431697845459,-0.040419161319732666,-1.5183061361312866,-0.016046959906816483
64,Positional Relationship (Reg.–Reg.),southwest,C,B,False,2,north,186,187,[9897],[' north'],".
4.  **Determine the direction of the living room from the kitchen:** If the fireplace is on the north wall of the living room, and the kitchen counter is in the foreground of Figure 2, then the living room is",[2842],95.96102142333984,-0.43100953102111816,-0.004491506144404411,-3.59182071685791,-0.03742999583482742,-2.647063732147217,-0.027584780007600784
64,Positional Relationship (Reg.–Reg.),southwest,C,B,False,3,north,214,215,[9897],[' north']," living room, and the kitchen counter is in the foreground of Figure 2, then the living room is located to the north of the kitchen.
5.  **Locate the translucent lounge area:** The translucent lounge area is visible through the",[2870],102.55258178710938,-0.34706613421440125,-0.003384274896234274,-4.632482051849365,-0.04517177492380142,-1.3073128461837769,-0.012747731991112232
64,Positional Relationship (Reg.–Reg.),southwest,C,B,False,4,north,254,255,[9897],[' north'],":** The translucent lounge area is visible through the arched doorway in Figure 2. Since the living room is to the north of the kitchen, and the translucent lounge area is visible through the arched doorway, it must be located in the northeast",[2910],97.4076156616211,-0.2588054835796356,-0.0026569326873868704,-3.558061122894287,-0.036527544260025024,-1.990781545639038,-0.020437637344002724
64,Positional Relationship (Reg.–Reg.),southwest,C,B,False,5,northeast,278,279,[39481],[' northeast']," north of the kitchen, and the translucent lounge area is visible through the arched doorway, it must be located in the northeast corner of the room.

Answer: B",[2934],103.98319244384766,3.7808456420898438,0.036360159516334534,-4.788948059082031,-0.04605501890182495,-0.005285978317260742,-5.0834929425036535e-05
69,Positional Relationship (Reg.–Reg.),southwest,C,D,False,0,right,127,128,[1245],[' right']," dining area is in the first image, and the pantry area is in the second image. The second image is to the right of the first image when viewed in sequence.
4. **Consider the orientation**: When entering the shooting room, a",[2782],106.08243560791016,3.4806246757507324,0.03281056508421898,-1.6027716398239136,-0.015108737163245678,0.32247430086135864,0.0030398464296013117
69,Positional Relationship (Reg.–Reg.),southwest,C,D,False,1,north,154,155,[9897],[' north']," first image when viewed in sequence.
4. **Consider the orientation**: When entering the shooting room, a person faces north. Therefore, the right side of the room is east.
5. **Conclude the direction**: Since the pantry",[2809],106.8145523071289,-1.4876347780227661,-0.01392726693302393,-3.4171605110168457,-0.03199152648448944,-1.663309097290039,-0.01557193323969841
69,Positional Relationship (Reg.–Reg.),southwest,C,D,False,2,right,159,160,[1245],[' right']," sequence.
4. **Consider the orientation**: When entering the shooting room, a person faces north. Therefore, the right side of the room is east.
5. **Conclude the direction**: Since the pantry area is to the right",[2814],114.08538055419922,4.2980523109436035,0.03767399862408638,-1.3310942649841309,-0.011667527258396149,0.9866710901260376,0.008648532442748547
69,Positional Relationship (Reg.–Reg.),southwest,C,D,False,3,east,165,166,[10663],[' east'],"Consider the orientation**: When entering the shooting room, a person faces north. Therefore, the right side of the room is east.
5. **Conclude the direction**: Since the pantry area is to the right (east) of the dining",[2820],101.5184097290039,2.2577219009399414,0.022239532321691513,-1.6725817918777466,-0.016475649550557137,0.6809635162353516,0.006707783322781324
69,Positional Relationship (Reg.–Reg.),southwest,C,D,False,4,right,183,184,[1245],[' right']," right side of the room is east.
5. **Conclude the direction**: Since the pantry area is to the right (east) of the dining area, and considering the north-facing orientation, the pantry area is located to the northeast of",[2838],113.70783996582031,1.3166985511779785,0.0115796634927392,-1.809586524963379,-0.015914350748062134,0.29209375381469727,0.0025688093155622482
69,Positional Relationship (Reg.–Reg.),southwest,C,D,False,5,east,185,186,[58463],['east']," of the room is east.
5. **Conclude the direction**: Since the pantry area is to the right (east) of the dining area, and considering the north-facing orientation, the pantry area is located to the northeast of the dining",[2840],100.91963195800781,1.505919098854065,0.014921964146196842,-1.1101313829421997,-0.011000152677297592,0.7851806879043579,0.007780257146805525
69,Positional Relationship (Reg.–Reg.),southwest,C,D,False,6,north,195,196,[9897],[' north'],"Conclude the direction**: Since the pantry area is to the right (east) of the dining area, and considering the north-facing orientation, the pantry area is located to the northeast of the dining area.

Answer: D",[2850],112.27809143066406,-2.519378185272217,-0.022438732907176018,-5.284554481506348,-0.04706665873527527,-2.4587960243225098,-0.021899161860346794
69,Positional Relationship (Reg.–Reg.),southwest,C,D,False,7,northeast,206,207,[39481],[' northeast']," the right (east) of the dining area, and considering the north-facing orientation, the pantry area is located to the northeast of the dining area.

Answer: D",[2861],108.86380004882812,3.009061336517334,0.027640605345368385,-4.880279064178467,-0.044829219579696655,-0.32500946521759033,-0.0029854685999453068
70,Positional Relationship (Reg.–Reg.),north,B,B,True,0,left,15,16,[2047],[' left'],"Step 1: The first image shows a corridor with a door on the left and an open doorway on the right leading into a room.
Step 2: The second image shows the interior of",[2671],97.1231460571289,-7.15781831741333,-0.07369837909936905,0.3268185555934906,0.003364991396665573,-0.7192440629005432,-0.007405485492199659
70,Positional Relationship (Reg.–Reg.),north,B,B,True,1,right,22,23,[1245],[' right'],"Step 1: The first image shows a corridor with a door on the left and an open doorway on the right leading into a room.
Step 2: The second image shows the interior of the room seen through the doorway in",[2678],93.9101791381836,3.0668387413024902,0.03265715017914772,0.5452437400817871,0.005806013010442257,1.202108383178711,0.012800619006156921
70,Positional Relationship (Reg.–Reg.),north,B,B,True,2,south,74,75,[9514],[' south'],", containing a piano and a mannequin.
Step 3: If a person is sitting at the piano facing south, the front of the piano is towards the south.
Step 4: The doorway to the corridor is behind the",[2730],95.7186050415039,0.7507220506668091,0.007843011058866978,0.5165985226631165,0.0053970543667674065,-0.29743248224258423,-0.0031073633581399918
70,Positional Relationship (Reg.–Reg.),north,B,B,True,3,south,84,85,[9514],[' south'],"
Step 3: If a person is sitting at the piano facing south, the front of the piano is towards the south.
Step 4: The doorway to the corridor is behind the person playing the piano.
Step 5:",[2740],94.74762725830078,1.1064133644104004,0.011677478440105915,0.3807467818260193,0.004018536303192377,-0.9511880874633789,-0.010039175860583782
70,Positional Relationship (Reg.–Reg.),north,B,B,True,4,north,116,117,[9897],[' north']," doorway to the corridor is behind the person playing the piano.
Step 5: Therefore, the corridor is to the north of the room where the piano is placed.
Answer: B",[2772],100.0298080444336,0.5013593435287476,0.005012099631130695,-2.8439104557037354,-0.028430629521608353,-1.2190940380096436,-0.012187307700514793
71,MSR,north,C,D,False,0,east,63,64,[6127],[' East'],"

1.  **Establish the orientation of Photo 3:** We are told the camera in Photo 3 is facing East. In this photo, we see a row of grey chairs on the left and a long table on the right. This",[3785],93.03546142578125,0.7098286151885986,0.007629656698554754,-1.451704502105713,-0.015603776089847088,-0.5190478563308716,-0.005579032469540834
71,MSR,north,C,D,False,1,left,78,79,[2047],[' left']," told the camera in Photo 3 is facing East. In this photo, we see a row of grey chairs on the left and a long table on the right. This means the wall with the grey chairs is to the North, and the wall",[3800],95.2012710571289,-3.802485227584839,-0.039941538125276566,0.03612399101257324,0.00037944861105643213,0.27677279710769653,0.002907238435000181
71,MSR,north,C,D,False,2,right,85,86,[1245],[' right']," is facing East. In this photo, we see a row of grey chairs on the left and a long table on the right. This means the wall with the grey chairs is to the North, and the wall with the table is to the South",[3807],91.25328826904297,1.4455418586730957,0.015840983018279076,0.6213613152503967,0.006809193640947342,0.2092498540878296,0.002293066354468465
71,MSR,north,C,D,False,3,north,98,99,[4634],[' North']," grey chairs on the left and a long table on the right. This means the wall with the grey chairs is to the North, and the wall with the table is to the South. The door is in the background, to the East.

",[3820],97.8429946899414,-1.3296540975570679,-0.01358967088162899,-5.090481758117676,-0.05202704295516014,-1.6377973556518555,-0.01673903502523899
71,MSR,north,C,D,False,4,south,109,110,[4725],[' South']," right. This means the wall with the grey chairs is to the North, and the wall with the table is to the South. The door is in the background, to the East.

2.  **Determine the orientation of Photo ",[3831],93.57022857666016,1.319293737411499,0.014099502936005592,2.622326374053955,0.028025221079587936,-0.4949576258659363,-0.005289691500365734
71,MSR,north,C,D,False,5,east,120,121,[6127],[' East']," to the North, and the wall with the table is to the South. The door is in the background, to the East.

2.  **Determine the orientation of Photo 2:** Photo 2 shows a view down the length",[3842],97.42920684814453,1.5758476257324219,0.016174282878637314,-2.1574366092681885,-0.022143632173538208,-1.3681026697158813,-0.014042017981410027
71,MSR,north,C,D,False,6,right,156,157,[1245],[' right']," Photo 2:** Photo 2 shows a view down the length of the same long table. The chairs are on the right side of the table. Comparing this to Photo 3, where the chairs are on the left, the camera in",[3878],96.6126937866211,4.968691825866699,0.05142897367477417,0.5692156553268433,0.0058917272835969925,0.5247595310211182,0.005431579425930977
71,MSR,north,C,D,False,7,left,176,177,[2047],[' left']," chairs are on the right side of the table. Comparing this to Photo 3, where the chairs are on the left, the camera in Photo 2 must be facing the opposite direction. Since Photo 3 faces East, Photo 2",[3898],95.17134094238281,-1.9399700164794922,-0.02038397267460823,-0.9437440633773804,-0.00991626363247633,-1.9970594644546509,-0.020983831956982613
71,MSR,north,C,D,False,8,east,196,197,[6127],[' East']," chairs are on the left, the camera in Photo 2 must be facing the opposite direction. Since Photo 3 faces East, Photo 2 must be facing West.

3.  **Locate the scene in Photo 1:** Photo",[3918],88.90205383300781,-0.950951874256134,-0.010696624405682087,-2.2187085151672363,-0.024956773966550827,-2.133221387863159,-0.023995187133550644
71,MSR,north,C,D,False,9,west,204,205,[4171],[' West']," in Photo 2 must be facing the opposite direction. Since Photo 3 faces East, Photo 2 must be facing West.

3.  **Locate the scene in Photo 1:** Photo 1 shows a black swivel chair",[3926],97.50956726074219,0.5090198516845703,0.005220204126089811,0.2023501694202423,0.0020751827396452427,-0.6508661508560181,-0.006674895063042641
71,MSR,north,C,D,False,10,left,262,263,[2047],[' left']," Photo 3, we can see this same white cabinet and black chair in the far corner of the room, to the left of the door. This places the scene of Photo 1 in the North-East corner of the room.

4.",[3984],94.92008209228516,-4.335353851318359,-0.04567372798919678,-2.0735490322113037,-0.02184520848095417,-0.8530673980712891,-0.008987217210233212
71,MSR,north,C,D,False,11,north,277,278,[4634],[' North']," the far corner of the room, to the left of the door. This places the scene of Photo 1 in the North-East corner of the room.

4.  **Determine the orientation of Photo 1:** The camera in Photo",[3999],94.7118148803711,-2.98256254196167,-0.03149092197418213,-4.000631332397461,-0.042240045964717865,-0.419269323348999,-0.004426789935678244
71,MSR,north,C,D,False,12,north,309,310,[4634],[' North'],"4.  **Determine the orientation of Photo 1:** The camera in Photo 1 is pointed directly at the North-East corner.

5.  **Calculate the relative direction:** The question asks for the direction of the camera in Photo",[4031],95.8377456665039,-1.5815144777297974,-0.016502000391483307,-2.5922725200653076,-0.02704855427145958,-1.9158705472946167,-0.019990772008895874
71,MSR,north,C,D,False,13,west,356,357,[4171],[' West']," in Photo 1 relative to the camera in Photo 2.
    - The camera in Photo 2 is facing West.
    - The camera in Photo 1 is facing North-East.
    - If you are facing West (",[4078],94.23213195800781,-2.1156463623046875,-0.022451432421803474,-0.5965544581413269,-0.00633069034665823,-2.2566137313842773,-0.023947391659021378
71,MSR,north,C,D,False,14,north,369,370,[4634],[' North'],"
    - The camera in Photo 2 is facing West.
    - The camera in Photo 1 is facing North-East.
    - If you are facing West (the direction of Photo 2), North is to your right,",[4091],86.21068572998047,-1.814120888710022,-0.021042877808213234,-2.097628593444824,-0.02433142252266407,-0.17499074339866638,-0.0020298033487051725
71,MSR,north,C,D,False,15,west,379,380,[4171],[' West']," facing West.
    - The camera in Photo 1 is facing North-East.
    - If you are facing West (the direction of Photo 2), North is to your right, and East is behind you. Therefore, North-East",[4101],94.59333038330078,-1.4976036548614502,-0.015832021832466125,-0.08217732608318329,-0.000868743343744427,-2.0105090141296387,-0.02125423587858677
71,MSR,north,C,D,False,16,north,388,389,[4634],[' North']," Photo 1 is facing North-East.
    - If you are facing West (the direction of Photo 2), North is to your right, and East is behind you. Therefore, North-East is to your right and slightly behind you.",[4110],93.76029205322266,-0.832635223865509,-0.008880467154085636,-2.1027050018310547,-0.022426391020417213,0.5010451674461365,0.005343894939869642
71,MSR,north,C,D,False,17,right,392,393,[1245],[' right']," facing North-East.
    - If you are facing West (the direction of Photo 2), North is to your right, and East is behind you. Therefore, North-East is to your right and slightly behind you. This corresponds to a",[4114],87.54375457763672,1.852027177810669,0.021155446767807007,-1.0104182958602905,-0.011541865766048431,1.2672590017318726,0.01447572186589241
71,MSR,north,C,D,False,18,east,395,396,[6127],[' East'],".
    - If you are facing West (the direction of Photo 2), North is to your right, and East is behind you. Therefore, North-East is to your right and slightly behind you. This corresponds to a direction of approximately",[4117],86.1850357055664,1.7864413261413574,0.02072797529399395,-1.4959847927093506,-0.017357824370265007,-0.22424229979515076,-0.0026018705684691668
71,MSR,north,C,D,False,19,north,402,403,[4634],[' North']," facing West (the direction of Photo 2), North is to your right, and East is behind you. Therefore, North-East is to your right and slightly behind you. This corresponds to a direction of approximately South relative to your current facing direction",[4124],93.45149993896484,-1.5374407768249512,-0.016451749950647354,-1.5136218070983887,-0.01619686931371689,0.3086005449295044,0.0033022535499185324
71,MSR,north,C,D,False,20,right,407,408,[1245],[' right']," of Photo 2), North is to your right, and East is behind you. Therefore, North-East is to your right and slightly behind you. This corresponds to a direction of approximately South relative to your current facing direction.

Answer: D",[4129],90.00890350341797,-0.5380220413208008,-0.005977431312203407,-0.7361527681350708,-0.008178666234016418,2.041494131088257,0.02268102392554283
71,MSR,north,C,D,False,21,south,420,421,[4725],[' South']," is behind you. Therefore, North-East is to your right and slightly behind you. This corresponds to a direction of approximately South relative to your current facing direction.

Answer: D",[4142],87.1728286743164,1.760958194732666,0.02020076848566532,2.871828079223633,0.03294407203793526,0.9406355619430542,0.010790467262268066
75,MSR,northeast,C,C,True,0,south,240,241,[9514],[' south']," on adjacent or opposite walls.
4.  **Determine relative positions:** Let's assume the entrance is on the south wall. If we orient ourselves with the entrance behind us (facing north), the desk/wardrobe unit appears to",[7553],98.89141082763672,-0.6285243034362793,-0.006355701480060816,-0.13666842877864838,-0.0013820050517097116,-2.2373123168945312,-0.022623930126428604
75,MSR,northeast,C,C,True,1,north,255,256,[9897],[' north'],":** Let's assume the entrance is on the south wall. If we orient ourselves with the entrance behind us (facing north), the desk/wardrobe unit appears to be on the west wall (based on the view from the entrance in Figure",[7568],94.80899047851562,0.11926472187042236,0.001257947413250804,-2.5202622413635254,-0.026582524180412292,-0.554206371307373,-0.005845504347234964
75,MSR,northeast,C,C,True,2,west,268,269,[9422],[' west']," we orient ourselves with the entrance behind us (facing north), the desk/wardrobe unit appears to be on the west wall (based on the view from the entrance in Figure 5). The bookshelf with the whiteboard is on the",[7581],99.89712524414062,-4.821842670440674,-0.04826808348298073,-0.4885386824607849,-0.00489041768014431,-0.9632194638252258,-0.00964211393147707
75,MSR,northeast,C,C,True,3,north,293,294,[9897],[' north']," wall (based on the view from the entrance in Figure 5). The bookshelf with the whiteboard is on the north wall (as seen in Figure 6, which seems to be a view from near the desk looking towards the corner).",[7606],98.81119537353516,0.5366038680076599,0.005430597811937332,-3.1193485260009766,-0.031568776816129684,-1.4031494855880737,-0.014200308360159397
75,MSR,northeast,C,C,True,4,west,335,336,[9422],[' west']," the desk looking towards the corner).
5.  **Calculate the direction:** From the perspective of the laptop on the west wall, the whiteboard on the north wall would be to its northeast.

Answer: C",[7648],102.68511962890625,-4.198347091674805,-0.04088564217090607,-0.7438971400260925,-0.007244449108839035,-2.7390530109405518,-0.026674292981624603
75,MSR,northeast,C,C,True,5,north,343,344,[9897],[' north'],"5.  **Calculate the direction:** From the perspective of the laptop on the west wall, the whiteboard on the north wall would be to its northeast.

Answer: C",[7656],86.68070983886719,0.18850882351398468,0.002174749504774809,-3.2483630180358887,-0.037475038319826126,0.36224299669265747,0.004179049748927355
75,MSR,northeast,C,C,True,6,northeast,349,350,[39481],[' northeast']," direction:** From the perspective of the laptop on the west wall, the whiteboard on the north wall would be to its northeast.

Answer: C",[7662],99.73230743408203,1.4895282983779907,0.014935263432562351,-3.1115100383758545,-0.031198617070913315,0.14800775051116943,0.0014840501826256514
76,MSR,northeast,A,,,0,east,73,74,[10663],[' east']," from Figure 4:**
    - We are told that in Figure 4, the wall with the sink is facing east. This means if you stand in front of the sink, you are facing east.
    - Consequently, the direction",[4990],97.20147705078125,1.3103294372558594,0.013480550609529018,-1.6393463611602783,-0.016865447163581848,0.36970847845077515,0.0038035274483263493
76,MSR,northeast,A,,,1,east,89,90,[10663],[' east'],", the wall with the sink is facing east. This means if you stand in front of the sink, you are facing east.
    - Consequently, the direction behind the sink (into the wall) is west.
    - To the",[5006],94.500732421875,0.24003398418426514,0.0025400223676115274,-2.0293309688568115,-0.021474234759807587,-0.6504533886909485,-0.006883051246404648
76,MSR,northeast,A,,,2,west,107,108,[9422],[' west']," the sink, you are facing east.
    - Consequently, the direction behind the sink (into the wall) is west.
    - To the right of the sink (from the perspective of someone facing it) is south.
   ",[5024],93.85282897949219,-2.2094180583953857,-0.02354130521416664,-0.18629556894302368,-0.0019849755335599184,-2.7352428436279297,-0.029143957421183586
76,MSR,northeast,A,,,3,right,114,115,[1245],[' right'],".
    - Consequently, the direction behind the sink (into the wall) is west.
    - To the right of the sink (from the perspective of someone facing it) is south.
    - To the left of the sink",[5031],98.27080535888672,3.8043243885040283,0.03871266171336174,-1.110740303993225,-0.011302851140499115,-0.7063705921173096,-0.007188000250607729
76,MSR,northeast,A,,,4,south,128,129,[9514],[' south']," wall) is west.
    - To the right of the sink (from the perspective of someone facing it) is south.
    - To the left of the sink is north.

2.  **Identify the Location of the",[5045],92.60509490966797,1.3509305715560913,0.01458808034658432,2.169011116027832,0.023422157391905785,-1.1267919540405273,-0.01216770987957716
76,MSR,northeast,A,,,5,left,135,136,[2047],[' left']," - To the right of the sink (from the perspective of someone facing it) is south.
    - To the left of the sink is north.

2.  **Identify the Location of the Sink in the Overall Space:**
",[5052],94.1515884399414,-3.9747514724731445,-0.04221650958061218,-1.2445194721221924,-0.013218252919614315,-0.043362945318222046,-0.0004605652065947652
76,MSR,northeast,A,,,6,north,140,141,[9897],[' north']," the sink (from the perspective of someone facing it) is south.
    - To the left of the sink is north.

2.  **Identify the Location of the Sink in the Overall Space:**
    - Figure 4",[5057],89.70182800292969,-1.7256468534469604,-0.019237589091062546,-4.058287143707275,-0.04524196684360504,-0.8605976104736328,-0.009593980386853218
76,MSR,northeast,A,,,7,left,183,184,[2047],[' left'],"
    - Figure 4 shows the sink is in a corner or alcove, with a wooden door visible to its left (north side).
    - This suggests the sink is located on a wall that is perpendicular to the wall containing the",[5100],99.64968872070312,-4.9647536277771,-0.04982206970453262,-1.6066700220108032,-0.016123181208968163,-0.1684928983449936,-0.0016908522229641676
76,MSR,northeast,A,,,8,north,185,186,[59810],['north']," - Figure 4 shows the sink is in a corner or alcove, with a wooden door visible to its left (north side).
    - This suggests the sink is located on a wall that is perpendicular to the wall containing the wooden door",[5102],100.9498062133789,-2.4852068424224854,-0.0246182419359684,-3.2058920860290527,-0.03175728768110275,-1.565084457397461,-0.015503590926527977
76,MSR,northeast,A,,,9,left,299,300,[2047],[' left'],    - The wooden door in Figure 1 appears to be the same type of door as the one partially visible to the left of the sink in Figure 4. Let's assume for a moment they are the same door or adjacent doors in the,[5216],95.48129272460938,-2.783785104751587,-0.029155293479561806,-0.604398787021637,-0.006330023054033518,-0.9633708596229553,-0.010089629329741001
76,MSR,northeast,A,,,10,north,340,341,[9897],[' north']," the same door or adjacent doors in the same hallway.
    - If the door in Figure 4 is to the north of the sink, and Figure 1 shows a similar door, we need to determine the orientation of the hallway in Figure",[5257],100.14403533935547,-2.326317310333252,-0.02322971448302269,-3.951456069946289,-0.03945772722363472,-1.8335691690444946,-0.018309319391846657
76,MSR,northeast,A,,,11,left,401,402,[2047],[' left'],"  **Determine the Orientation of Figure 1:**
    - In Figure 1, the door is on the left, and the elevator is on the right. The camera is looking down a hallway or into a space.
    -",[5318],102.5692138671875,-5.511992931365967,-0.05373925343155861,-0.5425370931625366,-0.005289473105221987,-0.15233474969863892,-0.0014851897722110152
76,MSR,northeast,A,,,12,right,409,410,[1245],[' right']," 1:**
    - In Figure 1, the door is on the left, and the elevator is on the right. The camera is looking down a hallway or into a space.
    - If we assume the hallway runs north-s",[5326],94.25801849365234,1.6291025876998901,0.01728343777358532,0.6793659925460815,0.007207514252513647,-0.6116979122161865,-0.006489611230790615
76,MSR,northeast,A,,,13,north,432,433,[9897],[' north']," the right. The camera is looking down a hallway or into a space.
    - If we assume the hallway runs north-south, and the door in Figure 1 is on the west wall (since doors are often on the side walls",[5349],104.79232788085938,-3.2252821922302246,-0.03077784739434719,-3.3210997581481934,-0.031692203134298325,-1.7414673566818237,-0.01661827228963375
76,MSR,northeast,A,,,14,west,446,447,[9422],[' west'],".
    - If we assume the hallway runs north-south, and the door in Figure 1 is on the west wall (since doors are often on the side walls of a hallway), then the elevator would be on the east wall.",[5363],100.9605941772461,-3.1753146648406982,-0.0314510315656662,-0.18463543057441711,-0.0018287870334461331,-0.6044893264770508,-0.005987378768622875
76,MSR,northeast,A,,,15,east,468,469,[10663],[' east']," on the west wall (since doors are often on the side walls of a hallway), then the elevator would be on the east wall.
    - However, let's use the sink's orientation as the primary anchor. The sink faces east.",[5385],93.45291137695312,2.1105284690856934,0.022583870217204094,-1.8795788288116455,-0.020112575963139534,-0.8394198417663574,-0.008982275612652302
76,MSR,northeast,A,,,16,east,491,492,[10663],[' east']," the east wall.
    - However, let's use the sink's orientation as the primary anchor. The sink faces east. The door next to it (in Fig 4) is to its north.
    -",[5408],99.47772216796875,-0.02055567502975464,-0.00020663595933001488,-2.115548610687256,-0.021266557276248932,-0.9864006042480469,-0.009915794245898724
76,MSR,northeast,A,,,17,north,507,508,[9897],[' north']," as the primary anchor. The sink faces east. The door next to it (in Fig 4) is to its north.
    -",[5424],96.92586517333984,-0.9267319440841675,-0.009561245329678059,-3.8540194034576416,-0.039762549102306366,-1.4988455772399902,-0.015463834628462791
78,MSR,south,A,C,False,0,northeast,49,50,[39481],[' northeast'],":

1.  **Establish the Reference Point:** The problem states that the printer in Figure 1 is in the northeast corner of the room. This sets our orientation for the entire space.
2.  **Analyze the Layout from",[3749],98.14991760253906,1.853662133216858,0.018886027857661247,-6.167607307434082,-0.06283863633871078,-2.9016332626342773,-0.02956327795982361
78,MSR,south,A,C,False,1,left,92,93,[2047],[' left']," **Analyze the Layout from Figure 1:** In Figure 1, we see a desk with a computer to the left of the printer cabinet. This suggests the main workspace is to the west of the northeast corner.
3.  **",[3792],94.10202026367188,-6.094523906707764,-0.0647650733590126,-0.6900629997253418,-0.007333137094974518,-0.9532490968704224,-0.010129953734576702
78,MSR,south,A,C,False,2,west,106,107,[9422],[' west'],", we see a desk with a computer to the left of the printer cabinet. This suggests the main workspace is to the west of the northeast corner.
3.  **Connect the Scenes using Figure 2:** Figure 2 shows a different",[3806],101.2019271850586,-3.450751304626465,-0.03409768268465996,-0.9590895771980286,-0.009476989507675171,-0.8888338804244995,-0.008782776072621346
78,MSR,south,A,C,False,3,northeast,109,110,[39481],[' northeast']," a desk with a computer to the left of the printer cabinet. This suggests the main workspace is to the west of the northeast corner.
3.  **Connect the Scenes using Figure 2:** Figure 2 shows a different desk with a",[3809],102.07658386230469,0.38604116439819336,0.003781877690926194,-5.66134786605835,-0.05546176806092262,-3.717494010925293,-0.03641867637634277
78,MSR,south,A,C,False,4,right,139,140,[1245],[' right'],"  **Connect the Scenes using Figure 2:** Figure 2 shows a different desk with a black chair. To the right of this desk is a bulletin board and a chalkboard. On the floor, near the bulletin board, is a six",[3839],91.01143646240234,4.95002555847168,0.054389048367738724,-0.9678735733032227,-0.010634636506438255,-2.154306411743164,-0.023670721799135208
78,MSR,south,A,C,False,5,northeast,264,265,[39481],[' northeast']," the desk in Figure 2.
5.  **Determine the Relative Direction:** Since the printer is in the northeast corner, and the area with the bulletin board and the chair from Figure 3 is part of the main room layout (",[3964],96.98622131347656,0.1649925708770752,0.0017011959571391344,-5.300538063049316,-0.054652485996484756,-2.811367988586426,-0.02898729220032692
78,MSR,south,A,C,False,6,northeast,294,295,[39481],[' northeast']," with the bulletin board and the chair from Figure 3 is part of the main room layout (which extends away from the northeast corner), we need to find its position. The desk in Figure 1 is west of the printer. The desk in",[3994],99.87428283691406,-0.7284306883811951,-0.00729347625747323,-4.4042205810546875,-0.044097643345594406,-3.92533802986145,-0.03930279240012169
78,MSR,south,A,C,False,7,west,311,312,[9422],[' west']," layout (which extends away from the northeast corner), we need to find its position. The desk in Figure 1 is west of the printer. The desk in Figure 2 appears to be further into the room or along a different wall. Given",[4011],100.46354675292969,-2.8128035068511963,-0.027998249977827072,-0.06637449562549591,-0.0006606823881156743,-0.08717620372772217,-0.000867739669047296
78,MSR,south,A,C,False,8,west,361,362,[9422],[' west']," typical layout of such rooms and the camera angles, the area with the bulletin board and the brown chair is situated to the west of the northeast corner where the printer is located.

Answer: C",[4061],102.59757995605469,-3.4496102333068848,-0.033622726798057556,-0.11394375562667847,-0.0011105891317129135,-0.48389166593551636,-0.004716404248028994
78,MSR,south,A,C,False,9,northeast,364,365,[39481],[' northeast']," such rooms and the camera angles, the area with the bulletin board and the brown chair is situated to the west of the northeast corner where the printer is located.

Answer: C",[4064],104.65501403808594,-0.16993695497512817,-0.0016237822128459811,-5.443290710449219,-0.05201175436377525,-3.84722638130188,-0.03676103428006172
80,MSR,southeast,A,,,0,north,42,43,[9897],[' north'],".

1.  **Establish Cardinal Directions:** The problem states that a person sitting at the piano and playing is facing north. In image 3, the piano is on the right side of the room. Therefore, the right side of the",[6592],93.38964080810547,-0.16663315892219543,-0.001784278778359294,-2.5537009239196777,-0.027344584465026855,0.022586047649383545,0.0002418474614387378
80,MSR,southeast,A,,,1,right,54,55,[1245],[' right']," states that a person sitting at the piano and playing is facing north. In image 3, the piano is on the right side of the room. Therefore, the right side of the room is North, the left is South, the back wall",[6604],98.44744873046875,3.057382106781006,0.031055981293320656,-0.6451636552810669,-0.0065533812157809734,-0.09575304388999939,-0.0009726310381665826
80,MSR,southeast,A,,,2,right,63,64,[1245],[' right']," playing is facing north. In image 3, the piano is on the right side of the room. Therefore, the right side of the room is North, the left is South, the back wall (with the windows) is East, and",[6613],101.47444915771484,2.6233091354370117,0.025851918384432793,-0.3950468897819519,-0.003893067594617605,0.22240519523620605,0.0021917358972132206
80,MSR,southeast,A,,,3,north,69,70,[4634],[' North']," image 3, the piano is on the right side of the room. Therefore, the right side of the room is North, the left is South, the back wall (with the windows) is East, and the front wall (where the",[6619],95.66590118408203,2.747251510620117,0.028717145323753357,-4.1519999504089355,-0.043401043862104416,-0.26350629329681396,-0.0027544433251023293
80,MSR,southeast,A,,,4,left,72,73,[2047],[' left'],", the piano is on the right side of the room. Therefore, the right side of the room is North, the left is South, the back wall (with the windows) is East, and the front wall (where the viewer is)",[6622],91.7449722290039,-3.683824300765991,-0.04015287384390831,-0.17260408401489258,-0.0018813465721905231,-1.153383731842041,-0.012571629136800766
80,MSR,southeast,A,,,5,south,74,75,[4725],[' South']," piano is on the right side of the room. Therefore, the right side of the room is North, the left is South, the back wall (with the windows) is East, and the front wall (where the viewer is) is West",[6624],88.45639038085938,-1.9454622268676758,-0.02199346199631691,1.3378753662109375,0.015124688856303692,-0.9638948440551758,-0.010896836407482624
80,MSR,southeast,A,,,6,east,85,86,[6127],[' East'],", the right side of the room is North, the left is South, the back wall (with the windows) is East, and the front wall (where the viewer is) is West.

2.  **Locate Key Objects:**",[6635],98.22630310058594,2.041748285293579,0.020786166191101074,-1.3483673334121704,-0.013727151788771152,-1.22179114818573,-0.012438533827662468
80,MSR,southeast,A,,,7,west,98,99,[4171],[' West']," South, the back wall (with the windows) is East, and the front wall (where the viewer is) is West.

2.  **Locate Key Objects:**
    -   **Potted Plant:** In image 3",[6648],93.56910705566406,-2.484271287918091,-0.02655012346804142,0.4256190061569214,0.004548713099211454,-0.7841083407402039,-0.008379992097616196
80,MSR,southeast,A,,,8,east,143,144,[6127],[' East']," In image 3, the potted plant is on a table in front of the central window, which is on the East wall.
    -   **Bedroom:** Image 1 shows a doorway leading to a room with pink, pattern",[6693],103.01810455322266,0.9136871695518494,0.008869190700352192,-1.999827265739441,-0.019412387162446976,-2.4402995109558105,-0.023688064888119698
80,MSR,southeast,A,,,9,left,193,194,[2047],[' left']," wallpaper. This is the bedroom. From the perspective of the main room (image 3), this doorway is on the left wall, which is the South wall. So, the bedroom is to the South.
    -   **Kitchen:**",[6743],102.16976165771484,-5.534158706665039,-0.05416630581021309,0.4129449725151062,0.004041753243654966,-1.2304391860961914,-0.012043085880577564
80,MSR,southeast,A,,,10,south,199,200,[4725],[' South'],". From the perspective of the main room (image 3), this doorway is on the left wall, which is the South wall. So, the bedroom is to the South.
    -   **Kitchen:** Image 1 also shows a",[6749],95.65478515625,-2.0076446533203125,-0.02098844014108181,1.7808856964111328,0.018617842346429825,-0.922336220741272,-0.009642343036830425
80,MSR,southeast,A,,,11,south,209,210,[4725],[' South']," 3), this doorway is on the left wall, which is the South wall. So, the bedroom is to the South.
    -   **Kitchen:** Image 1 also shows a doorway leading to a room with white cabinets and a",[6759],94.24700927734375,-2.419999837875366,-0.025677205994725227,0.9601445198059082,0.010187532752752304,-1.105611801147461,-0.011731001548469067
80,MSR,southeast,A,,,12,right,246,247,[1245],[' right']," shows a doorway leading to a room with white cabinets and a sink. This is the kitchen. This doorway is on the right side of the frame in image 1, which corresponds to the North wall of the main room. So, the kitchen",[6796],94.46532440185547,3.5018811225891113,0.03707054629921913,-1.9638410806655884,-0.020789016038179398,0.1479981243610382,0.0015666926046833396
80,MSR,southeast,A,,,13,north,260,261,[4634],[' North']," This is the kitchen. This doorway is on the right side of the frame in image 1, which corresponds to the North wall of the main room. So, the kitchen is to the North.
    -   **Music Player:** Image",[6810],93.75971984863281,2.908362627029419,0.031019318848848343,-3.9338393211364746,-0.04195660352706909,-0.49636682868003845,-0.005294030532240868
80,MSR,southeast,A,,,14,north,274,275,[4634],[' North']," frame in image 1, which corresponds to the North wall of the main room. So, the kitchen is to the North.
    -   **Music Player:** Image 2 shows a gramophone (music player) on a table.",[6824],87.83418273925781,2.057173252105713,0.02342110127210617,-3.6941187381744385,-0.04205787181854248,-0.7474178075790405,-0.008509417995810509
80,MSR,southeast,A,,,15,south,320,321,[4725],[' South']," a table. This table is against the wall between the two doorways shown in image 1. Since the bedroom is South and the kitchen is North, the music player is located on the South wall, near the entrance to the bedroom.
",[6870],93.85570526123047,-4.590697288513184,-0.04891228675842285,0.5652393102645874,0.006022429093718529,-2.383101463317871,-0.025391120463609695
80,MSR,southeast,A,,,16,north,325,326,[4634],[' North']," is against the wall between the two doorways shown in image 1. Since the bedroom is South and the kitchen is North, the music player is located on the South wall, near the entrance to the bedroom.
    -   **Desk",[6875],89.29573059082031,1.9731324911117554,0.022096605971455574,-2.2025749683380127,-0.0246660728007555,-1.896533727645874,-0.021238794550299644
80,MSR,southeast,A,,,17,south,334,335,[4725],[' South']," shown in image 1. Since the bedroom is South and the kitchen is North, the music player is located on the South wall, near the entrance to the bedroom.
    -   **Desk Lamp:** Image 4 shows a desk lamp",[6884],91.37577819824219,-5.207077980041504,-0.056985318660736084,1.274184226989746,0.013944441452622414,-0.7088747620582581,-0.007757797371596098
80,MSR,southeast,A,,,18,north,374,375,[4634],[' North']," Lamp:** Image 4 shows a desk lamp on a small round table next to the piano. The piano is on the North wall. So, the desk lamp is in the northern part of the room.
    -   **Painting behind",[6924],95.24298858642578,2.3450708389282227,0.024621978402137756,-3.026682138442993,-0.03177852928638458,-1.2109575271606445,-0.012714400887489319
80,MSR,southeast,A,,,19,right,414,415,[1245],[' right'],".
    -   **Painting behind the longest sofa:** In image 3, the longest sofa is against the right (North) wall. There is a large painting on the wall behind it.
    -   **Mirror:** Image",[6964],98.95854187011719,3.37800931930542,0.034135602414608,-2.3837037086486816,-0.024087902158498764,-0.1505977213382721,-0.0015218263724818826
80,MSR,southeast,A,,,20,north,416,417,[24420],['North'],"    -   **Painting behind the longest sofa:** In image 3, the longest sofa is against the right (North) wall. There is a large painting on the wall behind it.
    -   **Mirror:** Image 5",[6966],92.30905151367188,2.3641324043273926,0.02561105787754059,-2.1290905475616455,-0.023064807057380676,-0.17193472385406494,-0.001862598699517548
80,MSR,southeast,A,,,21,above,448,449,[3294],[' above']," painting on the wall behind it.
    -   **Mirror:** Image 5 shows a mirror hanging on a wall above a console table. This wall has the same striped wallpaper as the main room. Based on the reflection in the mirror,",[6998],107.39364624023438,-0.7988337278366089,-0.007438370492309332,3.230156183242798,0.030077721923589706,1.1682522296905518,0.010878224857151508
80,MSR,southeast,A,,,22,west,487,488,[4171],[' West']," room. Based on the reflection in the mirror, it shows the windows and the plant, meaning the mirror is on the West wall (the wall opposite the East windows).

3.  **Evaluate the Options:**
    -   **A",[7037],101.07603454589844,-2.108741044998169,-0.020862918347120285,0.29718899726867676,0.0029402519576251507,0.15564343333244324,0.0015398648101836443
80,MSR,southeast,A,,,23,east,494,495,[6127],[' East']," the mirror, it shows the windows and the plant, meaning the mirror is on the West wall (the wall opposite the East windows).

3.  **Evaluate the Options:**
    -   **A",[7044],102.41293334960938,-1.7356876134872437,-0.01694793440401554,-2.5798583030700684,-0.025190746411681175,-4.675803184509277,-0.04565637558698654
99,Attribute (Appr.),northeast,B,D,False,0,north,37,38,[9897],[' north'],", we can analyze the positions of the objects.

1.  In Figure 1, which is defined as the north side, the red rice box is on the left, the white bottle is in the center, and the almond mix bag",[3925],94.7784194946289,-1.8039861917495728,-0.019033722579479218,-4.284597873687744,-0.045206472277641296,-3.447666645050049,-0.03637607395648956
99,Attribute (Appr.),northeast,B,D,False,1,left,47,48,[2047],[' left'],"

1.  In Figure 1, which is defined as the north side, the red rice box is on the left, the white bottle is in the center, and the almond mix bag is on the right.
2.  In",[3935],92.00080871582031,-4.807557106018066,-0.052255596965551376,-0.06319019198417664,-0.0006868438795208931,-0.281804621219635,-0.0030630668625235558
99,Attribute (Appr.),northeast,B,D,False,2,right,65,66,[1245],[' right']," red rice box is on the left, the white bottle is in the center, and the almond mix bag is on the right.
2.  In Figure 2, the red rice box is now on the far left, the white bottle",[3953],85.56747436523438,-0.01078784465789795,-0.00012607412645593286,-0.4388843774795532,-0.0051291030831635,-0.8702388405799866,-0.010170206427574158
99,Attribute (Appr.),northeast,B,D,False,3,left,85,86,[2047],[' left']," bag is on the right.
2.  In Figure 2, the red rice box is now on the far left, the white bottle is in the middle, and the ""Asian Kitchen"" cup is on the right. The almond mix",[3973],93.63267517089844,-4.438732147216797,-0.047405801713466644,1.3165394067764282,0.01406068354845047,0.10635456442832947,0.0011358702322468162
99,Attribute (Appr.),northeast,B,D,False,4,right,105,106,[1245],[' right']," now on the far left, the white bottle is in the middle, and the ""Asian Kitchen"" cup is on the right. The almond mix bag is no longer visible.
3.  This change in perspective indicates that the viewpoint has shifted",[3993],83.77198791503906,1.6342750787734985,0.019508609548211098,1.686407208442688,0.02013092115521431,0.4985775351524353,0.005951602011919022
99,Attribute (Appr.),northeast,B,D,False,5,right,132,133,[1245],[' right']," almond mix bag is no longer visible.
3.  This change in perspective indicates that the viewpoint has shifted to the right from the original north-facing position.
4.  A shift to the right from the north corresponds to an eastward",[4020],96.64820098876953,2.1667540073394775,0.022418979555368423,-1.1092990636825562,-0.011477700434625149,0.05984562635421753,0.0006192109431140125
99,Attribute (Appr.),northeast,B,D,False,6,north,136,137,[9897],[' north']," no longer visible.
3.  This change in perspective indicates that the viewpoint has shifted to the right from the original north-facing position.
4.  A shift to the right from the north corresponds to an eastward direction.
5",[4024],97.09554290771484,-2.652035713195801,-0.02731367014348507,-4.072391510009766,-0.04194210469722748,-2.689016103744507,-0.02769453637301922
99,Attribute (Appr.),northeast,B,D,False,7,right,148,149,[1245],[' right']," indicates that the viewpoint has shifted to the right from the original north-facing position.
4.  A shift to the right from the north corresponds to an eastward direction.
5.  Therefore, Figure 2 shows the east side of",[4036],95.91968536376953,0.7381142973899841,0.007695128209888935,-0.6616659760475159,-0.006898125167936087,0.4575817584991455,0.004770467523485422
99,Attribute (Appr.),northeast,B,D,False,8,north,151,152,[9897],[' north']," viewpoint has shifted to the right from the original north-facing position.
4.  A shift to the right from the north corresponds to an eastward direction.
5.  Therefore, Figure 2 shows the east side of the food arrangement",[4039],96.44821166992188,-1.592907190322876,-0.01651567406952381,-4.595499038696289,-0.047647323459386826,-1.669769048690796,-0.01731259748339653
99,Attribute (Appr.),northeast,B,D,False,9,east,155,156,[10663],[' east']," the right from the original north-facing position.
4.  A shift to the right from the north corresponds to an eastward direction.
5.  Therefore, Figure 2 shows the east side of the food arrangement.

Answer:",[4043],93.08626556396484,0.5761145949363708,0.006189039908349514,0.671568751335144,0.00721447728574276,1.5669214725494385,0.016833003610372543
99,Attribute (Appr.),northeast,B,D,False,10,east,170,171,[10663],[' east']," to the right from the north corresponds to an eastward direction.
5.  Therefore, Figure 2 shows the east side of the food arrangement.

Answer: D",[4058],95.32405853271484,0.7273245453834534,0.007630020845681429,0.8522375822067261,0.008940424770116806,1.3628408908843994,0.014296924695372581
100,Attribute (Appr.),northwest,A,C,False,0,left,40,41,[2047],[' left']," analyze the positions of the objects.

1.  In Figure 1, the red box of rice is on the left, the white bottle of dressing is in the center, and the cup of noodles is on the right. This view is",[3928],90.46424865722656,-4.9694671630859375,-0.05493294075131416,-0.02984204888343811,-0.0003298767260275781,-0.5954903960227966,-0.006582604721188545
100,Attribute (Appr.),northwest,A,C,False,1,right,60,61,[1245],[' right']," rice is on the left, the white bottle of dressing is in the center, and the cup of noodles is on the right. This view is defined as the ""north side"".
2.  In Figure 2, the arrangement of the",[3948],87.24819946289062,0.08895105123519897,0.0010195173090323806,-0.2109384536743164,-0.00241768267005682,-1.1608811616897583,-0.013305502943694592
100,Attribute (Appr.),northwest,A,C,False,2,north,69,70,[59810],['north']," of dressing is in the center, and the cup of noodles is on the right. This view is defined as the ""north side"".
2.  In Figure 2, the arrangement of the objects has changed. The red box is now",[3957],95.39734649658203,-1.3353475332260132,-0.013997742906212807,-3.7784125804901123,-0.039607103914022446,-2.6314496994018555,-0.027584098279476166
100,Attribute (Appr.),northwest,A,C,False,3,right,121,122,[1245],[' right'],", the white bottle is in the foreground, and a new item, a bag of almond mix, is visible on the right.
3.  The cup of noodles, which was on the far right in Figure 1, is now partially",[4009],89.75288391113281,3.3107047080993652,0.03688688948750496,0.5049521923065186,0.005626027472317219,-0.7969099283218384,-0.008878934197127819
100,Attribute (Appr.),northwest,A,C,False,4,right,137,138,[1245],[' right']," of almond mix, is visible on the right.
3.  The cup of noodles, which was on the far right in Figure 1, is now partially obscured and appears to be on the right side of the bottle in Figure 2",[4025],93.19750213623047,1.0455477237701416,0.01121862418949604,-1.020693063735962,-0.0109519362449646,-1.5454766750335693,-0.01658281311392784
100,Attribute (Appr.),northwest,A,C,False,5,right,153,154,[1245],[' right']," of noodles, which was on the far right in Figure 1, is now partially obscured and appears to be on the right side of the bottle in Figure 2.
4.  The red box, which was on the left in Figure",[4041],96.67269897460938,4.140086650848389,0.042825810611248016,0.6515422463417053,0.006739671807736158,-0.8572192192077637,-0.008867232128977776
100,Attribute (Appr.),northwest,A,C,False,6,left,175,176,[2047],[' left']," on the right side of the bottle in Figure 2.
4.  The red box, which was on the left in Figure 1, is now behind the bottle in Figure 2.
5.  This change in perspective,",[4063],92.05982971191406,-4.636663436889648,-0.050365760922431946,-0.4241042137145996,-0.004606832284480333,-0.6450015902519226,-0.007006330415606499
100,Attribute (Appr.),northwest,A,C,False,7,left,205,206,[2047],[' left']," is now behind the bottle in Figure 2.
5.  This change in perspective, where the object on the left (the box) moves to the back and the object on the right (the noodles) moves towards the front-right,",[4093],100.03636169433594,-5.898834705352783,-0.05896690487861633,-0.520574152469635,-0.005203849170356989,-1.251943588256836,-0.012514885514974594
100,Attribute (Appr.),northwest,A,C,False,8,right,219,220,[1245],[' right']," This change in perspective, where the object on the left (the box) moves to the back and the object on the right (the noodles) moves towards the front-right, indicates a clockwise rotation of the viewpoint. A 90-degree clockwise",[4107],94.41519927978516,4.47892951965332,0.04743864759802818,0.971549391746521,0.010290180332958698,-0.7144694328308105,-0.007567313499748707
100,Attribute (Appr.),northwest,A,C,False,9,north,247,248,[9897],[' north'],") moves towards the front-right, indicates a clockwise rotation of the viewpoint. A 90-degree clockwise turn from the north side would result in viewing the east side.

Answer: C",[4135],99.6346435546875,-1.1447744369506836,-0.01148972287774086,-4.250235557556152,-0.042658209800720215,-1.9225633144378662,-0.019296132028102875
100,Attribute (Appr.),northwest,A,C,False,10,east,254,255,[10663],[' east']," indicates a clockwise rotation of the viewpoint. A 90-degree clockwise turn from the north side would result in viewing the east side.

Answer: C",[4142],95.22273254394531,1.6909794807434082,0.017758149653673172,0.9598915576934814,0.010080487467348576,1.2488970756530762,0.01311553455889225
103,Attribute (Appr.),southwest,B,,,0,north,41,42,[59810],['north']," these steps:

1.  **Identify the reference frame:** The problem states that Figure 1 shows the ""north side"" of the food (the box of salt). This establishes our primary direction.
2.  **Analyze",[3929],97.1080093383789,-2.2112958431243896,-0.022771507501602173,-3.843566417694092,-0.0395803228020668,-2.1102046966552734,-0.021730490028858185
103,Attribute (Appr.),southwest,B,,,1,north,176,177,[4634],[' North'],", you would rotate your viewpoint around the object.
4.  **Apply cardinal directions:** If the side panel is North, and we assume a standard clockwise rotation for viewing the faces of an object (North -> East -> South -> West),",[4064],98.1569595336914,-2.4645133018493652,-0.02510788105428219,-4.179485321044922,-0.042579613626003265,-2.6162548065185547,-0.02665378898382187
103,Attribute (Appr.),southwest,B,,,2,north,193,194,[24420],['North']," directions:** If the side panel is North, and we assume a standard clockwise rotation for viewing the faces of an object (North -> East -> South -> West), then the face adjacent to the North side in a clockwise direction would be the East side",[4081],99.91557312011719,-2.6407394409179688,-0.026429709047079086,-4.195629119873047,-0.04199174419045448,-2.1556479930877686,-0.02157469466328621
103,Attribute (Appr.),southwest,B,,,3,east,195,196,[6127],[' East']," If the side panel is North, and we assume a standard clockwise rotation for viewing the faces of an object (North -> East -> South -> West), then the face adjacent to the North side in a clockwise direction would be the East side. However",[4083],85.49725341796875,2.487239360809326,0.029091453179717064,-0.5464373826980591,-0.006391285918653011,0.14785611629486084,0.001729366835206747
103,Attribute (Appr.),southwest,B,,,4,south,197,198,[4725],[' South']," side panel is North, and we assume a standard clockwise rotation for viewing the faces of an object (North -> East -> South -> West), then the face adjacent to the North side in a clockwise direction would be the East side. However, looking",[4085],84.78631591796875,0.7063943147659302,0.00833146646618843,2.4837806224823,0.029294593259692192,-3.963250160217285,-0.04674398526549339
103,Attribute (Appr.),southwest,B,,,5,west,199,200,[4171],[' West']," is North, and we assume a standard clockwise rotation for viewing the faces of an object (North -> East -> South -> West), then the face adjacent to the North side in a clockwise direction would be the East side. However, looking at the",[4087],82.34562683105469,-0.5901503562927246,-0.007166747935116291,1.2498581409454346,0.01517819706350565,-1.601050615310669,-0.019443055614829063
103,Attribute (Appr.),southwest,B,,,6,north,207,208,[4634],[' North']," clockwise rotation for viewing the faces of an object (North -> East -> South -> West), then the face adjacent to the North side in a clockwise direction would be the East side. However, looking at the images, the front face (Figure ",[4095],95.16417694091797,-2.7722978591918945,-0.02913173846900463,-3.4545798301696777,-0.03630126267671585,-2.67301082611084,-0.028088415041565895
103,Attribute (Appr.),southwest,B,,,7,east,216,217,[6127],[' East']," (North -> East -> South -> West), then the face adjacent to the North side in a clockwise direction would be the East side. However, looking at the images, the front face (Figure 2) is to the right of the side",[4104],84.88931274414062,1.5200300216674805,0.01790602318942547,-0.3745512366294861,-0.00441223056986928,1.1854583024978638,0.013964753597974777
103,Attribute (Appr.),southwest,B,,,8,right,237,238,[1245],[' right']," would be the East side. However, looking at the images, the front face (Figure 2) is to the right of the side face (Figure 1) if you were to unwrap the box. In a 3D space,",[4125],97.62316131591797,1.1153287887573242,0.0114248376339674,-1.763237714767456,-0.018061673268675804,0.7731472849845886,0.007919711992144585
103,Attribute (Appr.),southwest,B,,,9,north,268,269,[4634],[' North']," 1) if you were to unwrap the box. In a 3D space, if you are looking at the North face, the East face is to your right. The image in Figure 2 is the front face. Let's re",[4156],104.64409637451172,-2.920233964920044,-0.02790634147822857,-2.9164342880249023,-0.02787003107368946,-3.062440872192383,-0.029265299439430237
103,Attribute (Appr.),southwest,B,,,10,east,272,273,[6127],[' East']," you were to unwrap the box. In a 3D space, if you are looking at the North face, the East face is to your right. The image in Figure 2 is the front face. Let's re-evaluate based on",[4160],99.26709747314453,2.4082417488098145,0.024260221049189568,-0.363633394241333,-0.003663181560114026,-0.047370851039886475,-0.00047720596194267273
103,Attribute (Appr.),southwest,B,,,11,right,277,278,[1245],[' right']," box. In a 3D space, if you are looking at the North face, the East face is to your right. The image in Figure 2 is the front face. Let's re-evaluate based on the options. The options",[4165],91.13086700439453,0.8104840517044067,0.008893628604710102,-0.8182647228240967,-0.008979007601737976,0.19551947712898254,0.002145480364561081
103,Attribute (Appr.),southwest,B,,,12,north,337,338,[4634],[' North']," at the adjacent face, but perhaps a corner or a different interpretation. Let's reconsider the standard mapping. If Side = North, then Front is typically East or West. Let's look at the options again: Northeast, Southwest, Northwest, Southeast",[4225],96.27159118652344,-3.2269792556762695,-0.03351953625679016,-3.593108654022217,-0.037322625517845154,-2.5973446369171143,-0.026979345828294754
103,Attribute (Appr.),southwest,B,,,13,east,343,344,[6127],[' East']," perhaps a corner or a different interpretation. Let's reconsider the standard mapping. If Side = North, then Front is typically East or West. Let's look at the options again: Northeast, Southwest, Northwest, Southeast. These are diagonal. This",[4231],98.69731903076172,1.8004432916641235,0.018242068588733673,-0.4321741759777069,-0.004378783516585827,0.12877318263053894,0.0013047283282503486
103,Attribute (Appr.),southwest,B,,,14,west,345,346,[4171],[' West']," corner or a different interpretation. Let's reconsider the standard mapping. If Side = North, then Front is typically East or West. Let's look at the options again: Northeast, Southwest, Northwest, Southeast. These are diagonal. This implies the",[4233],101.27398681640625,0.2502835690975189,0.0024713510647416115,1.0879929065704346,0.010743063874542713,-1.4366767406463623,-0.014186039566993713
103,Attribute (Appr.),southwest,B,,,15,northeast,355,356,[43102],[' Northeast']," standard mapping. If Side = North, then Front is typically East or West. Let's look at the options again: Northeast, Southwest, Northwest, Southeast. These are diagonal. This implies the question might be about the corner or a more complex",[4243],93.15034484863281,-0.1918814778327942,-0.002059911610558629,-4.332055568695068,-0.046506062150001526,0.06461691856384277,0.0006936841527931392
103,Attribute (Appr.),southwest,B,,,16,southwest,357,358,[44164],[' Southwest'],". If Side = North, then Front is typically East or West. Let's look at the options again: Northeast, Southwest, Northwest, Southeast. These are diagonal. This implies the question might be about the corner or a more complex spatial relationship",[4245],91.34850311279297,0.20147988200187683,0.0022056177258491516,2.0270707607269287,0.0221905205398798,-3.7462944984436035,-0.041011013090610504
103,Attribute (Appr.),southwest,B,,,17,northwest,359,360,[38100],[' Northwest']," Side = North, then Front is typically East or West. Let's look at the options again: Northeast, Southwest, Northwest, Southeast. These are diagonal. This implies the question might be about the corner or a more complex spatial relationship. Let",[4247],86.6369857788086,-1.25143563747406,-0.01444458868354559,-2.4201133251190186,-0.02793395146727562,-2.2934789657592773,-0.026472285389900208
103,Attribute (Appr.),southwest,B,,,18,southeast,361,362,[34388],[' Southeast']," North, then Front is typically East or West. Let's look at the options again: Northeast, Southwest, Northwest, Southeast. These are diagonal. This implies the question might be about the corner or a more complex spatial relationship. Let's try",[4249],90.01177978515625,2.5001986026763916,0.02777634933590889,1.8449831008911133,0.02049713023006916,1.085940957069397,0.012064431793987751
103,Attribute (Appr.),southwest,B,,,19,north,402,403,[4634],[' North'], more complex spatial relationship. Let's try a different approach. Imagine the box on a table. Figure 1 is the North face. Figure 2 is the East face (assuming standard orientation where front is East). The question asks which side Figure,[4290],107.72331237792969,-2.040703058242798,-0.01894393190741539,-3.5043578147888184,-0.03253110125660896,-3.4305357933044434,-0.031845808029174805
103,Attribute (Appr.),southwest,B,,,20,east,410,411,[6127],[' East'], a different approach. Imagine the box on a table. Figure 1 is the North face. Figure 2 is the East face (assuming standard orientation where front is East). The question asks which side Figure 2 shows. If Figure 1,[4298],101.90601348876953,2.359612226486206,0.023154789581894875,-0.8244466781616211,-0.008090265095233917,0.6233668327331543,0.006117076147347689
103,Attribute (Appr.),southwest,B,,,21,east,419,420,[6127],[' East']," table. Figure 1 is the North face. Figure 2 is the East face (assuming standard orientation where front is East). The question asks which side Figure 2 shows. If Figure 1 is North, and Figure 2 is the",[4307],97.25028991699219,0.5202021598815918,0.0053491066209971905,-0.333357572555542,-0.0034278312232345343,-0.6175073385238647,-0.006349670700728893
103,Attribute (Appr.),southwest,B,,,22,north,436,437,[4634],[' North']," (assuming standard orientation where front is East). The question asks which side Figure 2 shows. If Figure 1 is North, and Figure 2 is the face to the right (East), then the corner between them would be Northeast. But",[4324],96.53805541992188,-3.86221981048584,-0.040007226169109344,-3.276406764984131,-0.033939018845558167,-2.667496681213379,-0.02763155661523342
103,Attribute (Appr.),southwest,B,,,23,right,447,448,[1245],[' right']," asks which side Figure 2 shows. If Figure 1 is North, and Figure 2 is the face to the right (East), then the corner between them would be Northeast. But the question asks for the side. Let's assume the",[4335],101.03343963623047,0.5060495138168335,0.00500873290002346,-1.3075847625732422,-0.012942099012434483,0.3554092049598694,0.0035177383106201887
103,Attribute (Appr.),southwest,B,,,24,east,449,450,[35139],['East']," side Figure 2 shows. If Figure 1 is North, and Figure 2 is the face to the right (East), then the corner between them would be Northeast. But the question asks for the side. Let's assume the question implies",[4337],92.69320678710938,2.2481298446655273,0.024253448471426964,0.5200045108795166,0.005609952844679356,1.1553778648376465,0.012464536353945732
103,Attribute (Appr.),southwest,B,,,25,northeast,458,459,[43102],[' Northeast'],"1 is North, and Figure 2 is the face to the right (East), then the corner between them would be Northeast. But the question asks for the side. Let's assume the question implies a rotation. If you rotate 90",[4346],91.41333770751953,0.3075542151927948,0.0033644346985965967,-3.1255056858062744,-0.034190915524959564,1.2899025678634644,0.014110660180449486
103,Attribute (Appr.),southwest,B,,,26,north,486,487,[4634],[' North']," question asks for the side. Let's assume the question implies a rotation. If you rotate 90 degrees clockwise from North, you face East. If you rotate 45 degrees, you face Northeast. The images show two different faces.",[4374],99.62223815917969,-2.309734582901001,-0.02318492904305458,-3.1514432430267334,-0.03163393214344978,-1.2054647207260132,-0.012100357562303543
103,Attribute (Appr.),southwest,B,,,27,east,490,491,[6127],[' East']," side. Let's assume the question implies a rotation. If you rotate 90 degrees clockwise from North, you face East. If you rotate 45 degrees, you face Northeast. The images show two different faces. Let",[4378],92.02694702148438,1.4868829250335693,0.016157038509845734,-0.1492985039949417,-0.0016223345883190632,0.9963198304176331,0.010826392099261284
103,Attribute (Appr.),southwest,B,,,28,northeast,502,503,[43102],[' Northeast']," you rotate 90 degrees clockwise from North, you face East. If you rotate 45 degrees, you face Northeast. The images show two different faces. Let",[4390],91.30831909179688,0.13989651203155518,0.0015321332029998302,-1.8779807090759277,-0.02056746557354927,-0.09611642360687256,-0.001052657957188785
104,Attribute (Appr.),west,C,,,0,north,44,45,[9897],[' north']," Figure 1.

1.  **Analyze Figure 1:** The problem states that Figure 1 shows the north side of the statue. In this view, we are looking at the front-left portion of the owl's head and body",[3933],96.04336547851562,-2.5505876541137695,-0.026556625962257385,-3.4496140480041504,-0.0359172560274601,-2.98134183883667,-0.031041622161865234
104,Attribute (Appr.),west,C,,,1,right,87,88,[1245],[' right']," the owl's head and body.
2.  **Analyze Figure 2:** This figure shows the back and right side of the owl statue. We can see the detailed feathers on its back and the right wing.
3. ",[3976],96.98956298828125,4.1874775886535645,0.043174516409635544,-0.5971558094024658,-0.006156907882541418,-0.08061254024505615,-0.0008311465498991311
104,Attribute (Appr.),west,C,,,2,right,105,106,[1245],[' right']," This figure shows the back and right side of the owl statue. We can see the detailed feathers on its back and the right wing.
3.  **Determine the rotation:** To get from the view in Figure 1 (north side",[3994],101.96196746826172,3.096707582473755,0.030371202155947685,-1.0355942249298096,-0.010156671516597271,-0.7276487946510315,-0.007136472500860691
104,Attribute (Appr.),west,C,,,3,north,128,129,[59810],['north']," the right wing.
3.  **Determine the rotation:** To get from the view in Figure 1 (north side) to the view in Figure 2 (back-right side), the camera must have moved around the statue.
",[4017],99.25389099121094,-2.852968215942383,-0.02874414436519146,-3.3031978607177734,-0.03328028693795204,-2.325878620147705,-0.0234336256980896
104,Attribute (Appr.),west,C,,,4,north,170,171,[9897],[' north']," have moved around the statue.
4.  **Map the rotation to cardinal directions:** If the front-left is the north side, then moving clockwise around the statue would take us to the east side (right side), then the south side (",[4059],96.99417877197266,-3.527988910675049,-0.03637320175766945,-3.6066715717315674,-0.03718441352248192,-1.788996696472168,-0.018444372341036797
104,Attribute (Appr.),west,C,,,5,east,184,185,[10663],[' east']," to cardinal directions:** If the front-left is the north side, then moving clockwise around the statue would take us to the east side (right side), then the south side (back), and finally the west side (left side). The view in",[4073],93.13157653808594,3.022890090942383,0.03245827183127403,-0.5424370169639587,-0.0058244154788553715,0.6826813220977783,0.007330288644880056
104,Attribute (Appr.),west,C,,,6,right,187,188,[1246],['right'],":** If the front-left is the north side, then moving clockwise around the statue would take us to the east side (right side), then the south side (back), and finally the west side (left side). The view in Figure 2",[4076],95.1143569946289,2.5156025886535645,0.026448190212249756,0.3371201455593109,0.003544366452842951,0.5871777534484863,0.006173387169837952
104,Attribute (Appr.),west,C,,,7,south,192,193,[9514],[' south']," is the north side, then moving clockwise around the statue would take us to the east side (right side), then the south side (back), and finally the west side (left side). The view in Figure 2 is of the back and",[4081],95.77534484863281,2.218405246734619,0.023162592202425003,1.3289120197296143,0.013875303789973259,-1.2941206693649292,-0.013512044213712215
104,Attribute (Appr.),west,C,,,8,west,200,201,[9422],[' west']," around the statue would take us to the east side (right side), then the south side (back), and finally the west side (left side). The view in Figure 2 is of the back and right side, which corresponds to the southeast",[4089],90.80061340332031,-1.555828332901001,-0.01713455840945244,0.029680877923965454,0.00032687970087863505,-3.011857509613037,-0.03317001461982727
104,Attribute (Appr.),west,C,,,9,left,203,204,[2282],['left']," would take us to the east side (right side), then the south side (back), and finally the west side (left side). The view in Figure 2 is of the back and right side, which corresponds to the southeast quadrant. However",[4092],86.70685577392578,-2.6162776947021484,-0.030173826962709427,0.2515793442726135,0.0029014931060373783,-1.503186583518982,-0.017336420714855194
104,Attribute (Appr.),west,C,,,10,right,217,218,[1245],[' right']," side (back), and finally the west side (left side). The view in Figure 2 is of the back and right side, which corresponds to the southeast quadrant. However, the options are single cardinal directions. Let's re-evaluate.",[4106],90.98162078857422,1.524158000946045,0.016752371564507484,-1.2406816482543945,-0.013636618852615356,1.16105055809021,0.012761374935507774
104,Attribute (Appr.),west,C,,,11,southeast,224,225,[40080],[' southeast']," west side (left side). The view in Figure 2 is of the back and right side, which corresponds to the southeast quadrant. However, the options are single cardinal directions. Let's re-evaluate. If the front is North, the",[4113],98.88090515136719,1.2564752101898193,0.012706954963505268,-0.3617715835571289,-0.0036586597561836243,-0.47515761852264404,-0.004805352538824081
104,Attribute (Appr.),west,C,,,12,north,246,247,[4634],[' North']," to the southeast quadrant. However, the options are single cardinal directions. Let's re-evaluate. If the front is North, the right side is East, the back is South, and the left side is West. Figure 2 shows the",[4135],98.47779846191406,-3.250092029571533,-0.033003296703100204,-4.513574123382568,-0.045833420008420944,-2.266813039779663,-0.023018518462777138
104,Attribute (Appr.),west,C,,,13,right,249,250,[1245],[' right']," quadrant. However, the options are single cardinal directions. Let's re-evaluate. If the front is North, the right side is East, the back is South, and the left side is West. Figure 2 shows the back and the",[4138],98.11660766601562,2.5373446941375732,0.02586050145328045,-0.2884913682937622,-0.002940290840342641,1.193021297454834,0.01215921901166439
104,Attribute (Appr.),west,C,,,14,east,252,253,[6127],[' East'],", the options are single cardinal directions. Let's re-evaluate. If the front is North, the right side is East, the back is South, and the left side is West. Figure 2 shows the back and the right side.",[4141],88.42546844482422,1.8753182888031006,0.0212078969925642,0.7859021425247192,0.008887735195457935,2.40399169921875,0.027186643332242966
104,Attribute (Appr.),west,C,,,15,south,257,258,[4725],[' South']," cardinal directions. Let's re-evaluate. If the front is North, the right side is East, the back is South, and the left side is West. Figure 2 shows the back and the right side. This is a view from",[4146],84.85910034179688,2.0116236209869385,0.023705454543232918,1.7093843221664429,0.020143795758485794,-0.8004977703094482,-0.009433257393538952
104,Attribute (Appr.),west,C,,,16,left,261,262,[2047],[' left'],"'s re-evaluate. If the front is North, the right side is East, the back is South, and the left side is West. Figure 2 shows the back and the right side. This is a view from the southeast. Let",[4150],89.31517791748047,-2.703125,-0.03026501275599003,-0.10442548990249634,-0.0011691796826198697,-2.5324532985687256,-0.028354119509458542
104,Attribute (Appr.),west,C,,,17,west,264,265,[4171],[' West'],"valuate. If the front is North, the right side is East, the back is South, and the left side is West. Figure 2 shows the back and the right side. This is a view from the southeast. Let's look at",[4153],92.85196685791016,-0.5590517520904541,-0.0060208928771317005,0.8005286455154419,0.008621558547019958,-1.4703834056854248,-0.015835780650377274
104,Attribute (Appr.),west,C,,,18,right,274,275,[1245],[' right']," side is East, the back is South, and the left side is West. Figure 2 shows the back and the right side. This is a view from the southeast. Let's look at the options again. A: Northeast, B:",[4163],91.10017395019531,1.6296074390411377,0.017888082191348076,-0.9091408252716064,-0.00997957307845354,0.7281812429428101,0.007993192411959171
104,Attribute (Appr.),west,C,,,19,southeast,283,284,[40080],[' southeast']," and the left side is West. Figure 2 shows the back and the right side. This is a view from the southeast. Let's look at the options again. A: Northeast, B: South, C: West, D: East",[4172],101.46414184570312,1.0215284824371338,0.010067876428365707,-0.31004902720451355,-0.0030557496938854456,-0.6137641668319702,-0.006049074698239565
104,Attribute (Appr.),west,C,,,20,northeast,295,296,[43102],[' Northeast']," back and the right side. This is a view from the southeast. Let's look at the options again. A: Northeast, B: South, C: West, D: East. The view is primarily of the back (South) and",[4184],92.69811248779297,-3.706768035888672,-0.03998752310872078,-4.958932876586914,-0.053495511412620544,-0.9230310916900635,-0.009957388043403625
104,Attribute (Appr.),west,C,,,21,south,299,300,[4725],[' South']," side. This is a view from the southeast. Let's look at the options again. A: Northeast, B: South, C: West, D: East. The view is primarily of the back (South) and the right side (",[4188],86.8730239868164,2.197373390197754,0.02529408223927021,1.5842020511627197,0.018235834315419197,-2.0933837890625,-0.024097051471471786
104,Attribute (Appr.),west,C,,,22,west,303,304,[4171],[' West']," a view from the southeast. Let's look at the options again. A: Northeast, B: South, C: West, D: East. The view is primarily of the back (South) and the right side (East). It's",[4192],88.30707550048828,-2.06221079826355,-0.023352723568677902,2.173004388809204,0.02460736408829689,-3.5573110580444336,-0.04028341919183731
104,Attribute (Appr.),west,C,,,23,east,307,308,[6127],[' East']," southeast. Let's look at the options again. A: Northeast, B: South, C: West, D: East. The view is primarily of the back (South) and the right side (East). It's a diagonal view.",[4196],83.60700225830078,1.1542792320251465,0.013806011527776718,0.7687415480613708,0.009194702841341496,2.125288724899292,0.02541998401284218
104,Attribute (Appr.),west,C,,,24,south,317,318,[24225],['South']," A: Northeast, B: South, C: West, D: East. The view is primarily of the back (South) and the right side (East). It's a diagonal view. Let's consider the primary face shown. The most",[4206],92.16856384277344,1.312190055847168,0.014236850664019585,1.0700604915618896,0.011609820649027824,-1.9325132369995117,-0.020967163145542145
104,Attribute (Appr.),west,C,,,25,right,321,322,[1245],[' right']," B: South, C: West, D: East. The view is primarily of the back (South) and the right side (East). It's a diagonal view. Let's consider the primary face shown. The most prominent feature is the",[4210],95.53569793701172,0.34091874957084656,0.0035684958565980196,-0.8351556658744812,-0.008741817437112331,-0.06952571868896484,-0.0007277459371834993
104,Attribute (Appr.),west,C,,,26,east,324,325,[35139],['East'],", C: West, D: East. The view is primarily of the back (South) and the right side (East). It's a diagonal view. Let's consider the primary face shown. The most prominent feature is the back of the",[4213],94.60649108886719,1.7542001008987427,0.01854206994175911,0.16499480605125427,0.0017440114170312881,1.6352572441101074,0.017284831032156944
104,Attribute (Appr.),west,C,,,27,north,365,366,[4634],[' North']," most prominent feature is the back of the owl. The back of the owl is opposite the front. If the front is North, the back is South. The view is from the back-right, which is the Southeast. But Southeast is not an",[4254],94.68403625488281,-2.558995246887207,-0.02702668122947216,-3.3685948848724365,-0.03557722270488739,-3.286747932434082,-0.03471279889345169
104,Attribute (Appr.),west,C,,,28,south,370,371,[4725],[' South']," back of the owl. The back of the owl is opposite the front. If the front is North, the back is South. The view is from the back-right, which is the Southeast. But Southeast is not an option. Let's reconsider",[4259],91.42666625976562,1.5641447305679321,0.017108188942074776,0.8951306343078613,0.009790695272386074,-0.6344468593597412,-0.006939406972378492
104,Attribute (Appr.),west,C,,,29,southeast,383,384,[34388],[' Southeast']," front. If the front is North, the back is South. The view is from the back-right, which is the Southeast. But Southeast is not an option. Let's reconsider the initial assumption. Maybe ""north side"" means the side facing",[4272],97.72322082519531,1.2131116390228271,0.012413750402629375,-0.09561321139335632,-0.000978408264927566,-1.1728429794311523,-0.01200168114155531
104,Attribute (Appr.),west,C,,,30,southeast,386,387,[34388],[' Southeast']," the front is North, the back is South. The view is from the back-right, which is the Southeast. But Southeast is not an option. Let's reconsider the initial assumption. Maybe ""north side"" means the side facing north. If",[4275],105.93168640136719,0.6402206420898438,0.006043712142854929,-0.032421380281448364,-0.0003060593153350055,-1.1400967836380005,-0.010762565769255161
104,Attribute (Appr.),west,C,,,31,north,401,402,[59810],['north']," back-right, which is the Southeast. But Southeast is not an option. Let's reconsider the initial assumption. Maybe ""north side"" means the side facing north. If the statue is facing north, then Figure 1 is the front. Figure",[4290],102.0920639038086,-3.5355091094970703,-0.03463059663772583,-3.54764723777771,-0.03474948927760124,-2.397937536239624,-0.023487990722060204
104,Attribute (Appr.),west,C,,,32,north,408,409,[9897],[' north'],". But Southeast is not an option. Let's reconsider the initial assumption. Maybe ""north side"" means the side facing north. If the statue is facing north, then Figure 1 is the front. Figure 2 is the back. The",[4297],91.35602569580078,-1.4782850742340088,-0.01618158258497715,-2.1103241443634033,-0.023099999874830246,-0.6289010047912598,-0.006884066853672266
104,Attribute (Appr.),west,C,,,33,north,415,416,[9897],[' north'],". Let's reconsider the initial assumption. Maybe ""north side"" means the side facing north. If the statue is facing north, then Figure 1 is the front. Figure 2 is the back. The back would be the south side.",[4304],96.1490707397461,-2.773066997528076,-0.028841329738497734,-3.8172035217285156,-0.039700888097286224,-0.3161298632621765,-0.003287913976237178
104,Attribute (Appr.),west,C,,,34,south,437,438,[9514],[' south']," is facing north, then Figure 1 is the front. Figure 2 is the back. The back would be the south side. The view in Figure 2 is from the back-right. This is the southeast. Still not an option.",[4326],97.51921844482422,1.5486972332000732,0.015880944207310677,0.7874175310134888,0.008074485696852207,-0.905490517616272,-0.00928525160998106
104,Attribute (Appr.),west,C,,,35,southeast,455,456,[40080],[' southeast'],". The back would be the south side. The view in Figure 2 is from the back-right. This is the southeast. Still not an option. Let's try another interpretation. If the statue is oriented such that its front is North,",[4344],98.1648941040039,1.541244387626648,0.01570056565105915,0.2077392339706421,0.002116227289661765,-1.0953092575073242,-0.011157850734889507
104,Attribute (Appr.),west,C,,,36,north,478,479,[4634],[' North']," the southeast. Still not an option. Let's try another interpretation. If the statue is oriented such that its front is North, then its right side is East, its back is South, and its left side is West. Figure 1 shows",[4367],99.31468963623047,-2.597858190536499,-0.026157844811677933,-4.093027114868164,-0.04121270775794983,-1.7252534627914429,-0.017371583729982376
104,Attribute (Appr.),west,C,,,37,right,482,483,[1245],[' right']," not an option. Let's try another interpretation. If the statue is oriented such that its front is North, then its right side is East, its back is South, and its left side is West. Figure 1 shows the front and left",[4371],99.45079040527344,2.67480206489563,0.026895735412836075,-0.6763032078742981,-0.006800380535423756,0.6320729851722717,0.006355635821819305
104,Attribute (Appr.),west,C,,,38,east,485,486,[6127],[' East'],". Let's try another interpretation. If the statue is oriented such that its front is North, then its right side is East, its back is South, and its left side is West. Figure 1 shows the front and left side (North",[4374],88.89668273925781,2.3264265060424805,0.026170004159212112,0.10648497939109802,0.0011978510301560163,1.3624608516693115,0.015326340682804585
104,Attribute (Appr.),west,C,,,39,south,490,491,[4725],[' South']," interpretation. If the statue is oriented such that its front is North, then its right side is East, its back is South, and its left side is West. Figure 1 shows the front and left side (Northwest).",[4379],85.6686782836914,1.6145827770233154,0.018846826627850533,1.5462212562561035,0.018048850819468498,-1.9970958232879639,-0.023311855271458626
104,Attribute (Appr.),west,C,,,40,left,494,495,[2047],[' left']," statue is oriented such that its front is North, then its right side is East, its back is South, and its left side is West. Figure 1 shows the front and left side (Northwest).",[4383],91.43710327148438,-2.8973605632781982,-0.031686924397945404,-0.17866909503936768,-0.001954010920599103,-2.586479663848877,-0.02828698232769966
104,Attribute (Appr.),west,C,,,41,west,497,498,[4171],[' West']," such that its front is North, then its right side is East, its back is South, and its left side is West. Figure 1 shows the front and left side (Northwest).",[4386],96.71155548095703,0.022538691759109497,0.0002330506540602073,1.0322043895721436,0.010673020035028458,-1.2164673805236816,-0.012578303925693035
104,Attribute (Appr.),west,C,,,42,left,506,507,[2047],[' left']," right side is East, its back is South, and its left side is West. Figure 1 shows the front and left side (Northwest).",[4395],94.579833984375,-4.690174102783203,-0.049589578062295914,-0.32213783264160156,-0.00340598844923079,-1.534787654876709,-0.01622742973268032
104,Attribute (Appr.),west,C,,,43,northwest,509,511,"[24420, 10717]","['North', 'west']"," East, its back is South, and its left side is West. Figure 1 shows the front and left side (Northwest).","[4398, 4399]",94.99683380126953,-2.0639984607696533,-0.021727023646235466,-2.1555440425872803,-0.02269069291651249,-1.474107265472412,-0.01551743596792221
107,Attribute (Appr.),east,B,A,False,0,north,42,43,[9897],[' north']," the two images:

1.  **Identify the Reference Point:** The problem states that Figure 1 shows the north side of the statue.
2.  **Analyze the Change in View:** Comparing Figure 1 and Figure",[3931],97.1870346069336,-2.2832508087158203,-0.023493368178606033,-4.2527594566345215,-0.04375850781798363,-2.946655750274658,-0.03031943179666996
107,Attribute (Appr.),east,B,A,False,1,right,84,85,[1245],[' right']," Comparing Figure 1 and Figure 2, we can see that the viewpoint has shifted. The features visible on the right side of the statue in Figure 1 (like the back of the hand and the base) are now more central and",[3973],96.96575164794922,3.722111225128174,0.03838583454489708,-1.3772649765014648,-0.014203622937202454,-2.296288251876831,-0.023681435734033585
107,Attribute (Appr.),east,B,A,False,2,north,172,173,[9897],[' north']," of Rotation:** This change in perspective indicates a rotation around the statue's vertical axis. To move from a view of the north side to the view in Figure 2, one would need to rotate counter-clockwise (or move the camera clockwise around",[4061],97.888671875,-4.278120040893555,-0.04370393231511116,-3.8802988529205322,-0.0396399162709713,-3.405548095703125,-0.03479001298546791
107,Attribute (Appr.),east,B,A,False,3,north,221,222,[4634],[' North']," the statue).
4.  **Calculate the New Orientation:** A standard 90-degree counter-clockwise rotation from North leads to the West. The view in Figure 2 is consistent with looking at the statue from its west side.
",[4110],101.54215240478516,-2.44612455368042,-0.024089744314551353,-3.661886692047119,-0.03606272488832474,-0.5643824338912964,-0.00555810984224081
107,Attribute (Appr.),east,B,A,False,4,west,225,226,[4171],[' West'],"4.  **Calculate the New Orientation:** A standard 90-degree counter-clockwise rotation from North leads to the West. The view in Figure 2 is consistent with looking at the statue from its west side.
5.  **",[4114],87.61268615722656,-1.8580435514450073,-0.021207472309470177,-0.4392821192741394,-0.005013910122215748,-0.1691025197505951,-0.0019301145803183317
107,Attribute (Appr.),east,B,A,False,5,west,242,243,[9422],[' west'],"wise rotation from North leads to the West. The view in Figure 2 is consistent with looking at the statue from its west side.
5.  **Conclusion:** Therefore, Figure 2 shows the west side of the statue.

Answer",[4131],97.59634399414062,-1.5822646617889404,-0.016212334856390953,-0.08983783423900604,-0.0009205040987581015,-0.37128859758377075,-0.003804328851401806
107,Attribute (Appr.),east,B,A,False,6,west,259,260,[9422],[' west']," with looking at the statue from its west side.
5.  **Conclusion:** Therefore, Figure 2 shows the west side of the statue.

Answer: A",[4148],95.60655975341797,-1.0061126947402954,-0.010523469187319279,-0.6601148843765259,-0.006904493551701307,-0.058380067348480225,-0.0006106282817199826
108,Attribute (Appr.),east,C,D,False,0,north,44,45,[9897],[' north']," Figure 1.

1.  **Analyze Figure 1:** The problem states that Figure 1 shows the north side of the statue. In this view, we are looking at the back of the cherub, which is nestled in",[3933],96.49515533447266,-2.0994811058044434,-0.021757373586297035,-3.8809351921081543,-0.04021896421909332,-3.490490198135376,-0.03617269918322563
108,Attribute (Appr.),east,C,D,False,1,north,136,137,[9897],[' north']," the statue from what is shown in Figure 1.
3.  **Determine the relative direction:** Since the north side is the back of the statue, the front of the statue must be the south side.
4.  **",[4025],100.21377563476562,-3.092362642288208,-0.030857659876346588,-3.4052834510803223,-0.033980194479227066,-3.853956937789917,-0.03845735639333725
108,Attribute (Appr.),east,C,D,False,2,south,153,154,[9514],[' south'],"etermine the relative direction:** Since the north side is the back of the statue, the front of the statue must be the south side.
4.  **Confirm the rotation:** The transition from Figure 1 to Figure 2 represents a ",[4042],94.0254898071289,1.5130665302276611,0.01609208807349205,1.8090481758117676,0.01923997700214386,0.4593467712402344,0.00488534290343523
108,Attribute (Appr.),east,C,D,False,3,north,200,201,[9897],[' north']," a 180-degree rotation around the vertical axis of the statue. Rotating 180 degrees from the north direction points to the south.
5.  **Conclusion:** Therefore, Figure 2 shows the south side of the",[4089],99.30976867675781,-1.811600923538208,-0.018241921439766884,-2.840191125869751,-0.028599312528967857,-1.5628337860107422,-0.015736959874629974
108,Attribute (Appr.),east,C,D,False,4,south,205,206,[9514],[' south'],"-degree rotation around the vertical axis of the statue. Rotating 180 degrees from the north direction points to the south.
5.  **Conclusion:** Therefore, Figure 2 shows the south side of the statue.

Answer:",[4094],91.29283142089844,1.2909272909164429,0.014140510931611061,1.3882395029067993,0.015206445939838886,0.6374561786651611,0.006982543505728245
108,Attribute (Appr.),east,C,D,False,5,south,221,222,[9514],[' south']," degrees from the north direction points to the south.
5.  **Conclusion:** Therefore, Figure 2 shows the south side of the statue.

Answer: D",[4110],95.80677032470703,0.8772002458572388,0.009155931882560253,1.248981237411499,0.013036461547017097,0.05640304088592529,0.0005887166480533779
109,Attribute (Appr.),east,A,C,False,0,north,44,45,[9897],[' north']," Figure 1.

1.  **Analyze Figure 1:** The problem states that Figure 1 shows the north side of the statue. In this image, we are looking at the back of the owl, which is facing away from",[3933],95.86324310302734,-2.143197536468506,-0.022356823086738586,-3.6884284019470215,-0.038475941866636276,-2.8959009647369385,-0.03020866960287094
109,Attribute (Appr.),east,A,C,False,1,north,119,120,[59810],['north']," and beak.
3.  **Determine the rotation:** To go from viewing the back of the statue (north side) to viewing the front, the viewpoint must have rotated 180 degrees around the statue.
4.",[4008],96.61776733398438,-2.0860953330993652,-0.021591218188405037,-2.3476955890655518,-0.02429879829287529,-2.973538875579834,-0.030776314437389374
109,Attribute (Appr.),east,A,C,False,2,north,157,158,[9897],[' north'],"180 degrees around the statue.
4.  **Identify the new side:** The side directly opposite the north side is the south side. Therefore, the view in Figure 2 is of the south side of the statue.
",[4046],99.02559661865234,-2.3938186168670654,-0.024173736572265625,-3.794743061065674,-0.03832082822918892,-2.943399667739868,-0.029723623767495155
109,Attribute (Appr.),east,A,C,False,3,south,161,162,[9514],[' south']," around the statue.
4.  **Identify the new side:** The side directly opposite the north side is the south side. Therefore, the view in Figure 2 is of the south side of the statue.
5.  **",[4050],93.78231048583984,1.1601730585098267,0.012370916083455086,1.198493242263794,0.012779523618519306,1.7364734411239624,0.018516002222895622
109,Attribute (Appr.),east,A,C,False,4,south,175,176,[9514],[' south'],":** The side directly opposite the north side is the south side. Therefore, the view in Figure 2 is of the south side of the statue.
5.  **Conclusion:** Based on the 180-degree change in perspective from",[4064],96.15396118164062,0.42049095034599304,0.004373100586235523,0.266998291015625,0.0027767790015786886,-0.2164100706577301,-0.002250662073493004
109,Attribute (Appr.),east,A,C,False,5,north,201,202,[9897],[' north']," of the statue.
5.  **Conclusion:** Based on the 180-degree change in perspective from the north side, Figure 2 shows the south side.

Answer: C",[4090],99.83433532714844,-2.959023952484131,-0.029639340937137604,-2.84332275390625,-0.02848040871322155,-2.765455722808838,-0.02770044654607773
109,Attribute (Appr.),east,A,C,False,6,south,209,210,[9514],[' south']," **Conclusion:** Based on the 180-degree change in perspective from the north side, Figure 2 shows the south side.

Answer: C",[4098],95.98600006103516,0.22434136271476746,0.002337230136618018,0.5839310884475708,0.006083502899855375,-0.0845426619052887,-0.0008807811536826193
112,Attribute (Appr.),west,D,A,False,0,north,45,46,[9897],[' north'],":

1.  **Identify the View in Figure 1:** The problem states that Figure 1 shows the north side of the statue. In this view, we see the two birds from a side profile, with their wings spread upwards",[3934],97.20039367675781,-1.922102451324463,-0.01977463625371456,-3.526940107345581,-0.036285243928432465,-2.095975875854492,-0.021563449874520302
112,Attribute (Appr.),west,D,A,False,1,top,105,106,[1844],[' top']," Figure 2:** Figure 2 shows a different perspective of the same statue. Here, we are looking more from the top and the opposite side. The birds' heads are interlocked, and we can see the top of their bodies and the",[3994],103.69068908691406,1.5245943069458008,0.014703290536999702,-4.811912536621094,-0.04640641063451767,0.056778907775878906,0.000547579606063664
112,Attribute (Appr.),west,D,A,False,2,top,124,125,[1844],[' top']," are looking more from the top and the opposite side. The birds' heads are interlocked, and we can see the top of their bodies and the base they are standing on.
3.  **Determine the Rotation:** To get from",[4013],106.33150482177734,1.1555249691009521,0.010867192409932613,-5.17158317565918,-0.04863641411066055,0.03968912363052368,0.00037325837183743715
112,Attribute (Appr.),west,D,A,False,3,north,156,157,[59810],['north']," are standing on.
3.  **Determine the Rotation:** To get from the view in Figure 1 (north side) to the view in Figure 2, the camera or the statue must have been rotated. The view in Figure",[4045],98.45787811279297,-2.8317975997924805,-0.02876151353120804,-2.542510986328125,-0.025823337957262993,-1.992660403251648,-0.020238708704710007
112,Attribute (Appr.),west,D,A,False,4,north,214,215,[9897],[' north']," statue from the view in Figure 1.
4.  **Apply Cardinal Directions:** If Figure 1 is the north side, then the opposite side would be the south side. The view in Figure 2 shows the back of the birds",[4103],98.8856201171875,-3.2167165279388428,-0.032529670745134354,-4.167268753051758,-0.04214231297373772,-2.5210623741149902,-0.025494731962680817
112,Attribute (Appr.),west,D,A,False,5,south,224,225,[9514],[' south'],"4.  **Apply Cardinal Directions:** If Figure 1 is the north side, then the opposite side would be the south side. The view in Figure 2 shows the back of the birds relative to the front view in Figure 1,",[4113],93.97956085205078,0.4344004988670349,0.00462228711694479,0.8216052651405334,0.008742382749915123,1.4922871589660645,0.015878848731517792
112,Attribute (Appr.),west,D,A,False,6,north,277,278,[9897],[' north']," 180-degree rotation.
5.  **Conclusion:** Since Figure 2 shows the side opposite to the north side, it must be the south side of the statue.

Answer: A",[4166],98.4279556274414,-2.6572718620300293,-0.026997124776244164,-3.966710090637207,-0.0403006449341774,-2.892943859100342,-0.029391486197710037
112,Attribute (Appr.),west,D,A,False,7,south,284,285,[9514],[' south'],"
5.  **Conclusion:** Since Figure 2 shows the side opposite to the north side, it must be the south side of the statue.

Answer: A",[4173],97.48103332519531,-0.2300456464290619,-0.0023599015548825264,-0.1344051957130432,-0.0013787830248475075,0.01310431957244873,0.0001344294287264347
113,Attribute (Appr.),northeast,A,D,False,0,north,43,44,[9897],[' north']," from Figure 1.

1.  **Establish the initial orientation:** The problem states that Figure 1 shows the north side of the plant.
2.  **Analyze the change in viewpoint:** Comparing Figure 1 and Figure",[3932],97.92328643798828,-2.7008423805236816,-0.02758120559155941,-4.394468307495117,-0.044876642525196075,-2.768141269683838,-0.028268467634916306
113,Attribute (Appr.),northeast,A,D,False,1,right,77,78,[1245],[' right']," **Analyze the change in viewpoint:** Comparing Figure 1 and Figure 2, the camera has moved to the right relative to the plant. This means we are now looking at the plant from a different angle.
3.  **",[3966],94.72032165527344,1.1590912342071533,0.012236985377967358,-1.1994297504425049,-0.01266285590827465,-0.07934537529945374,-0.0008376805926673114
113,Attribute (Appr.),northeast,A,D,False,2,north,113,114,[9897],[' north']," at the plant from a different angle.
3.  **Determine the new orientation:** If you are facing the north side of an object and then move to your right, you will be facing the east side of that object.
4",[4002],99.80457305908203,-3.5090746879577637,-0.035159457474946976,-3.7787728309631348,-0.037861719727516174,-2.2027220726013184,-0.022070351988077164
113,Attribute (Appr.),northeast,A,D,False,3,right,123,124,[1245],[' right'],".  **Determine the new orientation:** If you are facing the north side of an object and then move to your right, you will be facing the east side of that object.
4.  **Confirm with visual cues:** The leaves",[4012],93.66316986083984,1.7343554496765137,0.018516940996050835,0.09944921731948853,0.0010617750231176615,0.7997521162033081,0.008538597263395786
113,Attribute (Appr.),northeast,A,D,False,4,east,130,131,[10663],[' east']," orientation:** If you are facing the north side of an object and then move to your right, you will be facing the east side of that object.
4.  **Confirm with visual cues:** The leaves and the pot are seen from a",[4019],90.4111099243164,0.4007496237754822,0.004432526417076588,0.9063822031021118,0.01002511940896511,2.5469980239868164,0.028171295300126076
113,Attribute (Appr.),northeast,A,D,False,5,north,170,171,[9897],[' north']," The leaves and the pot are seen from a new angle that is consistent with a 90-degree clockwise rotation from the north-facing view. The newspaper underneath also appears from a different perspective, confirming the change in viewpoint.
5.  **",[4059],102.24178314208984,-3.250648021697998,-0.031793732196092606,-3.661850929260254,-0.03581560030579567,-2.746337890625,-0.02686120942234993
113,Attribute (Appr.),northeast,A,D,False,6,north,204,205,[9897],[' north']," a different perspective, confirming the change in viewpoint.
5.  **Conclusion:** Since the initial view was from the north, and the camera moved to the right, the new view in Figure 2 is of the east side of the plant",[4093],92.35991668701172,-2.399261951446533,-0.025977307930588722,-2.9904732704162598,-0.03237847611308098,-1.4788129329681396,-0.016011415049433708
113,Attribute (Appr.),northeast,A,D,False,7,right,212,213,[1245],[' right']," viewpoint.
5.  **Conclusion:** Since the initial view was from the north, and the camera moved to the right, the new view in Figure 2 is of the east side of the plant.

Answer: D",[4101],96.3183822631836,-0.0857132077217102,-0.0008898946107365191,-0.7030842304229736,-0.007299585267901421,1.237587571144104,0.012848923914134502
113,Attribute (Appr.),northeast,A,D,False,8,east,224,225,[10663],[' east']," view was from the north, and the camera moved to the right, the new view in Figure 2 is of the east side of the plant.

Answer: D",[4113],96.23501586914062,-0.104653000831604,-0.00108747323974967,0.847711443901062,0.008808762766420841,1.218009114265442,0.01265661045908928
115,Positional Relationship (Obj.–Reg.),southeast,D,C,False,0,left,13,14,[2047],[' left'],"Step 1: The window next to the vase is on the left side of the first image, and it is stated that this direction is north relative to the vase.
Step 2",[2671],100.26514434814453,-6.348361492156982,-0.0633157342672348,0.030352890491485596,0.000302726257359609,-0.5170925259590149,-0.005157250910997391
115,Positional Relationship (Obj.–Reg.),southeast,D,C,False,1,north,28,29,[9897],[' north']," The window next to the vase is on the left side of the first image, and it is stated that this direction is north relative to the vase.
Step 2: In the second image, the billiards leisure area is visible through the",[2686],101.85371398925781,-2.769374370574951,-0.027189724147319794,-4.177482604980469,-0.04101453348994255,-1.1777793169021606,-0.011563439853489399
115,Positional Relationship (Obj.–Reg.),southeast,D,C,False,2,left,57,58,[2047],[' left'],".
Step 2: In the second image, the billiards leisure area is visible through the glass doors on the left side of the room.
Step 3: Since the window next to the vase is north, and the billiards",[2715],104.65554809570312,-5.775901794433594,-0.05518963932991028,0.2768712639808655,0.002645547967404127,0.23417258262634277,0.0022375553380697966
115,Positional Relationship (Obj.–Reg.),southeast,D,C,False,3,north,76,77,[9897],[' north']," the glass doors on the left side of the room.
Step 3: Since the window next to the vase is north, and the billiards area is to the left of the room in the second image, it is in the same general",[2734],106.23973083496094,-3.1782777309417725,-0.02991609275341034,-4.4456467628479,-0.041845425963401794,-2.451061248779297,-0.023071041330695152
115,Positional Relationship (Obj.–Reg.),southeast,D,C,False,4,left,86,87,[2047],[' left'],".
Step 3: Since the window next to the vase is north, and the billiards area is to the left of the room in the second image, it is in the same general direction as the window.
Step 4:",[2744],110.95401000976562,-3.516775608062744,-0.03169579431414604,0.008582264184951782,7.734974496997893e-05,0.43443548679351807,0.003915455657988787
115,Positional Relationship (Obj.–Reg.),southeast,D,C,False,5,north,121,122,[9897],[' north']," in the same general direction as the window.
Step 4: Therefore, the billiards leisure area is in the north direction relative to the vase.
Step 5: However, the options provided do not include north. The closest option",[2779],103.33235931396484,-2.843708038330078,-0.027520013973116875,-5.9200286865234375,-0.05729113891720772,-1.4863111972808838,-0.014383791945874691
115,Positional Relationship (Obj.–Reg.),southeast,D,C,False,6,north,141,142,[9897],[' north']," area is in the north direction relative to the vase.
Step 5: However, the options provided do not include north. The closest option to north, considering the layout and the fact that the billiards area is slightly to the left and",[2799],98.2863998413086,-2.1971707344055176,-0.02235477976500988,-2.920877456665039,-0.029718022793531418,-1.075768232345581,-0.010945240035653114
115,Positional Relationship (Obj.–Reg.),southeast,D,C,False,7,north,147,148,[9897],[' north']," relative to the vase.
Step 5: However, the options provided do not include north. The closest option to north, considering the layout and the fact that the billiards area is slightly to the left and forward from the vase's perspective",[2805],106.46862030029297,-1.9339131116867065,-0.01816415973007679,-5.320559501647949,-0.049973029643297195,-0.1626148223876953,-0.0015273498138412833
115,Positional Relationship (Obj.–Reg.),southeast,D,C,False,8,left,164,165,[2047],[' left']," include north. The closest option to north, considering the layout and the fact that the billiards area is slightly to the left and forward from the vase's perspective, is west.
Answer: C",[2822],115.60124206542969,-3.5224990844726562,-0.030471118167042732,-0.20397919416427612,-0.0017645069165155292,-0.4565731883049011,-0.003949552774429321
115,Positional Relationship (Obj.–Reg.),southeast,D,C,False,9,west,174,175,[9422],[' west']," the layout and the fact that the billiards area is slightly to the left and forward from the vase's perspective, is west.
Answer: C",[2832],102.2215576171875,-2.6442503929138184,-0.02586783468723297,0.9847716689109802,0.009633698500692844,0.2500814199447632,0.0024464644957333803
121,Positional Relationship (Obj.–Reg.),northeast,D,D,True,0,right,41,42,[1245],[' right'],", as seen in the second image.
Step 2: The kitchen is visible through an arched opening to the right of the drawing.
Step 3: Assuming the drawing is facing north, the direction to the right would be east",[2686],97.27242279052734,4.68617057800293,0.048175737261772156,-0.09053653478622437,-0.0009307523141615093,0.44678395986557007,0.00459312042221427
121,Positional Relationship (Obj.–Reg.),northeast,D,D,True,1,north,56,57,[9897],[' north']," is visible through an arched opening to the right of the drawing.
Step 3: Assuming the drawing is facing north, the direction to the right would be east.
Step 4: Since the kitchen is slightly forward and to the",[2701],103.6401596069336,-1.4100651741027832,-0.013605393469333649,-3.26123046875,-0.03146686032414436,-0.9400396943092346,-0.009070225991308689
121,Positional Relationship (Obj.–Reg.),northeast,D,D,True,2,right,62,63,[1245],[' right']," opening to the right of the drawing.
Step 3: Assuming the drawing is facing north, the direction to the right would be east.
Step 4: Since the kitchen is slightly forward and to the right, it is in the",[2707],108.01603698730469,2.9122700691223145,0.02696146070957184,-1.4559330940246582,-0.013478860259056091,0.9430415034294128,0.008730568923056126
121,Positional Relationship (Obj.–Reg.),northeast,D,D,True,3,east,65,66,[10663],[' east']," right of the drawing.
Step 3: Assuming the drawing is facing north, the direction to the right would be east.
Step 4: Since the kitchen is slightly forward and to the right, it is in the northeast direction relative",[2710],95.67350769042969,2.1201069355010986,0.022159811109304428,-0.878609299659729,-0.009183412417769432,1.1180644035339355,0.011686248704791069
121,Positional Relationship (Obj.–Reg.),northeast,D,D,True,4,right,81,82,[1245],[' right'],", the direction to the right would be east.
Step 4: Since the kitchen is slightly forward and to the right, it is in the northeast direction relative to the drawing.
Answer: D",[2726],106.39163970947266,1.6280205249786377,0.015302146784961224,-0.26984667778015137,-0.0025363522581756115,0.03359895944595337,0.00031580450013279915
121,Positional Relationship (Obj.–Reg.),northeast,D,D,True,5,northeast,87,88,[39481],[' northeast']," would be east.
Step 4: Since the kitchen is slightly forward and to the right, it is in the northeast direction relative to the drawing.
Answer: D",[2732],106.82279968261719,1.9763106107711792,0.018500830978155136,-2.9829936027526855,-0.027924690395593643,-0.3495559096336365,-0.0032722968608140945
123,Positional Relationship (Obj.–Reg.),northwest,B,D,False,0,above,9,10,[3294],[' above'],"Step 1: The chandelier is located above the kitchen island, which is in the foreground of the image.
Step 2: The stove is positioned against the",[2657],92.02735900878906,-1.164016604423523,-0.012648592703044415,1.1276918649673462,0.012253875844180584,1.7751431465148926,0.019289297983050346
123,Positional Relationship (Obj.–Reg.),northwest,B,D,False,1,north,61,62,[9897],[' north']," the kitchen, behind the island.
Step 3: If the direction from the stove to the chandelier is considered north, then the chandelier is north of the stove.
Step 4: Since the chandelier is directly above the",[2709],100.11117553710938,-0.38085418939590454,-0.0038043123204261065,-2.6690216064453125,-0.026660576462745667,0.2851855754852295,0.0028486887458711863
123,Positional Relationship (Obj.–Reg.),northwest,B,D,False,2,north,68,69,[9897],[' north'],"
Step 3: If the direction from the stove to the chandelier is considered north, then the chandelier is north of the stove.
Step 4: Since the chandelier is directly above the island and the stove is behind the",[2716],93.71266174316406,-0.16348788142204285,-0.0017445655539631844,-2.031947135925293,-0.0216827392578125,0.08330166339874268,0.0008889050805009902
123,Positional Relationship (Obj.–Reg.),northwest,B,D,False,3,above,84,85,[3294],[' above']," considered north, then the chandelier is north of the stove.
Step 4: Since the chandelier is directly above the island and the stove is behind the island, the chandelier is north of the stove.
Answer: D",[2732],107.12781524658203,-0.48735135793685913,-0.004549251403659582,-1.8832972049713135,-0.017579909414052963,2.3443315029144287,0.02188349887728691
123,Positional Relationship (Obj.–Reg.),northwest,B,D,False,4,north,99,100,[9897],[' north']," 4: Since the chandelier is directly above the island and the stove is behind the island, the chandelier is north of the stove.
Answer: D",[2747],103.54989624023438,-0.7210012078285217,-0.0069628385826945305,-1.8521610498428345,-0.017886653542518616,-0.2174038290977478,-0.0020995079539716244
126,Positional Relationship (Obj.–Reg.),east,D,A,False,0,above,14,15,[3294],[' above'],"Step 1: The chandelier is located in the kitchen, hanging above the island.
Step 2: The dining room is visible through an archway to the right of the kitchen.",[2662],103.15553283691406,-1.960750937461853,-0.019007714465260506,3.0417728424072266,0.0294872485101223,2.010416030883789,0.019489172846078873
126,Positional Relationship (Obj.–Reg.),east,D,A,False,1,right,34,35,[1245],[' right']," the kitchen, hanging above the island.
Step 2: The dining room is visible through an archway to the right of the kitchen.
Step 3: If the chandelier is north of the stove, and the dining room is",[2682],95.18975067138672,4.327263832092285,0.04545934498310089,-1.1257808208465576,-0.011826702393591404,0.055418193340301514,0.0005821865634061396
126,Positional Relationship (Obj.–Reg.),east,D,A,False,2,north,49,50,[9897],[' north']," room is visible through an archway to the right of the kitchen.
Step 3: If the chandelier is north of the stove, and the dining room is to the right (east) of the kitchen, the chandelier would be",[2697],97.4990005493164,-1.8675843477249146,-0.019154908135533333,-4.668117523193359,-0.04787861928343773,-2.242461681365967,-0.022999843582510948
126,Positional Relationship (Obj.–Reg.),east,D,A,False,3,right,61,62,[1245],[' right']," kitchen.
Step 3: If the chandelier is north of the stove, and the dining room is to the right (east) of the kitchen, the chandelier would be northeast of the dining room.
Answer: A",[2709],106.71662902832031,3.019235610961914,0.028292082250118256,-1.227933406829834,-0.011506485752761364,0.639089822769165,0.005988662131130695
126,Positional Relationship (Obj.–Reg.),east,D,A,False,4,east,63,64,[58463],['east'],"
Step 3: If the chandelier is north of the stove, and the dining room is to the right (east) of the kitchen, the chandelier would be northeast of the dining room.
Answer: A",[2711],99.62513732910156,2.8918063640594482,0.029026875272393227,-0.8748820424079895,-0.008781739510595798,1.0076453685760498,0.010114368982613087
126,Positional Relationship (Obj.–Reg.),east,D,A,False,5,northeast,74,75,[39481],[' northeast']," of the stove, and the dining room is to the right (east) of the kitchen, the chandelier would be northeast of the dining room.
Answer: A",[2722],106.28998565673828,0.804085373878479,0.007565015461295843,-5.522280216217041,-0.05195485055446625,0.0759584903717041,0.0007146344869397581
127,Positional Relationship (Obj.–Reg.),east,D,D,True,0,north,27,28,[9897],[' north']," step-by-step spatial explanation:

1.  The first image shows the living room. The main door, which faces north, is on the left side of the image. This establishes that the left side of the living room view is North.",[2677],84.1382827758789,-2.951741933822632,-0.03508203104138374,-3.332714319229126,-0.039609964936971664,-1.6950664520263672,-0.020146196708083153
127,Positional Relationship (Obj.–Reg.),east,D,D,True,1,left,32,33,[2047],[' left'],":

1.  The first image shows the living room. The main door, which faces north, is on the left side of the image. This establishes that the left side of the living room view is North.
2.  The",[2682],90.89204406738281,-4.459097862243652,-0.04905927553772926,-0.3900148868560791,-0.004290968179702759,-0.5173879265785217,-0.00569233438000083
127,Positional Relationship (Obj.–Reg.),east,D,D,True,2,left,42,43,[2047],[' left']," living room. The main door, which faces north, is on the left side of the image. This establishes that the left side of the living room view is North.
2.  The coffee table is in the foreground of the living room",[2692],96.28693389892578,-4.889792442321777,-0.05078355222940445,-1.1687238216400146,-0.012137927114963531,-0.4669741094112396,-0.00484981806948781
127,Positional Relationship (Obj.–Reg.),east,D,D,True,3,north,50,51,[4634],[' North']," faces north, is on the left side of the image. This establishes that the left side of the living room view is North.
2.  The coffee table is in the foreground of the living room.
3.  The second image",[2700],93.74173736572266,-3.560358762741089,-0.03798050805926323,-4.788297653198242,-0.05107967555522919,-1.579821228981018,-0.016852911561727524
127,Positional Relationship (Obj.–Reg.),east,D,D,True,4,right,111,112,[1245],[' right']," archway.
4.  By observing the layout, the archway leading to the dining room is located to the right of the main door. Since the main door is on the North side, the area to its right is East.
",[2761],88.70120239257812,1.4160531759262085,0.015964306890964508,-1.2893391847610474,-0.014535757713019848,0.045952409505844116,0.0005180584848858416
127,Positional Relationship (Obj.–Reg.),east,D,D,True,5,north,124,125,[4634],[' North']," archway leading to the dining room is located to the right of the main door. Since the main door is on the North side, the area to its right is East.
5.  Therefore, the dining room is located to the East",[2774],92.73025512695312,-3.3606903553009033,-0.036241572350263596,-4.539220809936523,-0.04895080626010895,-1.515231966972351,-0.016340211033821106
127,Positional Relationship (Obj.–Reg.),east,D,D,True,6,right,131,132,[1245],[' right']," is located to the right of the main door. Since the main door is on the North side, the area to its right is East.
5.  Therefore, the dining room is located to the East of the coffee table.

Answer",[2781],94.38348388671875,1.7688649892807007,0.01874125562608242,-0.5517773628234863,-0.005846121814101934,1.1500307321548462,0.012184660881757736
127,Positional Relationship (Obj.–Reg.),east,D,D,True,7,east,133,134,[6127],[' East']," to the right of the main door. Since the main door is on the North side, the area to its right is East.
5.  Therefore, the dining room is located to the East of the coffee table.

Answer: D",[2783],87.78978729248047,2.8651132583618164,0.032636065036058426,-1.1948492527008057,-0.013610344380140305,2.20882511138916,0.02516038715839386
127,Positional Relationship (Obj.–Reg.),east,D,D,True,8,east,148,149,[6127],[' East']," North side, the area to its right is East.
5.  Therefore, the dining room is located to the East of the coffee table.

Answer: D",[2798],94.7275161743164,1.4349608421325684,0.015148299746215343,-0.7226935029029846,-0.007629182655364275,0.6553617715835571,0.006918388418853283
129,Positional Relationship (Obj.–Obj.),northeast,C,C,True,0,right,46,47,[1245],[' right']," with the piano.
2. The wooden jar is in the room with the china cabinet, which is further to the right when facing north from the piano room.
3. Moving from the fire extinguisher to the wooden jar involves moving to",[2710],114.13336944580078,4.423514366149902,0.03875741362571716,-0.6870208978652954,-0.0060194567777216434,-0.4197956323623657,-0.003678114851936698
129,Positional Relationship (Obj.–Obj.),northeast,C,C,True,1,north,49,50,[9897],[' north'],".
2. The wooden jar is in the room with the china cabinet, which is further to the right when facing north from the piano room.
3. Moving from the fire extinguisher to the wooden jar involves moving to the right and",[2713],106.39588165283203,-0.7562582492828369,-0.007107965648174286,-2.8370273113250732,-0.026664823293685913,-0.48999279737472534,-0.0046053738333284855
129,Positional Relationship (Obj.–Obj.),northeast,C,C,True,2,right,72,73,[1245],[' right']," facing north from the piano room.
3. Moving from the fire extinguisher to the wooden jar involves moving to the right and slightly forward, which corresponds to the northeast direction.
Answer: C",[2736],114.46704864501953,2.5721800327301025,0.022470921277999878,-1.5975589752197266,-0.013956496492028236,0.801893413066864,0.007005452178418636
129,Positional Relationship (Obj.–Obj.),northeast,C,C,True,3,northeast,81,82,[39481],[' northeast'],". Moving from the fire extinguisher to the wooden jar involves moving to the right and slightly forward, which corresponds to the northeast direction.
Answer: C",[2745],114.64635467529297,2.576305627822876,0.02247176319360733,-3.741133451461792,-0.03263194486498833,0.2510164976119995,0.0021894851233810186
130,Positional Relationship (Obj.–Obj.),east,C,C,True,0,left,39,40,[2047],[' left']," picture frame is on the mantelpiece in the second image.
Step 2: The piano is positioned to the left of the window in the first image, while the picture frame is on the mantelpiece to the right of the window",[2691],105.26122283935547,-5.719546318054199,-0.05433668941259384,-0.46449896693229675,-0.004412821494042873,-0.9299413561820984,-0.008834605105221272
130,Positional Relationship (Obj.–Obj.),east,C,C,True,1,right,60,61,[1245],[' right']," positioned to the left of the window in the first image, while the picture frame is on the mantelpiece to the right of the window in the second image.
Step 3: If a person sits in front of the piano and faces",[2712],99.04265594482422,5.02126407623291,0.050697993487119675,-0.8345735669136047,-0.008426405489444733,-1.3472168445587158,-0.013602389954030514
130,Positional Relationship (Obj.–Obj.),east,C,C,True,2,north,85,86,[9897],[' north']," of the window in the second image.
Step 3: If a person sits in front of the piano and faces north, the window would be to their right (east).
Step 4: The picture frame, being on the mant",[2737],104.6609878540039,-1.1492574214935303,-0.010980762541294098,-3.045459032058716,-0.02909832075238228,-0.6508041024208069,-0.00621821079403162
130,Positional Relationship (Obj.–Obj.),east,C,C,True,3,right,93,94,[1245],[' right'],"
Step 3: If a person sits in front of the piano and faces north, the window would be to their right (east).
Step 4: The picture frame, being on the mantelpiece to the right of the window",[2745],104.65626525878906,3.184403896331787,0.03042726404964924,-1.6499297618865967,-0.015765227377414703,-0.6233500838279724,-0.005956165958195925
130,Positional Relationship (Obj.–Obj.),east,C,C,True,4,east,95,96,[58463],['east']," 3: If a person sits in front of the piano and faces north, the window would be to their right (east).
Step 4: The picture frame, being on the mantelpiece to the right of the window, would",[2747],102.50498962402344,2.454131603240967,0.023941582068800926,-1.2431708574295044,-0.012127906084060669,-0.10753828287124634,-0.0010491028660908341
130,Positional Relationship (Obj.–Obj.),east,C,C,True,5,right,114,115,[1245],[' right']," be to their right (east).
Step 4: The picture frame, being on the mantelpiece to the right of the window, would be further to the east relative to the piano.
Step 5: Therefore, the picture",[2766],105.83895111083984,2.476301431655884,0.02339688129723072,-1.8352432250976562,-0.017339959740638733,0.2266499400138855,0.002141460543498397
130,Positional Relationship (Obj.–Obj.),east,C,C,True,6,east,124,125,[10663],[' east'],"4: The picture frame, being on the mantelpiece to the right of the window, would be further to the east relative to the piano.
Step 5: Therefore, the picture frame is east of the piano.
Answer:",[2776],108.63825988769531,2.7168021202087402,0.025007784366607666,-1.7914421558380127,-0.016489975154399872,-0.11518740653991699,-0.001060283975675702
130,Positional Relationship (Obj.–Obj.),east,C,C,True,7,east,141,142,[10663],[' east']," window, would be further to the east relative to the piano.
Step 5: Therefore, the picture frame is east of the piano.
Answer: C",[2793],98.70822143554688,1.836409091949463,0.018604418262839317,-1.0201442241668701,-0.010334947146475315,0.7739155292510986,0.007840435951948166
132,Positional Relationship (Obj.–Obj.),northwest,A,,,0,south,57,58,[9514],[' south'],".

1.  **Establish the orientation from Figure 1:** The problem states that the white sink is on the south side of the stairs. In Figure 1, the sink is in the foreground and the stairs are visible through the doorway",[2715],94.99405670166016,-1.7115659713745117,-0.018017610535025597,1.3766376972198486,0.01449183002114296,-0.705939769744873,-0.007431409787386656
132,Positional Relationship (Obj.–Obj.),northwest,A,,,1,north,93,94,[9897],[' north']," sink is in the foreground and the stairs are visible through the doorway in the background. This means the stairs are to the north of the sink.

2.  **Determine the camera's movement:** Figure 2 is a view from a",[2751],99.0924072265625,-0.15919364988803864,-0.0016065171221271157,-4.761629104614258,-0.048052411526441574,-2.4362587928771973,-0.024585725739598274
132,Positional Relationship (Obj.–Obj.),northwest,A,,,2,right,136,137,[1245],[' right'],2 is a view from a different angle. It shows the same kitchen area but rotated. The door that was on the right in Figure 1 is now on the left in Figure 2. This indicates that the viewpoint has rotated approximately 9,[2794],96.07852172851562,3.066373348236084,0.03191528469324112,-1.172417402267456,-0.012202700600028038,-3.7604496479034424,-0.039139337837696075
132,Positional Relationship (Obj.–Obj.),northwest,A,,,3,left,145,146,[2047],[' left'], It shows the same kitchen area but rotated. The door that was on the right in Figure 1 is now on the left in Figure 2. This indicates that the viewpoint has rotated approximately 90 degrees to the left (counter-clockwise,[2803],94.62249755859375,-2.4064157009124756,-0.02543175034224987,0.5372346639633179,0.005677663255482912,-0.3616812527179718,-0.0038223599549382925
132,Positional Relationship (Obj.–Obj.),northwest,A,,,4,left,165,166,[2047],[' left']," is now on the left in Figure 2. This indicates that the viewpoint has rotated approximately 90 degrees to the left (counter-clockwise).

3.  **Locate the switch in Figure 2:** In Figure 2,",[2823],97.79531860351562,-2.993650197982788,-0.03061138466000557,-0.7286123037338257,-0.007450380362570286,0.132906973361969,0.0013590321177616715
132,Positional Relationship (Obj.–Obj.),northwest,A,,,5,left,201,202,[2047],[' left'],"ate the switch in Figure 2:** In Figure 2, the light switch is visible on the wall, to the left of the countertop and below the upper cabinets.

4.  **Locate the staircase in Figure 2:**",[2859],91.98184204101562,-3.915552854537964,-0.04256875813007355,-0.47217345237731934,-0.005133333150297403,-2.444575309753418,-0.02657671645283699
132,Positional Relationship (Obj.–Obj.),northwest,A,,,6,below,207,208,[3559],[' below'],"2:** In Figure 2, the light switch is visible on the wall, to the left of the countertop and below the upper cabinets.

4.  **Locate the staircase in Figure 2:** The staircase is visible through the",[2865],104.51435852050781,0.23283275961875916,0.0022277585230767727,-6.32452917098999,-0.06051349639892578,-1.830469012260437,-0.017514042556285858
132,Positional Relationship (Obj.–Obj.),northwest,A,,,7,upper,209,210,[8156],[' upper']," In Figure 2, the light switch is visible on the wall, to the left of the countertop and below the upper cabinets.

4.  **Locate the staircase in Figure 2:** The staircase is visible through the open doorway",[2867],100.68350982666016,-0.7090773582458496,-0.007042636629194021,-6.793807029724121,-0.06747686117887497,-2.8457515239715576,-0.028264325112104416
132,Positional Relationship (Obj.–Obj.),northwest,A,,,8,left,237,238,[2047],[' left'],"4.  **Locate the staircase in Figure 2:** The staircase is visible through the open doorway on the far left of Figure 2.

5.  **Determine the relative direction:** From the perspective of the switch in Figure",[2895],96.17753601074219,-3.414968490600586,-0.035506922751665115,0.6090015172958374,0.006332055665552616,-1.4138739109039307,-0.01470066700130701
132,Positional Relationship (Obj.–Obj.),northwest,A,,,9,left,274,275,[2047],[' left']," the relative direction:** From the perspective of the switch in Figure 2, the staircase is located through the doorway to its left and slightly forward. Given the 90-degree counter-clockwise rotation from Figure 1, the direction that was """,[2932],94.44947052001953,-3.7360692024230957,-0.03955627605319023,-0.4242139458656311,-0.004491438157856464,-0.1843184232711792,-0.0019515029853209853
132,Positional Relationship (Obj.–Obj.),northwest,A,,,10,north,299,300,[24420],['North']," and slightly forward. Given the 90-degree counter-clockwise rotation from Figure 1, the direction that was ""North"" (towards the stairs) in Figure 1 is now ""West"" in Figure 2. However, the",[2957],101.43329620361328,0.5967651605606079,0.005883326288312674,-4.93979024887085,-0.048699889332056046,-3.0879526138305664,-0.030443185940384865
132,Positional Relationship (Obj.–Obj.),northwest,A,,,11,west,314,315,[22581],['West']," Figure 1, the direction that was ""North"" (towards the stairs) in Figure 1 is now ""West"" in Figure 2. However, the question asks for the direction of the staircase *relative to the switch*. Looking",[2972],94.42849731445312,-2.7455320358276367,-0.029075248166918755,0.7920037508010864,0.008387338370084763,-0.8383471369743347,-0.008878115564584732
132,Positional Relationship (Obj.–Obj.),northwest,A,,,12,left,351,352,[2047],[' left']," the direction of the staircase *relative to the switch*. Looking from the switch towards the stairs, the stairs are to the left and slightly up in the image frame. In a standard map orientation where up is North, left is West. The stairs",[3009],104.8524169921875,-3.3553736209869385,-0.03200091794133186,-0.2979104518890381,-0.002841235836967826,-0.384055495262146,-0.003662819741293788
132,Positional Relationship (Obj.–Obj.),northwest,A,,,13,north,368,369,[4634],[' North']," stairs, the stairs are to the left and slightly up in the image frame. In a standard map orientation where up is North, left is West. The stairs are in the room to the left, which corresponds to the West direction. But let",[3026],94.78070831298828,-0.6403034329414368,-0.006755630485713482,-3.6791341304779053,-0.038817331194877625,-1.3882267475128174,-0.014646722935140133
132,Positional Relationship (Obj.–Obj.),northwest,A,,,14,left,370,371,[2047],[' left']," the stairs are to the left and slightly up in the image frame. In a standard map orientation where up is North, left is West. The stairs are in the room to the left, which corresponds to the West direction. But let's re",[3028],99.57131958007812,-4.0779194831848145,-0.04095476120710373,-0.4864204525947571,-0.004885146394371986,0.23921501636505127,0.0024024490267038345
132,Positional Relationship (Obj.–Obj.),northwest,A,,,15,west,372,373,[4171],[' West']," are to the left and slightly up in the image frame. In a standard map orientation where up is North, left is West. The stairs are in the room to the left, which corresponds to the West direction. But let's re-evaluate",[3030],90.32369995117188,-3.139843463897705,-0.034762121737003326,-0.7631699442863464,-0.00844927690923214,-1.365208387374878,-0.01511461939662695
132,Positional Relationship (Obj.–Obj.),northwest,A,,,16,left,382,383,[2047],[' left']," frame. In a standard map orientation where up is North, left is West. The stairs are in the room to the left, which corresponds to the West direction. But let's re-evaluate based on the options. The options are diagonal.",[3040],101.5753173828125,-2.9147040843963623,-0.02869500406086445,0.2428833246231079,0.0023911648895591497,-1.4097697734832764,-0.013879058882594109
132,Positional Relationship (Obj.–Obj.),northwest,A,,,17,west,388,389,[4171],[' West']," orientation where up is North, left is West. The stairs are in the room to the left, which corresponds to the West direction. But let's re-evaluate based on the options. The options are diagonal. Let's consider the position more",[3046],103.11888122558594,-2.4760711193084717,-0.02401181124150753,0.07546038925647736,0.0007317805429920554,-1.568745493888855,-0.015212980099022388
132,Positional Relationship (Obj.–Obj.),northwest,A,,,18,left,440,441,[2047],[' left']," switch is on the wall. The stairs are in the adjacent room, visible through the door. The door is to the left of the switch. The stairs are straight ahead through that door. So, from the switch, you look left and then",[3098],100.96772766113281,-3.0790185928344727,-0.03049507737159729,-0.0776052474975586,-0.0007686144090257585,-1.0561519861221313,-0.010460292920470238
132,Positional Relationship (Obj.–Obj.),northwest,A,,,19,left,462,463,[2047],[' left']," to the left of the switch. The stairs are straight ahead through that door. So, from the switch, you look left and then forward into the other room. This direction is West. None of the options are just West. Let's reconsider",[3120],100.76594543457031,-1.869678020477295,-0.01855466142296791,-0.37736237049102783,-0.003744939574971795,0.048081591725349426,0.0004771611129399389
132,Positional Relationship (Obj.–Obj.),northwest,A,,,20,west,474,475,[4171],[' West']," through that door. So, from the switch, you look left and then forward into the other room. This direction is West. None of the options are just West. Let's reconsider the initial orientation. If the sink is south of the stairs",[3132],106.93008422851562,-1.9974647760391235,-0.01868010126054287,0.3796049654483795,0.003550029592588544,-1.1876673698425293,-0.011106952093541622
132,Positional Relationship (Obj.–Obj.),northwest,A,,,21,west,482,483,[4171],[' West']," switch, you look left and then forward into the other room. This direction is West. None of the options are just West. Let's reconsider the initial orientation. If the sink is south of the stairs, then the stairs are north of the",[3140],93.43177795410156,-0.12643063068389893,-0.0013531865552067757,-0.001347959041595459,-1.4427200767386239e-05,-0.7461527585983276,-0.007986070588231087
132,Positional Relationship (Obj.–Obj.),northwest,A,,,22,south,495,496,[9514],[' south']," This direction is West. None of the options are just West. Let's reconsider the initial orientation. If the sink is south of the stairs, then the stairs are north of the sink. In Fig ",[3153],97.4840087890625,-2.7071826457977295,-0.027770530432462692,1.016221284866333,0.010424491949379444,-1.0723904371261597,-0.0110006807371974
132,Positional Relationship (Obj.–Obj.),northwest,A,,,23,north,504,505,[9897],[' north']," are just West. Let's reconsider the initial orientation. If the sink is south of the stairs, then the stairs are north of the sink. In Fig ",[3162],97.54357147216797,-0.06204366683959961,-0.0006360610714182258,-4.065029144287109,-0.04167398437857628,-2.854383945465088,-0.029262656345963478
138,MSR,west,B,B,True,0,southeast,56,57,[40080],[' southeast']," the starting point:** The problem states the brown cushion (seen in Photo 1 and Photo 4) is in the southeast corner of the room.
2.  **Locate the straw hat:** The straw hat is visible in Photo ",[4974],99.0124740600586,0.43572884798049927,0.004400746896862984,-0.8227108120918274,-0.00830916315317154,-1.749420404434204,-0.01766868680715561
138,MSR,west,B,B,True,1,right,113,114,[1245],[' right'],"
3.  **Find a connecting landmark:** Photo 2 shows a desk with a keyboard and monitors. To the right of this desk, we can see the edge of the plastic storage bins that are fully visible in Photo 3. This",[5031],90.88020324707031,5.920234203338623,0.06514327973127365,-0.24528978765010834,-0.002699045231565833,0.4546804428100586,0.005003074649721384
138,MSR,west,B,B,True,2,right,149,150,[1245],[' right']," plastic storage bins that are fully visible in Photo 3. This indicates the coat rack with the hat is located to the right of the desk.
4.  **Determine the orientation:** In Photo 4, we see the bed with",[5067],92.85499572753906,1.9631383419036865,0.021141977980732918,-1.0196644067764282,-0.01098125521093607,0.6821576356887817,0.007346482947468758
138,MSR,west,B,B,True,3,right,180,181,[1245],[' right'],".  **Determine the orientation:** In Photo 4, we see the bed with the brown cushion. To the right of the bed is the desk area shown in Photo 2. Since the bed/cushion is in the southeast corner",[5098],91.60342407226562,3.176492929458618,0.03467657417058945,-0.29259639978408813,-0.0031941644847393036,-0.0014305710792541504,-1.561700446472969e-05
138,MSR,west,B,B,True,4,southeast,203,204,[40080],[' southeast']," the right of the bed is the desk area shown in Photo 2. Since the bed/cushion is in the southeast corner, moving to the right (towards the desk and then the hat) corresponds to moving towards the west.
",[5121],95.5005874633789,-0.5223525762557983,-0.005469626747071743,0.002786397933959961,2.9176762836868875e-05,-0.5390195846557617,-0.005644149612635374
138,MSR,west,B,B,True,5,right,209,210,[1245],[' right']," the desk area shown in Photo 2. Since the bed/cushion is in the southeast corner, moving to the right (towards the desk and then the hat) corresponds to moving towards the west.
5.  **Conclusion:**",[5127],96.20940399169922,1.4227317571640015,0.014787865802645683,-0.1892434060573578,-0.0019669949542731047,1.6443756818771362,0.01709163188934326
138,MSR,west,B,B,True,6,west,225,226,[9422],[' west']," in the southeast corner, moving to the right (towards the desk and then the hat) corresponds to moving towards the west.
5.  **Conclusion:** The sequence from the southeast corner (cushion) to the desk and then",[5143],95.04671478271484,-1.3615467548370361,-0.014325027354061604,0.48315420746803284,0.005083334166556597,0.10500642657279968,0.0011047875741496682
138,MSR,west,B,B,True,7,southeast,238,239,[40080],[' southeast']," desk and then the hat) corresponds to moving towards the west.
5.  **Conclusion:** The sequence from the southeast corner (cushion) to the desk and then to the hat (coat rack) indicates a westward direction.",[5156],103.76817321777344,-3.0642752647399902,-0.029530011117458344,-1.8384544849395752,-0.017716940492391586,-2.5782532691955566,-0.024846281856298447
138,MSR,west,B,B,True,8,west,259,260,[9422],[' west']," sequence from the southeast corner (cushion) to the desk and then to the hat (coat rack) indicates a westward direction.

Answer: B",[5177],99.19745635986328,-1.252249002456665,-0.012623801827430725,0.5160993933677673,0.005202748347073793,-0.21391820907592773,-0.0021564888302236795
147,Positional Relationship (Obj.–Obj.),southeast,B,B,True,0,north,51,52,[9897],[' north']," given information and images:

1. **Identify the window's orientation**: The problem states the window is on the north side of the room. In Figure 1, the window is visible on the left side of the image, meaning the",[2716],101.2934341430664,-2.731232166290283,-0.02696356549859047,-5.043741226196289,-0.049793366342782974,-2.897407054901123,-0.028604095801711082
147,Positional Relationship (Obj.–Obj.),southeast,B,B,True,1,left,68,69,[2047],[' left']," problem states the window is on the north side of the room. In Figure 1, the window is visible on the left side of the image, meaning the left side of the room is north.

2. **Locate the chair with",[2733],105.610595703125,-6.014194488525391,-0.05694688484072685,-0.583391010761261,-0.0055239819921553135,-0.8041843771934509,-0.007614618167281151
147,Positional Relationship (Obj.–Obj.),southeast,B,B,True,2,left,76,77,[2047],[' left']," side of the room. In Figure 1, the window is visible on the left side of the image, meaning the left side of the room is north.

2. **Locate the chair with a backrest**: In Figure 1",[2741],107.64766693115234,-4.2211480140686035,-0.039212629199028015,-0.7390850782394409,-0.006865778937935829,-0.2996337413787842,-0.002783467061817646
147,Positional Relationship (Obj.–Obj.),southeast,B,B,True,3,north,82,83,[9897],[' north']," Figure 1, the window is visible on the left side of the image, meaning the left side of the room is north.

2. **Locate the chair with a backrest**: In Figure 1, the chair with a back",[2747],104.33016204833984,-2.057410478591919,-0.01972018927335739,-5.007452011108398,-0.04799620807170868,-2.158447504043579,-0.020688623189926147
147,Positional Relationship (Obj.–Obj.),southeast,B,B,True,4,left,116,117,[2047],[' left']," with a backrest**: In Figure 1, the chair with a backrest is positioned near the window, on the left side of the room (north side).

3. **Locate the bird-headed bronze statue**: In Figure 2",[2781],108.88716125488281,-6.432460308074951,-0.05907455086708069,-2.005811929702759,-0.01842101477086544,-1.1290594339370728,-0.010369077324867249
147,Positional Relationship (Obj.–Obj.),southeast,B,B,True,5,north,122,123,[59810],['north']," Figure 1, the chair with a backrest is positioned near the window, on the left side of the room (north side).

3. **Locate the bird-headed bronze statue**: In Figure 2, the bird-headed bronze statue",[2787],104.71514892578125,-1.985167384147644,-0.01895778626203537,-4.286624431610107,-0.040936049073934555,-1.9863455295562744,-0.018969036638736725
147,Positional Relationship (Obj.–Obj.),southeast,B,B,True,6,right,167,168,[1245],[' right']," bird-headed bronze statue is on a round table next to the bed. In Figure 1, the bed is on the right side of the room, and the table with the statue is adjacent to it.

4. **Determine relative positions",[2832],105.89146423339844,2.45112943649292,0.023147564381361008,-0.829414963722229,-0.007832689210772514,-1.016906976699829,-0.009603295475244522
147,Positional Relationship (Obj.–Obj.),southeast,B,B,True,7,north,199,200,[9897],[' north']," table with the statue is adjacent to it.

4. **Determine relative positions**: Since the chair is on the north side (left side of Figure 1) and the statue is on the right side of the room (near the bed",[2864],105.27477264404297,-3.625447988510132,-0.03443795442581177,-5.282919883728027,-0.05018220096826553,-2.761359214782715,-0.026230018585920334
147,Positional Relationship (Obj.–Obj.),southeast,B,B,True,8,left,202,203,[2282],['left']," statue is adjacent to it.

4. **Determine relative positions**: Since the chair is on the north side (left side of Figure 1) and the statue is on the right side of the room (near the bed), the statue",[2867],108.3700942993164,-3.945531129837036,-0.03640793263912201,-0.9812414050102234,-0.009054540656507015,-1.14462149143219,-0.010562152601778507
147,Positional Relationship (Obj.–Obj.),southeast,B,B,True,9,right,215,216,[1245],[' right']," positions**: Since the chair is on the north side (left side of Figure 1) and the statue is on the right side of the room (near the bed), the statue is to the east of the chair. Additionally, considering the depth",[2880],103.82194519042969,4.068208694458008,0.03918447718024254,-1.3534846305847168,-0.013036594726145267,0.11004823446273804,0.0010599708184599876
147,Positional Relationship (Obj.–Obj.),southeast,B,B,True,10,east,230,231,[10663],[' east']," 1) and the statue is on the right side of the room (near the bed), the statue is to the east of the chair. Additionally, considering the depth of the room, the statue is slightly south of the chair's position (",[2895],106.02188873291016,2.4991402626037598,0.023571927100419998,-0.9597201943397522,-0.009052095003426075,0.10350275039672852,0.0009762394474819303
147,Positional Relationship (Obj.–Obj.),southeast,B,B,True,11,south,248,249,[9514],[' south'],"), the statue is to the east of the chair. Additionally, considering the depth of the room, the statue is slightly south of the chair's position (as the chair is closer to the window on the north wall).

5. **Combine",[2913],110.3814697265625,0.6849045753479004,0.006204887293279171,2.691460132598877,0.024383259937167168,-0.07685130834579468,-0.0006962337647564709
147,Positional Relationship (Obj.–Obj.),southeast,B,B,True,12,north,265,266,[9897],[' north']," the room, the statue is slightly south of the chair's position (as the chair is closer to the window on the north wall).

5. **Combine directions**: The statue is southeast of the chair.

Answer: B",[2930],105.88146209716797,-3.2592034339904785,-0.03078162483870983,-4.306621551513672,-0.04067398980259895,-3.3418450355529785,-0.03156213462352753
147,Positional Relationship (Obj.–Obj.),southeast,B,B,True,13,southeast,278,279,[40080],[' southeast']," (as the chair is closer to the window on the north wall).

5. **Combine directions**: The statue is southeast of the chair.

Answer: B",[2943],111.30523681640625,1.242100715637207,0.011159409768879414,1.3829271793365479,0.01242463756352663,0.31779682636260986,0.0028551830910146236
148,Positional Relationship (Obj.–Obj.),northwest,B,C,False,0,north,19,20,[9897],[' north'],"Step 1: In the first image, Little Tao Pig is on a wooden surface, facing north. The shoe shelves are to its left (west) and right (east).
Step 2: The second image",[2680],103.59774017333984,-0.47962284088134766,-0.004629665054380894,-3.7060999870300293,-0.03577394783496857,-0.5576449632644653,-0.005382790695875883
148,Positional Relationship (Obj.–Obj.),northwest,B,C,False,1,left,27,28,[2047],[' left'],": In the first image, Little Tao Pig is on a wooden surface, facing north. The shoe shelves are to its left (west) and right (east).
Step 2: The second image shows a closet with hanging clothes and two",[2688],101.82469940185547,-6.2908935546875,-0.06178160756826401,-0.7773292660713196,-0.0076339952647686005,-0.7595828771591187,-0.007459711283445358
148,Positional Relationship (Obj.–Obj.),northwest,B,C,False,2,west,29,30,[10717],['west']," the first image, Little Tao Pig is on a wooden surface, facing north. The shoe shelves are to its left (west) and right (east).
Step 2: The second image shows a closet with hanging clothes and two ""RES",[2690],100.71391296386719,-3.9647250175476074,-0.039366208016872406,-0.5511847138404846,-0.0054727764800190926,-1.4900344610214233,-0.014794723130762577
148,Positional Relationship (Obj.–Obj.),northwest,B,C,False,3,right,32,33,[1245],[' right'],", Little Tao Pig is on a wooden surface, facing north. The shoe shelves are to its left (west) and right (east).
Step 2: The second image shows a closet with hanging clothes and two ""RESISTOL""",[2693],97.30992889404297,4.708269119262695,0.04838426411151886,-0.06047403812408447,-0.0006214580498635769,-0.6991034746170044,-0.007184297312051058
148,Positional Relationship (Obj.–Obj.),northwest,B,C,False,4,east,34,35,[58463],['east']," Tao Pig is on a wooden surface, facing north. The shoe shelves are to its left (west) and right (east).
Step 2: The second image shows a closet with hanging clothes and two ""RESISTOL"" boxes on",[2695],93.19554138183594,2.3281540870666504,0.024981388822197914,-0.07912001013755798,-0.0008489677566103637,0.20338553190231323,0.002182352589443326
148,Positional Relationship (Obj.–Obj.),northwest,B,C,False,5,top,59,60,[1844],[' top'],").
Step 2: The second image shows a closet with hanging clothes and two ""RESISTOL"" boxes on top of the closet.
Step 3: The closet in the second image is located to the right of the shoe shelves",[2720],97.91687774658203,1.9675971269607544,0.02009456604719162,-4.238701343536377,-0.04328877106308937,-2.170717716217041,-0.02216898463666439
148,Positional Relationship (Obj.–Obj.),northwest,B,C,False,6,right,79,80,[1245],[' right'],"OL"" boxes on top of the closet.
Step 3: The closet in the second image is located to the right of the shoe shelves in the first image, which means it is to the east of Little Tao Pig.
Step ",[2740],101.44068908691406,3.045276165008545,0.03002026304602623,-0.8957279920578003,-0.008830065838992596,0.6271775960922241,0.006182702258229256
148,Positional Relationship (Obj.–Obj.),northwest,B,C,False,7,east,95,96,[10663],[' east']," in the second image is located to the right of the shoe shelves in the first image, which means it is to the east of Little Tao Pig.
Step 4: Since the ""RESISTOL"" boxes are on top of the closet",[2756],100.63174438476562,0.9287995100021362,0.009229687042534351,-0.8258010149002075,-0.008206168189644814,0.16581499576568604,0.0016477404860779643
148,Positional Relationship (Obj.–Obj.),northwest,B,C,False,8,top,116,117,[1844],[' top']," is to the east of Little Tao Pig.
Step 4: Since the ""RESISTOL"" boxes are on top of the closet, they are also to the east of Little Tao Pig.
Step 5: Given that Little Tao",[2777],103.5358657836914,1.8858790397644043,0.018214741721749306,-4.318698406219482,-0.04171210154891014,-1.3499174118041992,-0.013038162142038345
148,Positional Relationship (Obj.–Obj.),northwest,B,C,False,9,east,126,127,[10663],[' east'],"Step 4: Since the ""RESISTOL"" boxes are on top of the closet, they are also to the east of Little Tao Pig.
Step 5: Given that Little Tao Pig is facing north, the direction to the east",[2787],102.98377227783203,0.8208648562431335,0.007970817387104034,-0.2672892212867737,-0.002595449797809124,0.29369497299194336,0.0028518568724393845
148,Positional Relationship (Obj.–Obj.),northwest,B,C,False,10,north,144,145,[9897],[' north'],", they are also to the east of Little Tao Pig.
Step 5: Given that Little Tao Pig is facing north, the direction to the east is to its right, which corresponds to the northeast direction relative to its orientation.
Answer",[2805],104.12196350097656,-1.9793416261672974,-0.01900983788073063,-3.2806015014648438,-0.03150729462504387,-2.295562267303467,-0.022046858444809914
148,Positional Relationship (Obj.–Obj.),northwest,B,C,False,11,east,150,151,[10663],[' east']," east of Little Tao Pig.
Step 5: Given that Little Tao Pig is facing north, the direction to the east is to its right, which corresponds to the northeast direction relative to its orientation.
Answer: C",[2811],113.29493713378906,2.3660988807678223,0.020884418860077858,-0.7250971794128418,-0.006400084588676691,2.1345980167388916,0.01884107105433941
148,Positional Relationship (Obj.–Obj.),northwest,B,C,False,12,right,154,155,[1245],[' right']," Pig.
Step 5: Given that Little Tao Pig is facing north, the direction to the east is to its right, which corresponds to the northeast direction relative to its orientation.
Answer: C",[2815],106.79132080078125,0.6289677023887634,0.005889689549803734,-0.8004776239395142,-0.007495718076825142,1.0129430294036865,0.009485255926847458
148,Positional Relationship (Obj.–Obj.),northwest,B,C,False,13,northeast,160,161,[39481],[' northeast'],": Given that Little Tao Pig is facing north, the direction to the east is to its right, which corresponds to the northeast direction relative to its orientation.
Answer: C",[2821],111.97122955322266,2.1976113319396973,0.019626570865511894,-4.4922685623168945,-0.04011984542012215,-0.4154031276702881,-0.0037099095061421394
151,Positional Relationship (Reg.–Reg.),southwest,B,,,0,above,61,62,[42166],[' Above'],"ify the locations:**
    - The first image shows a blackboard with writing on it, mounted on a wall. Above the blackboard, there is a decorative mural (partially visible, with colorful letters).
    - The second image",[2716],102.2235107421875,-1.2127820253372192,-0.011864022351801395,-6.9470672607421875,-0.06795958429574966,-0.8801368474960327,-0.008609925396740437
151,Positional Relationship (Reg.–Reg.),southwest,B,,,1,north,125,126,[9897],[' north'],".

2.  **Use the given clue:**
    - The problem states: ""The mural is on the north side of the blackboard writing area.""
    - Since the mural is above the blackboard, this implies that """,[2780],101.59916687011719,-0.3806430995464325,-0.0037465179339051247,-4.664707183837891,-0.04591284692287445,-2.9723782539367676,-0.029255932196974754
151,Positional Relationship (Reg.–Reg.),southwest,B,,,2,above,141,142,[3294],[' above']," states: ""The mural is on the north side of the blackboard writing area.""
    - Since the mural is above the blackboard, this implies that ""north"" corresponds to the upward direction in the image of the blackboard. Therefore",[2796],104.7615966796875,-1.2634515762329102,-0.0120602548122406,-4.646220684051514,-0.04435041919350624,-0.03703045845031738,-0.0003534735878929496
151,Positional Relationship (Reg.–Reg.),southwest,B,,,3,north,150,151,[59810],['north']," side of the blackboard writing area.""
    - Since the mural is above the blackboard, this implies that ""north"" corresponds to the upward direction in the image of the blackboard. Therefore, the blackboard writing area is south of",[2805],104.79190063476562,-0.9462490081787109,-0.009029791690409184,-3.6214442253112793,-0.03455843776464462,-1.2221945524215698,-0.011663063429296017
151,Positional Relationship (Reg.–Reg.),southwest,B,,,4,south,173,174,[9514],[' south']," ""north"" corresponds to the upward direction in the image of the blackboard. Therefore, the blackboard writing area is south of the mural.

3.  **Determine orientation:**
    - If north is up in the blackboard",[2828],103.49944305419922,-0.9455314874649048,-0.009135618805885315,1.5215790271759033,0.014701325446367264,-1.0071110725402832,-0.009730594232678413
151,Positional Relationship (Reg.–Reg.),southwest,B,,,5,north,191,192,[9897],[' north']," the blackboard writing area is south of the mural.

3.  **Determine orientation:**
    - If north is up in the blackboard image, then:
        - South is down (toward the bottom of the black",[2846],110.4505615234375,-1.1949152946472168,-0.010818553157150745,-5.665970325469971,-0.05129870027303696,-2.126692771911621,-0.01925470307469368
151,Positional Relationship (Reg.–Reg.),southwest,B,,,6,south,205,206,[4725],[' South'],"  **Determine orientation:**
    - If north is up in the blackboard image, then:
        - South is down (toward the bottom of the blackboard).
        - East is to the right.
        -",[2860],104.46940612792969,-1.5420806407928467,-0.01476107444614172,3.1119303703308105,0.029787959530949593,-0.5981931686401367,-0.005726012866944075
151,Positional Relationship (Reg.–Reg.),southwest,B,,,7,bottom,212,213,[5445],[' bottom'],"    - If north is up in the blackboard image, then:
        - South is down (toward the bottom of the blackboard).
        - East is to the right.
        - West is to the left.

",[2867],104.8439712524414,-1.4321630001068115,-0.01365994568914175,2.2576799392700195,0.02153371274471283,-0.46539050340652466,-0.004438886418938637
151,Positional Relationship (Reg.–Reg.),southwest,B,,,8,east,221,222,[6127],[' East'],"board image, then:
        - South is down (toward the bottom of the blackboard).
        - East is to the right.
        - West is to the left.

4.  **Relate the two areas",[2876],101.37609100341797,3.851168632507324,0.037988923490047455,-0.922137439250946,-0.009096202440559864,-0.8367854952812195,-0.008254269137978554
151,Positional Relationship (Reg.–Reg.),southwest,B,,,9,right,225,226,[1245],[' right'],":
        - South is down (toward the bottom of the blackboard).
        - East is to the right.
        - West is to the left.

4.  **Relate the two areas:**
    -",[2880],101.58271789550781,2.4443764686584473,0.02406291663646698,-0.7518577575683594,-0.007401433773338795,-2.1920313835144043,-0.02157878316938877
151,Positional Relationship (Reg.–Reg.),southwest,B,,,10,west,230,231,[4171],[' West']," is down (toward the bottom of the blackboard).
        - East is to the right.
        - West is to the left.

4.  **Relate the two areas:**
    - The desk area (from",[2885],96.49317932128906,-3.5685172080993652,-0.03698206692934036,-0.6448754668235779,-0.00668311957269907,-2.2146384716033936,-0.022951243445277214
151,Positional Relationship (Reg.–Reg.),southwest,B,,,11,left,234,235,[2047],[' left'],"oward the bottom of the blackboard).
        - East is to the right.
        - West is to the left.

4.  **Relate the two areas:**
    - The desk area (from the second image)",[2889],89.94597625732422,-3.577639579772949,-0.03977542743086815,-0.15240594744682312,-0.0016944165108725429,-2.0101025104522705,-0.022347886115312576
151,Positional Relationship (Reg.–Reg.),southwest,B,,,12,left,310,311,[2047],[' left']," fact that both are part of the same space.
    - In the first image, the blackboard is on the left wall, and the desk area (with the glass table and stools) is likely on the opposite or adjacent wall. Given",[2965],107.58417510986328,-6.242685317993164,-0.05802605673670769,-0.1660735011100769,-0.0015436609974130988,-0.7823474407196045,-0.007271956652402878
151,Positional Relationship (Reg.–Reg.),southwest,B,,,13,west,376,377,[9422],[' west']," the desk is probably on the wall perpendicular to the blackboard wall.
    - If the blackboard is on the west wall (since north is up, and the mural is above it), then the desk, being on the adjacent wall with",[3031],105.79226684570312,-4.400062561035156,-0.04159153252840042,-0.5708199739456177,-0.005395668093115091,-2.31520676612854,-0.021884461864829063
151,Positional Relationship (Reg.–Reg.),southwest,B,,,14,north,380,381,[9897],[' north']," on the wall perpendicular to the blackboard wall.
    - If the blackboard is on the west wall (since north is up, and the mural is above it), then the desk, being on the adjacent wall with a window, could",[3035],107.95597076416016,-1.9585747718811035,-0.018142348155379295,-6.1300368309021,-0.05678274855017662,-3.074634552001953,-0.028480449691414833
151,Positional Relationship (Reg.–Reg.),southwest,B,,,15,above,388,389,[3294],[' above']," wall.
    - If the blackboard is on the west wall (since north is up, and the mural is above it), then the desk, being on the adjacent wall with a window, could be on the south wall. However,",[3043],104.73896026611328,-2.2876927852630615,-0.021841851994395256,-4.18746280670166,-0.03997999057173729,-0.6208888292312622,-0.0059279645793139935
151,Positional Relationship (Reg.–Reg.),southwest,B,,,16,south,408,409,[9514],[' south']," and the mural is above it), then the desk, being on the adjacent wall with a window, could be on the south wall. However, we need to find the direction of the blackboard *relative to* the desk.

5.",[3063],97.94451904296875,0.1337169110774994,0.0013652312336489558,3.1566662788391113,0.03222912549972534,0.16479316353797913,0.0016825153725221753
151,Positional Relationship (Reg.–Reg.),southwest,B,,,17,south,456,457,[9514],[' south'],".  **Final directional inference:**
    - Let’s assume the desk is facing the window, which is on the south wall (common for natural light). Then the blackboard, being on the west wall (as inferred from the mural being",[3111],104.62254333496094,1.3298912048339844,0.012711325660347939,1.8147778511047363,0.017345953732728958,-1.1555273532867432,-0.011044726707041264
151,Positional Relationship (Reg.–Reg.),southwest,B,,,18,west,472,473,[9422],[' west']," facing the window, which is on the south wall (common for natural light). Then the blackboard, being on the west wall (as inferred from the mural being north of it), would be to the northwest of the desk area.
   ",[3127],104.74668884277344,-2.9741716384887695,-0.02839394472539425,0.4329061806201935,0.004132886417210102,-0.33183103799819946,-0.003167938208207488
151,Positional Relationship (Reg.–Reg.),southwest,B,,,19,north,481,482,[9897],[' north']," wall (common for natural light). Then the blackboard, being on the west wall (as inferred from the mural being north of it), would be to the northwest of the desk area.
    - Alternatively, if we consider the blackboard",[3136],102.1455307006836,-1.6927521228790283,-0.01657196506857872,-5.461242198944092,-0.053465306758880615,-2.7266597747802734,-0.02669387310743332
151,Positional Relationship (Reg.–Reg.),southwest,B,,,20,northwest,489,490,[50488],[' northwest']," the blackboard, being on the west wall (as inferred from the mural being north of it), would be to the northwest of the desk area.
    - Alternatively, if we consider the blackboard as the reference point, and",[3144],104.77328491210938,-0.5912309885025024,-0.005642955657094717,-3.7527148723602295,-0.035817477852106094,-0.34841954708099365,-0.003325461642816663
152,Positional Relationship (Reg.–Reg.),northwest,D,C,False,0,north,16,17,[9897],[' north'],"To determine the direction of the display area from the stairs when entering the room facing north:

1. Identify the entrance and orientation: Entering the room facing north means the front of the room is north",[2660],88.13785552978516,-1.0022410154342651,-0.011371288448572159,-2.0771737098693848,-0.023567328229546547,-0.8451257348060608,-0.009588680230081081
152,Positional Relationship (Reg.–Reg.),northwest,D,C,False,1,north,32,33,[9897],[' north']," from the stairs when entering the room facing north:

1. Identify the entrance and orientation: Entering the room facing north means the front of the room is north, back is south, left is west, right is east.
2.",[2676],106.05809783935547,-1.2602587938308716,-0.011882721446454525,-2.401214838027954,-0.022640561684966087,-1.827524185180664,-0.017231348901987076
152,Positional Relationship (Reg.–Reg.),northwest,D,C,False,2,north,40,41,[9897],[' north']," north:

1. Identify the entrance and orientation: Entering the room facing north means the front of the room is north, back is south, left is west, right is east.
2. Locate the stairs: In the second image",[2684],101.31022644042969,-0.45329082012176514,-0.0044742850586771965,-4.239981174468994,-0.0418514646589756,-0.7412045001983643,-0.007316186558455229
152,Positional Relationship (Reg.–Reg.),northwest,D,C,False,3,south,44,45,[9514],[' south'],". Identify the entrance and orientation: Entering the room facing north means the front of the room is north, back is south, left is west, right is east.
2. Locate the stairs: In the second image, the stairs are",[2688],89.87345123291016,-1.4226043224334717,-0.015828972682356834,1.9644863605499268,0.02185836061835289,-1.4047152996063232,-0.015629924833774567
152,Positional Relationship (Reg.–Reg.),northwest,D,C,False,4,left,46,47,[2047],[' left']," the entrance and orientation: Entering the room facing north means the front of the room is north, back is south, left is west, right is east.
2. Locate the stairs: In the second image, the stairs are visible through",[2690],104.04470825195312,-3.941636323928833,-0.03788406401872635,-0.01515263319015503,-0.00014563578588422388,-1.234176516532898,-0.011861982755362988
152,Positional Relationship (Reg.–Reg.),northwest,D,C,False,5,west,48,49,[9422],[' west']," and orientation: Entering the room facing north means the front of the room is north, back is south, left is west, right is east.
2. Locate the stairs: In the second image, the stairs are visible through the open",[2692],94.5037841796875,-4.942097187042236,-0.05229523032903671,-0.5471522212028503,-0.005789738614112139,-2.1426873207092285,-0.02267303131520748
152,Positional Relationship (Reg.–Reg.),northwest,D,C,False,6,right,50,51,[1245],[' right'],": Entering the room facing north means the front of the room is north, back is south, left is west, right is east.
2. Locate the stairs: In the second image, the stairs are visible through the open doorway on",[2694],101.006103515625,4.5690765380859375,0.04523564875125885,-0.781156063079834,-0.007733751088380814,1.0786499977111816,0.01067905779927969
152,Positional Relationship (Reg.–Reg.),northwest,D,C,False,7,east,52,53,[10663],[' east'],"ering the room facing north means the front of the room is north, back is south, left is west, right is east.
2. Locate the stairs: In the second image, the stairs are visible through the open doorway on the left",[2696],90.70843505859375,1.6687254905700684,0.018396586179733276,-0.35031041502952576,-0.00386193860322237,-0.1754070520401001,-0.0019337458070367575
152,Positional Relationship (Reg.–Reg.),northwest,D,C,False,8,left,76,77,[2047],[' left']," east.
2. Locate the stairs: In the second image, the stairs are visible through the open doorway on the left side (west) of the room.
3. Locate the display area: The display area with glass shelves and decorative",[2720],108.93529510498047,-6.911116123199463,-0.06344239413738251,-0.21798670291900635,-0.00200106599368155,-1.0572565793991089,-0.00970536284148693
152,Positional Relationship (Reg.–Reg.),northwest,D,C,False,9,west,79,80,[10717],['west'],"2. Locate the stairs: In the second image, the stairs are visible through the open doorway on the left side (west) of the room.
3. Locate the display area: The display area with glass shelves and decorative items is on",[2723],108.24424743652344,-4.030462265014648,-0.03723488748073578,-0.8218100070953369,-0.007592181675136089,-1.2563071250915527,-0.011606225743889809
152,Positional Relationship (Reg.–Reg.),northwest,D,C,False,10,right,105,106,[1245],[' right']," of the room.
3. Locate the display area: The display area with glass shelves and decorative items is on the right side (east) of the room, as seen in the first image.
4. Determine relative direction: From the",[2749],106.45000457763672,3.3556833267211914,0.03152356296777725,-1.2506828308105469,-0.011749016121029854,1.4728362560272217,0.013835943304002285
152,Positional Relationship (Reg.–Reg.),northwest,D,C,False,11,east,108,109,[58463],['east'],".
3. Locate the display area: The display area with glass shelves and decorative items is on the right side (east) of the room, as seen in the first image.
4. Determine relative direction: From the stairs (west",[2752],95.7118911743164,2.7687599658966064,0.028928067535161972,-1.0455788373947144,-0.010924231261014938,1.957445740699768,0.020451437681913376
152,Positional Relationship (Reg.–Reg.),northwest,D,C,False,12,west,132,133,[10717],['west'],"east) of the room, as seen in the first image.
4. Determine relative direction: From the stairs (west side), the display area (east side) is to the east. Since we are facing north, east is to our",[2776],103.4112777709961,-4.229493618011475,-0.04089973121881485,-1.3825868368148804,-0.013369787484407425,-3.163346290588379,-0.030589954927563667
152,Positional Relationship (Reg.–Reg.),northwest,D,C,False,13,east,139,140,[58463],['east']," seen in the first image.
4. Determine relative direction: From the stairs (west side), the display area (east side) is to the east. Since we are facing north, east is to our right, which corresponds to the southeast",[2783],94.11043548583984,1.8921396732330322,0.020105523988604546,-1.21197509765625,-0.01287822239100933,1.829872727394104,0.01944388821721077
152,Positional Relationship (Reg.–Reg.),northwest,D,C,False,14,east,145,146,[10663],[' east'],"
4. Determine relative direction: From the stairs (west side), the display area (east side) is to the east. Since we are facing north, east is to our right, which corresponds to the southeast direction from the stairs' perspective",[2789],106.37431335449219,1.5663713216781616,0.014725090004503727,-0.8691149353981018,-0.008170345798134804,1.1378941535949707,0.010697076097130775
152,Positional Relationship (Reg.–Reg.),northwest,D,C,False,15,north,151,152,[9897],[' north'],": From the stairs (west side), the display area (east side) is to the east. Since we are facing north, east is to our right, which corresponds to the southeast direction from the stairs' perspective.
5. Confirm with",[2795],105.27243041992188,-2.0820140838623047,-0.019777391105890274,-3.3195528984069824,-0.03153297305107117,-1.3915824890136719,-0.01321886945515871
152,Positional Relationship (Reg.–Reg.),northwest,D,C,False,16,east,153,154,[10663],[' east']," the stairs (west side), the display area (east side) is to the east. Since we are facing north, east is to our right, which corresponds to the southeast direction from the stairs' perspective.
5. Confirm with options:",[2797],111.789794921875,2.722998857498169,0.024358205497264862,-0.7873368263244629,-0.007043011486530304,2.7700765132904053,0.02477933280169964
152,Positional Relationship (Reg.–Reg.),northwest,D,C,False,17,right,157,158,[1245],[' right']," side), the display area (east side) is to the east. Since we are facing north, east is to our right, which corresponds to the southeast direction from the stairs' perspective.
5. Confirm with options: The correct direction from",[2801],107.2220230102539,1.9038199186325073,0.017755866050720215,-1.3515398502349854,-0.012605058029294014,1.294938087463379,0.012077164836227894
152,Positional Relationship (Reg.–Reg.),northwest,D,C,False,18,southeast,163,164,[40080],[' southeast'],"east side) is to the east. Since we are facing north, east is to our right, which corresponds to the southeast direction from the stairs' perspective.
5. Confirm with options: The correct direction from the stairs to the display area",[2807],111.1130599975586,2.1943838596343994,0.01974910870194435,1.7022751569747925,0.015320207923650742,-0.5137964487075806,-0.004624086897820234
152,Positional Relationship (Reg.–Reg.),northwest,D,C,False,19,southeast,189,190,[40080],[' southeast']," from the stairs' perspective.
5. Confirm with options: The correct direction from the stairs to the display area is southeast.

Answer: C",[2833],103.561767578125,0.6651934385299683,0.006423156708478928,1.055780291557312,0.010194691829383373,0.6782407760620117,0.006549142301082611
156,Positional Relationship (Obj.–Reg.),southeast,B,,,0,north,90,91,[9897],[' north'],".
2.  **Establish the orientation of the whiteboard:** The problem states that the whiteboard is on the north side of the study.
3.  **Determine the relative position of the walls:** The two images show adjacent",[2745],96.02252960205078,-1.3651877641677856,-0.014217369258403778,-3.7583043575286865,-0.03913981840014458,-2.2755661010742188,-0.02369825169444084
156,Positional Relationship (Obj.–Reg.),southeast,B,,,1,right,135,136,[1245],[' right']," two images show adjacent walls in the same room (the study). The bookshelf is a common element, seen on the right in the first image and on the right in the second image. This suggests the camera has panned from the wall with",[2790],94.41706848144531,3.1043179035186768,0.032878778874874115,-0.47375279664993286,-0.005017660558223724,-1.3695404529571533,-0.014505221508443356
156,Positional Relationship (Obj.–Reg.),southeast,B,,,2,right,143,144,[1245],[' right']," room (the study). The bookshelf is a common element, seen on the right in the first image and on the right in the second image. This suggests the camera has panned from the wall with the painting to the wall with the white",[2798],91.69979858398438,2.281334638595581,0.02487829513847828,-0.07341206073760986,-0.0008005694835446775,-1.1741493940353394,-0.012804274447262287
156,Positional Relationship (Obj.–Reg.),southeast,B,,,3,north,190,191,[9897],[' north']," the whiteboard.
4.  **Infer the direction of the pan:** If the whiteboard is on the north wall, and the camera panned to the right to see it from the painting's wall, then the painting's wall",[2845],95.04492950439453,-1.004797101020813,-0.010571811348199844,-2.978175163269043,-0.031334392726421356,-2.1595277786254883,-0.022721124812960625
156,Positional Relationship (Obj.–Reg.),southeast,B,,,4,right,200,201,[1245],[' right'],"fer the direction of the pan:** If the whiteboard is on the north wall, and the camera panned to the right to see it from the painting's wall, then the painting's wall must be to the left of the north wall.",[2855],95.69074249267578,2.0521240234375,0.02144537679851055,-0.16691304743289948,-0.001744296750985086,0.27941960096359253,0.0029200275894254446
156,Positional Relationship (Obj.–Reg.),southeast,B,,,5,left,219,220,[2047],[' left']," camera panned to the right to see it from the painting's wall, then the painting's wall must be to the left of the north wall.
5.  **Conclude the direction:** In a standard compass orientation, if you are",[2874],97.9906234741211,-3.9045190811157227,-0.039845842868089676,-0.8720483779907227,-0.008899304084479809,-0.089194655418396,-0.0009102366166189313
156,Positional Relationship (Obj.–Reg.),southeast,B,,,6,north,222,223,[9897],[' north']," to the right to see it from the painting's wall, then the painting's wall must be to the left of the north wall.
5.  **Conclude the direction:** In a standard compass orientation, if you are facing north,",[2877],93.25790405273438,-1.4823825359344482,-0.01589551568031311,-4.81242561340332,-0.05160340666770935,-2.840214967727661,-0.030455488711595535
156,Positional Relationship (Obj.–Reg.),southeast,B,,,7,north,245,246,[9897],[' north']," the north wall.
5.  **Conclude the direction:** In a standard compass orientation, if you are facing north, west is to your left. Therefore, the wall with the painting is on the west side of the study. Since",[2900],103.01486206054688,-0.9188762903213501,-0.00891984160989523,-2.5522093772888184,-0.024775156751275063,-1.9543261528015137,-0.01897130347788334
156,Positional Relationship (Obj.–Reg.),southeast,B,,,8,west,247,248,[9422],[' west']," wall.
5.  **Conclude the direction:** In a standard compass orientation, if you are facing north, west is to your left. Therefore, the wall with the painting is on the west side of the study. Since the painting",[2902],99.11717224121094,-3.7279162406921387,-0.037611205130815506,0.5037202835083008,0.005082068964838982,-0.12576645612716675,-0.0012688664719462395
156,Positional Relationship (Obj.–Reg.),southeast,B,,,9,left,251,252,[2047],[' left'],".  **Conclude the direction:** In a standard compass orientation, if you are facing north, west is to your left. Therefore, the wall with the painting is on the west side of the study. Since the painting is on the wall",[2906],92.43611907958984,-3.8918299674987793,-0.042102914303541183,-0.48671382665634155,-0.0052654072642326355,-0.1449032425880432,-0.0015676041366532445
156,Positional Relationship (Obj.–Reg.),southeast,B,,,10,west,263,264,[9422],[' west']," orientation, if you are facing north, west is to your left. Therefore, the wall with the painting is on the west side of the study. Since the painting is on the wall to the left of the north wall, it is on the",[2918],90.21278381347656,-2.1140565872192383,-0.023434113711118698,0.29541444778442383,0.0032746405340731144,0.2870234251022339,0.00318162702023983
156,Positional Relationship (Obj.–Reg.),southeast,B,,,11,left,278,279,[2047],[' left'],", the wall with the painting is on the west side of the study. Since the painting is on the wall to the left of the north wall, it is on the west wall. The question asks for the direction of the painting *on the",[2933],102.04500579833984,-4.760529041290283,-0.04665127024054527,-1.0189634561538696,-0.009985432028770447,-0.7411743402481079,-0.0072632101364433765
156,Positional Relationship (Obj.–Reg.),southeast,B,,,12,north,281,282,[9897],[' north']," with the painting is on the west side of the study. Since the painting is on the wall to the left of the north wall, it is on the west wall. The question asks for the direction of the painting *on the wall*. Given",[2936],93.10942840576172,-1.4878289699554443,-0.015979358926415443,-4.117442607879639,-0.04422154277563095,-2.4086122512817383,-0.025868618860840797
156,Positional Relationship (Obj.–Reg.),southeast,B,,,13,west,288,289,[9422],[' west']," side of the study. Since the painting is on the wall to the left of the north wall, it is on the west wall. The question asks for the direction of the painting *on the wall*. Given the options are diagonal, we need",[2943],98.49967956542969,-2.201991081237793,-0.02235531248152256,0.16797897219657898,0.0017053758492693305,-0.20916974544525146,-0.0021235577296465635
156,Positional Relationship (Obj.–Reg.),southeast,B,,,14,north,332,333,[9897],[' north']," are diagonal, we need to consider the position within the room. The painting is on the wall that is perpendicular to the north wall. If the whiteboard is on the north wall, and the painting is on the wall to its left (west",[2987],95.52058410644531,-2.0587360858917236,-0.02155280113220215,-3.9505832195281982,-0.041358448565006256,-3.365088701248169,-0.03522893786430359
156,Positional Relationship (Obj.–Reg.),southeast,B,,,15,north,342,343,[9897],[' north']," the room. The painting is on the wall that is perpendicular to the north wall. If the whiteboard is on the north wall, and the painting is on the wall to its left (west), then the painting is on the west wall.",[2997],95.07635498046875,-1.2701784372329712,-0.013359561562538147,-4.075148105621338,-0.04286184534430504,-2.3991599082946777,-0.025234032422304153
156,Positional Relationship (Obj.–Reg.),southeast,B,,,16,left,354,355,[2047],[' left']," to the north wall. If the whiteboard is on the north wall, and the painting is on the wall to its left (west), then the painting is on the west wall. However, the options are Northeast, Southeast, Northwest, Southwest",[3009],99.81787872314453,-4.4301557540893555,-0.04438238590955734,-0.814411461353302,-0.008158973418176174,-0.3976520597934723,-0.003983776085078716
156,Positional Relationship (Obj.–Reg.),southeast,B,,,17,west,356,357,[10717],['west']," north wall. If the whiteboard is on the north wall, and the painting is on the wall to its left (west), then the painting is on the west wall. However, the options are Northeast, Southeast, Northwest, Southwest. Let",[3011],93.68638610839844,-1.9305620193481445,-0.020606644451618195,0.8389847278594971,0.008955246768891811,0.20805639028549194,0.0022207750007510185
156,Positional Relationship (Obj.–Reg.),southeast,B,,,18,west,364,365,[9422],[' west']," on the north wall, and the painting is on the wall to its left (west), then the painting is on the west wall. However, the options are Northeast, Southeast, Northwest, Southwest. Let's re-evaluate. If the white",[3019],97.05789947509766,-1.9308648109436035,-0.01989394798874855,0.11060070991516113,0.0011395333567634225,-0.29480576515197754,-0.0030374217312783003
156,Positional Relationship (Obj.–Reg.),southeast,B,,,19,northeast,372,373,[43102],[' Northeast']," is on the wall to its left (west), then the painting is on the west wall. However, the options are Northeast, Southeast, Northwest, Southwest. Let's re-evaluate. If the whiteboard is on the north wall, and",[3027],96.08304595947266,0.13837981224060059,0.0014402105007320642,-5.472418785095215,-0.056955091655254364,-1.7550125122070312,-0.018265578895807266
156,Positional Relationship (Obj.–Reg.),southeast,B,,,20,southeast,374,375,[34388],[' Southeast']," the wall to its left (west), then the painting is on the west wall. However, the options are Northeast, Southeast, Northwest, Southwest. Let's re-evaluate. If the whiteboard is on the north wall, and the painting",[3029],88.1558837890625,2.953597068786621,0.03350425511598587,3.026869297027588,0.0343354195356369,-1.5654840469360352,-0.017758134752511978
156,Positional Relationship (Obj.–Reg.),southeast,B,,,21,northwest,376,377,[38100],[' Northwest']," to its left (west), then the painting is on the west wall. However, the options are Northeast, Southeast, Northwest, Southwest. Let's re-evaluate. If the whiteboard is on the north wall, and the painting is on",[3031],87.77920532226562,-1.8295689821243286,-0.02084285207092762,-4.626604080200195,-0.05270729213953018,-1.481471300125122,-0.016877247020602226
156,Positional Relationship (Obj.–Reg.),southeast,B,,,22,southwest,378,379,[44164],[' Southwest']," left (west), then the painting is on the west wall. However, the options are Northeast, Southeast, Northwest, Southwest. Let's re-evaluate. If the whiteboard is on the north wall, and the painting is on the adjacent",[3033],92.95671844482422,1.05287504196167,0.011326508596539497,2.828242301940918,0.03042536787688732,-0.291984498500824,-0.003141080029308796
156,Positional Relationship (Obj.–Reg.),southeast,B,,,23,north,393,394,[9897],[' north']," the options are Northeast, Southeast, Northwest, Southwest. Let's re-evaluate. If the whiteboard is on the north wall, and the painting is on the adjacent wall to the left, that wall is the west wall. The painting is",[3048],96.97863006591797,-1.4122682809829712,-0.014562674798071384,-4.198305130004883,-0.04329103231430054,-2.7293105125427246,-0.028143422678112984
156,Positional Relationship (Obj.–Reg.),southeast,B,,,24,left,406,407,[2047],[' left']," re-evaluate. If the whiteboard is on the north wall, and the painting is on the adjacent wall to the left, that wall is the west wall. The painting is on the west wall. The options are diagonal. Perhaps the question",[3061],100.9244155883789,-4.652279376983643,-0.046096667647361755,-0.545917272567749,-0.005409169476479292,-0.6299790143966675,-0.006242087110877037
156,Positional Relationship (Obj.–Reg.),southeast,B,,,25,west,412,413,[9422],[' west']," whiteboard is on the north wall, and the painting is on the adjacent wall to the left, that wall is the west wall. The painting is on the west wall. The options are diagonal. Perhaps the question implies the general direction from the",[3067],94.89107513427734,-2.2674593925476074,-0.023895392194390297,0.24563312530517578,0.002588579896837473,-0.2942284941673279,-0.003100697183981538
156,Positional Relationship (Obj.–Reg.),southeast,B,,,26,west,420,421,[9422],[' west']," and the painting is on the adjacent wall to the left, that wall is the west wall. The painting is on the west wall. The options are diagonal. Perhaps the question implies the general direction from the center of the room. If the white",[3075],97.15768432617188,-1.8732668161392212,-0.01928068697452545,0.010321646928787231,0.00010623603157000616,0.019067227840423584,0.0001962503301911056
156,Positional Relationship (Obj.–Reg.),southeast,B,,,27,north,447,448,[9897],[' north']," The options are diagonal. Perhaps the question implies the general direction from the center of the room. If the whiteboard is north, and the painting is on the wall to the left, it's on the west wall. The options don't include",[3102],99.02212524414062,-1.3494110107421875,-0.013627368956804276,-4.9636101722717285,-0.050126273185014725,-2.438926935195923,-0.024630121886730194
156,Positional Relationship (Obj.–Reg.),southeast,B,,,28,left,458,459,[2047],[' left']," direction from the center of the room. If the whiteboard is north, and the painting is on the wall to the left, it's on the west wall. The options don't include West. Let's reconsider the pan. If the camera",[3113],102.03169250488281,-3.9002809524536133,-0.0382261723279953,-0.6124855875968933,-0.006002895534038544,-0.8378653526306152,-0.008211814798414707
156,Positional Relationship (Obj.–Reg.),southeast,B,,,29,west,464,465,[9422],[' west']," room. If the whiteboard is north, and the painting is on the wall to the left, it's on the west wall. The options don't include West. Let's reconsider the pan. If the camera is in the room, and",[3119],95.91641998291016,-1.923807144165039,-0.02005711942911148,0.6089702248573303,0.006348967552185059,-0.09789955615997314,-0.0010206756414845586
156,Positional Relationship (Obj.–Reg.),southeast,B,,,30,west,472,473,[4171],[' West'],", and the painting is on the wall to the left, it's on the west wall. The options don't include West. Let's reconsider the pan. If the camera is in the room, and it pans from the painting to the white",[3127],94.92459106445312,-0.9403601288795471,-0.009906391613185406,0.6384713053703308,0.006726089399307966,-0.05969935655593872,-0.0006289135199040174
156,Positional Relationship (Obj.–Reg.),southeast,B,,,31,north,504,505,[9897],[' north']," If the camera is in the room, and it pans from the painting to the whiteboard, and the whiteboard is north, then the painting is on the",[3159],95.13528442382812,0.4313041567802429,0.004533587489277124,-2.484006881713867,-0.02611025795340538,-1.759676456451416,-0.018496569246053696
158,Positional Relationship (Obj.–Reg.),southeast,B,C,False,0,north,43,44,[4634],[' North'],"

1.  **Establish the orientation of the first image:** The problem states that the window in the first image faces North. This means the view outside the window is to the North. Consequently, the wall with the window is the North wall",[2698],92.16132354736328,-2.2402243614196777,-0.02430764026939869,-4.299630641937256,-0.04665330797433853,-1.4583414793014526,-0.015823790803551674
158,Positional Relationship (Obj.–Reg.),southeast,B,C,False,1,north,55,56,[4634],[' North'],":** The problem states that the window in the first image faces North. This means the view outside the window is to the North. Consequently, the wall with the window is the North wall of the dining room.

2.  **Determine",[2710],93.05719757080078,-1.1304978132247925,-0.012148418463766575,-3.588284730911255,-0.038559991866350174,-2.5014748573303223,-0.02688104659318924
158,Positional Relationship (Obj.–Reg.),southeast,B,C,False,2,north,66,67,[4634],[' North']," faces North. This means the view outside the window is to the North. Consequently, the wall with the window is the North wall of the dining room.

2.  **Determine the camera's perspective in the first image:** The camera",[2721],97.15258026123047,-1.4638484716415405,-0.015067520551383495,-3.5570220947265625,-0.03661273792386055,-1.9434754848480225,-0.020004363730549812
158,Positional Relationship (Obj.–Reg.),southeast,B,C,False,3,north,101,102,[4634],[' North']," **Determine the camera's perspective in the first image:** The camera is positioned inside the dining room, looking towards the North wall (the window). Therefore, the direction the camera is facing is North.

3.  **Analyze the",[2756],104.23628234863281,-2.365413188934326,-0.02269280143082142,-3.7584547996520996,-0.03605706989765167,-2.5051589012145996,-0.02403346449136734
158,Positional Relationship (Obj.–Reg.),southeast,B,C,False,4,north,116,117,[4634],[' North']," positioned inside the dining room, looking towards the North wall (the window). Therefore, the direction the camera is facing is North.

3.  **Analyze the second image to find the television:** The second image shows a view from the",[2771],92.10462188720703,-1.750138521194458,-0.019001636654138565,-3.4876770973205566,-0.03786647319793701,-1.0976715087890625,-0.01191765908151865
158,Positional Relationship (Obj.–Reg.),southeast,B,C,False,5,right,189,190,[1245],[' right']," area.

4.  **Relate the two images spatially:** The second image is taken by turning to the right from the perspective of the first image. In the first image, the archway is on the right side of the frame",[2844],93.55933380126953,1.7167582511901855,0.018349407240748405,-1.273427963256836,-0.013610913418233395,-0.08294200897216797,-0.0008865177514962852
158,Positional Relationship (Obj.–Reg.),southeast,B,C,False,6,right,209,210,[1245],[' right']," by turning to the right from the perspective of the first image. In the first image, the archway is on the right side of the frame. If you are facing North (towards the window), turning to your right means you are now",[2864],95.84877014160156,1.8340015411376953,0.01913432590663433,-0.5865311622619629,-0.006119339261204004,0.20959025621414185,0.002186676487326622
158,Positional Relationship (Obj.–Reg.),southeast,B,C,False,7,north,219,220,[4634],[' North']," first image. In the first image, the archway is on the right side of the frame. If you are facing North (towards the window), turning to your right means you are now facing East.

5.  **Conclude",[2874],100.86759185791016,-3.4159646034240723,-0.033865828067064285,-3.385819435119629,-0.03356697037816048,-2.002376079559326,-0.019851529970765114
158,Positional Relationship (Obj.–Reg.),southeast,B,C,False,8,right,229,230,[1245],[' right'],"way is on the right side of the frame. If you are facing North (towards the window), turning to your right means you are now facing East.

5.  **Conclude the direction of the television:** Since the camera in",[2884],100.74011993408203,1.5237417221069336,0.015125470235943794,-0.7026385068893433,-0.006974763236939907,0.334539532661438,0.003320817369967699
158,Positional Relationship (Obj.–Reg.),southeast,B,C,False,9,east,235,236,[6127],[' East']," of the frame. If you are facing North (towards the window), turning to your right means you are now facing East.

5.  **Conclude the direction of the television:** Since the camera in the second image is facing East",[2890],94.42748260498047,1.3483294248580933,0.01427899394184351,-0.8311785459518433,-0.008802294731140137,1.4996200799942017,0.015881182625889778
158,Positional Relationship (Obj.–Reg.),southeast,B,C,False,10,east,259,260,[6127],[' East']," East.

5.  **Conclude the direction of the television:** Since the camera in the second image is facing East and the television is located straight ahead through the archway, the television is in the East direction relative to the dining room",[2914],98.2015151977539,1.4258941411972046,0.014520082622766495,-0.6293044090270996,-0.006408296525478363,0.10638806223869324,0.0010833648266270757
158,Positional Relationship (Obj.–Reg.),southeast,B,C,False,11,east,277,278,[6127],[' East']," in the second image is facing East and the television is located straight ahead through the archway, the television is in the East direction relative to the dining room.

Answer: C",[2932],94.67881774902344,-0.4901394844055176,-0.005176865495741367,-1.314607858657837,-0.013884920626878738,0.74085932970047,0.0078249741345644
163,Attribute (Appr.),west,C,C,True,0,top,20,21,[1844],[' top'],"Let's analyze the images step by step:

1. In Figure 1, we see the top surface and the north side of the box. The corner shown is the northeast corner (assuming standard orientation where north is “",[3925],109.48464965820312,-1.538076400756836,-0.014048329554498196,-4.990148544311523,-0.045578520745038986,0.9656689167022705,0.008820130489766598
163,Attribute (Appr.),west,C,C,True,1,north,24,25,[9897],[' north'],"Let's analyze the images step by step:

1. In Figure 1, we see the top surface and the north side of the box. The corner shown is the northeast corner (assuming standard orientation where north is “up” in the",[3929],106.035888671875,-1.2848269939422607,-0.01211690716445446,-3.2730712890625,-0.030867580324411392,-2.7781147956848145,-0.026199759915471077
163,Attribute (Appr.),west,C,C,True,2,northeast,35,36,[39481],[' northeast'],". In Figure 1, we see the top surface and the north side of the box. The corner shown is the northeast corner (assuming standard orientation where north is “up” in the image).

2. Figure 2 shows a different",[3940],105.8896484375,1.1249144077301025,0.010623459704220295,-4.29787540435791,-0.040588248521089554,-1.1711128950119019,-0.011059748940169811
163,Attribute (Appr.),west,C,C,True,3,north,42,43,[9897],[' north']," see the top surface and the north side of the box. The corner shown is the northeast corner (assuming standard orientation where north is “up” in the image).

2. Figure 2 shows a different corner — specifically, the opposite corner",[3947],113.56348419189453,-1.6772199869155884,-0.014769007451832294,-4.685753345489502,-0.04126109182834625,-2.5564002990722656,-0.02251075953245163
163,Attribute (Appr.),west,C,C,True,4,northeast,78,79,[39481],[' northeast']," Figure 2 shows a different corner — specifically, the opposite corner from Figure 1. Since Figure 1 shows the northeast corner, Figure 2 must show the southwest corner.

3. At the southwest corner, the visible faces would be",[3983],108.53424835205078,-1.0416818857192993,-0.009597725234925747,-4.0213446617126465,-0.03705139085650444,-2.4953789710998535,-0.02299162745475769
163,Attribute (Appr.),west,C,C,True,5,southwest,87,88,[51206],[' southwest'],", the opposite corner from Figure 1. Since Figure 1 shows the northeast corner, Figure 2 must show the southwest corner.

3. At the southwest corner, the visible faces would be the top surface and the west side (since",[3992],100.81745147705078,0.024908706545829773,0.00024706742260605097,3.4912142753601074,0.03462906554341316,-1.7544270753860474,-0.01740201748907566
163,Attribute (Appr.),west,C,C,True,6,southwest,95,96,[51206],[' southwest'],". Since Figure 1 shows the northeast corner, Figure 2 must show the southwest corner.

3. At the southwest corner, the visible faces would be the top surface and the west side (since south would be facing away or downward depending",[4000],109.11032104492188,-0.5608100891113281,-0.0051398444920778275,3.6037344932556152,0.03302835673093796,-1.022937297821045,-0.009375257417559624
163,Attribute (Appr.),west,C,C,True,7,top,104,105,[1844],[' top'],", Figure 2 must show the southwest corner.

3. At the southwest corner, the visible faces would be the top surface and the west side (since south would be facing away or downward depending on perspective, but here the side adjacent to",[4009],106.46623992919922,-1.3071496486663818,-0.012277597561478615,-3.81771183013916,-0.03585842624306679,2.169201374053955,0.020374545827507973
163,Attribute (Appr.),west,C,C,True,8,west,108,109,[9422],[' west']," must show the southwest corner.

3. At the southwest corner, the visible faces would be the top surface and the west side (since south would be facing away or downward depending on perspective, but here the side adjacent to the top at that",[4013],103.2192153930664,0.753196120262146,0.007297053467482328,0.262710303068161,0.002545168623328209,0.5838803052902222,0.005656701512634754
163,Attribute (Appr.),west,C,C,True,9,south,112,113,[9514],[' south']," corner.

3. At the southwest corner, the visible faces would be the top surface and the west side (since south would be facing away or downward depending on perspective, but here the side adjacent to the top at that corner is the west",[4017],105.62799835205078,0.3272097110748291,0.003097755368798971,2.4197306632995605,0.0229080431163311,-3.4100747108459473,-0.03228381276130676
163,Attribute (Appr.),west,C,C,True,10,top,130,131,[1844],[' top']," and the west side (since south would be facing away or downward depending on perspective, but here the side adjacent to the top at that corner is the west face).

4. Therefore, Figure 2 displays the top and the west side of",[4035],106.93013763427734,-1.0642659664154053,-0.0099529093131423,-2.5513265132904053,-0.023859752342104912,0.518883228302002,0.004852544516324997
163,Attribute (Appr.),west,C,C,True,11,west,136,137,[9422],[' west']," south would be facing away or downward depending on perspective, but here the side adjacent to the top at that corner is the west face).

4. Therefore, Figure 2 displays the top and the west side of the box.

5.",[4041],104.08179473876953,0.006654687225818634,6.39370919088833e-05,-0.10850077867507935,-0.0010424568317830563,-1.0156266689300537,-0.009757966734468937
163,Attribute (Appr.),west,C,C,True,12,top,149,150,[1844],[' top']," the side adjacent to the top at that corner is the west face).

4. Therefore, Figure 2 displays the top and the west side of the box.

5. Matching this with the options: C says “Top, West”.",[4054],108.8106918334961,-1.4155182838439941,-0.01300899963825941,-1.7243404388427734,-0.015847159549593925,1.3979268074035645,0.01284732948988676
163,Attribute (Appr.),west,C,C,True,13,west,152,153,[9422],[' west']," to the top at that corner is the west face).

4. Therefore, Figure 2 displays the top and the west side of the box.

5. Matching this with the options: C says “Top, West”.

Answer:",[4057],96.77497863769531,1.7481448650360107,0.018064016476273537,0.5020216107368469,0.005187514703720808,0.2956528663635254,0.0030550549272447824
163,Attribute (Appr.),west,C,C,True,14,top,170,171,[5198],['Top'],"2 displays the top and the west side of the box.

5. Matching this with the options: C says “Top, West”.

Answer: C",[4075],97.07174682617188,-1.0883922576904297,-0.011212245561182499,-0.8387143611907959,-0.008640148676931858,1.6574960947036743,0.017074959352612495
163,Attribute (Appr.),west,C,C,True,15,west,172,173,[4171],[' West']," the top and the west side of the box.

5. Matching this with the options: C says “Top, West”.

Answer: C",[4077],100.11054229736328,0.931979775428772,0.009309506975114346,0.4694031774997711,0.004688848741352558,0.8601096868515015,0.008591599762439728
180,Positional Relationship (Obj.–Obj.),north,C,B,False,0,left,14,15,[2047],[' left'],"Step 1: In the first image, the piano is on the left side of the room. The person playing the piano is facing south, which means the front of the piano is oriented towards",[2687],100.27900695800781,-5.989117622375488,-0.05972453951835632,-0.5580178499221802,-0.0055646528489887714,-0.25115203857421875,-0.0025045324582606554
180,Positional Relationship (Obj.–Obj.),north,C,B,False,1,south,27,28,[9514],[' south'],": In the first image, the piano is on the left side of the room. The person playing the piano is facing south, which means the front of the piano is oriented towards the south.
Step 2: The second image shows a",[2700],106.23612976074219,-0.7440557479858398,-0.007003792095929384,-0.2484980821609497,-0.002339110942557454,0.28723442554473877,0.002703735837712884
180,Positional Relationship (Obj.–Obj.),north,C,B,False,2,south,40,41,[9514],[' south']," of the room. The person playing the piano is facing south, which means the front of the piano is oriented towards the south.
Step 2: The second image shows a glass cabinet for cups. This cabinet is not visible in the first",[2713],99.93391418457031,-0.7980505228042603,-0.00798578280955553,-0.2969019412994385,-0.0029709828086197376,-0.6521443724632263,-0.006525756325572729
180,Positional Relationship (Obj.–Obj.),north,C,B,False,3,left,111,112,[2047],[' left']," between the two images and the orientation of the piano, we can infer the relative positions. Since the piano is on the left and facing south, the area to the right of the piano (from the player's perspective) would be to the east",[2784],112.16642761230469,-6.195741653442383,-0.055237043648958206,-0.553236722946167,-0.004932284355163574,-1.2483913898468018,-0.011129813268780708
180,Positional Relationship (Obj.–Obj.),north,C,B,False,4,south,114,115,[9514],[' south']," images and the orientation of the piano, we can infer the relative positions. Since the piano is on the left and facing south, the area to the right of the piano (from the player's perspective) would be to the east.
Step",[2787],103.6668930053711,-2.5555191040039062,-0.02465125545859337,-0.5366802215576172,-0.005176968406885862,-1.4523448944091797,-0.014009727165102959
180,Positional Relationship (Obj.–Obj.),north,C,B,False,5,right,120,121,[1245],[' right']," piano, we can infer the relative positions. Since the piano is on the left and facing south, the area to the right of the piano (from the player's perspective) would be to the east.
Step 4: The glass cabinet",[2793],108.23886108398438,2.8951406478881836,0.026747699826955795,-1.011012315750122,-0.009340566582977772,0.011206507682800293,0.00010353497054893523
180,Positional Relationship (Obj.–Obj.),north,C,B,False,6,east,135,136,[10663],[' east']," left and facing south, the area to the right of the piano (from the player's perspective) would be to the east.
Step 4: The glass cabinet is shown in the second image, which is a different angle from the first",[2808],102.6233139038086,2.0343220233917236,0.019823195412755013,-1.7814583778381348,-0.01735919713973999,0.6827309131622314,0.006652785465121269
180,Positional Relationship (Obj.–Obj.),north,C,B,False,7,east,169,170,[10663],[' east']," is shown in the second image, which is a different angle from the first image. This suggests it is located to the east of the piano, as it is not visible from the initial perspective.
Step 5: Therefore, the glass cabinet",[2842],114.25299072265625,1.1779001951217651,0.010309578850865364,-1.4094425439834595,-0.012336154468357563,-0.9342740774154663,-0.008177239447832108
180,Positional Relationship (Obj.–Obj.),north,C,B,False,8,east,200,201,[10663],[' east']," is not visible from the initial perspective.
Step 5: Therefore, the glass cabinet for cups is located to the east of the piano.
Answer: B",[2873],108.14544677734375,1.1194931268692017,0.010351736098527908,-0.9173429012298584,-0.0084824925288558,-0.029190659523010254,-0.00026992036146111786
185,MSR,southeast,A,A,True,0,northwest,42,43,[50488],[' northwest']," and the reference point.

1.  **Establish the Reference Point:** The problem states that the stairs are in the northwest corner. In the fourth image, the stairs are visible on the right side of the frame. This means the camera in",[5275],91.50331115722656,-1.3299763202667236,-0.014534734189510345,-3.0739858150482178,-0.03359425812959671,-2.642056941986084,-0.02887389436364174
185,MSR,southeast,A,A,True,1,right,56,57,[1245],[' right'],":** The problem states that the stairs are in the northwest corner. In the fourth image, the stairs are visible on the right side of the frame. This means the camera in the fourth image is facing roughly towards the northeast.

2. ",[5289],92.56778717041016,3.2754886150360107,0.035384755581617355,-0.3544359803199768,-0.003828934393823147,-0.8544406890869141,-0.009230432100594044
185,MSR,southeast,A,A,True,2,northeast,75,76,[39481],[' northeast']," stairs are visible on the right side of the frame. This means the camera in the fourth image is facing roughly towards the northeast.

2.  **Determine Camera Orientations:** The photos are taken at 60-degree clockwise intervals.",[5308],97.97742462158203,1.9583722352981567,0.01998799480497837,-3.5372424125671387,-0.03610262647271156,-0.4220644235610962,-0.004307772032916546
185,MSR,southeast,A,A,True,3,northeast,113,114,[43102],[' Northeast']," photos are taken at 60-degree clockwise intervals.
    *   **Image 4 (Stairs):** Facing Northeast.
    *   **Image 1 (Kitchen Island):** Rotated 60° clockwise from Image 4",[5346],95.89093017578125,0.6013118028640747,0.006270789075642824,-3.5009632110595703,-0.03650984540581703,-1.5962562561035156,-0.016646582633256912
185,MSR,southeast,A,A,True,4,east,142,143,[6127],[' East'],"   **Image 1 (Kitchen Island):** Rotated 60° clockwise from Image 4, this view faces East.
    *   **Image 2 (Stove):** Rotated 60° clockwise from Image 1",[5375],94.59139251708984,1.199613094329834,0.0126820532605052,-1.2871482372283936,-0.013607456348836422,0.36855700612068176,0.003896306036040187
185,MSR,southeast,A,A,True,5,southeast,171,172,[34388],[' Southeast'],"   **Image 2 (Stove):** Rotated 60° clockwise from Image 1, this view faces Southeast.
    *   **Image 3 (Front Door):** Rotated 60° clockwise from Image 2",[5404],86.5467529296875,1.569761037826538,0.018137723207473755,1.6245514154434204,0.018770795315504074,1.199425220489502,0.01385869737714529
185,MSR,southeast,A,A,True,6,south,200,201,[4725],[' South'],"   **Image 3 (Front Door):** Rotated 60° clockwise from Image 2, this view faces South.

3.  **Locate the Stove:** The stove is the main subject of the second image.

",[5433],90.60379028320312,0.41346460580825806,0.004563435912132263,2.5806379318237305,0.028482669964432716,-2.1949782371520996,-0.024226119741797447
185,MSR,southeast,A,A,True,7,southeast,239,240,[34388],[' Southeast']," is the main subject of the second image.

4.  **Conclude the Location:** Since the camera was facing Southeast when the photo of the stove was taken, the stove is located in the southeast part of the room.

Answer:",[5472],95.68614196777344,1.2235722541809082,0.012787350453436375,-0.14447471499443054,-0.0015098812291398644,0.8954113721847534,0.009357796050608158
185,MSR,southeast,A,A,True,8,southeast,255,256,[40080],[' southeast']," the Location:** Since the camera was facing Southeast when the photo of the stove was taken, the stove is located in the southeast part of the room.

Answer: A",[5488],93.01856231689453,0.003438234329223633,3.696288331411779e-05,0.38142749667167664,0.004100552294403315,0.8166850209236145,0.008779807016253471
191,MSR,northwest,B,C,False,0,right,22,23,[1245],[' right'],"Let's break this down step by step:

1. In the third image, the refrigerator is on the right side of the kitchen area, which is part of the living room.
2. The television is on the north side",[7821],105.36347961425781,6.0655198097229,0.057567574083805084,-1.0565162897109985,-0.010027348063886166,-1.7635612487792969,-0.016737880185246468
191,MSR,northwest,B,C,False,1,north,45,46,[9897],[' north']," the right side of the kitchen area, which is part of the living room.
2. The television is on the north side of the living room, as stated in the question.
3. In the last image, the green sofa is",[7844],107.30612182617188,-0.2971472442150116,-0.002769154729321599,-5.465497016906738,-0.05093369260430336,-1.4954254627227783,-0.01393606886267662
191,MSR,northwest,B,C,False,2,north,84,85,[9897],[' north'],". In the last image, the green sofa is visible in the foreground, and the television is in the background on the north side.
4. Since the refrigerator is on the right side of the kitchen (which is south of the television),",[7883],109.62584686279297,0.0927649438381195,0.0008461959077976644,-4.243585109710693,-0.03870971500873566,-2.8174214363098145,-0.025700338184833527
191,MSR,northwest,B,C,False,3,right,96,97,[1245],[' right']," the foreground, and the television is in the background on the north side.
4. Since the refrigerator is on the right side of the kitchen (which is south of the television), and the green sofa is in the foreground of the last image",[7895],110.73820495605469,3.1151652336120605,0.028130898252129555,-1.400941252708435,-0.012650929391384125,-0.9885213375091553,-0.008926651440560818
191,MSR,northwest,B,C,False,4,south,104,105,[9514],[' south']," the background on the north side.
4. Since the refrigerator is on the right side of the kitchen (which is south of the television), and the green sofa is in the foreground of the last image (which is south of the television),",[7903],105.0303955078125,-0.41478919982910156,-0.003949230071157217,2.7471659183502197,0.02615591324865818,-1.5479027032852173,-0.01473766379058361
191,MSR,northwest,B,C,False,5,south,124,125,[9514],[' south']," kitchen (which is south of the television), and the green sofa is in the foreground of the last image (which is south of the television), the green sofa is southwest of the refrigerator.

Answer: C",[7923],104.01896667480469,-0.5074860453605652,-0.0048787835985422134,3.4701437950134277,0.03336068242788315,0.9466677308082581,0.009100914932787418
191,MSR,northwest,B,C,False,6,southwest,133,134,[51206],[' southwest']," and the green sofa is in the foreground of the last image (which is south of the television), the green sofa is southwest of the refrigerator.

Answer: C",[7932],109.01333618164062,-1.635777235031128,-0.015005294233560562,2.8970208168029785,0.02657492086291313,-0.5151028633117676,-0.004725136328488588
194,Positional Relationship (Reg.–Reg.),northwest,A,C,False,0,above,14,15,[3294],[' above'],"Step 1: The first image shows a window with an exit sign above it, which is identified as the north wall.
Step 2: In the second image, the main workspace with",[2682],95.15337371826172,0.49673348665237427,0.005220345687121153,-2.1919806003570557,-0.0230362880975008,-2.3783676624298096,-0.024995096027851105
194,Positional Relationship (Reg.–Reg.),northwest,A,C,False,1,north,22,23,[9897],[' north'],"Step 1: The first image shows a window with an exit sign above it, which is identified as the north wall.
Step 2: In the second image, the main workspace with Thinkpod desks is visible. To the",[2690],99.70211791992188,-0.16197463870048523,-0.0016245857113972306,-3.5599517822265625,-0.03570587933063507,-2.9836783409118652,-0.02992592751979828
194,Positional Relationship (Reg.–Reg.),northwest,A,C,False,2,left,47,48,[2047],[' left']," wall.
Step 2: In the second image, the main workspace with Thinkpod desks is visible. To the left of this area (from the viewer's perspective), there is a wall with a TV screen and framed pictures. This corresponds",[2715],96.99853515625,-6.652315139770508,-0.06858160346746445,0.1770176887512207,0.001824952196329832,-2.2527835369110107,-0.023224923759698868
194,Positional Relationship (Reg.–Reg.),northwest,A,C,False,3,west,74,75,[9422],[' west']," area (from the viewer's perspective), there is a wall with a TV screen and framed pictures. This corresponds to the west wall.
Step 3: To the right of the main workspace, there is a kitchenette area with another TV",[2742],99.819091796875,-4.271346092224121,-0.04279087483882904,-0.04465961456298828,-0.0004474055313039571,-1.1910040378570557,-0.011931626126170158
194,Positional Relationship (Reg.–Reg.),northwest,A,C,False,4,right,84,85,[1245],[' right']," a wall with a TV screen and framed pictures. This corresponds to the west wall.
Step 3: To the right of the main workspace, there is a kitchenette area with another TV screen mounted on the wall. This corresponds to the",[2752],96.58139038085938,3.978780746459961,0.04119614139199257,-0.35487931966781616,-0.0036744067911058664,0.21256139874458313,0.0022008526138961315
194,Positional Relationship (Reg.–Reg.),northwest,A,C,False,5,east,109,110,[10663],[' east']," of the main workspace, there is a kitchenette area with another TV screen mounted on the wall. This corresponds to the east wall.
Step 4: Therefore, the two screen display areas are located on the west and east walls.
",[2777],92.13880920410156,2.914909839630127,0.0316360704600811,-1.4498426914215088,-0.01573541760444641,-1.2946157455444336,-0.014050710946321487
194,Positional Relationship (Reg.–Reg.),northwest,A,C,False,6,west,128,129,[9422],[' west'],". This corresponds to the east wall.
Step 4: Therefore, the two screen display areas are located on the west and east walls.
Answer: C",[2796],96.52301788330078,-4.618990421295166,-0.04785377159714699,-0.5306254029273987,-0.005497397389262915,-0.9750912189483643,-0.010102162137627602
194,Positional Relationship (Reg.–Reg.),northwest,A,C,False,7,east,130,131,[10663],[' east']," corresponds to the east wall.
Step 4: Therefore, the two screen display areas are located on the west and east walls.
Answer: C",[2798],93.58546447753906,1.4176881313323975,0.015148593112826347,0.29088467359542847,0.003108224831521511,-0.3326772153377533,-0.0035547958686947823
196,Positional Relationship (Reg.–Reg.),southeast,C,,,0,east,65,66,[10663],[' east']," second image, we see a bed with a pink bench at its foot. The problem states that this bench is on the east side of the bed. This means if you are lying in the bed facing the foot, east is to your right.",[2720],98.47145080566406,2.2399768829345703,0.022747475653886795,-2.368924856185913,-0.024056971073150635,-1.4828294515609741,-0.015058470889925957
196,Positional Relationship (Reg.–Reg.),southeast,C,,,1,east,84,85,[10663],[' east']," this bench is on the east side of the bed. This means if you are lying in the bed facing the foot, east is to your right. Therefore, the head of the bed is to the west, and the foot is to the east",[2739],100.92330932617188,0.6548680067062378,0.006488768849521875,-1.3233691453933716,-0.013112621381878853,-0.48169246315956116,-0.004772856365889311
196,Positional Relationship (Reg.–Reg.),southeast,C,,,2,right,88,89,[1245],[' right']," the east side of the bed. This means if you are lying in the bed facing the foot, east is to your right. Therefore, the head of the bed is to the west, and the foot is to the east. The room extends",[2743],93.6466293334961,0.8017891645431519,0.008561857976019382,-1.022392988204956,-0.010917562991380692,-1.4190900325775146,-0.015153668820858002
196,Positional Relationship (Reg.–Reg.),southeast,C,,,3,west,100,101,[9422],[' west']," lying in the bed facing the foot, east is to your right. Therefore, the head of the bed is to the west, and the foot is to the east. The room extends north and south from the bed.

2.  **",[2755],100.5447006225586,-4.130187034606934,-0.0410781167447567,-1.2528060674667358,-0.012460189871490002,-2.4543309211730957,-0.024410346522927284
196,Positional Relationship (Reg.–Reg.),southeast,C,,,4,east,108,109,[10663],[' east']," east is to your right. Therefore, the head of the bed is to the west, and the foot is to the east. The room extends north and south from the bed.

2.  **Locate the bathroom entrance:** The first",[2763],89.58577728271484,1.391394019126892,0.015531416051089764,-1.3782464265823364,-0.015384656377136707,-0.7984939813613892,-0.008913177996873856
196,Positional Relationship (Reg.–Reg.),southeast,C,,,5,north,113,114,[9897],[' north'],". Therefore, the head of the bed is to the west, and the foot is to the east. The room extends north and south from the bed.

2.  **Locate the bathroom entrance:** The first image shows a bathroom vanity",[2768],100.92625427246094,1.3158612251281738,0.0130378482863307,-4.764939308166504,-0.04721209034323692,-1.3843194246292114,-0.01371614821255207
196,Positional Relationship (Reg.–Reg.),southeast,C,,,6,south,115,116,[9514],[' south'],", the head of the bed is to the west, and the foot is to the east. The room extends north and south from the bed.

2.  **Locate the bathroom entrance:** The first image shows a bathroom vanity. The",[2770],105.16535186767578,0.5534367561340332,0.00526253879070282,1.2616510391235352,0.011996831744909286,-0.9546548128128052,-0.009077655151486397
196,Positional Relationship (Reg.–Reg.),southeast,C,,,7,right,189,190,[1245],[' right']," we can see a glimpse of the purple carpeted floor of the bedroom through the doorway. The door frame is on the right side of the bathroom image, meaning the bathroom is to the left of the bedroom from the perspective of someone standing in the",[2844],102.78585052490234,4.629554271697998,0.04504077509045601,-0.7107521891593933,-0.006914883386343718,-1.237444281578064,-0.01203905325382948
196,Positional Relationship (Reg.–Reg.),southeast,C,,,8,left,202,203,[2047],[' left']," bedroom through the doorway. The door frame is on the right side of the bathroom image, meaning the bathroom is to the left of the bedroom from the perspective of someone standing in the bathroom looking out.

3.  **Determine the relative",[2857],99.27030181884766,-4.544683456420898,-0.04578089714050293,0.07866144180297852,0.0007923965458758175,0.2687873840332031,0.002707631327211857
196,Positional Relationship (Reg.–Reg.),southeast,C,,,9,left,235,236,[2047],[' left']," standing in the bathroom looking out.

3.  **Determine the relative position:** If the bathroom is to the left of the bedroom when looking out from the bathroom, then from the perspective of the bedroom, the bathroom is to the right",[2890],103.0389404296875,-4.6775054931640625,-0.045395512133836746,-0.38062262535095215,-0.0036939687561243773,0.16767412424087524,0.001627288875170052
196,Positional Relationship (Reg.–Reg.),southeast,C,,,10,right,259,260,[1245],[' right']," left of the bedroom when looking out from the bathroom, then from the perspective of the bedroom, the bathroom is to the right. Since the foot of the bed is east, and the head is west, ""right"" from the bedroom's perspective",[2914],99.22489929199219,2.9873952865600586,0.030107315629720688,-1.1510553359985352,-0.011600468307733536,1.4325261116027832,0.01443716324865818
196,Positional Relationship (Reg.–Reg.),southeast,C,,,11,east,268,269,[10663],[' east']," bathroom, then from the perspective of the bedroom, the bathroom is to the right. Since the foot of the bed is east, and the head is west, ""right"" from the bedroom's perspective (assuming a standard view from the foot of",[2923],95.42063903808594,0.8009670972824097,0.00839406531304121,-2.476625919342041,-0.025954823940992355,-1.7074387073516846,-0.01789380982518196
196,Positional Relationship (Reg.–Reg.),southeast,C,,,12,west,274,275,[9422],[' west']," of the bedroom, the bathroom is to the right. Since the foot of the bed is east, and the head is west, ""right"" from the bedroom's perspective (assuming a standard view from the foot of the bed towards the head)",[2929],90.88931274414062,-2.949984550476074,-0.0324568897485733,-0.5457971096038818,-0.006005074828863144,-1.8995707035064697,-0.020899824798107147
196,Positional Relationship (Reg.–Reg.),southeast,C,,,13,right,277,278,[1246],['right'],", the bathroom is to the right. Since the foot of the bed is east, and the head is west, ""right"" from the bedroom's perspective (assuming a standard view from the foot of the bed towards the head) would be north",[2932],102.41289520263672,2.1385271549224854,0.020881423726677895,-0.0937379002571106,-0.000915293931029737,2.0304181575775146,0.019825804978609085
196,Positional Relationship (Reg.–Reg.),southeast,C,,,14,north,301,302,[9897],[' north'],"right"" from the bedroom's perspective (assuming a standard view from the foot of the bed towards the head) would be north. However, let's re-evaluate based on the door's position.

4.  **Re-evaluating",[2956],95.27886962890625,0.7795064449310303,0.008181314915418625,-4.769344329833984,-0.050056684762239456,0.09273159503936768,0.0009732650360092521
196,Positional Relationship (Reg.–Reg.),southeast,C,,,15,right,358,359,[1245],[' right']," image, the bathroom door is open, and we see the bedroom's purple carpet. The door is hinged on the right side of the frame (from the bathroom's perspective). This means the bathroom is adjacent to the bedroom. If we stand",[3013],106.21955108642578,2.800212860107422,0.026362499222159386,-1.8787885904312134,-0.017687784507870674,-1.791129231452942,-0.016862519085407257
196,Positional Relationship (Reg.–Reg.),southeast,C,,,16,west,411,412,[9422],[' west']," look towards the bathroom, we are looking towards the wall that has the bathroom door. Given the bed's orientation (head west, foot east), and assuming the bathroom is on the wall perpendicular to the bed's length, we need to see which",[3066],102.75878143310547,-4.779710292816162,-0.046513885259628296,-1.1684610843658447,-0.011370912194252014,-3.8498849868774414,-0.03746526688337326
196,Positional Relationship (Reg.–Reg.),southeast,C,,,17,east,414,415,[10663],[' east']," bathroom, we are looking towards the wall that has the bathroom door. Given the bed's orientation (head west, foot east), and assuming the bathroom is on the wall perpendicular to the bed's length, we need to see which side.

",[3069],92.6883773803711,-0.5991522073745728,-0.006464156787842512,-0.9446380734443665,-0.010191548615694046,-1.1270012855529785,-0.012159035541117191
196,Positional Relationship (Reg.–Reg.),southeast,C,,,18,east,465,466,[58463],['east'],  **Final directional analysis:** Let's assume the viewer in the second image is looking towards the foot of the bed (east). The bathroom is not visible in this view. The first image shows the bathroom. The key is the transition. The,[3120],97.86165618896484,0.37375491857528687,0.0038192172069102526,-1.9342560768127441,-0.019765209406614304,-1.597828984260559,-0.016327425837516785
196,Positional Relationship (Reg.–Reg.),southeast,C,,,19,north,500,501,[9897],[' north'], The first image shows the bathroom. The key is the transition. The bathroom is likely on the wall that is to the north or south of the bed. If the bench is at,[3155],101.81941986083984,0.9677026271820068,0.00950410682708025,-4.659518241882324,-0.0457625687122345,-1.3532986640930176,-0.013291164301335812
196,Positional Relationship (Reg.–Reg.),southeast,C,,,20,south,502,503,[9514],[' south'], image shows the bathroom. The key is the transition. The bathroom is likely on the wall that is to the north or south of the bed. If the bench is at,[3157],96.46649169921875,1.0001248121261597,0.010367588140070438,2.1143743991851807,0.021918226033449173,-1.7667262554168701,-0.018314404413104057
206,Positional Relationship (Obj.–Reg.),northwest,D,D,True,0,east,7,8,[10663],[' east'],"1. The stove is on the east side of the kitchen, as stated in the question.
2. The mural is located on the wall adjacent to the",[2654],95.46509552001953,0.7844855785369873,0.00821751169860363,-2.474104642868042,-0.02591632679104805,-2.2034859657287598,-0.023081587627530098
206,Positional Relationship (Obj.–Reg.),northwest,D,D,True,1,north,38,39,[9897],[' north']," stated in the question.
2. The mural is located on the wall adjacent to the stove, which is on the north side of the kitchen.
3. Since the mural is on the north wall and the stove is on the east wall",[2685],104.30206298828125,-0.6300932765007019,-0.006041043438017368,-4.816389560699463,-0.04617731645703316,-1.3015806674957275,-0.012478954158723354
206,Positional Relationship (Obj.–Reg.),northwest,D,D,True,2,north,53,54,[9897],[' north']," adjacent to the stove, which is on the north side of the kitchen.
3. Since the mural is on the north wall and the stove is on the east wall, the mural is in the northwest direction relative to the stove.
Answer",[2700],106.64696502685547,-0.801673173904419,-0.0075170742347836494,-3.0859017372131348,-0.028935672715306282,-1.2402255535125732,-0.011629262939095497
206,Positional Relationship (Obj.–Reg.),northwest,D,D,True,3,east,61,62,[10663],[' east']," the north side of the kitchen.
3. Since the mural is on the north wall and the stove is on the east wall, the mural is in the northwest direction relative to the stove.
Answer: D",[2708],96.47782897949219,0.39017704129219055,0.004044214729219675,-1.984523892402649,-0.02056973986327648,-1.3083269596099854,-0.013560907915234566
206,Positional Relationship (Obj.–Reg.),northwest,D,D,True,4,northwest,69,70,[50488],[' northwest'],"3. Since the mural is on the north wall and the stove is on the east wall, the mural is in the northwest direction relative to the stove.
Answer: D",[2716],108.4190444946289,-0.8537602424621582,-0.007874633185565472,-1.784406065940857,-0.0164584182202816,-1.1272032260894775,-0.010396727360785007
215,Attribute (Appr.),northwest,A,D,False,0,north,42,43,[59810],['north']," the visual evidence:

1.  **Identify the Reference:** The problem states that Figure 1 shows the ""north side"" of the object. In this image, we see the full tops of the two cups with clear IKEA branding.",[3930],97.93641662597656,-2.0853304862976074,-0.02129269763827324,-3.917313814163208,-0.03999854251742363,-2.191009759902954,-0.02237175777554512
215,Attribute (Appr.),northwest,A,D,False,1,right,100,101,[1245],[' right']," in View:** Figure 2 shows the same two cups, but from a different angle. The camera has moved to the right and slightly lower. We now see more of the side profiles of the cups and less of their tops.
3.",[3988],95.21647644042969,2.392031669616699,0.025122035294771194,-0.9395114779472351,-0.009867110289633274,0.05372074246406555,0.0005641958559863269
215,Attribute (Appr.),northwest,A,D,False,2,lower,103,104,[4570],[' lower']," Figure 2 shows the same two cups, but from a different angle. The camera has moved to the right and slightly lower. We now see more of the side profiles of the cups and less of their tops.
3.  **D",[3991],102.49899291992188,0.04380388557910919,0.00042735919123515487,4.065044403076172,0.03965935856103897,0.17454314231872559,0.0017028766451403499
215,Attribute (Appr.),northwest,A,D,False,3,right,139,140,[1245],[' right']," cups and less of their tops.
3.  **Determine the Direction of Movement:** Moving the viewpoint to the right from the ""north"" side corresponds to moving towards the east.
4.  **Infer the New Orientation:**",[4027],98.63954162597656,1.1595582962036133,0.011755512095987797,-0.5716556906700134,-0.005795401055365801,0.4687774181365967,0.004752429202198982
215,Attribute (Appr.),northwest,A,D,False,4,north,143,144,[59810],['north']," their tops.
3.  **Determine the Direction of Movement:** Moving the viewpoint to the right from the ""north"" side corresponds to moving towards the east.
4.  **Infer the New Orientation:** Since the camera has",[4031],94.81470489501953,-2.672555923461914,-0.02818714641034603,-4.415561199188232,-0.04657042771577835,-2.240133285522461,-0.023626433685421944
215,Attribute (Appr.),northwest,A,D,False,5,east,151,152,[10663],[' east'],"Determine the Direction of Movement:** Moving the viewpoint to the right from the ""north"" side corresponds to moving towards the east.
4.  **Infer the New Orientation:** Since the camera has moved eastward from the north side,",[4039],93.58946990966797,1.538208246231079,0.016435697674751282,-1.3677517175674438,-0.014614376239478588,1.7678025960922241,0.01888890564441681
215,Attribute (Appr.),northwest,A,D,False,6,east,169,170,[10663],[' east']," side corresponds to moving towards the east.
4.  **Infer the New Orientation:** Since the camera has moved eastward from the north side, it is now looking at the object from a position that is between the north and the east",[4057],98.90516662597656,1.01419198513031,0.010254185646772385,-0.7547478675842285,-0.007631025742739439,0.4705348014831543,0.004757434129714966
215,Attribute (Appr.),northwest,A,D,False,7,north,173,174,[9897],[' north']," towards the east.
4.  **Infer the New Orientation:** Since the camera has moved eastward from the north side, it is now looking at the object from a position that is between the north and the east. This direction is",[4061],91.04718780517578,-2.7146008014678955,-0.029815318062901497,-4.5117597579956055,-0.04955407977104187,-0.8424345254898071,-0.00925272423774004
215,Attribute (Appr.),northwest,A,D,False,8,north,190,191,[9897],[' north']," camera has moved eastward from the north side, it is now looking at the object from a position that is between the north and the east. This direction is the northeast.
5.  **Conclusion:** Therefore, Figure 2 shows the",[4078],90.26240539550781,-2.887083053588867,-0.03198544308543205,-5.791945934295654,-0.06416786462068558,-0.7710193991661072,-0.008541977033019066
215,Attribute (Appr.),northwest,A,D,False,9,east,193,194,[10663],[' east']," eastward from the north side, it is now looking at the object from a position that is between the north and the east. This direction is the northeast.
5.  **Conclusion:** Therefore, Figure 2 shows the northeast side of",[4081],92.62767028808594,2.2181344032287598,0.02394677884876728,-1.825674295425415,-0.019709816202521324,0.9958152770996094,0.010750732384622097
215,Attribute (Appr.),northwest,A,D,False,10,northeast,199,200,[39481],[' northeast'],", it is now looking at the object from a position that is between the north and the east. This direction is the northeast.
5.  **Conclusion:** Therefore, Figure 2 shows the northeast side of the object.

Answer:",[4087],92.9276123046875,2.0078320503234863,0.021606409922242165,-2.724259376525879,-0.029315929859876633,1.52788245677948,0.016441641375422478
215,Attribute (Appr.),northwest,A,D,False,11,northeast,215,216,[39481],[' northeast']," and the east. This direction is the northeast.
5.  **Conclusion:** Therefore, Figure 2 shows the northeast side of the object.

Answer: D",[4103],99.9444580078125,0.6864787340164185,0.006868602242320776,-1.1852445602416992,-0.011859032325446606,-0.40014052391052246,-0.004003629088401794
216,Attribute (Appr.),east,B,B,True,0,north,40,41,[24420],['North']," the two images:

1.  **Identify the Reference:** The problem states that Figure 1 shows the **North** side of the buildings.
2.  **Analyze the Perspective Change:** Figure 2 is taken from a",[3929],96.21565246582031,-1.5970618724822998,-0.0165987741202116,-2.585575580596924,-0.02687271311879158,-2.138500690460205,-0.02222612127661705
216,Attribute (Appr.),east,B,B,True,1,right,96,97,[1245],[' right']," of the buildings that is perpendicular to the front shown in Figure 1. Specifically, it looks down the street from the right-hand side of the scene in Figure 1.
3.  **Determine Relative Direction:** If you are facing",[3985],97.5840835571289,4.001125335693359,0.0410018227994442,-1.9130231142044067,-0.019603842869400978,-0.6548722982406616,-0.006710851565003395
216,Attribute (Appr.),east,B,B,True,2,north,121,122,[4634],[' North'],"-hand side of the scene in Figure 1.
3.  **Determine Relative Direction:** If you are facing North (as in Figure 1), the direction to your right is East.
4.  **Confirm with Landmarks",[4010],101.06301879882812,-3.1274569034576416,-0.030945612117648125,-3.0498995780944824,-0.030178196728229523,-1.965829849243164,-0.019451525062322617
216,Attribute (Appr.),east,B,B,True,3,right,133,134,[1245],[' right'],".  **Determine Relative Direction:** If you are facing North (as in Figure 1), the direction to your right is East.
4.  **Confirm with Landmarks:** In Figure 1, the red brick building with the",[4022],97.1449966430664,3.3532638549804688,0.03451813384890556,-1.972710371017456,-0.020306864753365517,0.9438796043395996,0.009716194123029709
216,Attribute (Appr.),east,B,B,True,4,east,135,136,[6127],[' East']," **Determine Relative Direction:** If you are facing North (as in Figure 1), the direction to your right is East.
4.  **Confirm with Landmarks:** In Figure 1, the red brick building with the yellow umb",[4024],86.45679473876953,1.5285824537277222,0.017680304124951363,-0.5262992978096008,-0.006087425630539656,2.1255111694335938,0.024584662169218063
216,Attribute (Appr.),east,B,B,True,5,right,164,165,[1245],[' right'],"  **Confirm with Landmarks:** In Figure 1, the red brick building with the yellow umbrellas is on the right. In Figure 2, we are looking at the side of this same red brick building and the grey building next to",[4053],93.5589599609375,1.5272953510284424,0.016324415802955627,-0.8478349447250366,-0.009062038734555244,-0.38262200355529785,-0.004089634865522385
216,Attribute (Appr.),east,B,B,True,6,right,222,223,[1245],[' right']," flank of the structures.
5.  **Conclusion:** Since Figure 2 shows the side of the buildings to the right of the North-facing side, it depicts the East side.

Answer: B",[4111],97.86727905273438,-0.06001266837120056,-0.0006132046109996736,-1.961441993713379,-0.020041856914758682,-0.43621039390563965,-0.004457162693142891
216,Attribute (Appr.),east,B,B,True,7,north,225,226,[4634],[' North']," structures.
5.  **Conclusion:** Since Figure 2 shows the side of the buildings to the right of the North-facing side, it depicts the East side.

Answer: B",[4114],99.3260498046875,-2.521899938583374,-0.02539011649787426,-3.364694118499756,-0.0338752418756485,-2.376873016357422,-0.023930005729198456
216,Attribute (Appr.),east,B,B,True,8,east,232,233,[6127],[' East'],"Conclusion:** Since Figure 2 shows the side of the buildings to the right of the North-facing side, it depicts the East side.

Answer: B",[4121],97.89529418945312,0.6265078783035278,0.006399775389581919,-0.41599443554878235,-0.0042493813671171665,0.1999497413635254,0.002042485633864999
220,MSR,southeast,C,B,False,0,right,224,225,[1245],[' right']," the kitchen area.
    -   The ""TV"" is mounted on the wall in Image 2, to the right of the indoor sofa.

2.  **Use the given directional clue:**
    -   “The lawn is",[6792],100.53058624267578,4.376209259033203,0.04353112354874611,-0.6330012083053589,-0.006296603009104729,-1.1740355491638184,-0.011678391136229038
220,MSR,southeast,C,B,False,1,north,251,252,[9897],[' north']," indoor sofa.

2.  **Use the given directional clue:**
    -   “The lawn is to the north of the outdoor sofa.”
        -   In Image 4, the outdoor sofa faces toward the lawn. So if",[6819],103.3065414428711,0.9699445962905884,0.009388995356857777,-3.1246819496154785,-0.03024669922888279,-2.9984052181243896,-0.02902434952557087
220,MSR,southeast,C,B,False,2,north,279,280,[9897],[' north']," sofa.”
        -   In Image 4, the outdoor sofa faces toward the lawn. So if the lawn is north, then the outdoor sofa is facing north.
        -   Therefore, the back of the outdoor sofa is south,",[6847],104.15968322753906,0.486000657081604,0.004665919113904238,-2.425323486328125,-0.0232846662402153,-2.121577739715576,-0.020368512719869614
220,MSR,southeast,C,B,False,3,north,287,288,[9897],[' north']," 4, the outdoor sofa faces toward the lawn. So if the lawn is north, then the outdoor sofa is facing north.
        -   Therefore, the back of the outdoor sofa is south, left is west, right is east.",[6855],98.16899108886719,0.09592316299676895,0.000977122806943953,-2.8739824295043945,-0.029275868088006973,-0.5566911697387695,-0.005670743528753519
220,MSR,southeast,C,B,False,4,south,302,303,[9514],[' south']," is north, then the outdoor sofa is facing north.
        -   Therefore, the back of the outdoor sofa is south, left is west, right is east.

3.  **Evaluate Option A: “The refrigerator is to the",[6870],102.50336456298828,-0.82015460729599,-0.008001245558261871,1.491373062133789,0.014549503102898598,-1.7557158470153809,-0.017128372564911842
220,MSR,southeast,C,B,False,5,left,304,305,[2047],[' left'],", then the outdoor sofa is facing north.
        -   Therefore, the back of the outdoor sofa is south, left is west, right is east.

3.  **Evaluate Option A: “The refrigerator is to the west of",[6872],105.38355255126953,-2.426743268966675,-0.023027723655104637,0.2608521282672882,0.002475264249369502,-0.3721427321434021,-0.0035313169937580824
220,MSR,southeast,C,B,False,6,west,306,307,[9422],[' west']," the outdoor sofa is facing north.
        -   Therefore, the back of the outdoor sofa is south, left is west, right is east.

3.  **Evaluate Option A: “The refrigerator is to the west of the lawn",[6874],97.66012573242188,-2.611605405807495,-0.02674177847802639,-0.4014996290206909,-0.004111193120479584,-2.1462295055389404,-0.021976517513394356
220,MSR,southeast,C,B,False,7,right,308,309,[1245],[' right']," sofa is facing north.
        -   Therefore, the back of the outdoor sofa is south, left is west, right is east.

3.  **Evaluate Option A: “The refrigerator is to the west of the lawn”**
",[6876],97.22039031982422,4.5938568115234375,0.04725198820233345,-0.7719505429267883,-0.00794021226465702,-0.05234122276306152,-0.0005383770330809057
220,MSR,southeast,C,B,False,8,east,310,311,[10663],[' east']," facing north.
        -   Therefore, the back of the outdoor sofa is south, left is west, right is east.

3.  **Evaluate Option A: “The refrigerator is to the west of the lawn”**
    -",[6878],92.29964447021484,2.8878581523895264,0.03128785640001297,-0.4662399888038635,-0.00505137350410223,-0.21147823333740234,-0.0022912139538675547
220,MSR,southeast,C,B,False,9,west,327,328,[9422],[' west'],", left is west, right is east.

3.  **Evaluate Option A: “The refrigerator is to the west of the lawn”**
    -   The refrigerator is indoors (Image 2), while the lawn is outdoors (Images",[6895],93.87418365478516,-3.0807018280029297,-0.03281734883785248,-0.7197027206420898,-0.007666673511266708,-1.2933636903762817,-0.013777629472315311
220,MSR,southeast,C,B,False,10,west,405,406,[9422],[' west']," to the patio. But without a clear compass orientation for the entire house, we can’t definitively say the fridge is west of the lawn. Also, from Image 2, the fridge is to the right (east?) of the living room",[6973],101.16500091552734,-0.8095341920852661,-0.008002117276191711,-0.6307082772254944,-0.006234451197087765,-1.9464404582977295,-0.019240254536271095
220,MSR,southeast,C,B,False,11,right,422,423,[1245],[' right'],"’t definitively say the fridge is west of the lawn. Also, from Image 2, the fridge is to the right (east?) of the living room if we assume standard orientation. Not strongly supported.

4.  **Evaluate Option",[6990],106.02433013916016,5.347655296325684,0.05043800175189972,-2.1360650062561035,-0.0201469324529171,-1.568199872970581,-0.014790943823754787
220,MSR,southeast,C,B,False,12,east,424,425,[58463],['east'],"ively say the fridge is west of the lawn. Also, from Image 2, the fridge is to the right (east?) of the living room if we assume standard orientation. Not strongly supported.

4.  **Evaluate Option B:",[6992],102.21760559082031,2.6324820518493652,0.025753704831004143,-1.6226205825805664,-0.01587417908012867,-0.49836644530296326,-0.0048755439929664135
220,MSR,southeast,C,B,False,13,left,473,474,[2047],[' left']," “When a person is sitting on the sofa facing the TV and watching TV, the dining table is on the person's left”**
    -   In Image 2, the indoor sofa faces the TV (which is on the right wall).",[7041],96.00609588623047,-2.7110419273376465,-0.02823822759091854,0.09341099858283997,0.0009729694575071335,1.0687339305877686,0.01113193854689598
220,MSR,southeast,C,B,False,14,right,495,496,[1245],[' right']," person's left”**
    -   In Image 2, the indoor sofa faces the TV (which is on the right wall). If you sit on the sofa facing the TV, your left would be",[7063],105.34996795654297,3.289415121078491,0.03122369386255741,-1.5110816955566406,-0.014343447051942348,-1.4231928586959839,-0.013509191572666168
220,MSR,southeast,C,B,False,15,left,509,510,[2047],[' left']," indoor sofa faces the TV (which is on the right wall). If you sit on the sofa facing the TV, your left would be",[7077],109.55322265625,-3.1940207481384277,-0.02915496751666069,0.46610456705093384,0.004254594910889864,1.4625225067138672,0.013349881395697594
222,MSR,northwest,A,,,0,right,230,231,[1245],[' right']," finally to the microwave with a view back to the dining room (Fig 6). This sequence represents a turn to the right (clockwise). Therefore, statement C is correct.

2.  **Determine the relative positions of objects:**",[8068],102.74821472167969,1.7899878025054932,0.01742110773921013,-0.5002859234809875,-0.004869047552347183,0.16506034135818481,0.0016064546070992947
222,MSR,northwest,A,,,1,right,278,279,[1245],[' right'],":**
    -   **Phone and Oven:** In Figure 3, a phone is visible on a counter to the right. In Figure 5, a Miele oven/coffee machine is shown. The phone is on a counter that is",[8116],94.8270492553711,6.632017612457275,0.06993803381919861,-0.28755423426628113,-0.003032407257705927,-0.8019461631774902,-0.008456934243440628
222,MSR,northwest,A,,,2,right,305,306,[1245],[' right']," Figure 5, a Miele oven/coffee machine is shown. The phone is on a counter that is to the right of the oven's location. If we assume the camera is facing north in Figure 2, then the phone (to",[8143],100.23189544677734,3.60345458984375,0.03595117852091789,-0.7758875489234924,-0.007740924600511789,0.25969433784484863,0.0025909352116286755
222,MSR,northwest,A,,,3,north,319,320,[9897],[' north']," The phone is on a counter that is to the right of the oven's location. If we assume the camera is facing north in Figure 2, then the phone (to the right) would be east. The oven is further to the right",[8157],105.64666748046875,-0.4066920280456543,-0.0038495489861816168,-2.837864398956299,-0.026861844584345818,-1.3741981983184814,-0.013007491827011108
222,MSR,northwest,A,,,4,right,331,332,[1245],[' right']," the oven's location. If we assume the camera is facing north in Figure 2, then the phone (to the right) would be east. The oven is further to the right in the sequence, so it would be southeast. This makes",[8169],97.30830383300781,3.2220263481140137,0.03311152383685112,-0.6518599987030029,-0.006698914337903261,0.009615063667297363,9.881031292025e-05
222,MSR,northwest,A,,,5,east,335,336,[10663],[' east'],". If we assume the camera is facing north in Figure 2, then the phone (to the right) would be east. The oven is further to the right in the sequence, so it would be southeast. This makes the phone northwest of",[8173],93.72602844238281,1.6764392852783203,0.01788659207522869,-0.7404524683952332,-0.007900179363787174,-1.1847906112670898,-0.012640998698771
222,MSR,northwest,A,,,6,right,343,344,[1245],[' right']," north in Figure 2, then the phone (to the right) would be east. The oven is further to the right in the sequence, so it would be southeast. This makes the phone northwest of the oven. So, statement A is",[8181],102.66687774658203,3.3306565284729004,0.0324413925409317,-0.2889856994152069,-0.0028147900011390448,-0.9316891431808472,-0.00907487515360117
222,MSR,northwest,A,,,7,southeast,352,353,[40080],[' southeast']," (to the right) would be east. The oven is further to the right in the sequence, so it would be southeast. This makes the phone northwest of the oven. So, statement A is likely correct.
    -   **D",[8190],94.01618194580078,2.066314697265625,0.021978287026286125,2.533900737762451,0.026951750740408897,-2.2278566360473633,-0.023696523159742355
222,MSR,northwest,A,,,8,northwest,358,359,[50488],[' northwest']," be east. The oven is further to the right in the sequence, so it would be southeast. This makes the phone northwest of the oven. So, statement A is likely correct.
    -   **Dining Table and Kitchen:** Figure",[8196],100.5468521118164,-3.170933246612549,-0.03153687343001366,-3.5774097442626953,-0.03557952865958214,0.21317017078399658,0.002120107877999544
222,MSR,northwest,A,,,9,left,429,430,[2047],[' left']," room. The dining room is adjacent to the kitchen. From the perspective of the kitchen, the dining room is to the left (west). If the kitchen is oriented with the sink facing north (as suggested by the window in Fig 4),",[8267],104.10572814941406,-3.974928855895996,-0.03818165510892868,-0.8497991561889648,-0.008162846788764,-0.4897547960281372,-0.004704398103058338
222,MSR,northwest,A,,,10,west,431,432,[10717],['west']," The dining room is adjacent to the kitchen. From the perspective of the kitchen, the dining room is to the left (west). If the kitchen is oriented with the sink facing north (as suggested by the window in Fig 4), then the",[8269],96.37287902832031,-2.5982890129089355,-0.026960790157318115,-0.014394879341125488,-0.00014936650404706597,-1.9239908456802368,-0.019964028149843216
222,MSR,northwest,A,,,11,north,442,443,[9897],[' north']," perspective of the kitchen, the dining room is to the left (west). If the kitchen is oriented with the sink facing north (as suggested by the window in Fig 4), then the dining room would be to the west. Statement B says",[8280],97.71286010742188,-0.8064224720001221,-0.008252982050180435,-2.8878700733184814,-0.029554657638072968,-1.8444528579711914,-0.018876254558563232
222,MSR,northwest,A,,,12,west,462,463,[9422],[' west']," with the sink facing north (as suggested by the window in Fig 4), then the dining room would be to the west. Statement B says the dining table is on the north side of the kitchen, which contradicts our analysis. Let's",[8300],93.82759094238281,-2.8770358562469482,-0.030663004145026207,0.30559098720550537,0.003256941679865122,-1.3040146827697754,-0.013897987082600594
222,MSR,northwest,A,,,13,north,473,474,[9897],[' north']," in Fig 4), then the dining room would be to the west. Statement B says the dining table is on the north side of the kitchen, which contradicts our analysis. Let's re-evaluate. If the camera turns right, and",[8311],94.08704376220703,-0.94474858045578,-0.010041218250989914,-4.050729751586914,-0.043053001165390015,-1.7684139013290405,-0.01879550889134407
222,MSR,northwest,A,,,14,right,495,496,[1245],[' right']," on the north side of the kitchen, which contradicts our analysis. Let's re-evaluate. If the camera turns right, and we start in the dining room, then move into the kitchen, the",[8333],104.51393127441406,1.218783974647522,0.011661449447274208,-0.9795197248458862,-0.009372144937515259,-0.4760202467441559,-0.004554610699415207
268,Positional Relationship (Reg.–Reg.),southwest,C,A,False,0,northwest,46,47,[50488],[' northwest']," and the given assumption.

1.  **Establish the orientation:** The problem states that the kitchen area is in the northwest corner of the room. In the second image, the kitchen is clearly visible in the background. This allows us to orient",[2695],97.5687026977539,-1.6723029613494873,-0.017139747738838196,-4.308436870574951,-0.044157981872558594,-3.044146776199341,-0.03120003268122673
268,Positional Relationship (Reg.–Reg.),southwest,C,A,False,1,north,81,82,[4634],[' North']," the kitchen is clearly visible in the background. This allows us to orient ourselves: the back-left of the second image is North, and the back-right is West.

2.  **Locate the entrance relative to the kitchen:** The first",[2730],96.99455261230469,-1.4393848180770874,-0.01483985222876072,-5.208878993988037,-0.05370279774069786,-2.044891834259033,-0.021082542836666107
268,Positional Relationship (Reg.–Reg.),southwest,C,A,False,2,west,88,89,[4171],[' West']," background. This allows us to orient ourselves: the back-left of the second image is North, and the back-right is West.

2.  **Locate the entrance relative to the kitchen:** The first image shows a hallway or entryway",[2737],92.92440032958984,0.6533394455909729,0.007030870765447617,-1.1412609815597534,-0.012281606905162334,-1.6843037605285645,-0.01812552660703659
268,Positional Relationship (Reg.–Reg.),southwest,C,A,False,3,northwest,173,174,[50488],[' northwest']," view towards the kitchen.

3.  **Determine the position of the entrance:** Since the kitchen is in the northwest, and the entrance hallway looks towards it, the entrance must be in the opposite direction. The opposite of northwest is southeast",[2822],98.46781921386719,-1.3323978185653687,-0.013531302101910114,-3.9100441932678223,-0.039708852767944336,-4.766940116882324,-0.04841114580631256
268,Positional Relationship (Reg.–Reg.),southwest,C,A,False,4,northwest,195,196,[50488],[' northwest']," in the northwest, and the entrance hallway looks towards it, the entrance must be in the opposite direction. The opposite of northwest is southeast.

4.  **Confirm with visual cues:** The first image shows the entrance area with artwork on the",[2844],98.57135009765625,-1.955887794494629,-0.01984235644340515,-3.7198150157928467,-0.03773728385567665,-2.7562828063964844,-0.02796231210231781
268,Positional Relationship (Reg.–Reg.),southwest,C,A,False,5,southeast,197,198,[40080],[' southeast']," northwest, and the entrance hallway looks towards it, the entrance must be in the opposite direction. The opposite of northwest is southeast.

4.  **Confirm with visual cues:** The first image shows the entrance area with artwork on the wall and",[2846],94.56915283203125,-0.179391011595726,-0.0018969294615089893,0.960789680480957,0.01015965174883604,2.322798252105713,0.02456190250813961
268,Positional Relationship (Reg.–Reg.),southwest,C,A,False,6,southeast,306,307,[40080],[' southeast'],"5.  **Conclusion:** Based on the orientation and the relative positions, the entrance to the room is located in the southeast corner.

Answer: A",[2955],103.09011840820312,-0.0901833176612854,-0.0008748007821850479,0.6995086073875427,0.0067854090593755245,0.24697625637054443,0.0023957316298037767
270,Positional Relationship (Reg.–Reg.),west,B,B,True,0,above,7,8,[3294],[' above'],"To determine the direction of the painting above the bed relative to the television, we analyze the spatial layout of the room:

1. The television is mounted on",[2659],91.79468536376953,-3.066910982131958,-0.03341054916381836,-0.41246297955513,-0.00449332082644105,0.10638678073883057,0.0011589644709601998
270,Positional Relationship (Reg.–Reg.),west,B,B,True,1,east,33,34,[10663],[' east']," bed relative to the television, we analyze the spatial layout of the room:

1. The television is mounted on the east wall of the living room, as stated.
2. The bed is located in a separate area of the room,",[2685],103.61483764648438,2.936910390853882,0.028344497084617615,-3.0895702838897705,-0.029817836359143257,-2.1375131607055664,-0.020629411563277245
270,Positional Relationship (Reg.–Reg.),west,B,B,True,2,above,67,68,[3294],[' above'],"
2. The bed is located in a separate area of the room, visible in the first image, with paintings hanging above its headboard.
3. From the perspective of the living room (second image), the bed area is to the",[2719],104.81644439697266,-1.9196436405181885,-0.018314337357878685,-0.4883228540420532,-0.004658838268369436,0.6857044696807861,0.0065419552847743034
270,Positional Relationship (Reg.–Reg.),west,B,B,True,3,left,92,93,[2047],[' left']," its headboard.
3. From the perspective of the living room (second image), the bed area is to the left when facing the television — which corresponds to the west direction.
4. Therefore, the painting above the bed is positioned",[2744],108.38917541503906,-4.009387016296387,-0.036990657448768616,-0.8540884852409363,-0.007879831828176975,-0.1351698637008667,-0.0012470789952203631
270,Positional Relationship (Reg.–Reg.),west,B,B,True,4,west,102,103,[9422],[' west']," of the living room (second image), the bed area is to the left when facing the television — which corresponds to the west direction.
4. Therefore, the painting above the bed is positioned to the west of the television.
5.",[2754],104.6119613647461,-1.3435227870941162,-0.012842917814850807,-0.16737553477287292,-0.0015999655006453395,0.38637226819992065,0.0036933852825313807
270,Positional Relationship (Reg.–Reg.),west,B,B,True,5,above,112,113,[3294],[' above']," area is to the left when facing the television — which corresponds to the west direction.
4. Therefore, the painting above the bed is positioned to the west of the television.
5. This spatial relationship holds regardless of exact room dimensions,",[2764],104.87165069580078,-2.2825002670288086,-0.02176470309495926,0.8442159295082092,0.00804999191313982,-0.4960910677909851,-0.004730459302663803
270,Positional Relationship (Reg.–Reg.),west,B,B,True,6,west,119,120,[9422],[' west']," the television — which corresponds to the west direction.
4. Therefore, the painting above the bed is positioned to the west of the television.
5. This spatial relationship holds regardless of exact room dimensions, based on standard orientation and visual alignment",[2771],103.70342254638672,-0.4925468862056732,-0.004749571904540062,-0.08760036528110504,-0.0008447201107628644,0.01904594898223877,0.0001836578594520688
278,Positional Relationship (Obj.–Reg.),west,D,D,True,0,left,25,26,[2047],[' left']," 1: The books are on the table in the first image.
Step 2: The table is to the left of the plant.
Step 3: The plant is in the corner of the room, near the wall.
",[2671],92.87316131591797,-5.1550374031066895,-0.05550621077418327,-0.14314550161361694,-0.0015413010260090232,-0.1957303285598755,-0.002107501495629549
278,Positional Relationship (Obj.–Reg.),west,D,D,True,1,right,59,60,[1245],[' right']," The plant is in the corner of the room, near the wall.
Step 4: The bedroom is to the right of the plant, as seen in the second image.
Step 5: Since the direction to enter the bedroom is",[2705],104.26515197753906,3.979365110397339,0.03816582262516022,-0.4302263855934143,-0.004126272164285183,-0.7694783210754395,-0.007380014285445213
278,Positional Relationship (Obj.–Reg.),west,D,D,True,2,east,84,85,[10663],[' east']," of the plant, as seen in the second image.
Step 5: Since the direction to enter the bedroom is east, the books are located to the west of the bedroom.
Answer: D",[2730],104.78004455566406,1.7646006345748901,0.016840999945998192,-1.0062609910964966,-0.00960355531424284,-1.6106235980987549,-0.01537147257477045
278,Positional Relationship (Obj.–Reg.),west,D,D,True,3,west,92,93,[9422],[' west']," second image.
Step 5: Since the direction to enter the bedroom is east, the books are located to the west of the bedroom.
Answer: D",[2738],107.77175903320312,-1.3572485446929932,-0.01259373128414154,0.800987184047699,0.007432254962623119,0.3378249406814575,0.003134633181616664
279,Positional Relationship (Obj.–Reg.),southwest,C,B,False,0,north,44,45,[9897],[' north']," images and the given orientation:

1. **Orientation Setup**: The problem states that when a person enters the restroom facing north, the toilet is at the center. This means the toilet is positioned such that the person is facing it directly upon entry",[2702],95.54523468017578,-0.8403753638267517,-0.00879557617008686,-2.61152720451355,-0.027332888916134834,-0.6388942003250122,-0.00668682437390089
279,Positional Relationship (Obj.–Reg.),southwest,C,B,False,1,left,112,113,[2047],[' left']," flooring leading to a room.
   - The second image shows the interior of the restroom, with the toilet on the left side and a white cabinet on the right side. The floor is tiled, and there is a visible switch on the wall",[2770],105.10585021972656,-4.676162242889404,-0.0444900281727314,0.4490400552749634,0.0042722648940980434,-1.5220857858657837,-0.014481456018984318
279,Positional Relationship (Obj.–Reg.),southwest,C,B,False,2,right,120,121,[1245],[' right']," - The second image shows the interior of the restroom, with the toilet on the left side and a white cabinet on the right side. The floor is tiled, and there is a visible switch on the wall near the cabinet.

3. **",[2778],98.54598236083984,3.2692904472351074,0.033175278455019,0.06732136011123657,0.0006831466453149915,-0.47751057147979736,-0.004845560993999243
279,Positional Relationship (Obj.–Reg.),southwest,C,B,False,3,right,167,168,[1245],[' right'],". **Positioning the Switch**:
   - In the second image, the switch is located on the wall to the right of the toilet (from the perspective of someone facing the toilet).
   - Since the person is facing north (t",[2825],109.40972900390625,4.929267406463623,0.045053280889987946,-1.5540908575057983,-0.01420432049781084,1.0629162788391113,0.009715006686747074
279,Positional Relationship (Obj.–Reg.),southwest,C,B,False,4,north,189,190,[9897],[' north']," to the right of the toilet (from the perspective of someone facing the toilet).
   - Since the person is facing north (towards the toilet), the right side corresponds to the east direction.

4. **Determining the Direction**:",[2847],112.15205383300781,-0.9803319573402405,-0.008741096593439579,-3.406125783920288,-0.03037060610949993,-1.7944703102111816,-0.016000334173440933
279,Positional Relationship (Obj.–Reg.),southwest,C,B,False,5,right,197,198,[1245],[' right']," the perspective of someone facing the toilet).
   - Since the person is facing north (towards the toilet), the right side corresponds to the east direction.

4. **Determining the Direction**:
   - The switch is on the",[2855],113.45732116699219,3.9356722831726074,0.034688569605350494,-1.0303713083267212,-0.009081576019525528,1.3755804300308228,0.012124210596084595
279,Positional Relationship (Obj.–Reg.),southwest,C,B,False,6,east,202,203,[10663],[' east']," the toilet).
   - Since the person is facing north (towards the toilet), the right side corresponds to the east direction.

4. **Determining the Direction**:
   - The switch is on the wall to the east of",[2860],104.82573699951172,1.5987491607666016,0.015251494944095612,-1.5545332431793213,-0.01482969056814909,0.2566893696784973,0.0024487245827913284
279,Positional Relationship (Obj.–Reg.),southwest,C,B,False,7,east,225,226,[10663],[' east']," the east direction.

4. **Determining the Direction**:
   - The switch is on the wall to the east of the toilet.
   - Given the options, the switch is located in the northeast direction relative to the toilet (",[2883],114.75122833251953,2.0213406085968018,0.017614979296922684,-2.0251083374023438,-0.017647814005613327,-0.3543481230735779,-0.003087968099862337
279,Positional Relationship (Obj.–Reg.),southwest,C,B,False,8,northeast,243,244,[39481],[' northeast']," is on the wall to the east of the toilet.
   - Given the options, the switch is located in the northeast direction relative to the toilet (center).

Answer: B",[2901],110.5445785522461,3.557141065597534,0.03217833861708641,-5.366602897644043,-0.04854695871472359,-0.15646779537200928,-0.0014154270756989717
280,Positional Relationship (Obj.–Reg.),east,B,B,True,0,west,43,44,[9422],[' west']," the room:

1.  **Identify the fireplace's location:** The problem states that the fireplace is on the west side of the living room. In the first image, the fireplace is clearly visible on the left wall.
2.",[2691],94.46090698242188,-4.677784442901611,-0.04952085018157959,-0.7645387649536133,-0.008093705400824547,-2.5956692695617676,-0.027478767558932304
280,Positional Relationship (Obj.–Reg.),east,B,B,True,1,left,62,63,[2047],[' left']," the fireplace is on the west side of the living room. In the first image, the fireplace is clearly visible on the left wall.
2.  **Locate the staircase:** In the second image, a large wooden staircase is visible on",[2710],97.64165496826172,-4.766507148742676,-0.04881633073091507,-0.661264181137085,-0.006772357504814863,-0.3851175606250763,-0.0039441934786736965
280,Positional Relationship (Obj.–Reg.),east,B,B,True,2,right,88,89,[1245],[' right'],".
2.  **Locate the staircase:** In the second image, a large wooden staircase is visible on the right side of the frame.
3.  **Determine the relative positions:** By observing the layout, the staircase is",[2736],89.99102783203125,2.6506004333496094,0.029454052448272705,-0.21416321396827698,-0.0023798285983502865,-0.596596896648407,-0.006629515439271927
280,Positional Relationship (Obj.–Reg.),east,B,B,True,3,west,136,137,[9422],[' west']," is on the wall opposite the fireplace.
4.  **Infer the direction:** If the fireplace is on the west wall, the wall directly opposite it must be the east wall.
5.  **Conclusion:** Since the staircase is",[2784],95.20225524902344,-4.38975191116333,-0.046109747141599655,-1.0326942205429077,-0.010847371071577072,-2.5755972862243652,-0.02705395221710205
280,Positional Relationship (Obj.–Reg.),east,B,B,True,4,east,147,148,[10663],[' east'],"  **Infer the direction:** If the fireplace is on the west wall, the wall directly opposite it must be the east wall.
5.  **Conclusion:** Since the staircase is on the wall opposite the fireplace, it is located on",[2795],88.22272491455078,2.5561275482177734,0.028973571956157684,-1.3011246919631958,-0.014748180285096169,1.6954936981201172,0.019218333065509796
280,Positional Relationship (Obj.–Reg.),east,B,B,True,5,east,173,174,[10663],[' east'],".
5.  **Conclusion:** Since the staircase is on the wall opposite the fireplace, it is located on the east side of the living room.

Answer: B",[2821],93.6769027709961,1.3719676733016968,0.014645741321146488,-0.915222704410553,-0.009769992902874947,0.18770718574523926,0.0020037724170833826
292,Attribute (Appr.),east,C,B,False,0,top,10,11,[1844],[' top'],"1. Figure 1 shows the items from a top-down perspective, with the Pickwick tea box on the left and the pumpkin on the right.
2. Figure ",[3898],93.08882141113281,-0.34624984860420227,-0.0037195642944425344,-4.532769680023193,-0.04869295284152031,-1.4085654020309448,-0.015131413005292416
292,Attribute (Appr.),east,C,B,False,1,left,22,23,[2047],[' left'],"1. Figure 1 shows the items from a top-down perspective, with the Pickwick tea box on the left and the pumpkin on the right.
2. Figure 2 shows the same items, but the pumpkin is now on",[3910],90.92337036132812,-4.147583484649658,-0.04561625421047211,-0.48674800992012024,-0.0053533874452114105,-1.0031954050064087,-0.011033416725695133
292,Attribute (Appr.),east,C,B,False,2,right,28,29,[1245],[' right'],"1 shows the items from a top-down perspective, with the Pickwick tea box on the left and the pumpkin on the right.
2. Figure 2 shows the same items, but the pumpkin is now on the left and the tea box",[3916],86.68727111816406,2.1111645698547363,0.02435380034148693,-0.356258749961853,-0.0041097006760537624,-1.6434669494628906,-0.018958572298288345
292,Attribute (Appr.),east,C,B,False,3,left,48,49,[2047],[' left']," the pumpkin on the right.
2. Figure 2 shows the same items, but the pumpkin is now on the left and the tea box is on the right.
3. This reversal of left and right indicates that the viewpoint has been",[3936],93.52647399902344,-2.834164619445801,-0.030303340405225754,0.5994744300842285,0.006409676279872656,0.8517085313796997,0.00910660345107317
292,Attribute (Appr.),east,C,B,False,4,right,56,57,[1245],[' right'],". Figure 2 shows the same items, but the pumpkin is now on the left and the tea box is on the right.
3. This reversal of left and right indicates that the viewpoint has been rotated 180 degrees.
",[3944],88.84353637695312,1.932011604309082,0.021746225655078888,1.7833683490753174,0.020073136314749718,-0.22865475714206696,-0.0025736792013049126
292,Attribute (Appr.),east,C,B,False,5,left,64,65,[2047],[' left'],", but the pumpkin is now on the left and the tea box is on the right.
3. This reversal of left and right indicates that the viewpoint has been rotated 180 degrees.
4. If Figure 1 represents the",[3952],101.67923736572266,-3.488058090209961,-0.03430452570319176,0.0733085423707962,0.000720978481695056,-1.105337381362915,-0.010870826430618763
292,Attribute (Appr.),east,C,B,False,6,right,66,67,[1245],[' right']," the pumpkin is now on the left and the tea box is on the right.
3. This reversal of left and right indicates that the viewpoint has been rotated 180 degrees.
4. If Figure 1 represents the north side",[3954],90.55980682373047,0.41715532541275024,0.004606407135725021,0.5161758065223694,0.0056998333893716335,-0.9049054980278015,-0.009992352686822414
292,Attribute (Appr.),east,C,B,False,7,north,89,90,[9897],[' north']," and right indicates that the viewpoint has been rotated 180 degrees.
4. If Figure 1 represents the north side, a 180-degree rotation would show the opposite side.
5. The side opposite to north is",[3977],95.5217056274414,-1.6556200981140137,-0.017332397401332855,-4.427708148956299,-0.04635290056467056,-2.6663131713867188,-0.02791316621005535
292,Attribute (Appr.),east,C,B,False,8,north,112,113,[9897],[' north']," the north side, a 180-degree rotation would show the opposite side.
5. The side opposite to north is south.
Answer: B",[4000],96.0679702758789,-1.9348104000091553,-0.020140014588832855,-1.9013762474060059,-0.019791988655924797,-1.1743297576904297,-0.012223946861922741
292,Attribute (Appr.),east,C,B,False,9,south,114,115,[9514],[' south']," side, a 180-degree rotation would show the opposite side.
5. The side opposite to north is south.
Answer: B",[4002],87.15282440185547,-0.28300774097442627,-0.003247258486226201,1.4116795063018799,0.016197748482227325,0.8823264837265015,0.010123900137841702
293,Attribute (Appr.),northwest,A,D,False,0,north,47,48,[9897],[' north']," and their positions.

1.  **Identify the reference side:** The problem states that Figure 1 shows the north side of the object. In this view, the black handle is on the right side of the coffee pot.
2",[3935],99.30142974853516,-2.5095720291137695,-0.025272265076637268,-3.957747459411621,-0.039855897426605225,-2.527406930923462,-0.025451868772506714
293,Attribute (Appr.),northwest,A,D,False,1,right,63,64,[1245],[' right']," problem states that Figure 1 shows the north side of the object. In this view, the black handle is on the right side of the coffee pot.
2.  **Analyze the second view:** In Figure 2, the black",[3951],96.4431381225586,1.5386652946472168,0.015954118221998215,-1.595076322555542,-0.016539033502340317,-0.22295048832893372,-0.0023117298260331154
293,Attribute (Appr.),northwest,A,D,False,2,left,93,94,[2047],[' left'],".
2.  **Analyze the second view:** In Figure 2, the black handle is now on the left side of the coffee pot.
3.  **Determine the rotation:** For the handle to move from the right",[3981],92.42369842529297,-2.581833600997925,-0.027934757992625237,0.835483193397522,0.009039707481861115,0.26055631041526794,0.0028191504534333944
293,Attribute (Appr.),northwest,A,D,False,3,right,117,118,[1245],[' right']," left side of the coffee pot.
3.  **Determine the rotation:** For the handle to move from the right side to the left side, the object must have been rotated. If you are looking at the north side and the handle",[4005],96.50296783447266,-1.2862597703933716,-0.013328706845641136,-1.4178653955459595,-0.014692453667521477,-1.7891850471496582,-0.01854020729660988
293,Attribute (Appr.),northwest,A,D,False,4,left,121,122,[2047],[' left']," coffee pot.
3.  **Determine the rotation:** For the handle to move from the right side to the left side, the object must have been rotated. If you are looking at the north side and the handle is on the right",[4009],86.57215118408203,0.6065589785575867,0.007006398402154446,0.833791971206665,0.009631180204451084,0.6036126613616943,0.006972365081310272
293,Attribute (Appr.),northwest,A,D,False,5,north,137,138,[9897],[' north']," to move from the right side to the left side, the object must have been rotated. If you are looking at the north side and the handle is on the right (east), rotating the object 180 degrees will bring the opposite side",[4025],100.16719055175781,-4.42260217666626,-0.04415220394730568,-3.0125484466552734,-0.030075201764702797,-2.582785129547119,-0.025784742087125778
293,Attribute (Appr.),northwest,A,D,False,6,right,145,146,[1245],[' right']," left side, the object must have been rotated. If you are looking at the north side and the handle is on the right (east), rotating the object 180 degrees will bring the opposite side into view.
4.  **",[4033],91.70001220703125,0.18827831745147705,0.002053198404610157,-1.8111836910247803,-0.019751181825995445,-0.4503953158855438,-0.004911616910248995
293,Attribute (Appr.),northwest,A,D,False,7,east,147,148,[58463],['east'],", the object must have been rotated. If you are looking at the north side and the handle is on the right (east), rotating the object 180 degrees will bring the opposite side into view.
4.  **Identify",[4035],96.10750579833984,0.8193492293357849,0.00852534081786871,-1.4277777671813965,-0.014856048859655857,-0.7048476934432983,-0.0073339506052434444
293,Attribute (Appr.),northwest,A,D,False,8,north,185,186,[9897],[' north']," side into view.
4.  **Identify the new side:** A 180-degree rotation from the north side reveals the south side. However, the options provided are Northwest, Northeast, East, and West. Let's re",[4073],96.2099838256836,-2.5598599910736084,-0.026607010513544083,-2.8120148181915283,-0.029227890074253082,-1.9506779909133911,-0.020275214686989784
293,Attribute (Appr.),northwest,A,D,False,9,south,189,190,[9514],[' south'],"
4.  **Identify the new side:** A 180-degree rotation from the north side reveals the south side. However, the options provided are Northwest, Northeast, East, and West. Let's re-evaluate the rotation",[4077],88.17621612548828,1.132145881652832,0.012839583680033684,0.8704342246055603,0.0098715303465724,-1.2404571771621704,-0.014067933894693851
293,Attribute (Appr.),northwest,A,D,False,10,northwest,198,199,[38100],[' Northwest']," side:** A 180-degree rotation from the north side reveals the south side. However, the options provided are Northwest, Northeast, East, and West. Let's re-evaluate the rotation.
5.  **Re-evaluate",[4086],91.97945404052734,-2.6541802883148193,-0.02885623089969158,-3.489744186401367,-0.03794047608971596,-3.0867838859558105,-0.033559493720531464
293,Attribute (Appr.),northwest,A,D,False,11,northeast,200,201,[43102],[' Northeast']," A 180-degree rotation from the north side reveals the south side. However, the options provided are Northwest, Northeast, East, and West. Let's re-evaluate the rotation.
5.  **Re-evaluate based on",[4088],83.60276794433594,-0.6396728754043579,-0.007651336025446653,-3.1343250274658203,-0.037490684539079666,-1.100409984588623,-0.013162363320589066
293,Attribute (Appr.),northwest,A,D,False,12,east,202,203,[6127],[' East'],"180-degree rotation from the north side reveals the south side. However, the options provided are Northwest, Northeast, East, and West. Let's re-evaluate the rotation.
5.  **Re-evaluate based on options:**",[4090],83.11343383789062,0.6488697528839111,0.0078070382587611675,0.6253269910812378,0.007523777429014444,0.26856529712677,0.003231310285627842
293,Attribute (Appr.),northwest,A,D,False,13,west,205,206,[4171],[' West'],"-degree rotation from the north side reveals the south side. However, the options provided are Northwest, Northeast, East, and West. Let's re-evaluate the rotation.
5.  **Re-evaluate based on options:** Let's consider",[4093],83.34101104736328,-0.9882750511169434,-0.011858208104968071,1.6734938621520996,0.020080076530575752,1.232757806777954,0.014791730791330338
293,Attribute (Appr.),northwest,A,D,False,14,north,249,250,[9897],[' north']," options:** Let's consider a 90-degree rotation. If we rotate the object 90 degrees clockwise from the north view, the side that was on the right (east) would become the front. The handle, which was on the",[4137],96.51358032226562,-3.2965879440307617,-0.03415672481060028,-3.936039924621582,-0.04078223928809166,-2.6092770099639893,-0.027035335078835487
293,Attribute (Appr.),northwest,A,D,False,15,right,258,259,[1245],[' right'],"-degree rotation. If we rotate the object 90 degrees clockwise from the north view, the side that was on the right (east) would become the front. The handle, which was on the east side, would now be on the right",[4146],96.98101806640625,0.8855495452880859,0.009131163358688354,-1.7795459032058716,-0.01834942400455475,0.07865920662879944,0.0008110783528536558
293,Attribute (Appr.),northwest,A,D,False,16,east,260,261,[58463],['east'],". If we rotate the object 90 degrees clockwise from the north view, the side that was on the right (east) would become the front. The handle, which was on the east side, would now be on the right. This",[4148],89.65448760986328,0.860282301902771,0.009595530107617378,-0.4248576760292053,-0.004738833289593458,0.145448237657547,0.0016223196871578693
293,Attribute (Appr.),northwest,A,D,False,17,east,274,275,[10663],[' east']," view, the side that was on the right (east) would become the front. The handle, which was on the east side, would now be on the right. This doesn't match Figure 2. If we rotate the object 9",[4162],97.70834350585938,0.5284051299095154,0.005407983902841806,-1.0825194120407104,-0.011079088784754276,-1.2879376411437988,-0.013181449845433235
293,Attribute (Appr.),northwest,A,D,False,18,right,282,283,[1245],[' right']," right (east) would become the front. The handle, which was on the east side, would now be on the right. This doesn't match Figure 2. If we rotate the object 90 degrees counter-clockwise from the north",[4170],96.58496856689453,1.915170431137085,0.01982886716723442,-0.4655970335006714,-0.004820595029741526,0.8647359609603882,0.008953111246228218
293,Attribute (Appr.),northwest,A,D,False,19,north,306,307,[9897],[' north']," right. This doesn't match Figure 2. If we rotate the object 90 degrees counter-clockwise from the north view, the side that was on the left (west) would become the front. The handle, which was on the",[4194],85.72574615478516,-3.4864063262939453,-0.04066930338740349,-3.7983646392822266,-0.04430833086371422,-2.605003833770752,-0.030387649312615395
293,Attribute (Appr.),northwest,A,D,False,20,left,315,316,[2047],[' left'],". If we rotate the object 90 degrees counter-clockwise from the north view, the side that was on the left (west) would become the front. The handle, which was on the east side, would now be on the left",[4203],91.0941162109375,-3.664174795150757,-0.04022405669093132,-0.09075188636779785,-0.0009962430922314525,-1.8660155534744263,-0.020484479144215584
293,Attribute (Appr.),northwest,A,D,False,21,west,317,318,[10717],['west']," we rotate the object 90 degrees counter-clockwise from the north view, the side that was on the left (west) would become the front. The handle, which was on the east side, would now be on the left. This",[4205],88.22032165527344,-1.5786793231964111,-0.01789473555982113,1.6374363899230957,0.018560761585831642,-0.07751470804214478,-0.0008786491234786808
293,Attribute (Appr.),northwest,A,D,False,22,east,331,332,[10663],[' east']," view, the side that was on the left (west) would become the front. The handle, which was on the east side, would now be on the left. This matches Figure 2. Therefore, Figure 2 shows the west side",[4219],89.36742401123047,1.5350708961486816,0.017177075147628784,-2.03694224357605,-0.022792894393205643,-2.109104633331299,-0.023600373417139053
293,Attribute (Appr.),northwest,A,D,False,23,left,339,340,[2047],[' left']," left (west) would become the front. The handle, which was on the east side, would now be on the left. This matches Figure 2. Therefore, Figure 2 shows the west side of the object.

Answer: D",[4227],90.80538940429688,0.5961050391197205,0.006564643699675798,1.1541751623153687,0.01271042600274086,1.3872640132904053,0.015277331694960594
293,Attribute (Appr.),northwest,A,D,False,24,west,354,355,[9422],[' west']," the east side, would now be on the left. This matches Figure 2. Therefore, Figure 2 shows the west side of the object.

Answer: D",[4242],93.03384399414062,-1.3525687456130981,-0.014538459479808807,1.996321678161621,0.021458014845848083,0.32243049144744873,0.0034657332580536604
297,MSR,north,D,D,True,0,north,36,37,[9897],[' north']," the given directional clue.

1.  **Establish Orientation:** The problem states that the door in Image 3 is north of the door in Image 6. This means if you are standing in the room and looking at the door in Image",[7864],96.4587631225586,-0.4042099714279175,-0.004190495237708092,-4.7555742263793945,-0.049301628023386,-3.155299186706543,-0.03271137923002243
297,MSR,north,D,D,True,1,left,73,74,[2047],[' left']," are standing in the room and looking at the door in Image 6, the door in Image 3 is to your left (assuming a standard map orientation where north is up). This helps us orient ourselves within the room.

2. ",[7901],99.8021469116211,-3.3870651721954346,-0.03393779695034027,-1.2897489070892334,-0.012923058122396469,0.09830701351165771,0.0009850190253928304
297,MSR,north,D,D,True,2,north,81,82,[9897],[' north']," the door in Image 6, the door in Image 3 is to your left (assuming a standard map orientation where north is up). This helps us orient ourselves within the room.

2.  **Locate Key Objects:**
   ",[7909],106.6509780883789,-0.5634576678276062,-0.005283192731440067,-5.554915428161621,-0.052084993571043015,-1.8807322978973389,-0.01763445883989334
297,MSR,north,D,D,True,3,south,223,224,[9514],[' south']," floor in Image 4 and 5.

3.  **Evaluate Option A: ""The clock is to the south of the sofa area.""**
    -   The sofa is in Image 1. The clock is in Image ",[8051],88.16194152832031,0.9766839146614075,0.01107829436659813,1.8106095790863037,0.02053731493651867,-0.6575829386711121,-0.007458807434886694
297,MSR,north,D,D,True,4,right,260,261,[1245],[' right']," is in Image 1. The clock is in Image 2. Image 2 appears to be a view to the right of Image 1. If we assume the camera pans from left to right (Image 1 -> Image 2),",[8088],99.28204345703125,2.417670488357544,0.024351539090275764,-1.4378961324691772,-0.014482942409813404,-0.21806421875953674,-0.002196411369368434
297,MSR,north,D,D,True,5,left,273,274,[2047],[' left'],". Image 2 appears to be a view to the right of Image 1. If we assume the camera pans from left to right (Image 1 -> Image 2), and the door in Image 3 is north of the door in",[8101],96.50027465820312,-5.339365005493164,-0.055330049246549606,-2.0146796703338623,-0.020877450704574585,-1.4516123533248901,-0.015042572282254696
297,MSR,north,D,D,True,6,right,275,276,[1245],[' right']," 2 appears to be a view to the right of Image 1. If we assume the camera pans from left to right (Image 1 -> Image 2), and the door in Image 3 is north of the door in Image ",[8103],93.66559600830078,1.2971701622009277,0.013848950155079365,-0.3228309452533722,-0.003446633229032159,0.23195040225982666,0.0024763671681284904
297,MSR,north,D,D,True,7,north,293,294,[9897],[' north']," the camera pans from left to right (Image 1 -> Image 2), and the door in Image 3 is north of the door in Image 6, we can infer a general layout. However, without a clear north-south axis",[8121],95.74224090576172,-0.9218189120292664,-0.009628131985664368,-4.305145740509033,-0.04496600106358528,-3.406095504760742,-0.03557568043470383
297,MSR,north,D,D,True,8,north,314,315,[9897],[' north']," 3 is north of the door in Image 6, we can infer a general layout. However, without a clear north-south axis for these specific objects, this is hard to confirm directly. Let's look at other options.

4",[8142],105.08082580566406,-0.6549591422080994,-0.006232907995581627,-3.2402524948120117,-0.03083581104874611,-2.685670852661133,-0.025558143854141235
297,MSR,north,D,D,True,9,northwest,352,353,[50488],[' northwest']," directly. Let's look at other options.

4.  **Evaluate Option B: ""The sofa is to the northwest of the white statue.""**
    -   The sofa is in Image 1. The white statue is in Image",[8180],99.37532043457031,-2.984976053237915,-0.030037397518754005,-4.111342430114746,-0.041371867060661316,-0.6268081665039062,-0.006307483185082674
297,MSR,north,D,D,True,10,north,496,497,[9897],[' north']," the floor. This statement is incorrect.

6.  **Evaluate Option D: ""The white statue is to the north of the fireplace.""**
    -   The white statue is in Image",[8324],91.43790435791016,-0.26168736815452576,-0.002861913526430726,-4.663272380828857,-0.05099933594465256,-0.9701389074325562,-0.010609811171889305
306,Positional Relationship (Reg.–Reg.),southwest,D,C,False,0,north,28,29,[9897],[' north']," statement, we must first establish the orientation of the room based on the provided images and the premise that the entrance door faces north.

1.  **Establish Room Orientation:** The second image shows the entrance door. If this door faces north,",[7839],88.14547729492188,-1.260931134223938,-0.01430511474609375,-3.2007229328155518,-0.03631182387471199,-0.8809103965759277,-0.009993824176490307
306,Positional Relationship (Reg.–Reg.),southwest,D,C,False,1,north,51,52,[9897],[' north']," faces north.

1.  **Establish Room Orientation:** The second image shows the entrance door. If this door faces north, then the wall it is on is the north wall. The dresser with the landscape painting is on the wall to the",[7862],91.88235473632812,-1.0044742822647095,-0.010932178236544132,-2.6206583976745605,-0.028521889820694923,-1.4677863121032715,-0.015974625945091248
306,Positional Relationship (Reg.–Reg.),southwest,D,C,False,2,north,61,62,[9897],[' north']," Orientation:** The second image shows the entrance door. If this door faces north, then the wall it is on is the north wall. The dresser with the landscape painting is on the wall to the right of the door, which would be the east",[7872],93.7232666015625,-1.2969433069229126,-0.013838008046150208,-3.218357563018799,-0.03433893993496895,-1.142134189605713,-0.01218623947352171
306,Positional Relationship (Reg.–Reg.),southwest,D,C,False,3,right,76,77,[1245],[' right'],", then the wall it is on is the north wall. The dresser with the landscape painting is on the wall to the right of the door, which would be the east wall. The arched doorway leading to the bathroom is on the wall opposite",[7887],97.6634750366211,2.6647891998291016,0.027285423129796982,-1.4557695388793945,-0.014905977062880993,-0.22097069025039673,-0.0022625725250691175
306,Positional Relationship (Reg.–Reg.),southwest,D,C,False,4,east,85,86,[10663],[' east']," north wall. The dresser with the landscape painting is on the wall to the right of the door, which would be the east wall. The arched doorway leading to the bathroom is on the wall opposite the dresser, which is the west wall.",[7896],96.0042495727539,3.8421401977539062,0.040020521730184555,-1.4925212860107422,-0.015546408481895924,0.7903587818145752,0.008232539519667625
306,Positional Relationship (Reg.–Reg.),southwest,D,C,False,5,west,107,108,[9422],[' west']," be the east wall. The arched doorway leading to the bathroom is on the wall opposite the dresser, which is the west wall. The bed is positioned against the wall opposite the entrance, which is the south wall.

2.  **",[7918],96.2845230102539,-2.537797451019287,-0.026357272639870644,-0.9004523754119873,-0.009351994842290878,-0.6648737192153931,-0.0069053019396960735
306,Positional Relationship (Reg.–Reg.),southwest,D,C,False,6,south,124,125,[9514],[' south']," opposite the dresser, which is the west wall. The bed is positioned against the wall opposite the entrance, which is the south wall.

2.  **Evaluate Option A:** This option states there are two table lamps on the north and south",[7935],97.43489074707031,0.25010234117507935,0.0025668663438409567,2.353722095489502,0.02415687032043934,0.6927109360694885,0.007109475322067738
306,Positional Relationship (Reg.–Reg.),southwest,D,C,False,7,north,146,147,[9897],[' north']," is the south wall.

2.  **Evaluate Option A:** This option states there are two table lamps on the north and south sides of the bed. The images show a lamp on a nightstand next to the head of the bed (",[7957],80.26008605957031,-0.5893257856369019,-0.007342700846493244,-1.5625567436218262,-0.01946866512298584,-2.662909507751465,-0.033178504556417465
306,Positional Relationship (Reg.–Reg.),southwest,D,C,False,8,south,148,149,[9514],[' south']," south wall.

2.  **Evaluate Option A:** This option states there are two table lamps on the north and south sides of the bed. The images show a lamp on a nightstand next to the head of the bed (on the",[7959],76.42831420898438,-0.04801693558692932,-0.0006282610702328384,0.3999117314815521,0.005232507362961769,0.5498429536819458,0.007194231264293194
306,Positional Relationship (Reg.–Reg.),southwest,D,C,False,9,south,173,174,[9514],[' south']," sides of the bed. The images show a lamp on a nightstand next to the head of the bed (on the south wall). There is no lamp visible on the other side of the bed or on the north side. Therefore, this statement",[7984],97.53450012207031,-0.1497650444507599,-0.0015355084324255586,0.440987765789032,0.004521351773291826,-0.36972442269325256,-0.0037907040677964687
306,Positional Relationship (Reg.–Reg.),southwest,D,C,False,10,north,191,192,[9897],[' north']," of the bed (on the south wall). There is no lamp visible on the other side of the bed or on the north side. Therefore, this statement is incorrect.

3.  **Evaluate Option B:** This option claims there are three",[8002],93.80521392822266,-0.5860589742660522,-0.006247616373002529,-1.4684022665023804,-0.015653738752007484,-2.5550036430358887,-0.027237331494688988
306,Positional Relationship (Reg.–Reg.),southwest,D,C,False,11,east,241,242,[10663],[' east']," and two paintings. The images show one window treatment (a Roman shade) and at least three paintings (one on the east wall, one above the bed, and a partial view of another). The count of curtains is incorrect. Therefore, this",[8052],88.16777801513672,1.2536611557006836,0.014219040051102638,-1.5040266513824463,-0.017058689147233963,-1.1109060049057007,-0.01259990967810154
306,Positional Relationship (Reg.–Reg.),southwest,D,C,False,12,above,245,246,[3294],[' above']," The images show one window treatment (a Roman shade) and at least three paintings (one on the east wall, one above the bed, and a partial view of another). The count of curtains is incorrect. Therefore, this statement is incorrect.",[8056],91.63754272460938,2.401838541030884,0.026210201904177666,0.5663072466850281,0.006179860793054104,-0.4392632246017456,-0.004793485626578331
306,Positional Relationship (Reg.–Reg.),southwest,D,C,False,13,northeast,287,288,[39481],[' northeast']," Therefore, this statement is incorrect.

4.  **Evaluate Option C:** This option states the certificate is to the northeast of the cross. The cross is on the south wall above the bed. The certificates are on the east wall. From",[8098],85.36457061767578,1.8034085035324097,0.02112595923244953,-4.6378397941589355,-0.05432979762554169,-0.5180960297584534,-0.0060692159458994865
306,Positional Relationship (Reg.–Reg.),southwest,D,C,False,14,south,297,298,[9514],[' south'],"  **Evaluate Option C:** This option states the certificate is to the northeast of the cross. The cross is on the south wall above the bed. The certificates are on the east wall. From the perspective of the cross, the east wall is",[8108],97.63066864013672,-1.030901312828064,-0.010559195652604103,1.5331518650054932,0.015703588724136353,0.48505115509033203,0.0049682254903018475
306,Positional Relationship (Reg.–Reg.),southwest,D,C,False,15,above,299,300,[3294],[' above'],"Evaluate Option C:** This option states the certificate is to the northeast of the cross. The cross is on the south wall above the bed. The certificates are on the east wall. From the perspective of the cross, the east wall is to its",[8110],97.71829223632812,1.784082293510437,0.01825740374624729,0.0006098151206970215,6.240542006707983e-06,-0.4608120918273926,-0.004715719725936651
306,Positional Relationship (Reg.–Reg.),southwest,D,C,False,16,east,308,309,[10663],[' east']," is to the northeast of the cross. The cross is on the south wall above the bed. The certificates are on the east wall. From the perspective of the cross, the east wall is to its left (east). Since the certificates are on",[8119],94.0479965209961,2.437018632888794,0.02591249905526638,-2.2365498542785645,-0.02378094010055065,0.6484934091567993,0.0068953451700508595
306,Positional Relationship (Reg.–Reg.),southwest,D,C,False,17,east,319,320,[10663],[' east']," on the south wall above the bed. The certificates are on the east wall. From the perspective of the cross, the east wall is to its left (east). Since the certificates are on the east wall and the cross is on the south wall",[8130],91.67739868164062,0.7779096364974976,0.008485293947160244,-1.3230006694793701,-0.014431045390665531,-0.015927433967590332,-0.00017373348237015307
306,Positional Relationship (Reg.–Reg.),southwest,D,C,False,18,left,324,325,[2047],[' left']," the bed. The certificates are on the east wall. From the perspective of the cross, the east wall is to its left (east). Since the certificates are on the east wall and the cross is on the south wall, the certificates are generally",[8135],94.41165161132812,-2.9635188579559326,-0.03138933330774307,-0.0209084153175354,-0.00022146011178847402,-1.2074754238128662,-0.012789474800229073
306,Positional Relationship (Reg.–Reg.),southwest,D,C,False,19,east,326,327,[58463],['east'],". The certificates are on the east wall. From the perspective of the cross, the east wall is to its left (east). Since the certificates are on the east wall and the cross is on the south wall, the certificates are generally to the",[8137],93.21769714355469,-0.47963762283325195,-0.0051453495398163795,-0.22916178405284882,-0.002458350732922554,-0.2560139298439026,-0.002746409038081765
306,Positional Relationship (Reg.–Reg.),southwest,D,C,False,20,east,334,335,[10663],[' east'],". From the perspective of the cross, the east wall is to its left (east). Since the certificates are on the east wall and the cross is on the south wall, the certificates are generally to the northeast of the cross. This statement appears",[8145],94.16825103759766,0.33246850967407227,0.0035305796191096306,-1.5433176755905151,-0.016388937830924988,-0.2478470802307129,-0.002631960203871131
306,Positional Relationship (Reg.–Reg.),southwest,D,C,False,21,south,342,343,[9514],[' south']," the east wall is to its left (east). Since the certificates are on the east wall and the cross is on the south wall, the certificates are generally to the northeast of the cross. This statement appears to be correct.

5. ",[8153],89.5093994140625,-1.1610405445098877,-0.012971158139407635,2.061671495437622,0.02303301729261875,-0.5306535959243774,-0.005928467959165573
306,Positional Relationship (Reg.–Reg.),southwest,D,C,False,22,northeast,351,352,[39481],[' northeast'],"). Since the certificates are on the east wall and the cross is on the south wall, the certificates are generally to the northeast of the cross. This statement appears to be correct.

5.  **Evaluate Option D:** This option states the",[8162],102.32075500488281,1.1885062456130981,0.011615495197474957,-3.4477767944335938,-0.0336957722902298,-1.244675874710083,-0.01216445118188858
306,Positional Relationship (Reg.–Reg.),southwest,D,C,False,23,southwest,380,381,[51206],[' southwest']," This statement appears to be correct.

5.  **Evaluate Option D:** This option states the bathroom is to the southwest of the bedroom. The bathroom is accessed through an arched doorway on the west wall of the bedroom. Therefore, the",[8191],82.894287109375,-1.8129805326461792,-0.021870994940400124,1.8941811323165894,0.022850563749670982,-0.821587085723877,-0.00991126336157322
306,Positional Relationship (Reg.–Reg.),southwest,D,C,False,24,west,396,397,[9422],[' west']," This option states the bathroom is to the southwest of the bedroom. The bathroom is accessed through an arched doorway on the west wall of the bedroom. Therefore, the bathroom is to the west of the bedroom, not the southwest. This statement is",[8207],94.17044830322266,-2.230914831161499,-0.023690178990364075,-0.02153599262237549,-0.00022869162785355002,-1.8357640504837036,-0.019494056701660156
306,Positional Relationship (Reg.–Reg.),southwest,D,C,False,25,west,409,410,[9422],[' west']," The bathroom is accessed through an arched doorway on the west wall of the bedroom. Therefore, the bathroom is to the west of the bedroom, not the southwest. This statement is incorrect.

Based on the analysis, only option C is consistent",[8220],99.30512237548828,-1.9148417711257935,-0.019282406195998192,-0.4181850552558899,-0.004211112856864929,-1.6938501596450806,-0.01705702766776085
306,Positional Relationship (Reg.–Reg.),southwest,D,C,False,26,southwest,416,417,[51206],[' southwest'],"ched doorway on the west wall of the bedroom. Therefore, the bathroom is to the west of the bedroom, not the southwest. This statement is incorrect.

Based on the analysis, only option C is consistent with the spatial layout of the room",[8227],93.29375457763672,-0.5759748220443726,-0.006173776928335428,2.527381658554077,0.02709057740867138,-2.840738534927368,-0.0304493959993124
307,Positional Relationship (Reg.–Reg.),west,D,C,False,0,left,13,14,[2047],[' left'],"1. The first image shows the dining table is located to the left of the wall with the mural and the light switch.
2. The second image shows that the outdoor lawn is visible",[2663],90.1750717163086,-3.7972991466522217,-0.042110297828912735,-0.25551724433898926,-0.0028335684910416603,-0.6801142692565918,-0.00754215382039547
307,Positional Relationship (Reg.–Reg.),west,D,C,False,1,right,43,44,[1245],[' right']," mural and the light switch.
2. The second image shows that the outdoor lawn is visible through a window to the right of the mural.
3. This establishes that the dining table is to the left of the lawn from the viewer's",[2693],88.1683349609375,3.4357242584228516,0.03896778076887131,-1.4290674924850464,-0.016208399087190628,-1.3847547769546509,-0.015705805271863937
307,Positional Relationship (Reg.–Reg.),west,D,C,False,2,left,60,61,[2047],[' left']," is visible through a window to the right of the mural.
3. This establishes that the dining table is to the left of the lawn from the viewer's perspective.
4. The problem states the switch is on the west side of the",[2710],87.80247497558594,-3.8011417388916016,-0.04329196736216545,-0.7527758479118347,-0.008573515340685844,-0.00150299072265625,-1.7117863535531797e-05
307,Positional Relationship (Reg.–Reg.),west,D,C,False,3,west,81,82,[9422],[' west']," is to the left of the lawn from the viewer's perspective.
4. The problem states the switch is on the west side of the mural. Since the switch is on the same wall as the mural, this wall faces west.
5",[2731],89.29267120361328,-2.405698537826538,-0.026941724121570587,-0.20402488112449646,-0.00228490075096488,-2.0730905532836914,-0.02321680448949337
307,Positional Relationship (Reg.–Reg.),west,D,C,False,4,west,102,103,[9422],[' west']," is on the west side of the mural. Since the switch is on the same wall as the mural, this wall faces west.
5. If the wall with the mural faces west, then the direction to the left of the mural (where",[2752],93.77955627441406,-1.4064574241638184,-0.014997484162449837,-0.4720548689365387,-0.005033664871007204,-1.7759816646575928,-0.018937833607196808
307,Positional Relationship (Reg.–Reg.),west,D,C,False,5,west,114,115,[9422],[' west']," is on the same wall as the mural, this wall faces west.
5. If the wall with the mural faces west, then the direction to the left of the mural (where the dining table is) is south.

Answer: C",[2764],87.80708312988281,-2.5636749267578125,-0.02919667586684227,-0.5880376696586609,-0.006696927361190319,-1.2523009777069092,-0.014261958189308643
307,Positional Relationship (Reg.–Reg.),west,D,C,False,6,left,121,122,[2047],[' left']," mural, this wall faces west.
5. If the wall with the mural faces west, then the direction to the left of the mural (where the dining table is) is south.

Answer: C",[2771],98.25447082519531,-4.195043563842773,-0.042695701122283936,-0.5900334119796753,-0.0060051558539271355,1.1871898174285889,0.012082806788384914
307,Positional Relationship (Reg.–Reg.),west,D,C,False,7,south,133,134,[9514],[' south']," wall with the mural faces west, then the direction to the left of the mural (where the dining table is) is south.

Answer: C",[2783],86.7671890258789,-0.7654424905776978,-0.008821796625852585,2.7031266689300537,0.031153788790106773,1.259924292564392,0.014520745724439621
311,Positional Relationship (Obj.–Reg.),southeast,D,C,False,0,right,14,15,[1245],[' right'],"Step 1: In Figure 2, the staircase is on the right side of the image, and the coffee table is in the center-left area of the living room. The problem states that",[2672],100.06692504882812,3.5786046981811523,0.03576211258769035,-1.004040002822876,-0.01003368478268385,-0.9487950801849365,-0.009481605142354965
311,Positional Relationship (Obj.–Reg.),southeast,D,C,False,1,north,49,50,[9897],[' north']," in the center-left area of the living room. The problem states that the direction from the coffee table to the staircase is north.
Step 2: This means that the right side of the image in Figure 2 is north, and the",[2707],104.94368743896484,1.5057880878448486,0.014348533935844898,-3.8724021911621094,-0.036899808794260025,-0.7613906860351562,-0.007255231030285358
311,Positional Relationship (Obj.–Reg.),southeast,D,C,False,2,right,60,61,[1245],[' right']," problem states that the direction from the coffee table to the staircase is north.
Step 2: This means that the right side of the image in Figure 2 is north, and the left side is south. The top of the image is",[2718],106.57874298095703,3.7956535816192627,0.03561360761523247,-1.519545316696167,-0.014257489703595638,0.17010831832885742,0.0015960810706019402
311,Positional Relationship (Obj.–Reg.),southeast,D,C,False,3,north,70,71,[9897],[' north']," the staircase is north.
Step 2: This means that the right side of the image in Figure 2 is north, and the left side is south. The top of the image is east, and the bottom is west.
Step",[2728],97.40489959716797,1.6869256496429443,0.017318693920969963,-4.4796953201293945,-0.04599045217037201,-1.1481962203979492,-0.011787869036197662
311,Positional Relationship (Obj.–Reg.),southeast,D,C,False,4,left,74,75,[2047],[' left'],".
Step 2: This means that the right side of the image in Figure 2 is north, and the left side is south. The top of the image is east, and the bottom is west.
Step 3: In",[2732],93.18521881103516,-4.093297481536865,-0.04392646625638008,0.3950898051261902,0.004239833448082209,-0.1669202446937561,-0.001791273825801909
311,Positional Relationship (Obj.–Reg.),southeast,D,C,False,5,south,77,78,[9514],[' south']," 2: This means that the right side of the image in Figure 2 is north, and the left side is south. The top of the image is east, and the bottom is west.
Step 3: In Figure 1",[2735],93.02752685546875,-1.6619082689285278,-0.017864692956209183,1.411041021347046,0.015167994424700737,-0.32021355628967285,-0.00344213773496449
311,Positional Relationship (Obj.–Reg.),southeast,D,C,False,6,top,80,81,[1844],[' top']," This means that the right side of the image in Figure 2 is north, and the left side is south. The top of the image is east, and the bottom is west.
Step 3: In Figure 1, the pool",[2738],102.726318359375,0.4722897410392761,0.004597553517669439,-5.194316864013672,-0.05056461691856384,-2.327716112136841,-0.022659393027424812
311,Positional Relationship (Obj.–Reg.),southeast,D,C,False,7,east,85,86,[10663],[' east']," side of the image in Figure 2 is north, and the left side is south. The top of the image is east, and the bottom is west.
Step 3: In Figure 1, the pool table is visible through the",[2743],97.95316314697266,2.0153911113739014,0.02057504840195179,-2.5952818393707275,-0.026495130732655525,-0.7120397090911865,-0.0072691855020821095
311,Positional Relationship (Obj.–Reg.),southeast,D,C,False,8,bottom,89,90,[5445],[' bottom']," in Figure 2 is north, and the left side is south. The top of the image is east, and the bottom is west.
Step 3: In Figure 1, the pool table is visible through the doorway, which is",[2747],91.23836517333984,-0.3094041049480438,-0.003391162259504199,4.453747749328613,0.04881441965699196,0.39424461126327515,0.004321039654314518
311,Positional Relationship (Obj.–Reg.),southeast,D,C,False,9,west,91,92,[9422],[' west']," 2 is north, and the left side is south. The top of the image is east, and the bottom is west.
Step 3: In Figure 1, the pool table is visible through the doorway, which is to the",[2749],90.70179748535156,-3.041942596435547,-0.0335378423333168,1.2344597578048706,0.01361009106040001,-1.4893110990524292,-0.01641986332833767
311,Positional Relationship (Obj.–Reg.),southeast,D,C,False,10,right,116,117,[1245],[' right'],".
Step 3: In Figure 1, the pool table is visible through the doorway, which is to the right of the French doors. Since the right side of the image in Figure 2 is north, the pool table is located",[2774],101.93444061279297,3.4135780334472656,0.03348797559738159,-3.051269054412842,-0.029933642596006393,0.2281387746334076,0.002238093176856637
311,Positional Relationship (Obj.–Reg.),southeast,D,C,False,11,right,124,125,[1245],[' right']," 1, the pool table is visible through the doorway, which is to the right of the French doors. Since the right side of the image in Figure 2 is north, the pool table is located to the north of the sofa lounge area",[2782],104.43647003173828,1.3591219186782837,0.013013863004744053,-1.9166661500930786,-0.018352460116147995,0.5692857503890991,0.0054510245099663734
311,Positional Relationship (Obj.–Reg.),southeast,D,C,False,12,north,134,135,[9897],[' north']," doorway, which is to the right of the French doors. Since the right side of the image in Figure 2 is north, the pool table is located to the north of the sofa lounge area.
Step 4: The pool table is",[2792],95.22406768798828,0.6905186176300049,0.007251513656228781,-5.250234603881836,-0.055135585367679596,-1.2547554969787598,-0.013176873326301575
311,Positional Relationship (Obj.–Reg.),southeast,D,C,False,13,north,143,144,[9897],[' north']," French doors. Since the right side of the image in Figure 2 is north, the pool table is located to the north of the sofa lounge area.
Step 4: The pool table is also slightly to the left of the staircase,",[2801],101.76285552978516,1.1757367849349976,0.011553692631423473,-4.825281143188477,-0.047416917979717255,-0.9137660264968872,-0.008979367092251778
311,Positional Relationship (Obj.–Reg.),southeast,D,C,False,14,left,163,164,[2047],[' left']," is located to the north of the sofa lounge area.
Step 4: The pool table is also slightly to the left of the staircase, which means it is slightly to the west of the north direction.
Step 5: Therefore,",[2821],109.9351806640625,-2.867802143096924,-0.02608630061149597,0.9446051716804504,0.00859238300472498,-0.6261754631996155,-0.005695860367268324
311,Positional Relationship (Obj.–Reg.),southeast,D,C,False,15,west,175,176,[9422],[' west'],"Step 4: The pool table is also slightly to the left of the staircase, which means it is slightly to the west of the north direction.
Step 5: Therefore, the pool table is located to the northwest of the sofa lounge",[2833],105.96180725097656,-1.6105811595916748,-0.015199638903141022,0.6099785566329956,0.005756588652729988,-0.7729663848876953,-0.007294764276593924
311,Positional Relationship (Obj.–Reg.),southeast,D,C,False,16,north,178,179,[9897],[' north'],": The pool table is also slightly to the left of the staircase, which means it is slightly to the west of the north direction.
Step 5: Therefore, the pool table is located to the northwest of the sofa lounge area.
",[2836],110.9979019165039,0.7510827779769897,0.006766639184206724,-5.145659446716309,-0.04635816812515259,-2.694208860397339,-0.024272611364722252
311,Positional Relationship (Obj.–Reg.),southeast,D,C,False,17,northwest,195,196,[50488],[' northwest']," is slightly to the west of the north direction.
Step 5: Therefore, the pool table is located to the northwest of the sofa lounge area.
Answer: C",[2853],106.67913055419922,-1.3775670528411865,-0.012913182377815247,-2.2349274158477783,-0.020949997007846832,-1.577223300933838,-0.014784741215407848
313,Attribute (Appr.),northwest,D,C,False,0,southwest,31,32,[51206],[' southwest']," explanation:

1.  **Analyze Figure 1:** The prompt states that Figure 1 is photographed from the southwest. In this view, we see the side of the wooden beams and the ends of the concrete blocks. The light source",[3927],91.33380889892578,-3.1701536178588867,-0.03470953181385994,0.4477032423019409,0.004901834763586521,-0.3009413182735443,-0.003294960828498006
313,Attribute (Appr.),northwest,D,C,False,1,upper,62,63,[8156],[' upper']," see the side of the wooden beams and the ends of the concrete blocks. The light source appears to be coming from the upper left, casting shadows towards the lower right.
2.  **Analyze Figure 2:** In Figure 2",[3958],91.2074203491211,0.6267917156219482,0.006872157100588083,-5.878742218017578,-0.06445464491844177,-0.8607826828956604,-0.009437638334929943
313,Attribute (Appr.),northwest,D,C,False,2,left,63,64,[2047],[' left']," the side of the wooden beams and the ends of the concrete blocks. The light source appears to be coming from the upper left, casting shadows towards the lower right.
2.  **Analyze Figure 2:** In Figure 2,",[3959],94.90178680419922,-4.3463239669799805,-0.045798126608133316,-3.1116912364959717,-0.03278854116797447,-0.38983917236328125,-0.004107817076146603
313,Attribute (Appr.),northwest,D,C,False,3,lower,69,70,[4570],[' lower']," and the ends of the concrete blocks. The light source appears to be coming from the upper left, casting shadows towards the lower right.
2.  **Analyze Figure 2:** In Figure 2, the perspective has shifted. We",[3965],87.37834930419922,0.0490545928478241,0.0005614044493995607,2.897455930709839,0.03315988555550575,-1.1060781478881836,-0.012658491730690002
313,Attribute (Appr.),northwest,D,C,False,4,right,70,71,[1245],[' right']," the ends of the concrete blocks. The light source appears to be coming from the upper left, casting shadows towards the lower right.
2.  **Analyze Figure 2:** In Figure 2, the perspective has shifted. We are",[3966],88.92933654785156,1.978471279144287,0.0222476776689291,1.1112909317016602,0.012496336363255978,-2.1868627071380615,-0.02459101565182209
313,Attribute (Appr.),northwest,D,C,False,5,top,101,102,[1844],[' top'],"Analyze Figure 2:** In Figure 2, the perspective has shifted. We are now looking more directly at the top surfaces of the concrete blocks and the top edge of the wooden beams. The black markings on the wood are now clearly visible",[3997],103.9770278930664,1.9618573188781738,0.018868179991841316,-4.836467742919922,-0.04651477187871933,0.8410019278526306,0.008088343776762486
313,Attribute (Appr.),northwest,D,C,False,6,top,109,110,[1844],[' top']," 2, the perspective has shifted. We are now looking more directly at the top surfaces of the concrete blocks and the top edge of the wooden beams. The black markings on the wood are now clearly visible on the top surface.
3.",[4005],98.09326934814453,1.8195931911468506,0.01854962296783924,-4.074455738067627,-0.04153654724359512,0.5537488460540771,0.005645125638693571
313,Attribute (Appr.),northwest,D,C,False,7,top,128,129,[1844],[' top']," the concrete blocks and the top edge of the wooden beams. The black markings on the wood are now clearly visible on the top surface.
3.  **Determine the Rotation:** To go from the view in Figure 1 (southwest",[4024],98.63119506835938,2.1957058906555176,0.022261779755353928,-3.895275354385376,-0.039493340998888016,0.25375601649284363,0.0025727765168994665
313,Attribute (Appr.),northwest,D,C,False,8,southwest,151,153,"[64240, 10717]","['south', 'west']"," the top surface.
3.  **Determine the Rotation:** To go from the view in Figure 1 (southwest) to the view in Figure 2, the camera must have moved around the object. The object itself appears to have","[4047, 4048]",93.25155639648438,-3.595191240310669,-0.03855368494987488,-0.10273221135139465,-0.0011016675271093845,-1.6530346870422363,-0.01772661693394184
313,Attribute (Appr.),northwest,D,C,False,9,southwest,204,205,[51206],[' southwest']," the camera has moved to a new position. If we imagine the object is stationary and the camera moves, moving from the southwest to a position where we see the top surfaces more directly would involve moving towards the north or east.
4. ",[4100],100.60863494873047,-4.189896583557129,-0.04164549708366394,-1.1607186794281006,-0.011536968871951103,-1.9259860515594482,-0.019143346697092056
313,Attribute (Appr.),northwest,D,C,False,10,top,212,213,[1844],[' top'],". If we imagine the object is stationary and the camera moves, moving from the southwest to a position where we see the top surfaces more directly would involve moving towards the north or east.
4.  **Compare the Views:** In Figure ",[4108],99.89684295654297,1.7570242881774902,0.017588386312127113,-2.145169734954834,-0.021473849192261696,1.7877098321914673,0.01789555884897709
313,Attribute (Appr.),northwest,D,C,False,11,north,221,222,[9897],[' north']," the camera moves, moving from the southwest to a position where we see the top surfaces more directly would involve moving towards the north or east.
4.  **Compare the Views:** In Figure 1, the left side of the structure is",[4117],95.95779418945312,-0.2797784209251404,-0.0029156403616070747,-4.165002822875977,-0.04340452700853348,-1.6753418445587158,-0.01745915412902832
313,Attribute (Appr.),northwest,D,C,False,12,east,223,224,[10663],[' east']," moves, moving from the southwest to a position where we see the top surfaces more directly would involve moving towards the north or east.
4.  **Compare the Views:** In Figure 1, the left side of the structure is more prominent",[4119],96.1303482055664,1.9944753646850586,0.020747613161802292,-0.186449334025383,-0.0019395470153540373,1.1366852521896362,0.011824415996670723
313,Attribute (Appr.),northwest,D,C,False,13,left,240,241,[2047],[' left']," would involve moving towards the north or east.
4.  **Compare the Views:** In Figure 1, the left side of the structure is more prominent. In Figure 2, the right side of the structure is more prominent, and",[4136],97.19999694824219,-5.424553871154785,-0.0558081679046154,-0.9875193238258362,-0.01015966385602951,-0.5362465381622314,-0.0055169397965073586
313,Attribute (Appr.),northwest,D,C,False,14,right,255,256,[1245],[' right']," the Views:** In Figure 1, the left side of the structure is more prominent. In Figure 2, the right side of the structure is more prominent, and we are looking down on it. This suggests a rotation of the camera around",[4151],101.57650756835938,4.479365348815918,0.04409843683242798,1.0322622060775757,0.010162411257624626,-1.4848575592041016,-0.014618120156228542
313,Attribute (Appr.),northwest,D,C,False,15,southwest,290,291,[51206],[' southwest']," are looking down on it. This suggests a rotation of the camera around the object. If Figure 1 is from the southwest, a 90-degree clockwise rotation of the camera's viewpoint would place it in the southeast. A 18",[4186],100.92547607421875,-3.7535555362701416,-0.03719135746359825,-1.0042624473571777,-0.00995053444057703,-1.6438438892364502,-0.016287699341773987
313,Attribute (Appr.),northwest,D,C,False,16,southeast,309,310,[40080],[' southeast']," 1 is from the southwest, a 90-degree clockwise rotation of the camera's viewpoint would place it in the southeast. A 180-degree rotation would place it in the northeast. A 90-degree counter-clockwise rotation",[4205],93.72607421875,1.2119288444519043,0.012930541299283504,1.6460272073745728,0.017562106251716614,1.5243488550186157,0.016263872385025024
313,Attribute (Appr.),northwest,D,C,False,17,northeast,323,324,[39481],[' northeast']," of the camera's viewpoint would place it in the southeast. A 180-degree rotation would place it in the northeast. A 90-degree counter-clockwise rotation would place it in the northwest.
5.  **Identify",[4219],85.83018493652344,2.1940460205078125,0.02556263841688633,-1.533691167831421,-0.017868902534246445,-0.9607712626457214,-0.011193862184882164
313,Attribute (Appr.),northwest,D,C,False,18,northwest,339,340,[50488],[' northwest'],"0-degree rotation would place it in the northeast. A 90-degree counter-clockwise rotation would place it in the northwest.
5.  **Identify the Correct Direction:** Looking at the arrangement, Figure 2 shows the opposite side",[4235],85.58089447021484,-0.048033833503723145,-0.0005612681852653623,-0.173517644405365,-0.0020275278948247433,-1.5706260204315186,-0.018352530896663666
313,Attribute (Appr.),northwest,D,C,False,19,right,379,380,[1245],[' right']," arrangement, Figure 2 shows the opposite side of the structure compared to Figure 1. The blocks that were on the right in Figure 1 are now on the left in Figure 2, and vice-versa. This indicates a 1",[4275],100.69207763671875,4.086869239807129,0.04058779403567314,-1.7679444551467896,-0.017557930201292038,-2.3557138442993164,-0.023395225405693054
313,Attribute (Appr.),northwest,D,C,False,20,left,388,389,[2047],[' left']," of the structure compared to Figure 1. The blocks that were on the right in Figure 1 are now on the left in Figure 2, and vice-versa. This indicates a 180-degree change in perspective. If the",[4284],94.87384033203125,-2.296105146408081,-0.024201666936278343,0.4987660050392151,0.005257150158286095,-0.41119384765625,-0.004334112163633108
313,Attribute (Appr.),northwest,D,C,False,21,southwest,416,417,[51206],[' southwest'],"2, and vice-versa. This indicates a 180-degree change in perspective. If the starting point is southwest, a 180-degree rotation leads to the northeast.

Answer: C",[4312],98.59113311767578,-3.6313962936401367,-0.036832887679338455,-1.3316861391067505,-0.013507159426808357,-0.9273951053619385,-0.009406475350260735
313,Attribute (Appr.),northwest,D,C,False,22,northeast,428,429,[39481],[' northeast'],"80-degree change in perspective. If the starting point is southwest, a 180-degree rotation leads to the northeast.

Answer: C",[4324],91.76818084716797,1.2946200370788574,0.014107504859566689,-2.0330381393432617,-0.0221540629863739,-0.7190538644790649,-0.007835546508431435
315,Attribute (Appr.),northeast,A,A,True,0,left,79,80,[2047],[' left']," The large ""TUBORG"" logo is upright and centered. The text ""10 STK"" is on the left side of the pack (from the viewer's perspective). The top of the cans is visible at the top of the image",[3968],95.00240325927734,-5.672507286071777,-0.0597090907394886,0.30560216307640076,0.0032167835161089897,0.21722841262817383,0.0022865571081638336
315,Attribute (Appr.),northeast,A,A,True,1,top,92,93,[1844],[' top']," The text ""10 STK"" is on the left side of the pack (from the viewer's perspective). The top of the cans is visible at the top of the image.

2.  **Identify key features in Figure ",[3981],100.75244140625,1.5222551822662354,0.01510886661708355,-4.967073440551758,-0.04929978400468826,-1.2473984956741333,-0.012380826286971569
315,Attribute (Appr.),northeast,A,A,True,2,top,100,101,[1844],[' top']," is on the left side of the pack (from the viewer's perspective). The top of the cans is visible at the top of the image.

2.  **Identify key features in Figure 2:** Figure 2 shows a different",[3989],100.78292083740234,-0.12147434055805206,-0.0012053068494424224,-2.9179306030273438,-0.02895263023674488,-1.2016003131866455,-0.011922658421099186
315,Attribute (Appr.),northeast,A,A,True,3,right,142,143,[1245],[' right'],":** Figure 2 shows a different angle of the same pack. The ""TUBORG"" logo is now on the right side and appears rotated. The ""10 STK"" text is visible on the top surface of the pack, near",[4031],100.63573455810547,3.7731375694274902,0.0374930202960968,0.31170016527175903,0.003097310895100236,-0.21112145483493805,-0.00209787767380476
315,Attribute (Appr.),northeast,A,A,True,4,top,160,161,[1844],[' top'],""" logo is now on the right side and appears rotated. The ""10 STK"" text is visible on the top surface of the pack, near the right edge. The tops of the cans are clearly visible, indicating we are looking down",[4049],99.36610412597656,1.8294248580932617,0.018410954624414444,-5.381969928741455,-0.05416303500533104,-1.1205673217773438,-0.011277158744633198
315,Attribute (Appr.),northeast,A,A,True,5,right,168,169,[1245],[' right']," and appears rotated. The ""10 STK"" text is visible on the top surface of the pack, near the right edge. The tops of the cans are clearly visible, indicating we are looking down at the pack from an elevated angle.",[4057],98.97174835205078,3.645320415496826,0.03683193027973175,-1.2418395280838013,-0.012547413818538189,-1.1290754079818726,-0.011408057995140553
315,Attribute (Appr.),northeast,A,A,True,6,right,247,248,[1245],[' right']," In Figure 1, the front face is directly visible. In Figure 2, the front face has moved to the right, and the top surface is now prominently displayed. This suggests that Figure 2 is viewing the object from a position that",[4136],96.31360626220703,3.109799861907959,0.03228827193379402,0.015345752239227295,0.0001593310880707577,-0.21598294377326965,-0.0022424967028200626
315,Attribute (Appr.),northeast,A,A,True,7,top,251,252,[1844],[' top'],", the front face is directly visible. In Figure 2, the front face has moved to the right, and the top surface is now prominently displayed. This suggests that Figure 2 is viewing the object from a position that is to the right",[4140],106.55569458007812,1.1982405185699463,0.011245204135775566,-3.1886231899261475,-0.02992447465658188,0.40150511264801025,0.0037680305540561676
315,Attribute (Appr.),northeast,A,A,True,8,right,275,276,[1245],[' right']," top surface is now prominently displayed. This suggests that Figure 2 is viewing the object from a position that is to the right and slightly above the position of Figure 1.

4.  **Map to cardinal directions:** If Figure 1",[4164],98.82720947265625,1.790534257888794,0.01811782643198967,-0.6925733089447021,-0.007007921114563942,0.26473522186279297,0.002678768476471305
315,Attribute (Appr.),northeast,A,A,True,9,above,278,279,[3294],[' above']," now prominently displayed. This suggests that Figure 2 is viewing the object from a position that is to the right and slightly above the position of Figure 1.

4.  **Map to cardinal directions:** If Figure 1 is the """,[4167],102.93799591064453,1.5516711473464966,0.015073842369019985,-3.1644763946533203,-0.030741577968001366,0.8104197978973389,0.007872892543673515
315,Attribute (Appr.),northeast,A,A,True,10,north,303,304,[59810],['north']," the position of Figure 1.

4.  **Map to cardinal directions:** If Figure 1 is the ""north side"" (front), then moving clockwise around the object would correspond to moving towards the east. Since Figure 2 shows",[4192],102.15937042236328,-1.5011279582977295,-0.01469398196786642,-4.037649154663086,-0.03952304273843765,-2.9195423126220703,-0.02857831120491028
315,Attribute (Appr.),northeast,A,A,True,11,east,321,322,[10663],[' east']," Figure 1 is the ""north side"" (front), then moving clockwise around the object would correspond to moving towards the east. Since Figure 2 shows the front face shifted to the right and the top surface, it represents a view from the",[4210],97.30403900146484,2.130901575088501,0.02189941518008709,-0.4884398579597473,-0.005019728560000658,0.6410158276557922,0.0065877619199454784
315,Attribute (Appr.),northeast,A,A,True,12,right,334,335,[1245],[' right']," moving clockwise around the object would correspond to moving towards the east. Since Figure 2 shows the front face shifted to the right and the top surface, it represents a view from the northeast direction relative to the north-facing view in Figure 1.",[4223],100.89353942871094,1.1327139139175415,0.01122682262212038,-0.6520481109619141,-0.006462734192609787,0.00993126630783081,9.843312727753073e-05
315,Attribute (Appr.),northeast,A,A,True,13,top,337,338,[1844],[' top']," the object would correspond to moving towards the east. Since Figure 2 shows the front face shifted to the right and the top surface, it represents a view from the northeast direction relative to the north-facing view in Figure 1.

5.",[4226],101.71949005126953,1.3335614204406738,0.013110185973346233,-3.0605404376983643,-0.030088042840361595,0.8668469786643982,0.008521935902535915
315,Attribute (Appr.),northeast,A,A,True,14,northeast,346,347,[39481],[' northeast'],". Since Figure 2 shows the front face shifted to the right and the top surface, it represents a view from the northeast direction relative to the north-facing view in Figure 1.

5.  **Conclusion:** Based on the clockwise rotation",[4235],106.98780822753906,0.7620977163314819,0.0071232202462852,-3.9839303493499756,-0.03723723813891411,0.27799123525619507,0.00259834504686296
315,Attribute (Appr.),northeast,A,A,True,15,north,351,352,[9897],[' north']," shows the front face shifted to the right and the top surface, it represents a view from the northeast direction relative to the north-facing view in Figure 1.

5.  **Conclusion:** Based on the clockwise rotation and the visibility of the",[4240],105.2444839477539,-3.5727596282958984,-0.03394724056124687,-3.2622270584106445,-0.03099665604531765,-2.229311943054199,-0.021182220429182053
315,Attribute (Appr.),northeast,A,A,True,16,top,376,377,[1844],[' top'],"-facing view in Figure 1.

5.  **Conclusion:** Based on the clockwise rotation and the visibility of the top surface, Figure 2 corresponds to the northeast side of the object relative to Figure 1 being the north side.

",[4265],105.04950714111328,1.5613455772399902,0.014862949959933758,-1.8654083013534546,-0.017757421359419823,-0.15841591358184814,-0.0015080119483172894
315,Attribute (Appr.),northeast,A,A,True,17,northeast,385,386,[39481],[' northeast'],".  **Conclusion:** Based on the clockwise rotation and the visibility of the top surface, Figure 2 corresponds to the northeast side of the object relative to Figure 1 being the north side.

Answer: A",[4274],106.19879150390625,0.418060839176178,0.003936587367206812,-2.635633945465088,-0.024817928671836853,-0.646624743938446,-0.006088814698159695
315,Attribute (Appr.),northeast,A,A,True,18,north,397,398,[9897],[' north']," visibility of the top surface, Figure 2 corresponds to the northeast side of the object relative to Figure 1 being the north side.

Answer: A",[4286],99.37102508544922,-2.370434045791626,-0.02385437861084938,-2.392103433609009,-0.024072444066405296,-1.336565375328064,-0.013450252823531628
351,Positional Relationship (Cam.–Cam.),northeast,C,C,True,0,north,40,41,[4634],[' North']," relationship between the objects in both images.

1.  **Establish the initial orientation:** The first photo is taken facing North. In this view, the backpack is on the floor, and a table with a green base is to its left (",[2542],100.44258880615234,-1.9341118335723877,-0.01925589330494404,-3.8681719303131104,-0.03851127251982689,-1.4409050941467285,-0.014345559291541576
351,Positional Relationship (Cam.–Cam.),northeast,C,C,True,1,left,63,64,[2047],[' left']," facing North. In this view, the backpack is on the floor, and a table with a green base is to its left (West).
2.  **Identify the new perspective:** The second photo shows the same backpack, but from",[2565],93.1800765991211,-5.857495307922363,-0.0628620982170105,-0.8618627190589905,-0.0092494310811162,-0.5778228044509888,-0.00620114104822278
351,Positional Relationship (Cam.–Cam.),northeast,C,C,True,2,west,65,66,[22581],['West'],". In this view, the backpack is on the floor, and a table with a green base is to its left (West).
2.  **Identify the new perspective:** The second photo shows the same backpack, but from a different",[2567],96.82251739501953,-4.421134948730469,-0.04566226154565811,-0.8830851316452026,-0.009120658971369267,-1.669168472290039,-0.017239466309547424
351,Positional Relationship (Cam.–Cam.),northeast,C,C,True,3,right,161,162,[1245],[' right']," the camera is close to the backpack and the table. In the second photo, the camera has moved back and to the right relative to the backpack's position in the first frame. The backpack, which was central, is now on the right side",[2663],98.76708984375,3.357527494430542,0.0339943952858448,-1.475411295890808,-0.014938288368284702,-0.20464295148849487,-0.0020719750318676233
351,Positional Relationship (Cam.–Cam.),northeast,C,C,True,4,right,184,185,[1245],[' right']," the right relative to the backpack's position in the first frame. The backpack, which was central, is now on the right side of the frame.
4.  **Determine the new direction:** Since the camera moved to the right (",[2686],98.60938262939453,3.9528021812438965,0.040085457265377045,0.7432917356491089,0.007537738420069218,-0.49376240372657776,-0.00500725582242012
351,Positional Relationship (Cam.–Cam.),northeast,C,C,True,5,right,207,208,[1245],[' right']," the right side of the frame.
4.  **Determine the new direction:** Since the camera moved to the right (East) and pulled back, it is now looking towards the Northeast. The objects that were in front (North)",[2709],101.58255767822266,1.6972278356552124,0.01670786738395691,-1.9097896814346313,-0.018800370395183563,0.7133309245109558,0.007022179197520018
351,Positional Relationship (Cam.–Cam.),northeast,C,C,True,6,east,209,210,[35139],['East']," side of the frame.
4.  **Determine the new direction:** Since the camera moved to the right (East) and pulled back, it is now looking towards the Northeast. The objects that were in front (North) are now",[2711],95.05242919921875,0.6544846892356873,0.006885512266308069,-1.9996955394744873,-0.021037817001342773,0.8358044624328613,0.008793088607490063
351,Positional Relationship (Cam.–Cam.),northeast,C,C,True,7,northeast,221,222,[43102],[' Northeast']," the new direction:** Since the camera moved to the right (East) and pulled back, it is now looking towards the Northeast. The objects that were in front (North) are now to the left and further away, and the view has shifted",[2723],102.25719451904297,2.0273890495300293,0.01982637122273445,-3.3455042839050293,-0.03271656483411789,-0.18779844045639038,-0.0018365303985774517
351,Positional Relationship (Cam.–Cam.),northeast,C,C,True,8,north,230,231,[24420],['North']," the right (East) and pulled back, it is now looking towards the Northeast. The objects that were in front (North) are now to the left and further away, and the view has shifted to include what was previously to the right (",[2732],92.30801391601562,-1.7548190355300903,-0.019010473042726517,-3.838808536529541,-0.041586946696043015,-2.5520129203796387,-0.027646711096167564
351,Positional Relationship (Cam.–Cam.),northeast,C,C,True,9,left,236,237,[2047],[' left']," pulled back, it is now looking towards the Northeast. The objects that were in front (North) are now to the left and further away, and the view has shifted to include what was previously to the right (East).
5. ",[2738],96.8717269897461,-3.836258888244629,-0.03960143029689789,-0.43894195556640625,-0.004531166981905699,-1.0800472497940063,-0.011149251833558083
351,Positional Relationship (Cam.–Cam.),northeast,C,C,True,10,right,253,254,[1245],[' right']," (North) are now to the left and further away, and the view has shifted to include what was previously to the right (East).
5.  **Conclusion:** The shift in perspective from a close-up, north-facing view to a",[2755],96.00391387939453,3.071916103363037,0.03199782222509384,-1.327447533607483,-0.013827014714479446,-1.360910415649414,-0.01417557243257761
351,Positional Relationship (Cam.–Cam.),northeast,C,C,True,11,east,255,256,[35139],['East'],") are now to the left and further away, and the view has shifted to include what was previously to the right (East).
5.  **Conclusion:** The shift in perspective from a close-up, north-facing view to a wider view",[2757],94.06283569335938,1.0739108324050903,0.011416951194405556,-0.68702632188797,-0.007303908467292786,0.3970261812210083,0.004220861475914717
351,Positional Relationship (Cam.–Cam.),northeast,C,C,True,12,north,273,274,[9897],[' north']," was previously to the right (East).
5.  **Conclusion:** The shift in perspective from a close-up, north-facing view to a wider view that includes the area to the east indicates the camera is now pointing Northeast.

Answer:",[2775],104.64771270751953,-1.8234684467315674,-0.017424829304218292,-3.204230546951294,-0.030619213357567787,-3.213080644607544,-0.03070378303527832
351,Positional Relationship (Cam.–Cam.),northeast,C,C,True,13,east,286,287,[10663],[' east'],"Conclusion:** The shift in perspective from a close-up, north-facing view to a wider view that includes the area to the east indicates the camera is now pointing Northeast.

Answer: C",[2788],96.88835906982422,0.5018205046653748,0.0051793684251606464,-1.4351885318756104,-0.014812806621193886,-0.08046233654022217,-0.0008304644143208861
351,Positional Relationship (Cam.–Cam.),northeast,C,C,True,14,northeast,293,294,[43102],[' Northeast']," a close-up, north-facing view to a wider view that includes the area to the east indicates the camera is now pointing Northeast.

Answer: C",[2795],92.01148986816406,0.6462198495864868,0.007023251615464687,-1.7685662508010864,-0.019221145659685135,0.1715867519378662,0.0018648405093699694
352,Positional Relationship (Cam.–Cam.),north,C,C,True,0,west,34,35,[9422],[' west']," second picture, we analyze the spatial relationship between the two images:

1. In the first image, the camera faces west, showing a couch on the left, an office chair in the center, and a desk on the right.
2",[2535],106.4405517578125,-2.4780735969543457,-0.023281292989850044,-2.1561954021453857,-0.02025727368891239,-2.0928456783294678,-0.01966210827231407
352,Positional Relationship (Cam.–Cam.),north,C,C,True,1,left,41,42,[2047],[' left']," relationship between the two images:

1. In the first image, the camera faces west, showing a couch on the left, an office chair in the center, and a desk on the right.
2. The second image shows a close",[2542],100.85908508300781,-5.870741367340088,-0.05820736289024353,0.02857336401939392,0.00028329985798336565,0.09250450134277344,0.0009171657729893923
352,Positional Relationship (Cam.–Cam.),north,C,C,True,2,right,55,56,[1245],[' right']," the camera faces west, showing a couch on the left, an office chair in the center, and a desk on the right.
2. The second image shows a close-up of the desk with a laptop, monitor, and various items,",[2556],98.19747924804688,1.2331252098083496,0.012557605281472206,0.007309556007385254,7.443731010425836e-05,-0.6420597434043884,-0.006538454443216324
352,Positional Relationship (Cam.–Cam.),north,C,C,True,3,right,100,101,[1245],[' right']," and various items, indicating the camera is now focused on the desk area.
3. Since the desk was on the right side of the first image (west-facing view), turning to face the desk directly means rotating 90 degrees to the",[2601],106.25614929199219,1.6508560180664062,0.015536569058895111,-1.3821927309036255,-0.0130081195384264,-0.8026531934738159,-0.0075539457611739635
352,Positional Relationship (Cam.–Cam.),north,C,C,True,4,west,107,108,[10717],['west']," is now focused on the desk area.
3. Since the desk was on the right side of the first image (west-facing view), turning to face the desk directly means rotating 90 degrees to the right.
4. Rotating",[2608],105.40155029296875,-3.224864959716797,-0.030595991760492325,-2.1800973415374756,-0.020683731883764267,-2.6080245971679688,-0.02474370226264
352,Positional Relationship (Cam.–Cam.),north,C,C,True,5,right,125,126,[1245],[' right']," side of the first image (west-facing view), turning to face the desk directly means rotating 90 degrees to the right.
4. Rotating 90 degrees to the right from west points the camera north.
5. Therefore",[2626],106.4703140258789,1.6601982116699219,0.015593062154948711,-1.589156985282898,-0.014925822615623474,0.6790242791175842,0.00637759268283844
352,Positional Relationship (Cam.–Cam.),north,C,C,True,6,right,138,139,[1245],[' right']," the desk directly means rotating 90 degrees to the right.
4. Rotating 90 degrees to the right from west points the camera north.
5. Therefore, the camera in the second image is facing north.

Answer",[2639],111.52770233154297,0.8146836757659912,0.007304765284061432,-0.290202796459198,-0.0026020691730082035,0.8105827569961548,0.0072679948061704636
352,Positional Relationship (Cam.–Cam.),north,C,C,True,7,west,140,141,[9422],[' west']," directly means rotating 90 degrees to the right.
4. Rotating 90 degrees to the right from west points the camera north.
5. Therefore, the camera in the second image is facing north.

Answer: C",[2641],107.71041107177734,-1.71750009059906,-0.01594553515315056,-1.0232449769973755,-0.009499963372945786,-1.332939863204956,-0.01237521879374981
352,Positional Relationship (Cam.–Cam.),north,C,C,True,8,north,144,145,[9897],[' north'],"90 degrees to the right.
4. Rotating 90 degrees to the right from west points the camera north.
5. Therefore, the camera in the second image is facing north.

Answer: C",[2645],97.89644622802734,0.8787657022476196,0.008976481854915619,-2.1331348419189453,-0.021789707243442535,0.0315016508102417,0.0003217854246031493
352,Positional Relationship (Cam.–Cam.),north,C,C,True,9,north,159,160,[9897],[' north']," degrees to the right from west points the camera north.
5. Therefore, the camera in the second image is facing north.

Answer: C",[2660],85.10694885253906,0.19844770431518555,0.0023317451123148203,-0.06292808055877686,-0.0007394000422209501,0.35097265243530273,0.004123901017010212
354,Positional Relationship (Cam.–Cam.),northeast,A,D,False,0,right,26,27,[1245],[' right']," In the first photo, the camera faces the couch from a slightly angled front-left perspective, with the coffee table to the right and a trash can to the left.
2. The second photo shows a more direct frontal view of the same couch",[2525],99.98623657226562,3.9564924240112305,0.03957036882638931,0.013368263840675354,0.00013370104716159403,-1.5299906730651855,-0.015302012674510479
354,Positional Relationship (Cam.–Cam.),northeast,A,D,False,1,left,33,34,[2047],[' left']," faces the couch from a slightly angled front-left perspective, with the coffee table to the right and a trash can to the left.
2. The second photo shows a more direct frontal view of the same couch, now revealing a fire extinguisher",[2532],97.55154418945312,-3.328702926635742,-0.03412250429391861,0.3348809778690338,0.0034328619949519634,-1.9877289533615112,-0.020376192405819893
354,Positional Relationship (Cam.–Cam.),northeast,A,D,False,2,right,72,73,[1245],[' right']," the same couch, now revealing a fire extinguisher and wall outlets behind it — indicating the camera has moved closer and shifted rightward relative to the couch.
3. Since “north” is defined as directly in front during the first photo,",[2571],105.95874786376953,4.692923545837402,0.044290099292993546,-0.511497974395752,-0.004827331285923719,1.1474276781082153,0.010829003527760506
354,Positional Relationship (Cam.–Cam.),northeast,A,D,False,3,north,84,85,[59810],['north']," outlets behind it — indicating the camera has moved closer and shifted rightward relative to the couch.
3. Since “north” is defined as directly in front during the first photo, moving the camera to the right (toward the coffee table",[2583],110.13062286376953,-1.5815205574035645,-0.014360407367348671,-4.329987525939941,-0.03931683674454689,-1.6162259578704834,-0.014675536192953587
354,Positional Relationship (Cam.–Cam.),northeast,A,D,False,4,right,102,103,[1245],[' right'],".
3. Since “north” is defined as directly in front during the first photo, moving the camera to the right (toward the coffee table side) and forward corresponds to a southeast direction relative to the original position.
4.",[2601],110.42050170898438,3.576061487197876,0.032385848462581635,-0.7326928973197937,-0.00663547869771719,1.4418476819992065,0.013057789765298367
354,Positional Relationship (Cam.–Cam.),northeast,A,D,False,5,southeast,116,117,[40080],[' southeast']," during the first photo, moving the camera to the right (toward the coffee table side) and forward corresponds to a southeast direction relative to the original position.
4. This shift aligns with the change in viewpoint: from left-front to",[2615],112.50572204589844,3.8933768272399902,0.03460603207349777,2.2964000701904297,0.020411407575011253,1.850532054901123,0.016448337584733963
354,Positional Relationship (Cam.–Cam.),northeast,A,D,False,6,left,138,139,[2047],[' left']," to a southeast direction relative to the original position.
4. This shift aligns with the change in viewpoint: from left-front to center-front, which is a southeast movement if north is forward.
5. Therefore, the camera’s new",[2637],108.25372314453125,-5.618553161621094,-0.05190170928835869,-1.2862789630889893,-0.011882076039910316,-3.2812905311584473,-0.030311109498143196
354,Positional Relationship (Cam.–Cam.),northeast,A,D,False,7,southeast,147,148,[40080],[' southeast'],".
4. This shift aligns with the change in viewpoint: from left-front to center-front, which is a southeast movement if north is forward.
5. Therefore, the camera’s new position relative to the original is southeast.

",[2646],117.03226470947266,1.0759509801864624,0.009193627163767815,0.2490549087524414,0.0021280876826494932,0.4007943272590637,0.003424648195505142
354,Positional Relationship (Cam.–Cam.),northeast,A,D,False,8,north,150,151,[9897],[' north'],". This shift aligns with the change in viewpoint: from left-front to center-front, which is a southeast movement if north is forward.
5. Therefore, the camera’s new position relative to the original is southeast.

Answer: D",[2649],114.56394958496094,-2.709225654602051,-0.023648152127861977,-4.843651294708252,-0.042279016226530075,-1.9462519884109497,-0.016988346353173256
354,Positional Relationship (Cam.–Cam.),northeast,A,D,False,9,southeast,169,170,[40080],[' southeast']," is a southeast movement if north is forward.
5. Therefore, the camera’s new position relative to the original is southeast.

Answer: D",[2668],99.59297180175781,2.0028109550476074,0.020109962671995163,1.2074757814407349,0.012124106287956238,1.6742315292358398,0.016810739412903786
359,MSR,southwest,D,C,False,0,north,17,18,[9897],[' north'],"Let's analyze the spatial relationships based on the given orientation: going up the stairs faces north.

1. In image 4, we see the staircase. The direction upward is north, so the base of",[7836],102.6404037475586,-0.6459850072860718,-0.0062936716713011265,-3.4143314361572266,-0.03326498344540596,-1.5165544748306274,-0.014775414019823074
359,MSR,southwest,D,C,False,1,north,36,37,[9897],[' north']," going up the stairs faces north.

1. In image 4, we see the staircase. The direction upward is north, so the base of the stairs is south, and the top is north.
2. Image 2 shows the",[7855],106.72920227050781,-0.29264986515045166,-0.002741985023021698,-2.9473164081573486,-0.027614900842308998,-1.87172269821167,-0.01753711886703968
359,MSR,southwest,D,C,False,2,south,45,46,[9514],[' south'],". In image 4, we see the staircase. The direction upward is north, so the base of the stairs is south, and the top is north.
2. Image 2 shows the pool table area. From the perspective of someone",[7864],100.87480163574219,-2.286346673965454,-0.02266519144177437,1.799860954284668,0.017842523753643036,-1.0901366472244263,-0.010806827805936337
359,MSR,southwest,D,C,False,3,top,49,50,[1844],[' top'],"4, we see the staircase. The direction upward is north, so the base of the stairs is south, and the top is north.
2. Image 2 shows the pool table area. From the perspective of someone at the base of",[7868],107.25403594970703,2.2720446586608887,0.021183768287301064,-3.4117023944854736,-0.031809546053409576,-0.8704870939254761,-0.00811612419784069
359,MSR,southwest,D,C,False,4,north,51,52,[9897],[' north']," we see the staircase. The direction upward is north, so the base of the stairs is south, and the top is north.
2. Image 2 shows the pool table area. From the perspective of someone at the base of the stairs",[7870],91.35299682617188,0.5824191570281982,0.006375479511916637,-1.7694013118743896,-0.019368836656212807,-1.1029177904129028,-0.012073143385350704
359,MSR,southwest,D,C,False,5,north,79,80,[9897],[' north'],". Image 2 shows the pool table area. From the perspective of someone at the base of the stairs (facing north), the pool table is to the left — which would be west. But since the stairs go up north, and the",[7898],100.24072265625,-0.17109587788581848,-0.001706850016489625,-2.7962899208068848,-0.027895748615264893,-1.1816469430923462,-0.01178809255361557
359,MSR,southwest,D,C,False,6,left,87,88,[2047],[' left']," area. From the perspective of someone at the base of the stairs (facing north), the pool table is to the left — which would be west. But since the stairs go up north, and the pool table is in a room that appears",[7906],109.7723159790039,-3.667323350906372,-0.033408455550670624,-0.7388773560523987,-0.006730998866260052,0.05637103319168091,0.0005135268438607454
359,MSR,southwest,D,C,False,7,west,92,93,[9422],[' west']," of someone at the base of the stairs (facing north), the pool table is to the left — which would be west. But since the stairs go up north, and the pool table is in a room that appears to be behind or to",[7911],96.53317260742188,-2.0771820545196533,-0.021517805755138397,-0.28898540139198303,-0.0029936383944004774,-0.9540435075759888,-0.009883063845336437
359,MSR,southwest,D,C,False,8,north,100,101,[9897],[' north']," (facing north), the pool table is to the left — which would be west. But since the stairs go up north, and the pool table is in a room that appears to be behind or to the side when facing up the stairs,",[7919],101.44730377197266,-0.26513856649398804,-0.0026135595981031656,-3.133406162261963,-0.03088703192770481,-2.6557905673980713,-0.026179015636444092
359,MSR,southwest,D,C,False,9,bottom,157,158,[5445],[' bottom'],"3. Looking at image 3, the living room with sofas and large windows is visible. If you’re at the bottom of the stairs facing north, the living room is to your right — east.
4. Image 5 shows the",[7976],108.52950286865234,-3.6912126541137695,-0.03401114419102669,5.257760047912598,0.0484454445540905,0.15679049491882324,0.0014446808490902185
359,MSR,southwest,D,C,False,10,north,162,163,[9897],[' north']," 3, the living room with sofas and large windows is visible. If you’re at the bottom of the stairs facing north, the living room is to your right — east.
4. Image 5 shows the kitchen/dining area.",[7981],103.6357421875,-0.46566593647003174,-0.00449329474940896,-2.7044551372528076,-0.02609577588737011,-1.3623734712600708,-0.01314578764140606
359,MSR,southwest,D,C,False,11,right,170,171,[1245],[' right']," and large windows is visible. If you’re at the bottom of the stairs facing north, the living room is to your right — east.
4. Image 5 shows the kitchen/dining area. This is likely adjacent to the living room",[7989],109.66326904296875,4.481785774230957,0.0408686138689518,-1.616564393043518,-0.014741165563464165,1.3670623302459717,0.012466000393033028
359,MSR,southwest,D,C,False,12,east,172,173,[10663],[' east']," windows is visible. If you’re at the bottom of the stairs facing north, the living room is to your right — east.
4. Image 5 shows the kitchen/dining area. This is likely adjacent to the living room or near",[7991],100.41718292236328,3.5072689056396484,0.03492698073387146,-1.0296581983566284,-0.010253804735839367,1.538160800933838,0.01531770545989275
359,MSR,southwest,D,C,False,13,south,215,216,[9514],[' south']," to the living room or near the stairs. Given the layout, if the stairs are central, the dining table may be south or southeast.
5. Image 2 also shows the fireplace. It’s in the same room as the pool table",[8034],107.74702453613281,-1.3512990474700928,-0.01254140492528677,2.1990365982055664,0.02040925621986389,-0.13931512832641602,-0.0012929835356771946
359,MSR,southwest,D,C,False,14,southeast,217,218,[40080],[' southeast']," living room or near the stairs. Given the layout, if the stairs are central, the dining table may be south or southeast.
5. Image 2 also shows the fireplace. It’s in the same room as the pool table, which",[8036],106.69087219238281,1.3474544286727905,0.01262951921671629,1.9682798385620117,0.01844843663275242,0.3165208697319031,0.002966709900647402
359,MSR,southwest,D,C,False,15,west,245,246,[9422],[' west'],". Image 2 also shows the fireplace. It’s in the same room as the pool table, which is to the west of the stairs (if facing north). So the fireplace is west, not south.

Now evaluating options:
A",[8064],107.38329315185547,-3.12593674659729,-0.02911008521914482,-0.6402202844619751,-0.005962010007351637,-3.0357089042663574,-0.028269844129681587
359,MSR,southwest,D,C,False,16,north,252,253,[9897],[' north']," fireplace. It’s in the same room as the pool table, which is to the west of the stairs (if facing north). So the fireplace is west, not south.

Now evaluating options:
A: Fireplace south? No — it",[8071],99.38260650634766,-0.6740586161613464,-0.006782460492104292,-1.7018942832946777,-0.01712466962635517,-1.4558876752853394,-0.014649320393800735
359,MSR,southwest,D,C,False,17,west,258,259,[9422],[' west']," same room as the pool table, which is to the west of the stairs (if facing north). So the fireplace is west, not south.

Now evaluating options:
A: Fireplace south? No — it’s west.
B:",[8077],100.742431640625,-1.5885590314865112,-0.015768520534038544,-0.19853797554969788,-0.001970748184248805,-1.6693766117095947,-0.016570739448070526
359,MSR,southwest,D,C,False,18,south,261,262,[9514],[' south']," the pool table, which is to the west of the stairs (if facing north). So the fireplace is west, not south.

Now evaluating options:
A: Fireplace south? No — it’s west.
B: Dining table north",[8080],95.4709701538086,-1.6483262777328491,-0.017265209928154945,0.9512020349502563,0.009963259100914001,-2.7207865715026855,-0.028498575091362
359,MSR,southwest,D,C,False,19,south,272,273,[9514],[' south']," stairs (if facing north). So the fireplace is west, not south.

Now evaluating options:
A: Fireplace south? No — it’s west.
B: Dining table north? Unlikely — it’s probably south or southeast.",[8091],103.12361907958984,-1.4279323816299438,-0.013846802525222301,1.2911436557769775,0.012520348653197289,-1.7832696437835693,-0.01729254238307476
359,MSR,southwest,D,C,False,20,west,278,279,[9422],[' west']," So the fireplace is west, not south.

Now evaluating options:
A: Fireplace south? No — it’s west.
B: Dining table north? Unlikely — it’s probably south or southeast.
C: Living room east",[8097],106.70209503173828,-1.8892836570739746,-0.01770615391433239,-0.18978339433670044,-0.0017786285607144237,-2.7930188179016113,-0.026175856590270996
359,MSR,southwest,D,C,False,21,north,285,286,[9897],[' north']," south.

Now evaluating options:
A: Fireplace south? No — it’s west.
B: Dining table north? Unlikely — it’s probably south or southeast.
C: Living room east? Yes — from the base of",[8104],101.89481353759766,2.8585057258605957,0.028053496032953262,-4.336934566497803,-0.042562857270240784,-1.3995234966278076,-0.01373498234897852
359,MSR,southwest,D,C,False,22,south,293,294,[9514],[' south'],"A: Fireplace south? No — it’s west.
B: Dining table north? Unlikely — it’s probably south or southeast.
C: Living room east? Yes — from the base of stairs facing north, living room is to",[8112],104.69971466064453,-1.3526190519332886,-0.012919032946228981,2.8433406352996826,0.027157099917531013,-0.7273708581924438,-0.006947209592908621
359,MSR,southwest,D,C,False,23,southeast,295,296,[40080],[' southeast']," Fireplace south? No — it’s west.
B: Dining table north? Unlikely — it’s probably south or southeast.
C: Living room east? Yes — from the base of stairs facing north, living room is to the right",[8114],104.73703002929688,1.3829545974731445,0.013204065151512623,2.757073163986206,0.026323767378926277,-0.226004958152771,-0.002157832495868206
359,MSR,southwest,D,C,False,24,east,302,303,[10663],[' east']," west.
B: Dining table north? Unlikely — it’s probably south or southeast.
C: Living room east? Yes — from the base of stairs facing north, living room is to the right (east).
D: Pool",[8121],101.52976989746094,1.9248523712158203,0.018958501517772675,-1.301177978515625,-0.012815728783607483,2.506063461303711,0.024683041498064995
359,MSR,southwest,D,C,False,25,north,312,313,[9897],[' north'],"likely — it’s probably south or southeast.
C: Living room east? Yes — from the base of stairs facing north, living room is to the right (east).
D: Pool table southwest? It’s more directly west.

",[8131],104.966064453125,-1.0477715730667114,-0.009982002899050713,-1.28300142288208,-0.012223011814057827,-1.3073490858078003,-0.012454968877136707
359,MSR,southwest,D,C,False,26,right,319,320,[1245],[' right']," southeast.
C: Living room east? Yes — from the base of stairs facing north, living room is to the right (east).
D: Pool table southwest? It’s more directly west.

Thus, C is correct.

",[8138],113.15332794189453,1.7988102436065674,0.015897104516625404,-1.5662707090377808,-0.013842021115124226,0.3940891623497009,0.003482789034023881
359,MSR,southwest,D,C,False,27,east,321,322,[58463],['east'],"
C: Living room east? Yes — from the base of stairs facing north, living room is to the right (east).
D: Pool table southwest? It’s more directly west.

Thus, C is correct.

Answer:",[8140],96.42469787597656,1.1038122177124023,0.011447401717305183,-0.2626412808895111,-0.002723796758800745,0.07875430583953857,0.00081674411194399
359,MSR,southwest,D,C,False,28,southwest,328,329,[51206],[' southwest']," Yes — from the base of stairs facing north, living room is to the right (east).
D: Pool table southwest? It’s more directly west.

Thus, C is correct.

Answer: C",[8147],101.3088607788086,-2.746242046356201,-0.027107618749141693,2.9181575775146484,0.028804564848542213,-1.4988332986831665,-0.01479469146579504
359,MSR,southwest,D,C,False,29,west,334,335,[9422],[' west']," stairs facing north, living room is to the right (east).
D: Pool table southwest? It’s more directly west.

Thus, C is correct.

Answer: C",[8153],109.3454818725586,-1.4449737071990967,-0.01321475487202406,-1.0202293395996094,-0.009330329485237598,-1.7620222568511963,-0.016114266589283943
377,Positional Relationship (Obj.–Obj.),northeast,B,B,True,0,north,77,78,[9897],[' north']," image.
Step 3: Determine the position of the statue relative to the longest sofa. The statue is to the north of the longest sofa, as given in the question.
Step 4: Locate the potted plant. The p",[2736],105.59500885009766,-1.7330787181854248,-0.016412505879998207,-5.730098724365234,-0.0542648620903492,-2.8909244537353516,-0.027377473190426826
377,Positional Relationship (Obj.–Obj.),northeast,B,B,True,1,top,110,111,[1844],[' top']," the question.
Step 4: Locate the potted plant. The potted plant is on the table in the top right corner of the first image.
Step 5: Determine the position of the potted plant relative to the longest",[2769],87.3292007446289,2.8277645111083984,0.03238051384687424,-5.85255241394043,-0.06701713055372238,-2.837968349456787,-0.032497357577085495
377,Positional Relationship (Obj.–Obj.),northeast,B,B,True,2,right,111,112,[1245],[' right']," question.
Step 4: Locate the potted plant. The potted plant is on the table in the top right corner of the first image.
Step 5: Determine the position of the potted plant relative to the longest sofa",[2770],94.97737884521484,5.00579309463501,0.05270510911941528,-3.42031192779541,-0.03601185977458954,-1.3958019018173218,-0.0146961510181427
377,Positional Relationship (Obj.–Obj.),northeast,B,B,True,3,north,143,144,[9897],[' north'],"Step 5: Determine the position of the potted plant relative to the longest sofa. Since the statue is to the north of the longest sofa and the potted plant is to the right of the statue, the potted plant is to the",[2802],99.90306091308594,-2.7214267253875732,-0.027240674942731857,-5.113250255584717,-0.05118211731314659,-3.4292891025543213,-0.03432616591453552
377,Positional Relationship (Obj.–Obj.),northeast,B,B,True,4,right,156,157,[1245],[' right']," to the longest sofa. Since the statue is to the north of the longest sofa and the potted plant is to the right of the statue, the potted plant is to the northeast of the longest sofa.
Answer: B",[2815],105.9897689819336,3.880871534347534,0.0366155281662941,-1.4096124172210693,-0.01329951360821724,0.12867051362991333,0.001213989919051528
377,Positional Relationship (Obj.–Obj.),northeast,B,B,True,5,northeast,168,169,[39481],[' northeast']," of the longest sofa and the potted plant is to the right of the statue, the potted plant is to the northeast of the longest sofa.
Answer: B",[2827],103.2402572631836,3.13757061958313,0.030390961095690727,-5.223596096038818,-0.05059650540351868,0.4515962600708008,0.004374226555228233
379,Positional Relationship (Obj.–Obj.),south,D,A,False,0,north,48,49,[9897],[' north']," the given orientation.

1. **Identify the orientation**: The problem states that moving upstairs from the current position is north. This means the stairs ascend in the northward direction.

2. **Locate the outlet in the images**:",[2710],105.44252014160156,-1.9734134674072266,-0.01871553808450699,-2.5686206817626953,-0.02436038851737976,-1.053869366645813,-0.009994728490710258
379,Positional Relationship (Obj.–Obj.),south,D,A,False,1,north,57,58,[9897],[' north'],"ify the orientation**: The problem states that moving upstairs from the current position is north. This means the stairs ascend in the northward direction.

2. **Locate the outlet in the images**: In the second image, the outlet is visible",[2719],107.05188751220703,-1.7696760892868042,-0.01653101295232773,-2.91843843460083,-0.027261905372142792,-1.9597045183181763,-0.01830611750483513
379,Positional Relationship (Obj.–Obj.),south,D,A,False,2,right,87,88,[1245],[' right'],". **Locate the outlet in the images**: In the second image, the outlet is visible on the wall to the right of the doorway leading to the kitchen. This wall is adjacent to the tiled floor area.

3. **Determine",[2749],106.2699966430664,4.949602127075195,0.046575725078582764,-0.9449347257614136,-0.00889183022081852,0.18421220779418945,0.0017334356671199203
379,Positional Relationship (Obj.–Obj.),south,D,A,False,3,north,121,122,[9897],[' north']," wall is adjacent to the tiled floor area.

3. **Determine the relative position**: Since the stairs are ascending north, the wall with the outlet is to the right of the stairs when facing north. In standard compass directions, if you",[2783],110.32392883300781,-2.0855515003204346,-0.018903890624642372,-3.1902029514312744,-0.02891669049859047,-2.6695244312286377,-0.02419714815914631
379,Positional Relationship (Obj.–Obj.),south,D,A,False,4,right,131,132,[1245],[' right'],"3. **Determine the relative position**: Since the stairs are ascending north, the wall with the outlet is to the right of the stairs when facing north. In standard compass directions, if you face north, your right side is east.

",[2793],115.1144027709961,2.8438708782196045,0.024704735726118088,-1.7812747955322266,-0.015473952516913414,1.0637822151184082,0.00924108736217022
379,Positional Relationship (Obj.–Obj.),south,D,A,False,5,north,137,138,[9897],[' north']," relative position**: Since the stairs are ascending north, the wall with the outlet is to the right of the stairs when facing north. In standard compass directions, if you face north, your right side is east.

4. **Confirm the direction",[2799],102.96065521240234,-1.0360214710235596,-0.010062304325401783,-3.3157734870910645,-0.0322042778134346,-1.9623578786849976,-0.019059298560023308
379,Positional Relationship (Obj.–Obj.),south,D,A,False,6,north,147,148,[9897],[' north']," the wall with the outlet is to the right of the stairs when facing north. In standard compass directions, if you face north, your right side is east.

4. **Confirm the direction**: The outlet is on the wall to the right",[2809],109.61783599853516,-2.245692014694214,-0.020486555993556976,-3.338663101196289,-0.03045729734003544,-1.5900335311889648,-0.014505244791507721
379,Positional Relationship (Obj.–Obj.),south,D,A,False,7,right,150,151,[1245],[' right']," the outlet is to the right of the stairs when facing north. In standard compass directions, if you face north, your right side is east.

4. **Confirm the direction**: The outlet is on the wall to the right of the stairs",[2812],113.02730560302734,3.7204136848449707,0.03291606158018112,-1.9966096878051758,-0.017664844170212746,1.6983054876327515,0.01502562128007412
379,Positional Relationship (Obj.–Obj.),south,D,A,False,8,east,153,154,[10663],[' east']," to the right of the stairs when facing north. In standard compass directions, if you face north, your right side is east.

4. **Confirm the direction**: The outlet is on the wall to the right of the stairs, which corresponds",[2815],99.32176971435547,1.8270833492279053,0.018395597115159035,-3.230544090270996,-0.03252604231238365,1.8550440073013306,0.018677113577723503
379,Positional Relationship (Obj.–Obj.),south,D,A,False,9,right,171,172,[1245],[' right']," north, your right side is east.

4. **Confirm the direction**: The outlet is on the wall to the right of the stairs, which corresponds to the east direction when facing north.

Answer: A",[2833],115.93533325195312,0.8876054286956787,0.007656038738787174,-1.2538981437683105,-0.010815496556460857,0.08392441272735596,0.0007238898542709649
379,Positional Relationship (Obj.–Obj.),south,D,A,False,10,east,180,181,[10663],[' east'],"4. **Confirm the direction**: The outlet is on the wall to the right of the stairs, which corresponds to the east direction when facing north.

Answer: A",[2842],109.00178527832031,0.2697448134422302,0.0024746826384216547,-1.4395132064819336,-0.013206327334046364,-0.42595183849334717,-0.003907750826328993
379,Positional Relationship (Obj.–Obj.),south,D,A,False,11,north,184,185,[9897],[' north']," the direction**: The outlet is on the wall to the right of the stairs, which corresponds to the east direction when facing north.

Answer: A",[2846],101.12834930419922,-1.6155508756637573,-0.01597525179386139,-2.4086828231811523,-0.02381807751953602,-1.4010674953460693,-0.01385434903204441
380,Positional Relationship (Obj.–Obj.),west,C,A,False,0,west,46,47,[4171],[' West']," a reference.

1.  **Establish the cardinal directions:** The problem states that the front of the car is facing West. In the second image, the car is parked on the right side of the garage. This means the right side of",[2696],90.88343048095703,-1.698380470275879,-0.01868746057152748,-1.0062222480773926,-0.011071570217609406,-1.7209348678588867,-0.01893562823534012
380,Positional Relationship (Obj.–Obj.),west,C,A,False,1,right,59,60,[1245],[' right']," The problem states that the front of the car is facing West. In the second image, the car is parked on the right side of the garage. This means the right side of the image corresponds to West, and the left side corresponds to East",[2709],95.0245361328125,4.074262619018555,0.042875900864601135,-0.6500059366226196,-0.006840400863438845,-0.5098451375961304,-0.005365405231714249
380,Positional Relationship (Obj.–Obj.),west,C,A,False,2,right,68,69,[1245],[' right']," is facing West. In the second image, the car is parked on the right side of the garage. This means the right side of the image corresponds to West, and the left side corresponds to East. Consequently, the background of the garage (",[2718],98.81071472167969,2.9331867694854736,0.02968490682542324,-0.1951656937599182,-0.0019751470535993576,-0.6003643274307251,-0.006075903307646513
380,Positional Relationship (Obj.–Obj.),west,C,A,False,3,west,75,76,[4171],[' West']," image, the car is parked on the right side of the garage. This means the right side of the image corresponds to West, and the left side corresponds to East. Consequently, the background of the garage (where the window is) is North",[2725],93.61203002929688,0.2852257490158081,0.0030468921177089214,-0.977814793586731,-0.010445396415889263,-0.9944478273391724,-0.010623076930642128
380,Positional Relationship (Obj.–Obj.),west,C,A,False,4,left,79,80,[2047],[' left']," is parked on the right side of the garage. This means the right side of the image corresponds to West, and the left side corresponds to East. Consequently, the background of the garage (where the window is) is North, and the foreground",[2729],89.21942901611328,-3.209047555923462,-0.03596803545951843,-0.13355791568756104,-0.0014969599433243275,0.11187282204627991,0.0012539065210148692
380,Positional Relationship (Obj.–Obj.),west,C,A,False,5,east,83,84,[6127],[' East']," right side of the garage. This means the right side of the image corresponds to West, and the left side corresponds to East. Consequently, the background of the garage (where the window is) is North, and the foreground (where the camera",[2733],86.50959014892578,0.5597553849220276,0.006470443215221167,0.4228675961494446,0.004888101015239954,0.5550274848937988,0.006415791343897581
380,Positional Relationship (Obj.–Obj.),west,C,A,False,6,north,99,100,[4634],[' North']," West, and the left side corresponds to East. Consequently, the background of the garage (where the window is) is North, and the foreground (where the camera is) is South.

2.  **Locate the wooden cabinet:**",[2749],90.67938995361328,1.103799819946289,0.01217255461961031,-3.431525707244873,-0.03784240037202835,-2.602137804031372,-0.028696022927761078
380,Positional Relationship (Obj.–Obj.),west,C,A,False,7,south,111,112,[4725],[' South']," the background of the garage (where the window is) is North, and the foreground (where the camera is) is South.

2.  **Locate the wooden cabinet:** The wooden cabinet is visible in the background of the garage,",[2761],86.8243179321289,-1.0187305212020874,-0.011733239516615868,2.077381134033203,0.023926259949803352,0.10280740261077881,0.0011840853840112686
380,Positional Relationship (Obj.–Obj.),west,C,A,False,8,north,139,140,[4634],[' North'],".  **Locate the wooden cabinet:** The wooden cabinet is visible in the background of the garage, situated against the North wall, to the left of the large window.

3.  **Locate the glass table:** The glass table",[2789],104.20127868652344,0.9294989109039307,0.008920225314795971,-3.173737049102783,-0.03045775555074215,-4.181944370269775,-0.04013333097100258
380,Positional Relationship (Obj.–Obj.),west,C,A,False,9,left,144,145,[2047],[' left']," the wooden cabinet:** The wooden cabinet is visible in the background of the garage, situated against the North wall, to the left of the large window.

3.  **Locate the glass table:** The glass table is positioned in the middle",[2794],93.19823455810547,-4.35685396194458,-0.04674824699759483,-0.5418054461479187,-0.005813473369926214,-1.5810112953186035,-0.016963962465524673
380,Positional Relationship (Obj.–Obj.),west,C,A,False,10,south,211,212,[24225],['South'],"etermine the relative position:** Comparing the positions of the two objects, the glass table is located closer to the foreground (South) than the wooden cabinet, which is against the back wall (North).

5.  **Conclusion:** Therefore,",[2861],89.76762390136719,-0.550349235534668,-0.006130821071565151,0.6589199900627136,0.007340285461395979,0.4455552101135254,0.0049634287133812904
380,Positional Relationship (Obj.–Obj.),west,C,A,False,11,north,225,226,[24420],['North']," the glass table is located closer to the foreground (South) than the wooden cabinet, which is against the back wall (North).

5.  **Conclusion:** Therefore, the glass table is to the South of the wooden cabinet.

Answer",[2875],83.94622039794922,-0.21258533000946045,-0.0025323990266770124,-1.8091890811920166,-0.021551763638854027,-0.892658531665802,-0.010633694939315319
380,Positional Relationship (Obj.–Obj.),west,C,A,False,12,south,242,243,[4725],[' South']," which is against the back wall (North).

5.  **Conclusion:** Therefore, the glass table is to the South of the wooden cabinet.

Answer: A",[2892],92.4661636352539,-0.9523301124572754,-0.010299228131771088,0.3367564082145691,0.003641942050307989,-0.17321628332138062,-0.0018732936587184668
381,Positional Relationship (Obj.–Obj.),southwest,B,D,False,0,south,28,29,[4725],[' South'],"-by-step spatial explanation:

1.  **Establish the orientation:** The problem states that the direction out the door is South. This means the interior of the house is to the North, and the exterior patio is to the South.
2",[2686],89.81653594970703,-1.4850103855133057,-0.01653381995856762,0.7811639308929443,0.008697329089045525,-0.17497026920318604,-0.0019480852643027902
381,Positional Relationship (Obj.–Obj.),southwest,B,D,False,1,north,40,41,[4634],[' North']," orientation:** The problem states that the direction out the door is South. This means the interior of the house is to the North, and the exterior patio is to the South.
2.  **Locate the chair:** In the first photo",[2698],91.29238891601562,-1.8916791677474976,-0.020721103996038437,-2.4364471435546875,-0.02668839320540428,-1.2344658374786377,-0.013522110879421234
381,Positional Relationship (Obj.–Obj.),southwest,B,D,False,2,south,49,50,[4725],[' South']," the door is South. This means the interior of the house is to the North, and the exterior patio is to the South.
2.  **Locate the chair:** In the first photo, the chair is visible inside the house,",[2707],86.6944580078125,1.0369142293930054,0.011960559524595737,1.6102311611175537,0.018573634326457977,0.04443013668060303,0.0005124910967424512
381,Positional Relationship (Obj.–Obj.),southwest,B,D,False,3,north,87,88,[4634],[' North']," first photo, the chair is visible inside the house, through the open doorway. Therefore, the chair is located to the North of the doorway.
3.  **Locate the spiral staircase:** In the second photo, the spiral staircase is",[2745],96.42770385742188,-1.3587651252746582,-0.014091024175286293,-1.9500906467437744,-0.020223343744874,-1.0791186094284058,-0.011190960183739662
381,Positional Relationship (Obj.–Obj.),southwest,B,D,False,4,right,152,153,[1245],[' right'],":** The two photos overlap, showing the same general area from slightly different angles. The first photo is focused more towards the right (West), while the second photo is focused more towards the left (East). The spiral staircase is on the far left",[2810],98.62789916992188,3.214205503463745,0.03258921205997467,-1.8628603219985962,-0.01888776198029518,-2.0804243087768555,-0.021093670278787613
381,Positional Relationship (Obj.–Obj.),southwest,B,D,False,5,west,154,155,[22581],['West']," two photos overlap, showing the same general area from slightly different angles. The first photo is focused more towards the right (West), while the second photo is focused more towards the left (East). The spiral staircase is on the far left of the",[2812],94.40274810791016,-0.6598227024078369,-0.006989443674683571,-0.9343423247337341,-0.009897406212985516,-1.6312341690063477,-0.017279520630836487
381,Positional Relationship (Obj.–Obj.),southwest,B,D,False,6,left,165,166,[2047],[' left']," different angles. The first photo is focused more towards the right (West), while the second photo is focused more towards the left (East). The spiral staircase is on the far left of the second photo, which corresponds to the East side of the",[2823],89.25952911376953,-1.4012099504470825,-0.015698155388236046,-1.3618669509887695,-0.01525738462805748,-0.6262183785438538,-0.007015703245997429
381,Positional Relationship (Obj.–Obj.),southwest,B,D,False,7,east,167,168,[35139],['East'],". The first photo is focused more towards the right (West), while the second photo is focused more towards the left (East). The spiral staircase is on the far left of the second photo, which corresponds to the East side of the patio area",[2825],81.8978271484375,1.930724859237671,0.023574799299240112,-0.5610164999961853,-0.006850200239568949,0.4477066099643707,0.005466648377478123
381,Positional Relationship (Obj.–Obj.),southwest,B,D,False,8,left,176,177,[2047],[' left']," right (West), while the second photo is focused more towards the left (East). The spiral staircase is on the far left of the second photo, which corresponds to the East side of the patio area.
5.  **Combine the directions",[2834],95.63040924072266,-1.1662176847457886,-0.012195050716400146,-0.326687753200531,-0.003416149178519845,-1.123288631439209,-0.011746144853532314
381,Positional Relationship (Obj.–Obj.),southwest,B,D,False,9,east,186,187,[6127],[' East']," more towards the left (East). The spiral staircase is on the far left of the second photo, which corresponds to the East side of the patio area.
5.  **Combine the directions:** The chair is inside the house (North).",[2844],90.69664001464844,2.148449420928955,0.02368830144405365,-1.383277177810669,-0.015251691453158855,1.25838303565979,0.013874637894332409
381,Positional Relationship (Obj.–Obj.),southwest,B,D,False,10,north,209,210,[24420],['North']," the East side of the patio area.
5.  **Combine the directions:** The chair is inside the house (North). The spiral staircase is outside on the patio (South) and to the East. Therefore, relative to the chair,",[2867],89.626953125,-2.2845964431762695,-0.025490060448646545,-2.5173892974853516,-0.02808741293847561,-0.8214361667633057,-0.009165056981146336
381,Positional Relationship (Obj.–Obj.),southwest,B,D,False,11,south,220,221,[24225],['South'],"  **Combine the directions:** The chair is inside the house (North). The spiral staircase is outside on the patio (South) and to the East. Therefore, relative to the chair, the spiral staircase is to the Southeast.

Answer:",[2878],88.41747283935547,0.7670541405677795,0.008675368502736092,1.5749895572662354,0.017813103273510933,-0.3104568123817444,-0.003511260962113738
381,Positional Relationship (Obj.–Obj.),southwest,B,D,False,12,east,225,226,[6127],[' East'],":** The chair is inside the house (North). The spiral staircase is outside on the patio (South) and to the East. Therefore, relative to the chair, the spiral staircase is to the Southeast.

Answer: D",[2883],95.75470733642578,2.4548823833465576,0.025637198239564896,-0.7825756072998047,-0.008172711357474327,-0.04826951026916504,-0.0005040954565629363
381,Positional Relationship (Obj.–Obj.),southwest,B,D,False,13,southeast,240,241,[34388],[' Southeast']," on the patio (South) and to the East. Therefore, relative to the chair, the spiral staircase is to the Southeast.

Answer: D",[2898],93.07015991210938,2.344661235809326,0.02519240602850914,2.3501553535461426,0.025251436978578568,1.0277715921401978,0.011042976751923561
386,Positional Relationship (Obj.–Obj.),northwest,B,D,False,0,top,19,20,[1844],[' top'],"Step 1: In the first image, the bed is oriented with its headboard toward the top-left (northwest) and footboard toward the bottom-right (southeast). The nightstand is on the left side",[2678],105.32334899902344,-0.9906737804412842,-0.009406022727489471,-6.681331157684326,-0.06343637406826019,-3.223613977432251,-0.0306068304926157
386,Positional Relationship (Obj.–Obj.),northwest,B,D,False,1,northwest,22,24,"[59810, 10717]","['north', 'west']","Step 1: In the first image, the bed is oriented with its headboard toward the top-left (northwest) and footboard toward the bottom-right (southeast). The nightstand is on the left side of the bed,","[2681, 2682]",97.7732162475586,-2.7426633834838867,-0.02805127575993538,-3.943676710128784,-0.04033493995666504,-2.3841769695281982,-0.024384764954447746
386,Positional Relationship (Obj.–Obj.),northwest,B,D,False,2,bottom,30,31,[5445],[' bottom']," first image, the bed is oriented with its headboard toward the top-left (northwest) and footboard toward the bottom-right (southeast). The nightstand is on the left side of the bed, which corresponds to the north side as",[2689],95.02269744873047,0.8726330995559692,0.009183417074382305,3.7880799770355225,0.039865002036094666,-0.15038162469863892,-0.0015825863229110837
386,Positional Relationship (Obj.–Obj.),northwest,B,D,False,3,southeast,33,35,"[189402, 14331]","['sou', 'theast']"," the bed is oriented with its headboard toward the top-left (northwest) and footboard toward the bottom-right (southeast). The nightstand is on the left side of the bed, which corresponds to the north side as stated.

Step","[2692, 2693]",82.73139953613281,1.6779757738113403,0.020282212644815445,2.0792479515075684,0.02513251267373562,-0.17380237579345703,-0.002100802958011627
386,Positional Relationship (Obj.–Obj.),northwest,B,D,False,4,left,42,43,[2047],[' left']," the top-left (northwest) and footboard toward the bottom-right (southeast). The nightstand is on the left side of the bed, which corresponds to the north side as stated.

Step 2: The second image shows a",[2701],103.762451171875,-5.666841506958008,-0.05461360514163971,-0.3238813877105713,-0.0031213737092912197,-0.3642320930957794,-0.0035102495457977057
386,Positional Relationship (Obj.–Obj.),northwest,B,D,False,5,north,52,53,[9897],[' north']," toward the bottom-right (southeast). The nightstand is on the left side of the bed, which corresponds to the north side as stated.

Step 2: The second image shows a wall-mounted switch next to a dark cabinet. This",[2711],100.80977630615234,-1.579322099685669,-0.015666358172893524,-4.757192134857178,-0.04718979075551033,-1.4208588600158691,-0.014094455167651176
386,Positional Relationship (Obj.–Obj.),northwest,B,D,False,6,right,100,101,[1245],[' right']," This cabinet is positioned along the same wall that runs parallel to the foot of the bed — visible in both images as the right-side wall from the first photo’s perspective.

Step 3: Since the nightstand is on the north side of",[2759],105.92167663574219,4.786239147186279,0.04518658667802811,-1.3426027297973633,-0.012675429694354534,-1.928948998451233,-0.018211089074611664
386,Positional Relationship (Obj.–Obj.),northwest,B,D,False,7,north,122,123,[9897],[' north']," as the right-side wall from the first photo’s perspective.

Step 3: Since the nightstand is on the north side of the bed, and the switch is on the wall adjacent to the foot of the bed (which extends toward the",[2781],103.03960418701172,-4.139522075653076,-0.04017408937215805,-4.3841142654418945,-0.04254785552620888,-2.470466375350952,-0.02397589199244976
386,Positional Relationship (Obj.–Obj.),northwest,B,D,False,8,southeast,147,148,[40080],[' southeast']," side of the bed, and the switch is on the wall adjacent to the foot of the bed (which extends toward the southeast), the switch must be located on the southeast side of the bed.

Step 4: The two photos were taken",[2806],106.74950408935547,1.8951926231384277,0.017753643915057182,2.0880255699157715,0.01956005021929741,-0.9502878785133362,-0.008902035653591156
386,Positional Relationship (Obj.–Obj.),northwest,B,D,False,9,southeast,156,157,[40080],[' southeast']," on the wall adjacent to the foot of the bed (which extends toward the southeast), the switch must be located on the southeast side of the bed.

Step 4: The two photos were taken consecutively, suggesting minimal camera movement —",[2815],105.59394073486328,2.0923168659210205,0.019814742729067802,2.513629198074341,0.023804672062397003,1.2029145956039429,0.011391890235245228
386,Positional Relationship (Obj.–Obj.),northwest,B,D,False,10,right,184,185,[1245],[' right']," bed.

Step 4: The two photos were taken consecutively, suggesting minimal camera movement — likely panning right from the bed to the wall with the switch, confirming the switch is near the foot of the bed on the right (",[2843],111.40713500976562,4.181854724884033,0.03753668814897537,-0.6625796556472778,-0.005947371944785118,-0.6337846517562866,-0.0056889052502810955
386,Positional Relationship (Obj.–Obj.),northwest,B,D,False,11,right,207,208,[1245],[' right'],"anning right from the bed to the wall with the switch, confirming the switch is near the foot of the bed on the right (southeast) side.

Step 5: Therefore, relative to the bed, the switch is in the southeast",[2866],110.43224334716797,2.6274492740631104,0.023792410269379616,-0.9762591123580933,-0.008840344846248627,-0.5222102403640747,-0.004728784319013357
386,Positional Relationship (Obj.–Obj.),northwest,B,D,False,12,southeast,209,211,"[189402, 14331]","['sou', 'theast']"," from the bed to the wall with the switch, confirming the switch is near the foot of the bed on the right (southeast) side.

Step 5: Therefore, relative to the bed, the switch is in the southeast direction.

","[2868, 2869]",99.03009796142578,0.3612290024757385,0.0036476687528192997,1.0007801055908203,0.010105817578732967,-0.6261197328567505,-0.006322519388049841
386,Positional Relationship (Obj.–Obj.),northwest,B,D,False,13,southeast,231,232,[40080],[' southeast']," right (southeast) side.

Step 5: Therefore, relative to the bed, the switch is in the southeast direction.

Answer: D",[2890],106.943359375,0.9088371396064758,0.008498303592205048,1.770352840423584,0.01655411720275879,-0.1886635422706604,-0.001764144515618682
393,Positional Relationship (Cam.–Reg.),southeast,A,A,True,0,left,11,12,[2047],[' left'],"1. In Figure 1, the wall on the left is the north wall. The photographer is facing east, as the black chair and the row of grey chairs are to the",[2524],98.01252746582031,-4.8743896484375,-0.04973231256008148,-0.41155943274497986,-0.004199049435555935,0.2245326042175293,0.0022908560931682587
393,Positional Relationship (Cam.–Reg.),southeast,A,A,True,1,north,14,15,[9897],[' north'],"1. In Figure 1, the wall on the left is the north wall. The photographer is facing east, as the black chair and the row of grey chairs are to the right (south",[2527],98.92996978759766,-2.252821922302246,-0.022771885618567467,-4.857856750488281,-0.049103993922472,-2.447439670562744,-0.024739112704992294
393,Positional Relationship (Cam.–Reg.),southeast,A,A,True,2,east,21,22,[10663],[' east'],"1. In Figure 1, the wall on the left is the north wall. The photographer is facing east, as the black chair and the row of grey chairs are to the right (south) and the white cabinet is ahead",[2534],100.81519317626953,-0.08017532527446747,-0.0007952702580951154,-1.4331763982772827,-0.014215877279639244,1.1120729446411133,0.01103080715984106
393,Positional Relationship (Cam.–Reg.),southeast,A,A,True,3,right,36,37,[1245],[' right']," is the north wall. The photographer is facing east, as the black chair and the row of grey chairs are to the right (south) and the white cabinet is ahead (east).
2. Figure 2 shows a view that includes the",[2549],101.0838851928711,2.5581564903259277,0.02530726231634617,-1.3703943490982056,-0.013557001017034054,-0.8166520595550537,-0.008078954182565212
393,Positional Relationship (Cam.–Reg.),southeast,A,A,True,4,south,38,39,[64240],['south']," north wall. The photographer is facing east, as the black chair and the row of grey chairs are to the right (south) and the white cabinet is ahead (east).
2. Figure 2 shows a view that includes the same row",[2551],97.11085510253906,0.2817075550556183,0.0029008863493800163,1.6083815097808838,0.0165623240172863,-1.0625123977661133,-0.01094123162329197
393,Positional Relationship (Cam.–Reg.),southeast,A,A,True,5,east,47,48,[58463],['east']," as the black chair and the row of grey chairs are to the right (south) and the white cabinet is ahead (east).
2. Figure 2 shows a view that includes the same row of grey chairs, but from a different angle",[2560],92.16421508789062,0.8788915872573853,0.00953614804893732,-0.055770277976989746,-0.0006051185773685575,0.6003051996231079,0.006513430271297693
393,Positional Relationship (Cam.–Reg.),southeast,A,A,True,6,right,82,83,[1245],[' right']," that includes the same row of grey chairs, but from a different angle. The table is now in the foreground on the right.
3. Comparing the two images, the photographer has turned to the right (clockwise) from the position",[2595],99.3517074584961,3.5457119941711426,0.03568848595023155,0.5578539371490479,0.005614940542727709,1.0061289072036743,0.010126940906047821
393,Positional Relationship (Cam.–Reg.),southeast,A,A,True,7,right,99,100,[1245],[' right']," is now in the foreground on the right.
3. Comparing the two images, the photographer has turned to the right (clockwise) from the position in Figure 1.
4. Since the photographer was facing east in Figure ",[2612],101.7972640991211,1.7118948698043823,0.01681670732796192,-1.370265245437622,-0.013460727408528328,0.6400967836380005,0.006287956610321999
393,Positional Relationship (Cam.–Reg.),southeast,A,A,True,8,east,120,121,[10663],[' east']," turned to the right (clockwise) from the position in Figure 1.
4. Since the photographer was facing east in Figure 1, turning right means they are now facing south.
5. The view in Figure 2 shows",[2633],97.9010009765625,-1.328880786895752,-0.013573720119893551,-2.4218571186065674,-0.02473781816661358,-0.35422611236572266,-0.0036182072944939137
393,Positional Relationship (Cam.–Reg.),southeast,A,A,True,9,right,127,128,[1245],[' right'],") from the position in Figure 1.
4. Since the photographer was facing east in Figure 1, turning right means they are now facing south.
5. The view in Figure 2 shows the chairs along the wall that was",[2640],103.4542465209961,1.8262301683425903,0.017652539536356926,-0.97901451587677,-0.009463260881602764,1.0280438661575317,0.009937183931469917
393,Positional Relationship (Cam.–Reg.),southeast,A,A,True,10,south,133,134,[9514],[' south']," 1.
4. Since the photographer was facing east in Figure 1, turning right means they are now facing south.
5. The view in Figure 2 shows the chairs along the wall that was previously on the right (south",[2646],96.79338836669922,0.7275837659835815,0.007516874466091394,2.1322038173675537,0.022028403356671333,0.42146429419517517,0.004354267381131649
393,Positional Relationship (Cam.–Reg.),southeast,A,A,True,11,right,155,156,[1245],[' right']," now facing south.
5. The view in Figure 2 shows the chairs along the wall that was previously on the right (south wall in Figure 1). The table is in the foreground, suggesting the photographer is looking towards the southeast corner",[2668],100.7340316772461,1.3114382028579712,0.013018819503486156,-1.159510850906372,-0.011510617099702358,-2.108907461166382,-0.02093540132045746
393,Positional Relationship (Cam.–Reg.),southeast,A,A,True,12,south,157,158,[64240],['south']," south.
5. The view in Figure 2 shows the chairs along the wall that was previously on the right (south wall in Figure 1). The table is in the foreground, suggesting the photographer is looking towards the southeast corner of the",[2670],91.8429183959961,0.24072617292404175,0.0026210639625787735,0.3293534517288208,0.0035860517527908087,-0.12444427609443665,-0.0013549686409533024
393,Positional Relationship (Cam.–Reg.),southeast,A,A,True,13,southeast,178,179,[40080],[' southeast']," the right (south wall in Figure 1). The table is in the foreground, suggesting the photographer is looking towards the southeast corner of the room.

Answer: A",[2691],108.33209228515625,1.626936912536621,0.015018051490187645,-0.2548453211784363,-0.002352445386350155,0.08744233846664429,0.0008071693009696901
394,Positional Relationship (Cam.–Reg.),west,C,C,True,0,south,44,45,[9514],[' south']," and the layout of the bathroom.

1.  **Analyze Figure 1:** The photographer is stated to be south of the bathroom, looking north into the room. In this view, the toilet and sink are on the left (west",[2544],98.30660247802734,-1.7707364559173584,-0.018012385815382004,1.7751390933990479,0.018057171255350113,-1.1564091444015503,-0.011763290502130985
394,Positional Relationship (Cam.–Reg.),west,C,C,True,1,north,50,51,[9897],[' north'],".

1.  **Analyze Figure 1:** The photographer is stated to be south of the bathroom, looking north into the room. In this view, the toilet and sink are on the left (west side of the bathroom), and",[2550],100.3570785522461,-0.34277114272117615,-0.003415515413507819,-2.8000898361206055,-0.027901269495487213,-0.8277218341827393,-0.008247767575085163
394,Positional Relationship (Cam.–Reg.),west,C,C,True,2,left,66,67,[2047],[' left']," to be south of the bathroom, looking north into the room. In this view, the toilet and sink are on the left (west side of the bathroom), and the bathtub/shower is on the right (east side of the bathroom).
",[2566],97.43067932128906,-4.357542991638184,-0.04472454637289047,-0.39135104417800903,-0.00401671277359128,-0.383617639541626,-0.003937339410185814
394,Positional Relationship (Cam.–Reg.),west,C,C,True,3,west,68,69,[10717],['west']," south of the bathroom, looking north into the room. In this view, the toilet and sink are on the left (west side of the bathroom), and the bathtub/shower is on the right (east side of the bathroom).
2.",[2568],97.57762145996094,-4.352400779724121,-0.04460449889302254,-0.8664951920509338,-0.00888006016612053,-0.8036021590232849,-0.008235516957938671
394,Positional Relationship (Cam.–Reg.),west,C,C,True,4,right,82,83,[1245],[' right'],", the toilet and sink are on the left (west side of the bathroom), and the bathtub/shower is on the right (east side of the bathroom).
2.  **Determine the orientation of the shower:** Based on Figure ",[2582],96.78629302978516,2.5085039138793945,0.025917965918779373,-1.2541537284851074,-0.01295796874910593,-0.08662712574005127,-0.0008950350456871092
394,Positional Relationship (Cam.–Reg.),west,C,C,True,5,east,84,85,[58463],['east']," toilet and sink are on the left (west side of the bathroom), and the bathtub/shower is on the right (east side of the bathroom).
2.  **Determine the orientation of the shower:** Based on Figure 1,",[2584],90.80668640136719,2.737338066101074,0.030144674703478813,-1.140213966369629,-0.012556497938930988,-0.3076607584953308,-0.003388084936887026
394,Positional Relationship (Cam.–Reg.),west,C,C,True,6,east,118,119,[10663],[' east']," **Determine the orientation of the shower:** Based on Figure 1, the long wall of the bathtub is on the east side of the bathroom.
3.  **Analyze Figure 2:** This image shows a view of the inside",[2618],99.66200256347656,3.349405288696289,0.03360764682292938,-2.706054210662842,-0.02715231664478779,-1.9214593172073364,-0.019279757514595985
394,Positional Relationship (Cam.–Reg.),west,C,C,True,7,east,181,182,[10663],[' east']," wall, which has built-in shelves.
4.  **Relate the views:** Since the bathtub is on the east side of the bathroom, and the photographer in Figure 2 is looking at the back wall of the tub, they must",[2681],96.22093963623047,1.5262744426727295,0.01586218550801277,-1.784570574760437,-0.018546592444181442,-1.2947996854782104,-0.013456527143716812
394,Positional Relationship (Cam.–Reg.),west,C,C,True,8,west,210,211,[9422],[' west'],", and the photographer in Figure 2 is looking at the back wall of the tub, they must be positioned to the west of the shower area, looking east.
5.  **Conclusion:** The photographer in Figure 2 is positioned to",[2710],96.08290100097656,-2.73563289642334,-0.02847158908843994,-0.1668156236410141,-0.001736163510940969,1.1893529891967773,0.012378403916954994
394,Positional Relationship (Cam.–Reg.),west,C,C,True,9,east,217,218,[10663],[' east'],"2 is looking at the back wall of the tub, they must be positioned to the west of the shower area, looking east.
5.  **Conclusion:** The photographer in Figure 2 is positioned to the west of the shower area.",[2717],92.89775848388672,1.5522898435592651,0.01670965924859047,-0.035370200872421265,-0.0003807433240581304,0.48515787720680237,0.005222492851316929
394,Positional Relationship (Cam.–Reg.),west,C,C,True,10,west,236,237,[9422],[' west']," the shower area, looking east.
5.  **Conclusion:** The photographer in Figure 2 is positioned to the west of the shower area.

Answer: C",[2736],95.94461822509766,-1.4409350156784058,-0.01501840353012085,0.3977552056312561,0.0041456748731434345,-0.021474599838256836,-0.0002238228771602735
395,Positional Relationship (Cam.–Reg.),south,D,A,False,0,southeast,10,11,[40080],[' southeast'],"From the first photo, the window is in the southeast direction. In the second photo, the window is on the left side of the frame, indicating that the camera has rotated",[2507],103.60281372070312,0.06802615523338318,0.0006566052907146513,-2.3995370864868164,-0.02316092513501644,-2.133401870727539,-0.02059212327003479
395,Positional Relationship (Cam.–Reg.),south,D,A,False,1,left,23,24,[2047],[' left'],"From the first photo, the window is in the southeast direction. In the second photo, the window is on the left side of the frame, indicating that the camera has rotated to face more towards the east. Since the window was originally in",[2520],106.93415832519531,-3.2754976749420166,-0.03063097596168518,0.7045795321464539,0.006588909775018692,0.1314007043838501,0.001228800043463707
395,Positional Relationship (Cam.–Reg.),south,D,A,False,2,east,40,41,[10663],[' east']," photo, the window is on the left side of the frame, indicating that the camera has rotated to face more towards the east. Since the window was originally in the southeast and is now on the left, the new direction must be east.

",[2537],105.69252014160156,-0.8642368316650391,-0.008176896721124649,-2.4302868843078613,-0.022993935272097588,2.221553087234497,0.021019019186496735
395,Positional Relationship (Cam.–Reg.),south,D,A,False,3,southeast,49,50,[40080],[' southeast']," of the frame, indicating that the camera has rotated to face more towards the east. Since the window was originally in the southeast and is now on the left, the new direction must be east.

Answer: A",[2546],104.40536499023438,-0.6879558563232422,-0.0065892767161130905,-2.239048719406128,-0.021445725113153458,-4.436368465423584,-0.042491767555475235
395,Positional Relationship (Cam.–Reg.),south,D,A,False,4,left,55,56,[2047],[' left']," the camera has rotated to face more towards the east. Since the window was originally in the southeast and is now on the left, the new direction must be east.

Answer: A",[2552],105.0599136352539,-1.568955659866333,-0.014933913014829159,-0.1841646432876587,-0.0017529487377032638,-0.5983110666275024,-0.005694950930774212
395,Positional Relationship (Cam.–Reg.),south,D,A,False,5,east,62,63,[10663],[' east']," towards the east. Since the window was originally in the southeast and is now on the left, the new direction must be east.

Answer: A",[2559],99.33637237548828,-1.3066997528076172,-0.013154293410480022,-1.1740095615386963,-0.011818526312708855,2.2530863285064697,0.022681383416056633
400,Positional Relationship (Cam.–Reg.),northwest,C,,,0,west,15,16,[9422],[' west'],"In Photo 1, the printing area (copier) is to the west. The photographer is facing west. In Photo 2, the view is to the right of the copier, showing",[2516],104.6130599975586,-3.231114387512207,-0.030886339023709297,-0.9764040112495422,-0.009333481080830097,-2.794404983520508,-0.02671181783080101
400,Positional Relationship (Cam.–Reg.),northwest,C,,,1,west,21,22,[9422],[' west'],"In Photo 1, the printing area (copier) is to the west. The photographer is facing west. In Photo 2, the view is to the right of the copier, showing a counter and green wall.",[2522],103.8307113647461,-1.99256432056427,-0.019190510734915733,-1.966862678527832,-0.018942976370453835,-1.1599124670028687,-0.01117118913680315
400,Positional Relationship (Cam.–Reg.),northwest,C,,,2,right,33,34,[1245],[' right'],"copier) is to the west. The photographer is facing west. In Photo 2, the view is to the right of the copier, showing a counter and green wall. This indicates the photographer turned 90 degrees to the right",[2534],105.65119171142578,2.6195292472839355,0.02479412965476513,-1.4777827262878418,-0.013987373560667038,-0.005299687385559082,-5.0162117986474186e-05
400,Positional Relationship (Cam.–Reg.),northwest,C,,,3,right,57,58,[1245],[' right']," right of the copier, showing a counter and green wall. This indicates the photographer turned 90 degrees to the right (clockwise) from facing west. Turning 90 degrees clockwise from west results in facing north. However, the",[2558],104.71736145019531,1.828518271446228,0.017461461946368217,-0.9796648025512695,-0.009355323389172554,1.1554641723632812,0.011034122668206692
400,Positional Relationship (Cam.–Reg.),northwest,C,,,4,west,64,65,[9422],[' west']," a counter and green wall. This indicates the photographer turned 90 degrees to the right (clockwise) from facing west. Turning 90 degrees clockwise from west results in facing north. However, the options do not include north. Re",[2565],97.00524139404297,-1.9987472295761108,-0.020604528486728668,-1.6904687881469727,-0.017426570877432823,-1.5682092905044556,-0.016166232526302338
400,Positional Relationship (Cam.–Reg.),northwest,C,,,5,west,73,74,[9422],[' west']," photographer turned 90 degrees to the right (clockwise) from facing west. Turning 90 degrees clockwise from west results in facing north. However, the options do not include north. Re-evaluating: if the copier is",[2574],105.41122436523438,-1.8525248765945435,-0.017574265599250793,-0.3004564642906189,-0.002850326942279935,-0.5942113995552063,-0.005637079011648893
400,Positional Relationship (Cam.–Reg.),northwest,C,,,6,north,77,78,[9897],[' north'],"0 degrees to the right (clockwise) from facing west. Turning 90 degrees clockwise from west results in facing north. However, the options do not include north. Re-evaluating: if the copier is west, and Photo",[2578],91.98318481445312,0.8924211263656616,0.009702002629637718,-3.22806978225708,-0.03509413078427315,0.8899052739143372,0.00967465154826641
400,Positional Relationship (Cam.–Reg.),northwest,C,,,7,north,86,87,[9897],[' north']," from facing west. Turning 90 degrees clockwise from west results in facing north. However, the options do not include north. Re-evaluating: if the copier is west, and Photo 2 shows the area to its right (",[2587],93.13352966308594,-0.002499513328075409,-2.6837953555514105e-05,-1.7057501077651978,-0.01831510290503502,-0.14562249183654785,-0.0015635882737115026
400,Positional Relationship (Cam.–Reg.),northwest,C,,,8,west,98,99,[9422],[' west']," results in facing north. However, the options do not include north. Re-evaluating: if the copier is west, and Photo 2 shows the area to its right (from the photographer's initial perspective), that would be north.",[2599],100.76828002929688,-3.9989402294158936,-0.039684515446424484,-1.2532689571380615,-0.01243713777512312,-3.7212440967559814,-0.036928724497556686
400,Positional Relationship (Cam.–Reg.),northwest,C,,,9,right,109,110,[1245],[' right']," include north. Re-evaluating: if the copier is west, and Photo 2 shows the area to its right (from the photographer's initial perspective), that would be north. But the image shows a corner with a green wall and",[2610],105.45379638671875,1.7657368183135986,0.01674417406320572,-1.0211584568023682,-0.009683468379080296,0.28847676515579224,0.0027355749625712633
400,Positional Relationship (Cam.–Reg.),northwest,C,,,10,north,121,122,[9897],[' north']," is west, and Photo 2 shows the area to its right (from the photographer's initial perspective), that would be north. But the image shows a corner with a green wall and a counter extending to the right. If we assume the room",[2622],99.77259063720703,0.7596107721328735,0.00761342141777277,-2.704371452331543,-0.02710535377264023,-0.6811755895614624,-0.006827281787991524
400,Positional Relationship (Cam.–Reg.),northwest,C,,,11,right,139,140,[1245],[' right']," initial perspective), that would be north. But the image shows a corner with a green wall and a counter extending to the right. If we assume the room layout, turning from west to face the counter which is on the north wall, the direction",[2640],100.63746643066406,3.2750084400177,0.032542634755373,0.6247417330741882,0.006207844242453575,0.33486711978912354,0.0033274597954005003
400,Positional Relationship (Cam.–Reg.),northwest,C,,,12,west,150,151,[9422],[' west']," shows a corner with a green wall and a counter extending to the right. If we assume the room layout, turning from west to face the counter which is on the north wall, the direction is north. Since north is not an option, perhaps",[2651],104.37284088134766,-3.9425203800201416,-0.03777343034744263,-1.8195720911026,-0.01743338629603386,-2.4911327362060547,-0.023867633193731308
400,Positional Relationship (Cam.–Reg.),northwest,C,,,13,north,159,160,[9897],[' north']," counter extending to the right. If we assume the room layout, turning from west to face the counter which is on the north wall, the direction is north. Since north is not an option, perhaps the initial assumption is wrong. Let's consider",[2660],103.39138793945312,0.19041545689105988,0.0018416955135762691,-3.2533962726593018,-0.03146680071949959,-0.9822382926940918,-0.00950019434094429
400,Positional Relationship (Cam.–Reg.),northwest,C,,,14,north,165,166,[9897],[' north']," If we assume the room layout, turning from west to face the counter which is on the north wall, the direction is north. Since north is not an option, perhaps the initial assumption is wrong. Let's consider the walls. In Photo ",[2666],103.52262115478516,0.001330450177192688,1.2851782230427489e-05,-1.4723173379898071,-0.014222179539501667,-0.09823906421661377,-0.000948962289839983
400,Positional Relationship (Cam.–Reg.),northwest,C,,,15,north,168,169,[9897],[' north']," the room layout, turning from west to face the counter which is on the north wall, the direction is north. Since north is not an option, perhaps the initial assumption is wrong. Let's consider the walls. In Photo 1, the",[2669],105.08463287353516,0.20894770324230194,0.001988375326618552,-1.7714674472808838,-0.016857530921697617,-0.39891546964645386,-0.003796135075390339
400,Positional Relationship (Cam.–Reg.),northwest,C,,,16,west,232,233,[9422],[' west']," is against a green wall and a white wall. The blue cable runs along the baseboard. If the copier is west, and the photographer turns to face the counter which is on the adjacent wall to the right, that wall is north.",[2733],102.97614288330078,-2.946146249771118,-0.02860998921096325,-1.168661117553711,-0.011348852887749672,-2.5739049911499023,-0.02499515749514103
400,Positional Relationship (Cam.–Reg.),northwest,C,,,17,right,250,251,[1245],[' right'],". If the copier is west, and the photographer turns to face the counter which is on the adjacent wall to the right, that wall is north. So the photographer is facing north. But since north is not an option, let's look",[2751],105.84794616699219,0.8611029386520386,0.008135282434523106,-1.1743923425674438,-0.01109508890658617,0.33676767349243164,0.00318161747418344
400,Positional Relationship (Cam.–Reg.),northwest,C,,,18,north,255,256,[9897],[' north']," is west, and the photographer turns to face the counter which is on the adjacent wall to the right, that wall is north. So the photographer is facing north. But since north is not an option, let's look at the options again.",[2756],99.69410705566406,0.1719176024198532,0.001724450965411961,-2.024202585220337,-0.020304134115576744,-0.28843992948532104,-0.0028932495042681694
400,Positional Relationship (Cam.–Reg.),northwest,C,,,19,north,262,263,[9897],[' north']," to face the counter which is on the adjacent wall to the right, that wall is north. So the photographer is facing north. But since north is not an option, let's look at the options again. Perhaps the ""printing area"" being",[2763],98.98783874511719,0.5740185976028442,0.005798880010843277,-1.635541558265686,-0.01652265153825283,0.4497023820877075,0.004543006420135498
400,Positional Relationship (Cam.–Reg.),northwest,C,,,20,north,266,267,[9897],[' north']," which is on the adjacent wall to the right, that wall is north. So the photographer is facing north. But since north is not an option, let's look at the options again. Perhaps the ""printing area"" being west means the cop",[2767],104.98472595214844,0.4833095073699951,0.004603617358952761,-1.3385915756225586,-0.012750346213579178,-0.9859762787818909,-0.009391616098582745
400,Positional Relationship (Cam.–Reg.),northwest,C,,,21,west,287,288,[9422],[' west'],". But since north is not an option, let's look at the options again. Perhaps the ""printing area"" being west means the copier is on the west wall. In Photo 2, the photographer is facing the counter which is on",[2788],111.02869415283203,-3.804938316345215,-0.03426986560225487,-1.4421991109848022,-0.012989426963031292,-4.001272201538086,-0.03603818267583847
400,Positional Relationship (Cam.–Reg.),northwest,C,,,22,west,295,296,[9422],[' west'],", let's look at the options again. Perhaps the ""printing area"" being west means the copier is on the west wall. In Photo 2, the photographer is facing the counter which is on the north wall. So the direction is",[2796],103.0224609375,-2.1759767532348633,-0.02112138271331787,-1.106069564819336,-0.010736198164522648,-2.335721969604492,-0.02267196774482727
400,Positional Relationship (Cam.–Reg.),northwest,C,,,23,north,313,314,[9897],[' north']," the copier is on the west wall. In Photo 2, the photographer is facing the counter which is on the north wall. So the direction is north. Since north is not an option, maybe the question implies a different orientation. Alternatively",[2814],101.55127716064453,0.07234509289264679,0.0007123996620066464,-2.168677806854248,-0.02135549485683441,-0.13046836853027344,-0.0012847535545006394
400,Positional Relationship (Cam.–Reg.),northwest,C,,,24,north,320,321,[9897],[' north']," wall. In Photo 2, the photographer is facing the counter which is on the north wall. So the direction is north. Since north is not an option, maybe the question implies a different orientation. Alternatively, if the copier is west",[2821],106.6246109008789,0.33437612652778625,0.003136012703180313,-1.2580623626708984,-0.011798986233770847,0.3093092441558838,0.0029009180143475533
400,Positional Relationship (Cam.–Reg.),northwest,C,,,25,north,323,324,[9897],[' north']," Photo 2, the photographer is facing the counter which is on the north wall. So the direction is north. Since north is not an option, maybe the question implies a different orientation. Alternatively, if the copier is west, and the",[2824],104.39796447753906,0.5380769968032837,0.005154094658792019,-1.8471095561981201,-0.017692964524030685,-0.2942492365837097,-0.0028185341507196426
400,Positional Relationship (Cam.–Reg.),northwest,C,,,26,west,344,345,[9422],[' west']," north. Since north is not an option, maybe the question implies a different orientation. Alternatively, if the copier is west, and the photographer turns to face the counter which is to the east of the copier, then the direction is east",[2845],104.4011001586914,-3.5175180435180664,-0.03369234502315521,-1.2394447326660156,-0.011871950700879097,-3.2527592182159424,-0.031156368553638458
400,Positional Relationship (Cam.–Reg.),northwest,C,,,27,east,358,359,[10663],[' east']," different orientation. Alternatively, if the copier is west, and the photographer turns to face the counter which is to the east of the copier, then the direction is east. But the image shows a corner. Let's assume the room has",[2859],98.88530731201172,2.0871200561523438,0.021106472238898277,-0.735855221748352,-0.0074415020644664764,-0.6277530193328857,-0.006348294205963612
400,Positional Relationship (Cam.–Reg.),northwest,C,,,28,east,368,369,[10663],[' east']," west, and the photographer turns to face the counter which is to the east of the copier, then the direction is east. But the image shows a corner. Let's assume the room has the copier on the west wall, and the",[2869],93.42161560058594,1.0233358144760132,0.010953950695693493,0.40606415271759033,0.004346576053649187,0.7674025297164917,0.00821440014988184
400,Positional Relationship (Cam.–Reg.),northwest,C,,,29,west,388,389,[9422],[' west']," then the direction is east. But the image shows a corner. Let's assume the room has the copier on the west wall, and the counter on the north wall. The photographer in Photo 2 is facing the north wall, so facing",[2889],103.03687286376953,-3.8292033672332764,-0.03716342896223068,-1.6889934539794922,-0.01639212667942047,-2.7952723503112793,-0.027128854766488075
400,Positional Relationship (Cam.–Reg.),northwest,C,,,30,north,396,397,[9897],[' north']," image shows a corner. Let's assume the room has the copier on the west wall, and the counter on the north wall. The photographer in Photo 2 is facing the north wall, so facing north. Since north is not an option",[2897],99.29906463623047,0.13462233543395996,0.0013557261554524302,-2.5906982421875,-0.026089854538440704,0.08516877889633179,0.0008576997206546366
400,Positional Relationship (Cam.–Reg.),northwest,C,,,31,north,408,409,[9897],[' north']," copier on the west wall, and the counter on the north wall. The photographer in Photo 2 is facing the north wall, so facing north. Since north is not an option, perhaps the answer is northeast if the counter is on the",[2909],99.82193756103516,0.5592589378356934,0.005602565594017506,-1.6006851196289062,-0.016035404056310654,0.33230406045913696,0.0033289683051407337
400,Positional Relationship (Cam.–Reg.),northwest,C,,,32,north,413,414,[9897],[' north']," wall, and the counter on the north wall. The photographer in Photo 2 is facing the north wall, so facing north. Since north is not an option, perhaps the answer is northeast if the counter is on the northeast corner. Looking at",[2914],104.641357421875,0.5516530275344849,0.005271845031529665,-1.4055159091949463,-0.01343174371868372,-0.10123586654663086,-0.0009674556204117835
400,Positional Relationship (Cam.–Reg.),northwest,C,,,33,north,416,417,[9897],[' north']," the counter on the north wall. The photographer in Photo 2 is facing the north wall, so facing north. Since north is not an option, perhaps the answer is northeast if the counter is on the northeast corner. Looking at the images,",[2917],104.919677734375,0.4659970998764038,0.004441465251147747,-1.9194159507751465,-0.01829414628446102,-0.5091082453727722,-0.004852361977100372
400,Positional Relationship (Cam.–Reg.),northwest,C,,,34,northeast,426,427,[39481],[' northeast']," Photo 2 is facing the north wall, so facing north. Since north is not an option, perhaps the answer is northeast if the counter is on the northeast corner. Looking at the images, the counter in Photo 2 is along a wall",[2927],109.3422622680664,3.7121214866638184,0.033949557691812515,-2.0835657119750977,-0.019055446609854698,-0.013174235820770264,-0.00012048622011207044
400,Positional Relationship (Cam.–Reg.),northwest,C,,,35,northeast,433,434,[39481],[' northeast']," wall, so facing north. Since north is not an option, perhaps the answer is northeast if the counter is on the northeast corner. Looking at the images, the counter in Photo 2 is along a wall that is perpendicular to the copier",[2934],104.33451843261719,2.4676878452301025,0.023651691153645515,-2.137599229812622,-0.020487938076257706,-1.5515880584716797,-0.014871282503008842
400,Positional Relationship (Cam.–Reg.),northwest,C,,,36,west,468,469,[9422],[' west']," Photo 2 is along a wall that is perpendicular to the copier's wall. If the copier is on the west wall, the counter is on the north wall. The photographer is facing north. But the options are SW, SE,",[2969],101.52249908447266,-4.325634002685547,-0.042607638984918594,-1.6164617538452148,-0.015922201797366142,-3.1517539024353027,-0.03104488179087639
400,Positional Relationship (Cam.–Reg.),northwest,C,,,37,north,476,477,[9897],[' north']," is perpendicular to the copier's wall. If the copier is on the west wall, the counter is on the north wall. The photographer is facing north. But the options are SW, SE, NW, NE. None is north.",[2977],99.3671646118164,-0.34389761090278625,-0.0034608778078109026,-2.3218727111816406,-0.023366598412394524,-0.5395947694778442,-0.0054303128272295
400,Positional Relationship (Cam.–Reg.),northwest,C,,,38,north,483,484,[9897],[' north']," wall. If the copier is on the west wall, the counter is on the north wall. The photographer is facing north. But the options are SW, SE, NW, NE. None is north. Perhaps the initial direction is not west",[2984],102.42527770996094,-0.29428631067276,-0.0028731804341077805,-0.9261304140090942,-0.009042010642588139,0.1320716142654419,0.0012894435785710812
400,Positional Relationship (Cam.–Reg.),northwest,C,,,39,north,499,500,[9897],[' north']," the north wall. The photographer is facing north. But the options are SW, SE, NW, NE. None is north. Perhaps the initial direction is not west. Let's re",[3000],97.50264739990234,0.12949560582637787,0.0013281239662319422,-1.318946361541748,-0.013527288101613522,0.05776315927505493,0.0005924265715293586
400,Positional Relationship (Cam.–Reg.),northwest,C,,,40,west,507,508,[9422],[' west']," north. But the options are SW, SE, NW, NE. None is north. Perhaps the initial direction is not west. Let's re",[3008],99.73046112060547,-2.8223345279693604,-0.028299624100327492,-1.5739219188690186,-0.01578175649046898,-2.015219211578369,-0.02020665630698204
421,Positional Relationship (Obj.–Obj.),west,C,C,True,0,above,36,37,[3294],[' above']," spatial relationship between the objects in the two images.

1.  The second image shows a landscape painting on the wall above the head of the bed. We are told this wall is on the east side of the bedroom.
2. ",[2688],99.974365234375,3.246527910232544,0.0324736051261425,2.406841516494751,0.024074586108326912,0.9288542866706848,0.009290924295783043
421,Positional Relationship (Obj.–Obj.),west,C,C,True,1,east,51,52,[10663],[' east']," second image shows a landscape painting on the wall above the head of the bed. We are told this wall is on the east side of the bedroom.
2.  The first image shows a large window. By observing the corner of the room",[2703],97.21444702148438,2.5404374599456787,0.026132304221391678,-1.8759742975234985,-0.0192972794175148,-0.6577808856964111,-0.0067662871442735195
421,Positional Relationship (Obj.–Obj.),west,C,C,True,2,east,116,117,[10663],[' east']," to the wall with the wooden wardrobe.
3.  The second image shows that the wall with the painting (the east wall) is also adjacent to the wall with the wooden wardrobe.
4.  This means the wall with the window",[2768],96.0617904663086,1.0375852584838867,0.010801227763295174,-2.3423569202423096,-0.02438385598361492,-0.9141981601715088,-0.009516771882772446
421,Positional Relationship (Obj.–Obj.),west,C,C,True,3,east,168,169,[10663],[' east']," with the painting are on opposite sides of the wall with the wardrobe.
5.  If the painting is on the east wall, the wall directly opposite it would be the west wall. Therefore, the window is located on the west side of",[2820],88.30979919433594,1.691821813583374,0.019157804548740387,-2.5839977264404297,-0.029260599985718727,-1.3360154628753662,-0.015128733590245247
421,Positional Relationship (Obj.–Obj.),west,C,C,True,4,west,179,180,[9422],[' west']," the wardrobe.
5.  If the painting is on the east wall, the wall directly opposite it would be the west wall. Therefore, the window is located on the west side of the bedroom.

Answer: C",[2831],84.60260772705078,-0.2976000905036926,-0.00351762305945158,0.8549140691757202,0.010105055756866932,1.5470495223999023,0.018286073580384254
421,Positional Relationship (Obj.–Obj.),west,C,C,True,5,west,190,191,[9422],[' west']," on the east wall, the wall directly opposite it would be the west wall. Therefore, the window is located on the west side of the bedroom.

Answer: C",[2842],92.57061767578125,0.17020487785339355,0.00183864904101938,1.0521533489227295,0.011365953832864761,-0.009883880615234375,-0.0001067712510121055
434,MSR,southwest,C,A,False,0,left,14,15,[2047],[' left'],"Step 1: In Figure 2, the door is on the left side of the image, and the direction from the door into the room is defined as north.
Step 2:",[4922],102.82437896728516,-6.843228816986084,-0.06655259430408478,-0.4046793282032013,-0.003935636021196842,-1.3366124629974365,-0.012998984195291996
434,MSR,southwest,C,A,False,1,north,32,33,[9897],[' north'],", the door is on the left side of the image, and the direction from the door into the room is defined as north.
Step 2: The blue trash can is located near the door, slightly to the right as you enter the",[4940],103.36058044433594,-1.3753814697265625,-0.01330663450062275,-2.4304041862487793,-0.02351384051144123,0.09338611364364624,0.0009034983231686056
434,MSR,southwest,C,A,False,2,right,52,53,[1245],[' right']," room is defined as north.
Step 2: The blue trash can is located near the door, slightly to the right as you enter the room.
Step 3: The white writing board is on the far wall, to the right",[4960],107.01399230957031,2.8513689041137695,0.02664482407271862,-0.8978270292282104,-0.008389810100197792,-0.13876278698444366,-0.001296678907237947
434,MSR,southwest,C,A,False,3,right,76,77,[1245],[' right']," right as you enter the room.
Step 3: The white writing board is on the far wall, to the right of the blue trash can.
Step 4: Given the orientation, the white writing board is to the east of",[4984],105.18973541259766,4.051723480224609,0.03851823881268501,-1.254647970199585,-0.011927475221455097,0.3023895025253296,0.0028747054748237133
434,MSR,southwest,C,A,False,4,east,99,100,[10663],[' east']," the right of the blue trash can.
Step 4: Given the orientation, the white writing board is to the east of the blue trash can.
Step 5: Since the writing board is also slightly further into the room (north",[5007],108.88069915771484,2.857326030731201,0.026242723688483238,-1.1949026584625244,-0.010974421165883541,-0.1096264123916626,-0.0010068488772958517
434,MSR,southwest,C,A,False,5,north,123,124,[59810],['north']," east of the blue trash can.
Step 5: Since the writing board is also slightly further into the room (north), it is positioned to the northeast of the blue trash can.
Answer: A",[5031],104.3160400390625,-1.5682103633880615,-0.015033261850476265,-3.4281482696533203,-0.03286309912800789,-0.699627161026001,-0.006706803105771542
434,MSR,southwest,C,A,False,6,northeast,130,131,[39481],[' northeast'],"
Step 5: Since the writing board is also slightly further into the room (north), it is positioned to the northeast of the blue trash can.
Answer: A",[5038],111.42169952392578,-0.05802759528160095,-0.000520792615134269,-4.9154438972473145,-0.04411567747592926,-0.672946035861969,-0.006039631552994251
437,MSR,northeast,D,B,False,0,northwest,68,69,[50488],[' northwest']," image shows a small sofa (or armchair) in the same room. The problem states that this sofa is to the northwest of the bed. By comparing the two images, we can see that the sofa is located to the right of the bed",[5294],94.93858337402344,-1.3351508378982544,-0.01406331080943346,-3.120548725128174,-0.0328691303730011,-1.5721304416656494,-0.01655944623053074
437,MSR,northeast,D,B,False,1,right,89,90,[1245],[' right']," is to the northwest of the bed. By comparing the two images, we can see that the sofa is located to the right of the bed's position. Therefore, the direction ""right"" in the bedroom corresponds to Northwest.

2. ",[5315],95.76807403564453,2.8153791427612305,0.029397888109087944,-0.476286917924881,-0.0049733370542526245,0.07995012402534485,0.0008348306291736662
437,MSR,northeast,D,B,False,2,right,101,102,[1246],['right']," images, we can see that the sofa is located to the right of the bed's position. Therefore, the direction ""right"" in the bedroom corresponds to Northwest.

2.  **Determine the other cardinal directions in the bedroom:** If",[5327],99.81999206542969,0.7546861171722412,0.00756047060713172,0.20611178874969482,0.00206483481451869,1.156783103942871,0.011588691733777523
437,MSR,northeast,D,B,False,3,northwest,108,109,[38100],[' Northwest']," sofa is located to the right of the bed's position. Therefore, the direction ""right"" in the bedroom corresponds to Northwest.

2.  **Determine the other cardinal directions in the bedroom:** If Northwest is to the right, we",[5334],95.80331420898438,0.02792002260684967,0.00029143065330572426,-3.287540912628174,-0.03431552276015282,-0.8136113882064819,-0.008492518216371536
437,MSR,northeast,D,B,False,4,northwest,126,127,[38100],[' Northwest'],""" in the bedroom corresponds to Northwest.

2.  **Determine the other cardinal directions in the bedroom:** If Northwest is to the right, we can deduce the other directions. Assuming a standard orientation where the camera is facing into the",[5352],97.80768585205078,-1.178473711013794,-0.01204888615757227,-3.478969097137451,-0.035569485276937485,-2.164029121398926,-0.022125348448753357
437,MSR,northeast,D,B,False,5,right,130,131,[1245],[' right']," corresponds to Northwest.

2.  **Determine the other cardinal directions in the bedroom:** If Northwest is to the right, we can deduce the other directions. Assuming a standard orientation where the camera is facing into the room:
   ",[5356],88.35688781738281,0.8753933310508728,0.009907471016049385,-0.9676668643951416,-0.010951798409223557,-0.5263131856918335,-0.0059566739946603775
437,MSR,northeast,D,B,False,6,right,157,158,[9785],[' Right']," can deduce the other directions. Assuming a standard orientation where the camera is facing into the room:
    -   Right is Northwest.
    -   Left would be Southeast.
    -   Forward (into the room) would be",[5383],99.48597717285156,0.4148528575897217,0.004169963300228119,-1.362537145614624,-0.013695770874619484,-0.3489055931568146,-0.003507083049044013
437,MSR,northeast,D,B,False,7,northwest,159,160,[38100],[' Northwest'],"uce the other directions. Assuming a standard orientation where the camera is facing into the room:
    -   Right is Northwest.
    -   Left would be Southeast.
    -   Forward (into the room) would be Northeast.",[5385],91.20932006835938,-1.4218649864196777,-0.015589031390845776,-3.702390432357788,-0.04059223830699921,-2.005138397216797,-0.0219839196652174
437,MSR,northeast,D,B,False,8,left,165,166,[13333],[' Left']," a standard orientation where the camera is facing into the room:
    -   Right is Northwest.
    -   Left would be Southeast.
    -   Forward (into the room) would be Northeast.
    -   Backward",[5391],89.65691375732422,-3.6783928871154785,-0.041027430444955826,0.18558824062347412,0.0020699824672192335,0.5847840309143066,0.006522464565932751
437,MSR,northeast,D,B,False,9,southeast,168,169,[34388],[' Southeast']," where the camera is facing into the room:
    -   Right is Northwest.
    -   Left would be Southeast.
    -   Forward (into the room) would be Northeast.
    -   Backward (towards",[5394],88.26715087890625,-0.47022539377212524,-0.00532729784026742,0.975088357925415,0.011047013103961945,-0.7643980979919434,-0.008660051971673965
437,MSR,northeast,D,B,False,10,northeast,182,183,[43102],[' Northeast']," is Northwest.
    -   Left would be Southeast.
    -   Forward (into the room) would be Northeast.
    -   Backward (towards the camera/doorway) would be Southwest.

3. ",[5408],89.31165313720703,0.692409098148346,0.007752729579806328,-3.6684694290161133,-0.04107492417097092,-0.21498793363571167,-0.002407165477052331
437,MSR,northeast,D,B,False,11,southwest,201,202,[44164],[' Southwest']," the room) would be Northeast.
    -   Backward (towards the camera/doorway) would be Southwest.

3.  **Locate the fireplace:** The first image shows the fireplace. It is visible through a large",[5427],83.84252166748047,-1.7218483686447144,-0.020536696538329124,2.625566244125366,0.03131544962525368,-1.0313090085983276,-0.012300548143684864
437,MSR,northeast,D,B,False,12,right,419,420,[1245],[' right'],":** If we are standing in the bedroom facing the bed (as in image 3), and the sofa is to our right (Northwest), then the direction towards the hallway/entrance is behind us (Southwest). The fireplace is in",[5645],98.91825866699219,0.3948969542980194,0.003992154262959957,-1.3798335790634155,-0.013949230313301086,0.06793332099914551,0.0006867622141726315
437,MSR,northeast,D,B,False,13,northwest,421,423,"[24420, 10717]","['North', 'west']"," we are standing in the bedroom facing the bed (as in image 3), and the sofa is to our right (Northwest), then the direction towards the hallway/entrance is behind us (Southwest). The fireplace is in the adjacent living","[5647, 5648]",85.43314361572266,-0.3003956079483032,-0.0035161483101546764,-1.8169639110565186,-0.021267669275403023,-0.8802094459533691,-0.010302904061973095
437,MSR,northeast,D,B,False,14,southwest,437,439,"[24225, 10717]","['South', 'west']"," and the sofa is to our right (Northwest), then the direction towards the hallway/entrance is behind us (Southwest). The fireplace is in the adjacent living area, which is accessed from the hallway. Therefore, the fireplace is in the","[5663, 5664]",82.52011108398438,-1.9989817142486572,-0.0242241770029068,2.8652400970458984,0.03472171723842621,-1.318102240562439,-0.015973102301359177
437,MSR,northeast,D,B,False,15,southwest,480,482,"[24225, 10717]","['South', 'west']"," Therefore, the fireplace is in the direction of the hallway relative to the bed. Since the hallway is behind the bed (Southwest), the fireplace is also to the Southwest of the bed.

Answer: B","[5706, 5707]",87.53827667236328,-2.1710987091064453,-0.0248017068952322,1.9049091339111328,0.02176087163388729,-0.6903562545776367,-0.00788633618503809
437,MSR,northeast,D,B,False,16,southwest,489,490,[44164],[' Southwest']," the hallway relative to the bed. Since the hallway is behind the bed (Southwest), the fireplace is also to the Southwest of the bed.

Answer: B",[5715],100.03756713867188,-1.7507699728012085,-0.01750112511217594,1.8465371131896973,0.01845843717455864,-0.8300195932388306,-0.008297079242765903
438,Positional Relationship (Reg.–Reg.),southeast,A,D,False,0,north,16,17,[9897],[' north'],"Step 1: The first image shows the living room with the television on the north side.
Step 2: The second image shows the kitchen and dining room, which are visible through an archway",[2677],104.0077896118164,-1.629460334777832,-0.015666713938117027,-5.287745475769043,-0.050839897245168686,-2.356851100921631,-0.022660331800580025
438,Positional Relationship (Reg.–Reg.),southeast,A,D,False,1,right,58,59,[1245],[' right']," which are visible through an archway from the living room.
Step 3: The archway is located to the right of the television, indicating that the kitchen and dining room are to the east of the living room.
Step 4",[2719],107.2568130493164,2.872061252593994,0.026777425780892372,-1.9702855348587036,-0.01836979389190674,-0.3316255807876587,-0.0030918836127966642
438,Positional Relationship (Reg.–Reg.),southeast,A,D,False,2,east,73,74,[10663],[' east'],"3: The archway is located to the right of the television, indicating that the kitchen and dining room are to the east of the living room.
Step 4: The kitchen and dining room are also slightly forward from the living room,",[2734],109.11753845214844,2.1837127208709717,0.02001248113811016,-2.2240488529205322,-0.020382139831781387,0.19557857513427734,0.0017923660343512893
438,Positional Relationship (Reg.–Reg.),southeast,A,D,False,3,northeast,100,101,[39481],[' northeast']," living room.
Step 4: The kitchen and dining room are also slightly forward from the living room, indicating a northeast direction.
Step 5: Therefore, the kitchen and dining room are located to the northeast of the living room.",[2761],115.07432556152344,2.8725357055664062,0.02496243827044964,-3.2090210914611816,-0.027886508032679558,-0.5604945421218872,-0.004870717413723469
438,Positional Relationship (Reg.–Reg.),southeast,A,D,False,4,northeast,119,120,[39481],[' northeast']," living room, indicating a northeast direction.
Step 5: Therefore, the kitchen and dining room are located to the northeast of the living room.
Answer: D",[2780],106.70862579345703,1.5886180400848389,0.014887438155710697,-2.4744949340820312,-0.02318926900625229,-0.6852227449417114,-0.0064214370213449
439,Positional Relationship (Reg.–Reg.),southeast,C,A,False,0,north,10,11,[9897],[' north'],"Step 1: The fireplace is on the due north side of the living room.
Step 2: The pool is outside the living room, visible through the large glass",[2660],93.36932373046875,-0.03911827504634857,-0.00041896282345987856,-4.186784744262695,-0.04484111815690994,-2.128938674926758,-0.022801265120506287
439,Positional Relationship (Reg.–Reg.),southeast,C,A,False,1,right,53,54,[1245],[' right'],", visible through the large glass doors.
Step 3: The dining area is inside the living room, to the right of the fireplace.
Step 4: From the pool's perspective, the dining area is to the right and slightly",[2703],97.6475830078125,3.672750473022461,0.03761230409145355,-0.9411672353744507,-0.009638408198952675,-0.030192315578460693,-0.00030919676646590233
439,Positional Relationship (Reg.–Reg.),southeast,C,A,False,2,right,75,76,[1245],[' right']," to the right of the fireplace.
Step 4: From the pool's perspective, the dining area is to the right and slightly forward, which corresponds to the northeast direction.
Answer: A",[2725],103.75033569335938,2.468203067779541,0.02378983236849308,-1.5184043645858765,-0.014635175466537476,0.7264356017112732,0.0070017664693295956
439,Positional Relationship (Reg.–Reg.),southeast,C,A,False,3,northeast,84,85,[39481],[' northeast']," 4: From the pool's perspective, the dining area is to the right and slightly forward, which corresponds to the northeast direction.
Answer: A",[2734],104.87503814697266,0.041117921471595764,0.0003920658491551876,-4.530867099761963,-0.04320253059267998,-0.5777827501296997,-0.005509249400347471
440,Positional Relationship (Reg.–Reg.),southwest,A,C,False,0,north,31,32,[9897],[' north']," shows the living room, and the second photo shows the bedroom.
Step 2: The pillow is placed at the north end of the bed, indicating the orientation of the bedroom.
Step 3: The living room is visible through an",[2687],86.94879150390625,-0.21585613489151,-0.0024825662840157747,-3.1089885234832764,-0.03575654700398445,-2.385915994644165,-0.027440473437309265
440,Positional Relationship (Reg.–Reg.),southwest,A,C,False,1,northwest,98,99,[50488],[' northwest'],": Given the orientation of the bedroom and the position of the living room relative to it, the living room is to the northwest of the bedroom.
Answer: C",[2754],107.70782470703125,-3.5696730613708496,-0.03314219042658806,-2.9697036743164062,-0.027571847662329674,-1.7026325464248657,-0.015807881951332092
448,Positional Relationship (Obj.–Reg.),southeast,D,C,False,0,southwest,40,41,[51206],[' southwest']," spatial relationships provided:

1.  **Identify the reference points:** The problem states that the fireplace is in the southwest direction of the dining room. This means if you are in the dining room, the fireplace is to your southwest.
",[2694],97.57681274414062,-3.0753884315490723,-0.03151761367917061,1.221752405166626,0.012520929798483849,-4.268866062164307,-0.043748773634433746
448,Positional Relationship (Obj.–Reg.),southeast,D,C,False,1,southwest,62,63,[51206],[' southwest']," in the southwest direction of the dining room. This means if you are in the dining room, the fireplace is to your southwest.
2.  **Locate the dining room:** In the second image, the dining room is visible on the",[2716],98.29158020019531,-1.8463249206542969,-0.018784161657094955,0.46548983454704285,0.004735805559903383,-3.62888240814209,-0.03691956400871277
448,Positional Relationship (Obj.–Reg.),southeast,D,C,False,2,right,87,88,[1245],[' right'],".
2.  **Locate the dining room:** In the second image, the dining room is visible on the right side, with a dining table and chairs.
3.  **Determine the direction of the fireplace from the dining",[2741],97.81321716308594,4.004294395446777,0.04093817248940468,-0.16060379147529602,-0.001641943701542914,-0.6417229771614075,-0.00656069815158844
448,Positional Relationship (Obj.–Reg.),southeast,D,C,False,3,southwest,118,119,[51206],[' southwest']," and chairs.
3.  **Determine the direction of the fireplace from the dining room:** Since the fireplace is southwest of the dining room, it would be located towards the bottom-left from the perspective of someone in the dining room.
",[2772],106.07943725585938,-2.7278594970703125,-0.02571525238454342,0.6783716678619385,0.0063949404284358025,-3.47963809967041,-0.032802190631628036
448,Positional Relationship (Obj.–Reg.),southeast,D,C,False,4,bottom,130,131,[5445],[' bottom']," of the fireplace from the dining room:** Since the fireplace is southwest of the dining room, it would be located towards the bottom-left from the perspective of someone in the dining room.
4.  **Find the door in the dining room:**",[2784],106.88172149658203,-1.4439060688018799,-0.013509382493793964,4.527677536010742,0.04236156865954399,-1.1798971891403198,-0.011039279401302338
448,Positional Relationship (Obj.–Reg.),southeast,D,C,False,5,left,170,171,[2047],[' left']," **Find the door in the dining room:** Looking at the second image, the door in the dining room is on the left side of the room, which is towards the northwest from the perspective of someone in the dining room.
5. ",[2824],104.30921936035156,-5.589417457580566,-0.053585074841976166,0.18905246257781982,0.0018124233465641737,0.5577378273010254,0.005346965976059437
448,Positional Relationship (Obj.–Reg.),southeast,D,C,False,6,northwest,180,181,[50488],[' northwest']," at the second image, the door in the dining room is on the left side of the room, which is towards the northwest from the perspective of someone in the dining room.
5.  **Confirm the direction:** The door is indeed in",[2834],109.7944107055664,-1.0221389532089233,-0.009309572167694569,-4.148480415344238,-0.03778407722711563,-0.6020563840866089,-0.00548348855227232
448,Positional Relationship (Obj.–Reg.),southeast,D,C,False,7,northwest,206,207,[50488],[' northwest']," the perspective of someone in the dining room.
5.  **Confirm the direction:** The door is indeed in the northwest direction relative to the dining room.

Answer: C",[2860],107.21538543701172,-0.9662761688232422,-0.009012476541101933,-2.0113229751586914,-0.018759649246931076,-0.23192214965820312,-0.002163142431527376
454,Motion (Obj.),southwest,D,A,False,0,south,27,28,[9514],[' south']," the movement of the object in the person's hand from Figure 1 to Figure 2, assuming the person is facing south.

1. In Figure 1, the person is holding a clay piece above the pottery wheel with their left hand",[408],101.61466979980469,-0.5514142513275146,-0.0054265218786895275,0.24672788381576538,0.002428073436021805,-1.8137494325637817,-0.017849287018179893
454,Motion (Obj.),southwest,D,A,False,1,above,44,45,[3294],[' above'],"2, assuming the person is facing south.

1. In Figure 1, the person is holding a clay piece above the pottery wheel with their left hand, and their right hand is near the wheel, possibly shaping or supporting the clay on",[425],105.92684173583984,0.07257384061813354,0.0006851317593827844,-1.7585396766662598,-0.016601454466581345,-0.8422735333442688,-0.007951464504003525
454,Motion (Obj.),southwest,D,A,False,2,left,50,51,[2047],[' left']," facing south.

1. In Figure 1, the person is holding a clay piece above the pottery wheel with their left hand, and their right hand is near the wheel, possibly shaping or supporting the clay on the wheel.
2.",[431],99.09009552001953,-6.138633728027344,-0.06195002421736717,-0.956620454788208,-0.009654046967625618,-0.6891546249389648,-0.00695482874289155
454,Motion (Obj.),southwest,D,A,False,3,right,55,56,[1245],[' right'],". In Figure 1, the person is holding a clay piece above the pottery wheel with their left hand, and their right hand is near the wheel, possibly shaping or supporting the clay on the wheel.
2. In Figure 2,",[436],106.37338256835938,5.640724182128906,0.05302758887410164,3.016453266143799,0.028357218950986862,0.9682658910751343,0.009102520532906055
454,Motion (Obj.),southwest,D,A,False,4,south,118,119,[9514],[' south']," hands are now positioned around the wheel, likely to shape or stabilize the clay.
3. Since the person is facing south, the direction ""forward"" from their perspective is south, ""backward"" is north, ""left"" is east,",[499],106.21418762207031,-0.8147152662277222,-0.007670493796467781,-0.09417955577373505,-0.0008866947027854621,-2.3974356651306152,-0.022571709007024765
454,Motion (Obj.),southwest,D,A,False,5,south,129,130,[9514],[' south']," or stabilize the clay.
3. Since the person is facing south, the direction ""forward"" from their perspective is south, ""backward"" is north, ""left"" is east, and ""right"" is west.
4. The",[510],103.41702270507812,-0.7846948504447937,-0.0075876759365201,1.2704665660858154,0.012284887954592705,-0.5807890892028809,-0.005615991074591875
454,Motion (Obj.),southwest,D,A,False,6,north,135,136,[9897],[' north'],"3. Since the person is facing south, the direction ""forward"" from their perspective is south, ""backward"" is north, ""left"" is east, and ""right"" is west.
4. The clay piece moves from being held",[516],93.66758728027344,-0.875587522983551,-0.009347817860543728,-2.871042251586914,-0.0306513961404562,-2.4295830726623535,-0.025938354432582855
454,Motion (Obj.),southwest,D,A,False,7,left,138,139,[2282],['left']," the person is facing south, the direction ""forward"" from their perspective is south, ""backward"" is north, ""left"" is east, and ""right"" is west.
4. The clay piece moves from being held above the wheel",[519],105.90550994873047,-5.262005805969238,-0.04968585446476936,-0.835828423500061,-0.007892209105193615,-0.1728731393814087,-0.0016323337331414223
454,Motion (Obj.),southwest,D,A,False,8,east,141,142,[10663],[' east']," facing south, the direction ""forward"" from their perspective is south, ""backward"" is north, ""left"" is east, and ""right"" is west.
4. The clay piece moves from being held above the wheel (in Figure",[522],100.28303527832031,-1.4612183570861816,-0.01457094307988882,-1.7043936252593994,-0.016995832324028015,-0.014852046966552734,-0.00014810128777753562
454,Motion (Obj.),southwest,D,A,False,9,right,145,146,[1246],['right']," direction ""forward"" from their perspective is south, ""backward"" is north, ""left"" is east, and ""right"" is west.
4. The clay piece moves from being held above the wheel (in Figure 1) to",[526],95.05327606201172,3.1572470664978027,0.03321555256843567,0.6678127646446228,0.007025667931884527,-1.1859283447265625,-0.01247645914554596
454,Motion (Obj.),southwest,D,A,False,10,west,148,149,[9422],[' west'],""" from their perspective is south, ""backward"" is north, ""left"" is east, and ""right"" is west.
4. The clay piece moves from being held above the wheel (in Figure 1) to being placed on",[529],98.19156646728516,-0.31986603140830994,-0.003257571253925562,0.7757902145385742,0.007900782860815525,-1.8992365598678589,-0.019342156127095222
454,Motion (Obj.),southwest,D,A,False,11,above,160,161,[3294],[' above'],", ""left"" is east, and ""right"" is west.
4. The clay piece moves from being held above the wheel (in Figure 1) to being placed on the wheel (in Figure 2). This movement is primarily",[541],107.43865203857422,-0.9366796016693115,-0.008718273602426052,-2.6710755825042725,-0.024861402809619904,-0.8413522243499756,-0.007831001654267311
454,Motion (Obj.),southwest,D,A,False,12,south,200,201,[9514],[' south'],"in Figure 2). This movement is primarily downward and slightly forward (toward the person's body, which is facing south).
5. Given the person's orientation, moving the clay piece from above the wheel to on the wheel involves a",[581],100.08369445800781,-0.3186645209789276,-0.0031839804723858833,-0.0029196739196777344,-2.917232268373482e-05,0.7270792722702026,0.007264712359756231
454,Motion (Obj.),southwest,D,A,False,13,above,216,217,[3294],[' above']," the person's body, which is facing south).
5. Given the person's orientation, moving the clay piece from above the wheel to on the wheel involves a slight movement toward the south (forward) and possibly a bit toward the east (",[597],109.78521728515625,-1.9558467864990234,-0.017815209925174713,-3.7051453590393066,-0.033749036490917206,-1.5978734493255615,-0.014554540626704693
454,Motion (Obj.),southwest,D,A,False,14,south,229,230,[9514],[' south']," Given the person's orientation, moving the clay piece from above the wheel to on the wheel involves a slight movement toward the south (forward) and possibly a bit toward the east (left) or west (right), depending on the exact positioning.",[610],107.39518737792969,-0.6999552249908447,-0.006517565809190273,0.2339821457862854,0.0021787022706121206,0.9749807119369507,0.009078439325094223
454,Motion (Obj.),southwest,D,A,False,15,east,239,240,[10663],[' east']," from above the wheel to on the wheel involves a slight movement toward the south (forward) and possibly a bit toward the east (left) or west (right), depending on the exact positioning. However, the primary movement is downward and slightly forward",[620],113.18307495117188,-3.406611919403076,-0.030098244547843933,-0.904163658618927,-0.007988505996763706,0.7944694757461548,0.0070193312130868435
454,Motion (Obj.),southwest,D,A,False,16,left,241,242,[2282],['left']," the wheel to on the wheel involves a slight movement toward the south (forward) and possibly a bit toward the east (left) or west (right), depending on the exact positioning. However, the primary movement is downward and slightly forward, which",[622],109.04347229003906,-2.404477119445801,-0.022050628438591957,-1.0724291801452637,-0.009834877215325832,0.2864755392074585,0.002627168083563447
454,Motion (Obj.),southwest,D,A,False,17,west,244,245,[9422],[' west']," on the wheel involves a slight movement toward the south (forward) and possibly a bit toward the east (left) or west (right), depending on the exact positioning. However, the primary movement is downward and slightly forward, which aligns with",[625],101.16986846923828,4.078246116638184,0.040310878306627274,1.4496179819107056,0.014328554272651672,-0.26226454973220825,-0.0025923186913132668
454,Motion (Obj.),southwest,D,A,False,18,right,246,247,[1246],['right']," wheel involves a slight movement toward the south (forward) and possibly a bit toward the east (left) or west (right), depending on the exact positioning. However, the primary movement is downward and slightly forward, which aligns with moving toward",[627],111.81047821044922,3.735640048980713,0.033410463482141495,1.8272377252578735,0.016342276707291603,0.07855600118637085,0.0007025817758403718
454,Motion (Obj.),southwest,D,A,False,19,southeast,272,273,[40080],[' southeast']," depending on the exact positioning. However, the primary movement is downward and slightly forward, which aligns with moving toward the southeast if we consider the slight lateral movement.

Answer: A",[653],113.92733764648438,0.36538535356521606,0.0032071787863969803,-0.18929798901081085,-0.0016615677159279585,0.822094202041626,0.007215952035039663
459,Attribute (Appr.),northeast,B,D,False,0,north,42,43,[59810],['north']," features of the object:

1.  **Identify the reference point:** Figure 1 is defined as the ""north side"". In this view, the black handle is on the right side of the coffee pot.
2.  **",[3930],98.22433471679688,-2.2865920066833496,-0.023279281333088875,-3.8476366996765137,-0.03917193040251732,-2.3073525428771973,-0.02349064126610756
459,Attribute (Appr.),northeast,B,D,False,1,right,55,56,[1245],[' right']," reference point:** Figure 1 is defined as the ""north side"". In this view, the black handle is on the right side of the coffee pot.
2.  **Analyze the change in view:** Figure 2 shows the same",[3943],94.86434936523438,1.1788747310638428,0.01242695190012455,-1.5565502643585205,-0.016408169642090797,-0.6571043729782104,-0.006926778703927994
459,Attribute (Appr.),northeast,B,D,False,2,left,90,91,[2047],[' left']," **Analyze the change in view:** Figure 2 shows the same coffee pot, but the handle is now on the left side. The spout, which was on the left in Figure 1, is now on the right.
3",[3978],90.78926849365234,-2.2459499835968018,-0.02473805658519268,0.6053773164749146,0.006667939014732838,0.4388757646083832,0.004834004677832127
459,Attribute (Appr.),northeast,B,D,False,3,left,101,102,[2047],[' left']," shows the same coffee pot, but the handle is now on the left side. The spout, which was on the left in Figure 1, is now on the right.
3.  **Determine the rotation:** For the handle",[3989],92.97314453125,-5.4378204345703125,-0.05848807841539383,-0.01325872540473938,-0.00014260811440180987,-1.8909953832626343,-0.020339157432317734
459,Attribute (Appr.),northeast,B,D,False,4,right,111,112,[1245],[' right']," now on the left side. The spout, which was on the left in Figure 1, is now on the right.
3.  **Determine the rotation:** For the handle to move from the right side to the left side",[3999],85.36917877197266,1.085463523864746,0.012714934535324574,0.626958966255188,0.0073440903797745705,-0.042920827865600586,-0.0005027672741562128
459,Attribute (Appr.),northeast,B,D,False,5,right,130,131,[1245],[' right'],", is now on the right.
3.  **Determine the rotation:** For the handle to move from the right side to the left side of the frame, the object must have been rotated. A 180-degree rotation would",[4018],94.93643188476562,-0.6526021361351013,-0.006874096114188433,-1.6170976161956787,-0.017033478245139122,-1.9660375118255615,-0.02070898935198784
459,Attribute (Appr.),northeast,B,D,False,6,left,134,135,[2047],[' left']," the right.
3.  **Determine the rotation:** For the handle to move from the right side to the left side of the frame, the object must have been rotated. A 180-degree rotation would achieve this, bringing",[4022],86.16838073730469,0.26595500111579895,0.0030864570289850235,0.8227944374084473,0.009548681788146496,0.7419461607933044,0.008610422722995281
459,Attribute (Appr.),northeast,B,D,False,7,north,186,187,[9897],[' north']," of the object into view.
4.  **Relate rotation to cardinal directions:** If Figure 1 is the north side, rotating the object 180 degrees would show the side directly opposite to it.
5.  **",[4074],96.02923583984375,-2.9486215114593506,-0.03070545569062233,-4.091977119445801,-0.04261178523302078,-2.0363545417785645,-0.021205568686127663
459,Attribute (Appr.),northeast,B,D,False,8,north,218,219,[9897],[' north'],"80 degrees would show the side directly opposite to it.
5.  **Conclusion:** The side opposite to the north is the south. Therefore, Figure 2 shows the south side of the object.

Answer: D",[4106],97.21273803710938,-2.4745025634765625,-0.025454510003328323,-3.573305606842041,-0.036757584661245346,-2.0649213790893555,-0.021241262555122375
459,Attribute (Appr.),northeast,B,D,False,9,south,221,222,[9514],[' south']," would show the side directly opposite to it.
5.  **Conclusion:** The side opposite to the north is the south. Therefore, Figure 2 shows the south side of the object.

Answer: D",[4109],91.96942901611328,0.8899739384651184,0.009676845744252205,1.9127061367034912,0.02079719491302967,1.2852916717529297,0.013975205831229687
459,Attribute (Appr.),northeast,B,D,False,10,south,230,231,[9514],[' south'],"
5.  **Conclusion:** The side opposite to the north is the south. Therefore, Figure 2 shows the south side of the object.

Answer: D",[4118],94.61865234375,0.32039663195610046,0.0033861889969557524,1.0758998394012451,0.011370906606316566,-0.4366230368614197,-0.0046145557425916195
464,MSR,southwest,A,C,False,0,north,30,31,[9897],[' north']," step by step based on the provided images and the instruction to enter through the door with the green emergency exit sign, facing north.

1.  **Identify the entrance and orientation:** Image 4 shows a doorway on the left with a",[7862],98.17857360839844,-0.46464598178863525,-0.004732661880552769,-1.7214457988739014,-0.01753382384777069,-0.006376504898071289,-6.494802801171318e-05
464,MSR,southwest,A,C,False,1,left,52,53,[2047],[' left'],", facing north.

1.  **Identify the entrance and orientation:** Image 4 shows a doorway on the left with a green emergency exit sign above it. Entering this door and facing north means the wall with the four red chairs",[7884],98.07039642333984,-5.714356899261475,-0.05826791003346443,0.47847241163253784,0.0048788669519126415,-1.3798234462738037,-0.014069724828004837
464,MSR,southwest,A,C,False,2,above,59,60,[3294],[' above'],"  **Identify the entrance and orientation:** Image 4 shows a doorway on the left with a green emergency exit sign above it. Entering this door and facing north means the wall with the four red chairs is to our right (east),",[7891],98.12831115722656,-0.8599289655685425,-0.008763311430811882,-1.9398343563079834,-0.01976834610104561,-2.4208860397338867,-0.024670617654919624
464,MSR,southwest,A,C,False,3,north,68,69,[9897],[' north']," Image 4 shows a doorway on the left with a green emergency exit sign above it. Entering this door and facing north means the wall with the four red chairs is to our right (east), and the large double doors are further to the",[7900],103.83104705810547,-0.0755687952041626,-0.000727805367205292,-1.0835163593292236,-0.010435379110276699,-0.3586777448654175,-0.0034544363152235746
464,MSR,southwest,A,C,False,4,right,80,81,[1245],[' right']," emergency exit sign above it. Entering this door and facing north means the wall with the four red chairs is to our right (east), and the large double doors are further to the right (southeast). The room extends forward (north)",[7912],101.02149963378906,3.5183966159820557,0.034828197211027145,-0.8601721525192261,-0.00851474329829216,0.17705482244491577,0.0017526450101286173
464,MSR,southwest,A,C,False,5,east,82,83,[58463],['east']," sign above it. Entering this door and facing north means the wall with the four red chairs is to our right (east), and the large double doors are further to the right (southeast). The room extends forward (north) and to",[7914],97.76898193359375,2.625154495239258,0.026850586757063866,-1.2923331260681152,-0.013218232430517673,-0.9131498336791992,-0.009339872747659683
464,MSR,southwest,A,C,False,6,right,93,94,[1245],[' right']," means the wall with the four red chairs is to our right (east), and the large double doors are further to the right (southeast). The room extends forward (north) and to the left (west).

2.  **Loc",[7925],100.97724151611328,1.9791840314865112,0.01960029825568199,-0.4860713481903076,-0.004813672509044409,-0.9849417805671692,-0.00975409708917141
464,MSR,southwest,A,C,False,7,southeast,95,97,"[189402, 14331]","['sou', 'theast']"," wall with the four red chairs is to our right (east), and the large double doors are further to the right (southeast). The room extends forward (north) and to the left (west).

2.  **Locate key objects","[7927, 7928]",86.5531005859375,1.3430430889129639,0.015516984276473522,1.963218331336975,0.02268224209547043,-1.720088243484497,-0.01987321302294731
464,MSR,southwest,A,C,False,8,north,103,104,[59810],['north']," our right (east), and the large double doors are further to the right (southeast). The room extends forward (north) and to the left (west).

2.  **Locate key objects:**
    *   **Fire",[7935],96.31078338623047,0.10696900635957718,0.0011106649180874228,-2.755831480026245,-0.028613945469260216,-0.41403451561927795,-0.004298942629247904
464,MSR,southwest,A,C,False,9,left,108,109,[2047],[' left']," and the large double doors are further to the right (southeast). The room extends forward (north) and to the left (west).

2.  **Locate key objects:**
    *   **Fire extinguisher:** Visible in",[7940],100.19940948486328,-3.6783876419067383,-0.036710672080516815,0.051630496978759766,0.000515277439262718,0.567664384841919,0.005665346514433622
464,MSR,southwest,A,C,False,10,west,110,111,[10717],['west']," large double doors are further to the right (southeast). The room extends forward (north) and to the left (west).

2.  **Locate key objects:**
    *   **Fire extinguisher:** Visible in Image ",[7942],96.20133209228516,-1.6273242235183716,-0.0169158186763525,0.7426012754440308,0.0077192410826683044,0.634008526802063,0.00659043388441205
464,MSR,southwest,A,C,False,11,southeast,152,153,[40080],[' southeast']," extinguisher:** Visible in Image 4, mounted on the wall next to the large double doors, which are on the southeast side of the room.
    *   **Ceiling crystal lamp:** Visible in Image 2, hanging centrally over",[7984],105.2072525024414,2.2419378757476807,0.021309727802872658,-1.0029644966125488,-0.009533225558698177,-2.8003792762756348,-0.026617739349603653
464,MSR,southwest,A,C,False,12,southwest,313,314,[51206],[' southwest']," in the center of the room.

3.  **Evaluate Option A:** ""The fire extinguisher is to the southwest of the ceiling crystal lamp."" The fire extinguisher is on the southeast wall. The lamp is in the center. Therefore",[8145],87.3145523071289,-1.2899633646011353,-0.014773749746382236,1.6855363845825195,0.01930418610572815,-0.0792151689529419,-0.0009072390384972095
464,MSR,southwest,A,C,False,13,southeast,327,328,[40080],[' southeast']," A:** ""The fire extinguisher is to the southwest of the ceiling crystal lamp."" The fire extinguisher is on the southeast wall. The lamp is in the center. Therefore, the fire extinguisher is to the southeast, not southwest, of",[8159],100.2018051147461,2.9412899017333984,0.029353661462664604,-1.9702470302581787,-0.01966279000043869,-1.998147964477539,-0.019941236823797226
464,MSR,southwest,A,C,False,14,southeast,346,347,[40080],[' southeast']," extinguisher is on the southeast wall. The lamp is in the center. Therefore, the fire extinguisher is to the southeast, not southwest, of the lamp. This statement is incorrect.

4.  **Evaluate Option B:** ""The",[8178],99.38899230957031,1.4526731967926025,0.014616036787629128,-1.4214061498641968,-0.01430144440382719,-1.0601662397384644,-0.01066683791577816
464,MSR,southwest,A,C,False,15,southwest,349,350,[51206],[' southwest']," on the southeast wall. The lamp is in the center. Therefore, the fire extinguisher is to the southeast, not southwest, of the lamp. This statement is incorrect.

4.  **Evaluate Option B:** ""The clock is to",[8181],95.24397277832031,-0.831235408782959,-0.008727433159947395,0.5366615653038025,0.005634598899632692,-2.617103099822998,-0.027477886527776718
464,MSR,southwest,A,C,False,16,east,375,376,[10663],[' east']," of the lamp. This statement is incorrect.

4.  **Evaluate Option B:** ""The clock is to the east of the two blue porcelain vases."" The vases are on the western wall (Image 1). The clock (",[8207],86.70791625976562,2.723176956176758,0.03140632435679436,-1.4301613569259644,-0.016494011506438255,-0.6269705295562744,-0.007230833638459444
464,MSR,southwest,A,C,False,17,west,455,456,[9422],[' west']," the clock appears to be on a wall that is more central or eastern compared to the vases' location on the far west. However, let's check other options for a clearer answer.

5.  **Evaluate Option C:** ""The",[8287],98.71449279785156,-3.5044944286346436,-0.03550131618976593,-0.15919944643974304,-0.0016127261333167553,-1.2532620429992676,-0.012695826590061188
464,MSR,southwest,A,C,False,18,right,485,486,[1245],[' right']," check other options for a clearer answer.

5.  **Evaluate Option C:** ""The camera keeps rotating to the right."" This describes the sequence of images, not a spatial relationship within the room. The question asks for a correct statement about",[8317],87.90824127197266,1.6011162996292114,0.01821349561214447,-1.134461522102356,-0.012905064038932323,-0.5911062359809875,-0.006724127568304539
466,MSR,southeast,B,C,False,0,southwest,50,51,[51206],[' southwest'],"

1.  **Establish the room's orientation:** The problem states that the bed in Figure 1 is in the southwest corner of the room. This means the wall behind the bed is the south wall, and the wall to its right (",[6161],98.23880004882812,-3.882035970687866,-0.03951632231473923,0.19804386794567108,0.002015943406149745,-1.7895203828811646,-0.018216025084257126
466,MSR,southeast,B,C,False,1,south,65,66,[9514],[' south']," the bed in Figure 1 is in the southwest corner of the room. This means the wall behind the bed is the south wall, and the wall to its right (where the window is) is the west wall.

2.  **",[6176],98.5950927734375,-2.540144443511963,-0.02576339617371559,0.1675889492034912,0.0016997696366161108,-1.7977843284606934,-0.0182340145111084
466,MSR,southeast,B,C,False,2,right,73,74,[1245],[' right']," the southwest corner of the room. This means the wall behind the bed is the south wall, and the wall to its right (where the window is) is the west wall.

2.  **Locate the desk:** The desk in",[6184],92.2891845703125,3.7342610359191895,0.04046260565519333,-1.00674307346344,-0.010908570140600204,-0.9562402963638306,-0.01036134734749794
466,MSR,southeast,B,C,False,3,west,82,83,[9422],[' west']," the wall behind the bed is the south wall, and the wall to its right (where the window is) is the west wall.

2.  **Locate the desk:** The desk in Figure 3 is situated directly underneath the top",[6193],97.09523010253906,-2.493412494659424,-0.025680072605609894,-0.1750955581665039,-0.0018033384112641215,-1.5230040550231934,-0.01568567380309105
466,MSR,southeast,B,C,False,4,top,106,107,[1844],[' top']," west wall.

2.  **Locate the desk:** The desk in Figure 3 is situated directly underneath the top bunk of the bed. Therefore, the desk is also in the southwest corner of the room, against the south wall.",[6217],87.49658203125,-0.6419427394866943,-0.007336774840950966,-6.123661041259766,-0.06998743116855621,-2.497943639755249,-0.028549041599035263
466,MSR,southeast,B,C,False,5,southwest,120,121,[51206],[' southwest']," desk in Figure 3 is situated directly underneath the top bunk of the bed. Therefore, the desk is also in the southwest corner of the room, against the south wall.

3.  **Locate the shelf:** The shelf in Figure",[6231],99.84573364257812,-3.4734139442443848,-0.03478780388832092,0.04070696234703064,0.0004076985642313957,-1.1072698831558228,-0.011089806444942951
466,MSR,southeast,B,C,False,6,south,128,129,[9514],[' south']," underneath the top bunk of the bed. Therefore, the desk is also in the southwest corner of the room, against the south wall.

3.  **Locate the shelf:** The shelf in Figure 5 is mounted on a wall.",[6239],96.7647476196289,-2.3212571144104004,-0.023988664150238037,0.09942209720611572,0.001027461956255138,-1.1149877309799194,-0.011522664688527584
466,MSR,southeast,B,C,False,7,below,159,160,[3559],[' below']," **Locate the shelf:** The shelf in Figure 5 is mounted on a wall. We can see a calendar hanging below it. In Figure 2, we can see the same wall with the shelf, and to the right of it is",[6270],99.01082611083984,0.6011908054351807,0.006071970332413912,2.975564479827881,0.030052920803427696,-1.1132545471191406,-0.01124376617372036
466,MSR,southeast,B,C,False,8,right,180,181,[1245],[' right']," a calendar hanging below it. In Figure 2, we can see the same wall with the shelf, and to the right of it is the head of the bunk bed. This indicates that the shelf is on the wall perpendicular to the south wall",[6291],93.8403549194336,5.170291900634766,0.05509667843580246,-1.043710708618164,-0.011122195050120354,-0.4545605182647705,-0.004843976814299822
466,MSR,southeast,B,C,False,9,south,203,204,[9514],[' south']," the right of it is the head of the bunk bed. This indicates that the shelf is on the wall perpendicular to the south wall, which is the west wall.

4.  **Determine relative positions:** The desk is against the south",[6314],97.96139526367188,-3.7193799018859863,-0.03796781226992607,-0.9993338584899902,-0.010201303288340569,-3.200974702835083,-0.03267587721347809
466,MSR,southeast,B,C,False,10,west,209,210,[9422],[' west']," head of the bunk bed. This indicates that the shelf is on the wall perpendicular to the south wall, which is the west wall.

4.  **Determine relative positions:** The desk is against the south wall in the southwest corner.",[6320],93.58539581298828,0.6007867455482483,0.006419663317501545,-0.9026108980178833,-0.009644784033298492,-0.7396975755691528,-0.007903984747827053
466,MSR,southeast,B,C,False,11,south,227,228,[9514],[' south']," south wall, which is the west wall.

4.  **Determine relative positions:** The desk is against the south wall in the southwest corner. The shelf is on the west wall. From the perspective of the desk, the west wall",[6338],93.94683837890625,-3.451369047164917,-0.03673746809363365,-0.16938501596450806,-0.0018029878847301006,-2.2302310466766357,-0.02373928762972355
466,MSR,southeast,B,C,False,12,southwest,231,232,[51206],[' southwest']," is the west wall.

4.  **Determine relative positions:** The desk is against the south wall in the southwest corner. The shelf is on the west wall. From the perspective of the desk, the west wall is to its left",[6342],98.31484985351562,-3.247943878173828,-0.03303614631295204,-0.3449100852012634,-0.003508219728246331,-1.5572307109832764,-0.015839220955967903
466,MSR,southeast,B,C,False,13,west,239,240,[9422],[' west'],"  **Determine relative positions:** The desk is against the south wall in the southwest corner. The shelf is on the west wall. From the perspective of the desk, the west wall is to its left. Since the desk is in the southwest",[6350],89.88256072998047,0.8963444828987122,0.009972396306693554,-0.6577283143997192,-0.007317640818655491,0.19304662942886353,0.0021477651316672564
466,MSR,southeast,B,C,False,14,west,250,251,[9422],[' west']," the south wall in the southwest corner. The shelf is on the west wall. From the perspective of the desk, the west wall is to its left. Since the desk is in the southwest corner, the west wall extends northward from that corner",[6361],90.01184844970703,-0.09533965587615967,-0.0010591900208964944,-0.6268560886383057,-0.006964150816202164,-0.08278465270996094,-0.0009197084000334144
466,MSR,southeast,B,C,False,15,left,255,256,[2047],[' left']," southwest corner. The shelf is on the west wall. From the perspective of the desk, the west wall is to its left. Since the desk is in the southwest corner, the west wall extends northward from that corner. Therefore, the shelf",[6366],94.83387756347656,-2.6155779361724854,-0.02758062817156315,-0.27024704217910767,-0.0028496887534856796,-0.2937999367713928,-0.0030980482697486877
466,MSR,southeast,B,C,False,16,southwest,263,264,[51206],[' southwest']," west wall. From the perspective of the desk, the west wall is to its left. Since the desk is in the southwest corner, the west wall extends northward from that corner. Therefore, the shelf on the west wall is to the north",[6374],97.86827087402344,-3.503040313720703,-0.035793423652648926,0.8867132067680359,0.009060272946953773,-2.2888741493225098,-0.023387296125292778
466,MSR,southeast,B,C,False,17,west,267,268,[9422],[' west']," the perspective of the desk, the west wall is to its left. Since the desk is in the southwest corner, the west wall extends northward from that corner. Therefore, the shelf on the west wall is to the north of the desk's",[6378],94.97517395019531,0.9494233131408691,0.009996541775763035,-0.9752354621887207,-0.01026831939816475,0.18875807523727417,0.001987446565181017
466,MSR,southeast,B,C,False,18,north,270,271,[9897],[' north']," the desk, the west wall is to its left. Since the desk is in the southwest corner, the west wall extends northward from that corner. Therefore, the shelf on the west wall is to the north of the desk's position.

",[6381],97.4987564086914,1.090527057647705,0.011185035109519958,-2.759878635406494,-0.028306808322668076,-1.2879173755645752,-0.013209577649831772
466,MSR,southeast,B,C,False,19,west,282,283,[9422],[' west']," the desk is in the southwest corner, the west wall extends northward from that corner. Therefore, the shelf on the west wall is to the north of the desk's position.

5.  **Combine directions:** The shelf is on the",[6393],90.31546783447266,0.39633816480636597,0.004388375207781792,-0.6027458310127258,-0.00667378306388855,-0.10734087228775024,-0.0011885104468092322
466,MSR,southeast,B,C,False,20,north,287,288,[9897],[' north']," southwest corner, the west wall extends northward from that corner. Therefore, the shelf on the west wall is to the north of the desk's position.

5.  **Combine directions:** The shelf is on the west wall, which is",[6398],97.79618835449219,-0.4166569411754608,-0.004260461777448654,-3.703892707824707,-0.037873588502407074,-0.11238902807235718,-0.0011492168996483088
466,MSR,southeast,B,C,False,21,west,307,308,[9422],[' west']," wall is to the north of the desk's position.

5.  **Combine directions:** The shelf is on the west wall, which is to the left (west) of the desk's forward-facing direction (south). However, since the",[6418],92.24208068847656,-0.3746664226055145,-0.004061773419380188,-0.45532286167144775,-0.004936173092573881,-0.7060736417770386,-0.007654571905732155
466,MSR,southeast,B,C,False,22,left,314,315,[2047],[' left']," desk's position.

5.  **Combine directions:** The shelf is on the west wall, which is to the left (west) of the desk's forward-facing direction (south). However, since the desk is in the southwest corner and",[6425],101.91131591796875,-2.6284894943237305,-0.02579193003475666,-0.11575782299041748,-0.001135868253186345,-0.34372377395629883,-0.0033727732952684164
466,MSR,southeast,B,C,False,23,west,316,317,[10717],['west']," position.

5.  **Combine directions:** The shelf is on the west wall, which is to the left (west) of the desk's forward-facing direction (south). However, since the desk is in the southwest corner and the shelf",[6427],92.0528564453125,-0.9409787654876709,-0.010222157463431358,1.225245475769043,0.013310238718986511,-1.029994249343872,-0.011189160868525505
466,MSR,southeast,B,C,False,24,south,326,327,[64240],['south']," The shelf is on the west wall, which is to the left (west) of the desk's forward-facing direction (south). However, since the desk is in the southwest corner and the shelf is on the adjacent west wall, the shelf is",[6437],96.01512145996094,-4.143097400665283,-0.043150465935468674,0.38839536905288696,0.00404514791443944,-3.7289252281188965,-0.03883685544133186
466,MSR,southeast,B,C,False,25,southwest,336,337,[51206],[' southwest']," to the left (west) of the desk's forward-facing direction (south). However, since the desk is in the southwest corner and the shelf is on the adjacent west wall, the shelf is positioned to the northeast of the desk. If you",[6447],101.2529296875,-3.0029635429382324,-0.029658041894435883,0.14935295283794403,0.0014750482514500618,-2.2369565963745117,-0.022092759609222412
466,MSR,southeast,B,C,False,26,west,345,346,[9422],[' west'],"'s forward-facing direction (south). However, since the desk is in the southwest corner and the shelf is on the adjacent west wall, the shelf is positioned to the northeast of the desk. If you were sitting at the desk facing south, the",[6456],94.22052764892578,0.47567859292030334,0.005048566497862339,-0.6298779845237732,-0.006685146130621433,-0.10902976989746094,-0.0011571763316169381
466,MSR,southeast,B,C,False,27,northeast,354,355,[39481],[' northeast']," since the desk is in the southwest corner and the shelf is on the adjacent west wall, the shelf is positioned to the northeast of the desk. If you were sitting at the desk facing south, the shelf would be to your left and slightly forward",[6465],105.60481262207031,3.3237528800964355,0.03147349879145622,-3.3146777153015137,-0.0313875637948513,0.06870865821838379,0.0006506204954348505
466,MSR,southeast,B,C,False,28,south,367,368,[9514],[' south']," the adjacent west wall, the shelf is positioned to the northeast of the desk. If you were sitting at the desk facing south, the shelf would be to your left and slightly forward, which is the northeast direction relative to the desk.

Answer",[6478],96.6401596069336,-3.2274930477142334,-0.03339701518416405,-0.339779794216156,-0.0035159275867044926,-2.2703092098236084,-0.023492399603128433
466,MSR,southeast,B,C,False,29,left,375,376,[2047],[' left']," positioned to the northeast of the desk. If you were sitting at the desk facing south, the shelf would be to your left and slightly forward, which is the northeast direction relative to the desk.

Answer: C",[6486],97.50360870361328,-1.5965256690979004,-0.0163740161806345,-0.7707533836364746,-0.007904870435595512,-0.2916921377182007,-0.0029916034545749426
466,MSR,southeast,B,C,False,30,northeast,383,384,[39481],[' northeast']," If you were sitting at the desk facing south, the shelf would be to your left and slightly forward, which is the northeast direction relative to the desk.

Answer: C",[6494],101.27058410644531,1.1864869594573975,0.011716008186340332,-2.4530062675476074,-0.024222297593951225,0.027136147022247314,0.00026795684243552387
468,MSR,west,B,D,False,0,above,47,48,[3294],[' above']," the images.

1.  **Identify the window's location:** Image 4 shows a window on the wall above the desk. The problem states that this window faces North.
2.  **Identify the entrance's location:**",[8538],97.59925842285156,0.6105251908302307,0.006255428772419691,-0.4082760810852051,-0.004183188546448946,0.21033036708831787,0.0021550406236201525
468,MSR,west,B,D,False,1,north,58,59,[4634],[' North']," window's location:** Image 4 shows a window on the wall above the desk. The problem states that this window faces North.
2.  **Identify the entrance's location:** Image 7 shows the entrance to the room, which",[8549],93.51972961425781,0.1542331725358963,0.0016492046415805817,-4.027163982391357,-0.04306218773126602,-2.232361316680908,-0.02387048490345478
468,MSR,west,B,D,False,2,north,168,169,[4634],[' North']," other, forming a corner.
4.  **Establish the orientation:** If you are standing in the room facing the North-facing window, the entrance is located on the wall to your right.
5.  **Conclude the direction:**",[8659],101.22592163085938,-1.1683564186096191,-0.011542067863047123,-4.578768730163574,-0.045233163982629776,-2.5196990966796875,-0.024891836568713188
468,MSR,west,B,D,False,3,right,181,182,[1245],[' right']," orientation:** If you are standing in the room facing the North-facing window, the entrance is located on the wall to your right.
5.  **Conclude the direction:** In a standard compass orientation, if you face North, the direction",[8672],91.23875427246094,3.735917329788208,0.040946606546640396,-1.8053960800170898,-0.01978760026395321,0.5828847885131836,0.006388565991073847
468,MSR,west,B,D,False,4,north,202,203,[4634],[' North']," wall to your right.
5.  **Conclude the direction:** In a standard compass orientation, if you face North, the direction to your right is East. Therefore, the entrance to the room faces East.

Answer: D",[8693],97.77032470703125,-1.8721601963043213,-0.019148552790284157,-3.774914264678955,-0.03861002251505852,-1.6328744888305664,-0.016701126471161842
468,MSR,west,B,D,False,5,right,208,209,[1245],[' right'],"5.  **Conclude the direction:** In a standard compass orientation, if you face North, the direction to your right is East. Therefore, the entrance to the room faces East.

Answer: D",[8699],97.24937438964844,3.338418483734131,0.03432843089103699,-1.4334067106246948,-0.01473949570208788,1.093712568283081,0.011246474459767342
468,MSR,west,B,D,False,6,east,210,211,[6127],[' East'],"  **Conclude the direction:** In a standard compass orientation, if you face North, the direction to your right is East. Therefore, the entrance to the room faces East.

Answer: D",[8701],86.1619873046875,1.82338547706604,0.02116229571402073,-0.28774529695510864,-0.0033395851496607065,2.1045138835906982,0.02442508563399315
468,MSR,west,B,D,False,7,east,220,221,[6127],[' East']," compass orientation, if you face North, the direction to your right is East. Therefore, the entrance to the room faces East.

Answer: D",[8711],79.53699493408203,1.7233495712280273,0.021667269989848137,0.7853480577468872,0.009873997420072556,1.0528792142868042,0.013237603940069675
476,Positional Relationship (Obj.–Obj.),southeast,C,A,False,0,left,68,69,[2047],[' left'],"
3. From the perspective of the red sofa, looking towards the kitchen, the island with the fruit is to the left and slightly forward.
4. This direction corresponds to the northwest relative to the sofa's position.
Answer: A",[2707],101.39667510986328,-4.778868675231934,-0.04713042825460434,-0.42962026596069336,-0.004237025044858456,0.12987631559371948,0.0012808735482394695
476,Positional Relationship (Obj.–Obj.),southeast,C,A,False,1,northwest,81,82,[50488],[' northwest']," the kitchen, the island with the fruit is to the left and slightly forward.
4. This direction corresponds to the northwest relative to the sofa's position.
Answer: A",[2720],106.81013488769531,-3.9465274810791016,-0.036948997527360916,-4.569920539855957,-0.04278545826673508,-1.9342581033706665,-0.018109312281012535
478,Positional Relationship (Reg.–Reg.),south,B,C,False,0,west,60,61,[9422],[' west'],":** The second image shows a long corridor. The problem states that the mural at the end of the corridor is on the west side. This means if you are standing in the corridor and looking towards the mural, you are facing west.

2",[2716],94.32588195800781,-1.7462682723999023,-0.018513139337301254,-0.5341084599494934,-0.005662374198436737,-3.1988000869750977,-0.03391221910715103
478,Positional Relationship (Reg.–Reg.),south,B,C,False,1,west,81,82,[9422],[' west']," is on the west side. This means if you are standing in the corridor and looking towards the mural, you are facing west.

2.  **Determine the direction of the living room from the corridor's perspective:** The first image shows",[2737],93.53357696533203,-1.596615195274353,-0.017069967463612556,-1.9910876750946045,-0.02128741145133972,-3.084324836730957,-0.032975587993860245
478,Positional Relationship (Reg.–Reg.),south,B,C,False,2,right,140,141,[1245],[' right']," room is accessed through an archway. Looking at the second image, we can see a series of glass doors on the right side of the corridor. These doors lead to an outdoor patio area. The living room in the first image also has large",[2796],96.95391082763672,3.7760496139526367,0.03894685208797455,-0.34809410572052,-0.003590304870158434,0.1830120086669922,0.001887618680484593
478,Positional Relationship (Reg.–Reg.),south,B,C,False,3,west,206,207,[9422],[' west']," the same side of the house as these doors.

3.  **Establish the cardinal directions:** If you are facing west down the corridor (towards the mural), then:
    -   West is in front of you.
   ",[2862],104.47303009033203,-3.0984880924224854,-0.029658257961273193,-2.798989772796631,-0.02679150551557541,-3.5129072666168213,-0.03362501412630081
478,Positional Relationship (Reg.–Reg.),south,B,C,False,4,west,222,223,[4171],[' West']," the cardinal directions:** If you are facing west down the corridor (towards the mural), then:
    -   West is in front of you.
    -   East is behind you.
    -   North is to your right",[2878],103.19358825683594,-1.9127899408340454,-0.01853593811392784,-1.8384329080581665,-0.017815379425883293,-3.1306514739990234,-0.030337654054164886
478,Positional Relationship (Reg.–Reg.),south,B,C,False,5,east,233,234,[6127],[' East']," corridor (towards the mural), then:
    -   West is in front of you.
    -   East is behind you.
    -   North is to your right.
    -   South is to your left.",[2889],93.50379180908203,0.4925438165664673,0.005267634522169828,-0.2392648160457611,-0.002558878157287836,-2.2275450229644775,-0.023823045194149017
478,Positional Relationship (Reg.–Reg.),south,B,C,False,6,north,242,243,[4634],[' North'],"
    -   West is in front of you.
    -   East is behind you.
    -   North is to your right.
    -   South is to your left.

4.  **Locate the living",[2898],93.48113250732422,0.7970211505889893,0.008526010438799858,-2.1712729930877686,-0.02322685718536377,-1.106940746307373,-0.011841327883303165
478,Positional Relationship (Reg.–Reg.),south,B,C,False,7,right,246,247,[1245],[' right']," West is in front of you.
    -   East is behind you.
    -   North is to your right.
    -   South is to your left.

4.  **Locate the living room:** The glass",[2902],95.42899322509766,3.679999351501465,0.03856269642710686,-1.3141906261444092,-0.01377139799296856,0.035914331674575806,0.00037634611362591386
478,Positional Relationship (Reg.–Reg.),south,B,C,False,8,south,252,253,[4725],[' South'],".
    -   East is behind you.
    -   North is to your right.
    -   South is to your left.

4.  **Locate the living room:** The glass doors leading to the patio (",[2908],84.69801330566406,-1.2800893783569336,-0.015113570727407932,2.948878288269043,0.034816380590200424,-1.2322273254394531,-0.014548479579389095
478,Positional Relationship (Reg.–Reg.),south,B,C,False,9,left,256,257,[2047],[' left'],"   East is behind you.
    -   North is to your right.
    -   South is to your left.

4.  **Locate the living room:** The glass doors leading to the patio (and presumably the living",[2912],87.9849624633789,-3.5191190242767334,-0.03999682515859604,0.05340451002120972,0.0006069731316529214,-1.5327847003936768,-0.01742098480463028
478,Positional Relationship (Reg.–Reg.),south,B,C,False,10,right,286,287,[1245],[' right']," **Locate the living room:** The glass doors leading to the patio (and presumably the living room) are on the right side of the corridor. Since you are facing west, the right side corresponds to the north direction.

5. ",[2942],102.00101470947266,1.7940380573272705,0.017588432878255844,-2.6861143112182617,-0.026334192603826523,0.003337085247039795,3.271619789302349e-05
478,Positional Relationship (Reg.–Reg.),south,B,C,False,11,west,296,297,[9422],[' west']," leading to the patio (and presumably the living room) are on the right side of the corridor. Since you are facing west, the right side corresponds to the north direction.

5.  **Conclusion:** Therefore, the living room is located",[2952],92.77742767333984,-2.415663003921509,-0.0260371845215559,-1.798377275466919,-0.019383780658245087,-3.572188377380371,-0.0385027751326561
478,Positional Relationship (Reg.–Reg.),south,B,C,False,12,right,299,300,[1245],[' right']," patio (and presumably the living room) are on the right side of the corridor. Since you are facing west, the right side corresponds to the north direction.

5.  **Conclusion:** Therefore, the living room is located to the north",[2955],102.62164306640625,1.9032094478607178,0.018545888364315033,-1.5935043096542358,-0.015527955256402493,0.3334317207336426,0.003249136498197913
478,Positional Relationship (Reg.–Reg.),south,B,C,False,13,north,304,305,[9897],[' north']," living room) are on the right side of the corridor. Since you are facing west, the right side corresponds to the north direction.

5.  **Conclusion:** Therefore, the living room is located to the north of the corridor.

",[2960],91.97005462646484,0.30994606018066406,0.0033700759522616863,-2.6212141513824463,-0.028500735759735107,0.3076024651527405,0.0033445938024669886
478,Positional Relationship (Reg.–Reg.),south,B,C,False,14,north,323,324,[9897],[' north']," right side corresponds to the north direction.

5.  **Conclusion:** Therefore, the living room is located to the north of the corridor.

Answer: C",[2979],95.44547271728516,0.48028549551963806,0.005032040644437075,-1.4896762371063232,-0.015607615932822227,0.12079942226409912,0.001265638042241335
479,Positional Relationship (Reg.–Reg.),southwest,D,D,True,0,east,10,11,[10663],[' east'],"Step 1: The display cabinet is on the east side of the living room, as stated.
Step 2: The stairs are visible in the second image, located",[2661],93.38491821289062,1.9906365871429443,0.021316466853022575,-2.883310317993164,-0.030875544995069504,-2.552896022796631,-0.027337348088622093
479,Positional Relationship (Reg.–Reg.),southwest,D,D,True,1,left,37,38,[2047],[' left']," the living room, as stated.
Step 2: The stairs are visible in the second image, located to the left of the kitchen area.
Step 3: The dining table is in the first image, positioned to the left of",[2688],107.49683380126953,-6.054838180541992,-0.05632573366165161,0.6480911374092102,0.006028932519257069,-2.643925428390503,-0.02459537982940674
479,Positional Relationship (Reg.–Reg.),southwest,D,D,True,2,left,60,61,[2047],[' left']," the left of the kitchen area.
Step 3: The dining table is in the first image, positioned to the left of the living room area.
Step 4: Considering the layout, the dining table is to the southwest of the",[2711],104.74994659423828,-6.1929612159729,-0.059121377766132355,0.3470883071422577,0.0033134939149022102,0.010602474212646484,0.00010121698869625106
479,Positional Relationship (Reg.–Reg.),southwest,D,D,True,3,southwest,82,83,[51206],[' southwest']," to the left of the living room area.
Step 4: Considering the layout, the dining table is to the southwest of the stairs.
Answer: D",[2733],110.19831848144531,-0.674776554107666,-0.006123292725533247,4.9400954246521,0.04482913762331009,0.05083107948303223,0.00046126911183819175
480,Positional Relationship (Reg.–Reg.),southeast,C,A,False,0,right,40,41,[1245],[' right']," through the glass doors. The second image shows the dining room in the foreground and the living room beyond it, to the right. Since the kitchen is south of the dining room, and the living room is to the right (east) and slightly",[2696],107.07618713378906,4.8394551277160645,0.045196373015642166,-0.5288087129592896,-0.004938621073961258,-0.44489631056785583,-0.004154950845986605
480,Positional Relationship (Reg.–Reg.),southeast,C,A,False,1,south,46,47,[9514],[' south']," second image shows the dining room in the foreground and the living room beyond it, to the right. Since the kitchen is south of the dining room, and the living room is to the right (east) and slightly forward (north) from the",[2702],106.11978149414062,-2.2800886631011963,-0.021485991775989532,1.155983328819275,0.010893194004893303,-2.2995409965515137,-0.0216692965477705
480,Positional Relationship (Reg.–Reg.),southeast,C,A,False,2,right,59,60,[1245],[' right']," beyond it, to the right. Since the kitchen is south of the dining room, and the living room is to the right (east) and slightly forward (north) from the dining room’s perspective, the living room lies to the northeast of",[2715],111.09562683105469,4.093491554260254,0.03684655949473381,-1.1249496936798096,-0.010125958360731602,0.54961758852005,0.004947247914969921
480,Positional Relationship (Reg.–Reg.),southeast,C,A,False,3,east,61,62,[58463],['east'],", to the right. Since the kitchen is south of the dining room, and the living room is to the right (east) and slightly forward (north) from the dining room’s perspective, the living room lies to the northeast of the dining",[2717],102.82078552246094,2.2754673957824707,0.022130422294139862,-0.885172963142395,-0.008608891628682613,1.391263484954834,0.013530955649912357
480,Positional Relationship (Reg.–Reg.),southeast,C,A,False,4,north,67,68,[59810],['north']," the kitchen is south of the dining room, and the living room is to the right (east) and slightly forward (north) from the dining room’s perspective, the living room lies to the northeast of the dining room.

Answer: A",[2723],98.14366912841797,-0.08679228276014328,-0.000884339096955955,-4.094423294067383,-0.04171866923570633,0.3145228624343872,0.0032047186978161335
480,Positional Relationship (Reg.–Reg.),southeast,C,A,False,5,northeast,82,83,[39481],[' northeast']," the right (east) and slightly forward (north) from the dining room’s perspective, the living room lies to the northeast of the dining room.

Answer: A",[2738],106.86319732666016,0.7261254787445068,0.006794906686991453,-5.061038017272949,-0.047359973192214966,-0.07142424583435059,-0.0006683708634227514
483,Positional Relationship (Obj.–Reg.),northeast,D,B,False,0,north,29,30,[9897],[' north']," the desk as the central reference point in the reading area. Step 2: Note that the sofa is positioned to the north of the desk, as per the given direction. Step 3: Locate the baby seat in the image, which is",[2689],111.89673614501953,1.8249316215515137,0.016309069469571114,-5.536711692810059,-0.04948054626584053,-2.0014352798461914,-0.0178864486515522
483,Positional Relationship (Obj.–Reg.),northeast,D,B,False,1,left,57,58,[2047],[' left'],", as per the given direction. Step 3: Locate the baby seat in the image, which is situated to the left and slightly behind the desk. Step 4: Determine the direction of the baby seat relative to the desk, considering the",[2717],111.20760345458984,-5.164270877838135,-0.04643810912966728,0.3800365924835205,0.0034173615276813507,0.3650791049003601,0.0032828610856086016
483,Positional Relationship (Obj.–Reg.),northeast,D,B,False,2,north,86,87,[9897],[' north']," desk. Step 4: Determine the direction of the baby seat relative to the desk, considering the sofa's position as north. Step 5: Conclude that the baby seat is in the southwest direction relative to the desk. Answer: B",[2746],104.58289337158203,-0.253401517868042,-0.0024229728151112795,-4.048819541931152,-0.0387139767408371,-2.7652904987335205,-0.026441136375069618
483,Positional Relationship (Obj.–Reg.),northeast,D,B,False,3,southwest,101,102,[51206],[' southwest']," the desk, considering the sofa's position as north. Step 5: Conclude that the baby seat is in the southwest direction relative to the desk. Answer: B",[2761],109.12854766845703,-1.737790822982788,-0.015924254432320595,4.080754280090332,0.03739401325583458,-0.7576618194580078,-0.006942837964743376
484,Positional Relationship (Obj.–Reg.),southeast,A,C,False,0,north,43,44,[9897],[' north']," these steps:

1. **Identify the orientation of the first image**: The window in the first image is facing north, as given in the question.
2. **Locate the seating area in the second image**: The seating area",[2706],112.58382415771484,-2.661492347717285,-0.023640096187591553,-4.452554225921631,-0.03954879194498062,-2.9421701431274414,-0.026133151724934578
484,Positional Relationship (Obj.–Reg.),southeast,A,C,False,1,right,103,104,[1245],[' right']," the second image.
3. **Determine the relative position of the seating area**: The seating area is to the right of the archway when facing the archway from the dining room.
4. **Relate the seating area's",[2766],112.65670776367188,3.4261343479156494,0.030412165448069572,-1.3400096893310547,-0.011894628405570984,-0.1977381706237793,-0.0017552276840433478
484,Positional Relationship (Obj.–Reg.),southeast,A,C,False,2,north,140,141,[9897],[' north']," room.
4. **Relate the seating area's position to the window's orientation**: Since the window is facing north, and the seating area is to the right of the archway, it means the seating area is to the east of",[2803],110.47904968261719,-3.249725341796875,-0.029414856806397438,-4.0834479331970215,-0.03696128726005554,-3.9159274101257324,-0.03544497862458229
484,Positional Relationship (Obj.–Reg.),southeast,A,C,False,3,right,149,150,[1245],[' right']," seating area's position to the window's orientation**: Since the window is facing north, and the seating area is to the right of the archway, it means the seating area is to the east of the window.
5. **Confirm the",[2812],116.3801498413086,2.3337979316711426,0.020053230226039886,-1.1594849824905396,-0.00996290985494852,0.8032599687576294,0.006902035791426897
484,Positional Relationship (Obj.–Reg.),southeast,A,C,False,4,east,163,164,[10663],[' east']," facing north, and the seating area is to the right of the archway, it means the seating area is to the east of the window.
5. **Confirm the direction**: The seating area is located to the east of the window in",[2826],110.6570816040039,2.1531596183776855,0.019457947462797165,-2.509082317352295,-0.02267439477145672,1.6099145412445068,0.014548680745065212
484,Positional Relationship (Obj.–Reg.),southeast,A,C,False,5,east,183,184,[10663],[' east']," area is to the east of the window.
5. **Confirm the direction**: The seating area is located to the east of the window in the first image.

Answer: C",[2846],114.1279525756836,1.088101863861084,0.009534052573144436,-1.475165605545044,-0.012925541959702969,0.49193906784057617,0.004310416989028454
486,Attribute (Appr.),northwest,D,C,False,0,north,24,25,[4634],[' North'],"Here is the step-by-step spatial explanation:

1.  In Photo 1, the camera is positioned at the North side, looking at the corner where the North face and the East face meet. The black spine is on the right side",[3914],93.29724884033203,-3.033327579498291,-0.03251250833272934,-3.9505434036254883,-0.042343620210886,-1.7105731964111328,-0.018334658816456795
486,Attribute (Appr.),northwest,D,C,False,1,north,33,34,[4634],[' North'],"

1.  In Photo 1, the camera is positioned at the North side, looking at the corner where the North face and the East face meet. The black spine is on the right side of the image.
2.  In",[3923],92.86165618896484,-3.088347911834717,-0.033257514238357544,-2.6892054080963135,-0.02895926684141159,-0.29244497418403625,-0.003149254247546196
486,Attribute (Appr.),northwest,D,C,False,2,east,37,38,[6127],[' East']," In Photo 1, the camera is positioned at the North side, looking at the corner where the North face and the East face meet. The black spine is on the right side of the image.
2.  In Photo 2,",[3927],87.18943786621094,2.618492603302002,0.030032223090529442,-1.3227558135986328,-0.015171055682003498,-0.5385086536407471,-0.006176305934786797
486,Attribute (Appr.),northwest,D,C,False,3,right,47,48,[1245],[' right']," the North side, looking at the corner where the North face and the East face meet. The black spine is on the right side of the image.
2.  In Photo 2, the camera is positioned at the East side, looking",[3937],93.51862335205078,1.8362723588943481,0.019635366275906563,-0.40359723567962646,-0.0043156882748007774,-0.8099008798599243,-0.008660316467285156
486,Attribute (Appr.),northwest,D,C,False,4,east,68,69,[6127],[' East']," is on the right side of the image.
2.  In Photo 2, the camera is positioned at the East side, looking at the same corner. The black spine is now on the left side of the image, and the face",[3958],92.1510238647461,1.8906203508377075,0.020516542717814445,-0.272095650434494,-0.0029527144506573677,2.1662988662719727,0.023508137091994286
486,Attribute (Appr.),northwest,D,C,False,5,left,84,85,[2047],[' left'],"2, the camera is positioned at the East side, looking at the same corner. The black spine is now on the left side of the image, and the face that was on the right in Photo 1 is now the main face in view",[3974],91.82861328125,-1.588635802268982,-0.017300007864832878,0.7341796159744263,0.00799510721117258,-0.3362351059913635,-0.0036615505814552307
486,Attribute (Appr.),northwest,D,C,False,6,right,97,98,[1245],[' right']," the same corner. The black spine is now on the left side of the image, and the face that was on the right in Photo 1 is now the main face in view.
3.  To move from the North side to the",[3987],86.82161712646484,2.3171777725219727,0.0266889501363039,-0.3244853615760803,-0.0037373797968029976,-1.4123256206512451,-0.01626698113977909
486,Attribute (Appr.),northwest,D,C,False,7,north,118,119,[4634],[' North']," was on the right in Photo 1 is now the main face in view.
3.  To move from the North side to the East side, you would move in a clockwise direction around the box.
4.  The direction that",[4008],94.57750701904297,-3.938715934753418,-0.04164537787437439,-3.576939582824707,-0.03782019391655922,-1.5073271989822388,-0.015937481075525284
486,Attribute (Appr.),northwest,D,C,False,8,east,122,123,[6127],[' East']," in Photo 1 is now the main face in view.
3.  To move from the North side to the East side, you would move in a clockwise direction around the box.
4.  The direction that is clockwise from North",[4012],85.08130645751953,2.4475996494293213,0.028767772018909454,-0.2533379793167114,-0.0029775986913591623,1.8706258535385132,0.021986331790685654
486,Attribute (Appr.),northwest,D,C,False,9,north,146,147,[4634],[' North']," East side, you would move in a clockwise direction around the box.
4.  The direction that is clockwise from North is East. However, the question asks for the direction from which Photo 2 was taken, relative to the box's",[4036],89.94690704345703,-1.205655574798584,-0.013404080644249916,-3.3937532901763916,-0.0377306267619133,0.0002956390380859375,3.2868172183952993e-06
486,Attribute (Appr.),northwest,D,C,False,10,east,148,149,[6127],[' East'],", you would move in a clockwise direction around the box.
4.  The direction that is clockwise from North is East. However, the question asks for the direction from which Photo 2 was taken, relative to the box's orientation.",[4038],88.83146667480469,1.101796269416809,0.012403220869600773,-0.4381580948829651,-0.00493246503174305,1.813392162322998,0.020413849502801895
486,Attribute (Appr.),northwest,D,C,False,11,north,180,181,[4634],[' North']," the direction from which Photo 2 was taken, relative to the box's orientation. Since Photo 1 is from the North, and Photo 2 shows the East face prominently, the camera must have moved to the East side.
5.",[4070],92.66153717041016,-4.338393211364746,-0.0468197837471962,-3.36865496635437,-0.03635440394282341,-2.1040682792663574,-0.022707030177116394
486,Attribute (Appr.),northwest,D,C,False,12,east,188,189,[6127],[' East']," taken, relative to the box's orientation. Since Photo 1 is from the North, and Photo 2 shows the East face prominently, the camera must have moved to the East side.
5.  Looking at the options, ""Sou",[4078],96.96051025390625,0.9273910522460938,0.009564626030623913,-0.1675606667995453,-0.0017281330656260252,0.4616461992263794,0.004761177580803633
486,Attribute (Appr.),northwest,D,C,False,13,east,199,200,[6127],[' East']," 1 is from the North, and Photo 2 shows the East face prominently, the camera must have moved to the East side.
5.  Looking at the options, ""Southeast"" is the closest cardinal direction that represents a clockwise",[4089],97.00141906738281,1.2287213802337646,0.012667044997215271,-0.21828371286392212,-0.0022503146901726723,1.6042991876602173,0.01653892546892166
486,Attribute (Appr.),northwest,D,C,False,14,southeast,212,214,"[55509, 14331]","['Sou', 'theast']"," East face prominently, the camera must have moved to the East side.
5.  Looking at the options, ""Southeast"" is the closest cardinal direction that represents a clockwise movement from North towards the East face. The camera is positioned to the","[4102, 4103]",87.10777282714844,1.522580862045288,0.017479276284575462,1.4056448936462402,0.01613684743642807,0.6633609533309937,0.007615404669195414
486,Attribute (Appr.),northwest,D,C,False,15,north,226,227,[4634],[' North'],"
5.  Looking at the options, ""Southeast"" is the closest cardinal direction that represents a clockwise movement from North towards the East face. The camera is positioned to the southeast of the corner to capture the east face and the top face",[4116],99.35177612304688,-1.4973317384719849,-0.015071011148393154,-2.1587440967559814,-0.021728288382291794,-0.1769922971725464,-0.0017814708407968283
486,Attribute (Appr.),northwest,D,C,False,16,east,229,230,[6127],[' East'],"  Looking at the options, ""Southeast"" is the closest cardinal direction that represents a clockwise movement from North towards the East face. The camera is positioned to the southeast of the corner to capture the east face and the top face.

Answer",[4119],96.62101745605469,0.9905102252960205,0.010251498781144619,-0.42229384183883667,-0.0043706209398806095,1.2601145505905151,0.013041826896369457
486,Attribute (Appr.),northwest,D,C,False,17,southeast,238,239,[40080],[' southeast'],""" is the closest cardinal direction that represents a clockwise movement from North towards the East face. The camera is positioned to the southeast of the corner to capture the east face and the top face.

Answer: C",[4128],106.71965789794922,1.2793426513671875,0.011987881734967232,0.44674891233444214,0.004186191596090794,-0.8318546414375305,-0.0077947648242115974
486,Attribute (Appr.),northwest,D,C,False,18,east,245,246,[10663],[' east']," represents a clockwise movement from North towards the East face. The camera is positioned to the southeast of the corner to capture the east face and the top face.

Answer: C",[4135],97.31163024902344,2.119630813598633,0.021781885996460915,0.5495058298110962,0.005646866746246815,0.558698832988739,0.005741336848586798
486,Attribute (Appr.),northwest,D,C,False,19,top,249,250,[1844],[' top']," from North towards the East face. The camera is positioned to the southeast of the corner to capture the east face and the top face.

Answer: C",[4139],102.18302154541016,0.5673279762268066,0.005552076734602451,-5.102075576782227,-0.04993075504899025,-0.6618720293045044,-0.006477319169789553
508,Positional Relationship (Reg.–Reg.),west,A,A,True,0,north,10,11,[9897],[' north'],"From the first image, the door is on the north side of the room. In the second image, the dining room is visible to the left of the Christmas tree, which",[2657],105.62118530273438,-0.5556708574295044,-0.005260979291051626,-4.272751331329346,-0.04045354574918747,-3.4585390090942383,-0.032744746655225754
508,Positional Relationship (Reg.–Reg.),west,A,A,True,1,left,28,29,[2047],[' left'],", the door is on the north side of the room. In the second image, the dining room is visible to the left of the Christmas tree, which is near the door. Since the door is on the north side, the left side from",[2675],112.8044662475586,-4.961670875549316,-0.043984703719615936,-0.022745490074157715,-0.00020163643057458103,-0.029744863510131836,-0.00026368515682406723
508,Positional Relationship (Reg.–Reg.),west,A,A,True,2,north,46,47,[9897],[' north']," dining room is visible to the left of the Christmas tree, which is near the door. Since the door is on the north side, the left side from the perspective of someone facing the door would be the west side of the room. Therefore,",[2693],101.57553100585938,-1.471562385559082,-0.0144873708486557,-5.025513172149658,-0.04947562888264656,-3.3907010555267334,-0.033381082117557526
508,Positional Relationship (Reg.–Reg.),west,A,A,True,3,left,50,51,[2047],[' left']," to the left of the Christmas tree, which is near the door. Since the door is on the north side, the left side from the perspective of someone facing the door would be the west side of the room. Therefore, the dining room is",[2697],113.30301666259766,-2.641453742980957,-0.023313181474804878,0.11312663555145264,0.0009984432253986597,0.6942193508148193,0.0061271036975085735
508,Positional Relationship (Reg.–Reg.),west,A,A,True,4,west,63,64,[9422],[' west'],". Since the door is on the north side, the left side from the perspective of someone facing the door would be the west side of the room. Therefore, the dining room is on the west side of the room.
Answer: A",[2710],104.80613708496094,-4.156330585479736,-0.03965732082724571,-0.4312553405761719,-0.004114790819585323,-0.3271677494049072,-0.0031216468196362257
508,Positional Relationship (Reg.–Reg.),west,A,A,True,5,west,77,78,[9422],[' west']," the perspective of someone facing the door would be the west side of the room. Therefore, the dining room is on the west side of the room.
Answer: A",[2724],103.01313018798828,-3.3774843215942383,-0.032786931842565536,-0.05181315541267395,-0.0005029762396588922,0.10696548223495483,0.0010383675107732415
509,Positional Relationship (Reg.–Reg.),south,D,D,True,0,north,10,11,[9897],[' north'],"Step 1: The television is located in the north of the room, as stated in the question.
Step 2: The living room is described as being in the",[2655],91.53239440917969,0.07380807399749756,0.000806360156275332,-5.153353691101074,-0.056300871074199677,-3.1678285598754883,-0.03460882604122162
509,Positional Relationship (Reg.–Reg.),south,D,D,True,1,south,35,36,[9514],[' south']," of the room, as stated in the question.
Step 2: The living room is described as being in the south of the room.
Step 3: Since the television is in the north and the living room is in the south",[2680],92.35224151611328,1.1688604354858398,0.01265654619783163,3.2368593215942383,0.035049062222242355,0.39340686798095703,0.004259851761162281
509,Positional Relationship (Reg.–Reg.),south,D,D,True,2,north,51,52,[9897],[' north']," living room is described as being in the south of the room.
Step 3: Since the television is in the north and the living room is in the south, the living room is directly opposite the television.
Step 4: Therefore",[2696],103.8431625366211,-1.9312398433685303,-0.018597660586237907,-5.102885723114014,-0.049140315502882004,-3.801445960998535,-0.03660757094621658
509,Positional Relationship (Reg.–Reg.),south,D,D,True,3,south,59,60,[9514],[' south']," south of the room.
Step 3: Since the television is in the north and the living room is in the south, the living room is directly opposite the television.
Step 4: Therefore, the living room is in the south",[2704],104.58484649658203,1.0310873985290527,0.00985886063426733,2.67856502532959,0.025611406192183495,-0.7698143720626831,-0.007360668387264013
509,Positional Relationship (Reg.–Reg.),south,D,D,True,4,south,83,84,[9514],[' south']," south, the living room is directly opposite the television.
Step 4: Therefore, the living room is in the south direction relative to the television.
Answer: D",[2728],109.56376647949219,0.7467808723449707,0.006815947592258453,2.1056127548217773,0.019218148663640022,0.02225792407989502,0.00020315041183494031
525,Positional Relationship (Cam.–Cam.),southeast,A,C,False,0,north,36,37,[9897],[' north']," compared to the first, we analyze the spatial layout and orientation:

1. In the first photo, the camera faces north, showing a toilet centered in the frame, with a sink/vanity on the left (west) and a bathtub on",[2538],111.80711364746094,-1.8813252449035645,-0.016826525330543518,-3.514092445373535,-0.0314299538731575,-1.0633389949798584,-0.00951047707349062
525,Positional Relationship (Cam.–Cam.),southeast,A,C,False,1,left,53,54,[2047],[' left']," the first photo, the camera faces north, showing a toilet centered in the frame, with a sink/vanity on the left (west) and a bathtub on the right (east). This establishes that the bathroom’s long axis runs east-west,",[2555],103.00617980957031,-5.791770935058594,-0.056227412074804306,0.10250610113143921,0.0009951451793313026,0.6628125309944153,0.0064346869476139545
525,Positional Relationship (Cam.–Cam.),southeast,A,C,False,2,west,55,56,[10717],['west']," photo, the camera faces north, showing a toilet centered in the frame, with a sink/vanity on the left (west) and a bathtub on the right (east). This establishes that the bathroom’s long axis runs east-west, with the",[2557],103.4863052368164,-4.390974998474121,-0.04243049398064613,-1.0014623403549194,-0.009677245281636715,-1.1339497566223145,-0.010957485996186733
525,Positional Relationship (Cam.–Cam.),southeast,A,C,False,3,right,62,63,[1245],[' right']," showing a toilet centered in the frame, with a sink/vanity on the left (west) and a bathtub on the right (east). This establishes that the bathroom’s long axis runs east-west, with the toilet against the north wall.

",[2564],98.0861587524414,2.988360643386841,0.03046669065952301,-1.5803171396255493,-0.016111521050333977,-0.46137940883636475,-0.004703817889094353
525,Positional Relationship (Cam.–Cam.),southeast,A,C,False,4,east,64,65,[58463],['east']," toilet centered in the frame, with a sink/vanity on the left (west) and a bathtub on the right (east). This establishes that the bathroom’s long axis runs east-west, with the toilet against the north wall.

2.",[2566],96.14398956298828,2.2570595741271973,0.023475825786590576,-0.7297928333282471,-0.007590623572468758,-1.2756853103637695,-0.0132684875279665
525,Positional Relationship (Cam.–Cam.),southeast,A,C,False,5,east,75,76,[10663],[' east']," on the left (west) and a bathtub on the right (east). This establishes that the bathroom’s long axis runs east-west, with the toilet against the north wall.

2. The second photo shows a bathroom scale and bath mat on",[2577],105.85661315917969,1.985802412033081,0.018759360536932945,-0.46781423687934875,-0.004419319797307253,-1.2138797044754028,-0.011467207223176956
525,Positional Relationship (Cam.–Cam.),southeast,A,C,False,6,north,83,84,[9897],[' north']," bathtub on the right (east). This establishes that the bathroom’s long axis runs east-west, with the toilet against the north wall.

2. The second photo shows a bathroom scale and bath mat on the floor, near what appears to be",[2585],101.4510498046875,-1.1134929656982422,-0.010975667275488377,-4.621840476989746,-0.04555734619498253,-2.48541259765625,-0.02449863776564598
525,Positional Relationship (Cam.–Cam.),southeast,A,C,False,7,south,116,117,[9514],[' south']," shows a bathroom scale and bath mat on the floor, near what appears to be the entrance or side wall — likely the south wall, since it’s opposite the toilet’s back wall (north).

3. Since the first photo is taken facing",[2618],105.24711608886719,0.14964789152145386,0.001421871711499989,1.962192416191101,0.01864366978406906,-1.7048975229263306,-0.01619899459183216
525,Positional Relationship (Cam.–Cam.),southeast,A,C,False,8,north,129,130,[59810],['north']," appears to be the entrance or side wall — likely the south wall, since it’s opposite the toilet’s back wall (north).

3. Since the first photo is taken facing north (toward the toilet), and the second photo is taken",[2631],96.09700012207031,-2.083444595336914,-0.021680641919374466,-3.2003910541534424,-0.03330375626683235,-2.6951823234558105,-0.02804647758603096
525,Positional Relationship (Cam.–Cam.),southeast,A,C,False,9,north,141,142,[9897],[' north']," wall, since it’s opposite the toilet’s back wall (north).

3. Since the first photo is taken facing north (toward the toilet), and the second photo is taken looking down at the floor near the south end of the room",[2643],101.37061309814453,-2.0259897708892822,-0.019985968247056007,-2.8094053268432617,-0.0277141984552145,-1.7620376348495483,-0.01738213375210762
525,Positional Relationship (Cam.–Cam.),southeast,A,C,False,10,south,161,162,[9514],[' south']," photo is taken facing north (toward the toilet), and the second photo is taken looking down at the floor near the south end of the room (where the scale is), the camera must have moved to the south and rotated to face downward/s",[2663],103.17144012451172,0.34127986431121826,0.00330789084546268,1.3852657079696655,0.013426832854747772,-1.9429746866226196,-0.018832486122846603
525,Positional Relationship (Cam.–Cam.),southeast,A,C,False,11,south,179,180,[9514],[' south']," down at the floor near the south end of the room (where the scale is), the camera must have moved to the south and rotated to face downward/southward.

4. Relative to the original north-facing position, moving to the south",[2681],101.69749450683594,0.04690775275230408,0.00046124786604195833,1.684814214706421,0.016566919162869453,-0.5332338809967041,-0.005243333522230387
525,Positional Relationship (Cam.–Cam.),southeast,A,C,False,12,north,196,197,[9897],[' north']," the camera must have moved to the south and rotated to face downward/southward.

4. Relative to the original north-facing position, moving to the south and turning to capture the floor near the entrance implies the new camera position is approximately southwest",[2698],110.6430435180664,-2.59043550491333,-0.023412548005580902,-4.910126209259033,-0.04437808319926262,-3.3855574131011963,-0.030598917976021767
525,Positional Relationship (Cam.–Cam.),southeast,A,C,False,13,south,203,204,[9514],[' south']," south and rotated to face downward/southward.

4. Relative to the original north-facing position, moving to the south and turning to capture the floor near the entrance implies the new camera position is approximately southwest of the original viewpoint — because you",[2705],103.15327453613281,0.2752126455307007,0.0026679972652345896,1.7723349332809448,0.01718156784772873,-1.1340117454528809,-0.01099346298724413
525,Positional Relationship (Cam.–Cam.),southeast,A,C,False,14,southwest,220,221,[51206],[' southwest']," north-facing position, moving to the south and turning to capture the floor near the entrance implies the new camera position is approximately southwest of the original viewpoint — because you’re now behind and to the left (if imagining standing at the toilet looking north,",[2722],109.51190185546875,-2.27262806892395,-0.02075233869254589,3.247192144393921,0.029651500284671783,0.005570888519287109,5.087016324978322e-05
525,Positional Relationship (Cam.–Cam.),southeast,A,C,False,15,left,234,235,[2047],[' left']," near the entrance implies the new camera position is approximately southwest of the original viewpoint — because you’re now behind and to the left (if imagining standing at the toilet looking north, then stepping back and left toward the door area).

5. Thus",[2736],109.65260314941406,-3.8260507583618164,-0.034892477095127106,0.7795411348342896,0.007109189406037331,0.2462141215801239,0.0022454014979302883
525,Positional Relationship (Cam.–Cam.),southeast,A,C,False,16,north,243,244,[9897],[' north']," approximately southwest of the original viewpoint — because you’re now behind and to the left (if imagining standing at the toilet looking north, then stepping back and left toward the door area).

5. Thus, the camera in the second photo is positioned",[2745],98.11421966552734,-1.9058438539505005,-0.019424745813012123,-3.4665560722351074,-0.035331841558218,-2.935670852661133,-0.029920952394604683
525,Positional Relationship (Cam.–Cam.),southeast,A,C,False,17,left,249,250,[2047],[' left']," — because you’re now behind and to the left (if imagining standing at the toilet looking north, then stepping back and left toward the door area).

5. Thus, the camera in the second photo is positioned approximately southwest relative to its position",[2751],111.51164245605469,-2.218813180923462,-0.019897591322660446,0.3752068281173706,0.0033647322561591864,0.7838392853736877,0.00702921487390995
525,Positional Relationship (Cam.–Cam.),southeast,A,C,False,18,southwest,269,270,[51206],[' southwest']," then stepping back and left toward the door area).

5. Thus, the camera in the second photo is positioned approximately southwest relative to its position in the first photo.

Answer: C",[2771],110.73088073730469,-1.2887543439865112,-0.011638617143034935,1.7562687397003174,0.015860695391893387,-0.40772998332977295,-0.0036821705289185047
528,Positional Relationship (Cam.–Cam.),east,A,A,True,0,south,46,47,[4725],[' South']," images.

1.  **Identify the orientation of the second photo:** The problem states that the camera was facing South when the second photo was taken. This photo shows a bed and a computer monitor on a desk.
2. ",[2545],95.31985473632812,1.169268250465393,0.012266785837709904,0.08847206830978394,0.0009281599195674062,-1.083996295928955,-0.011372198350727558
528,Positional Relationship (Cam.–Cam.),east,A,A,True,1,bottom,112,113,[5445],[' bottom']," two windows and a bookshelf.
3.  **Find the connecting object:** A computer monitor is visible in the bottom right corner of the first photo and is the main subject in the foreground of the second photo. This indicates the photos were",[2611],96.18855285644531,0.5380648374557495,0.005593855399638414,5.160524368286133,0.05365008860826492,-0.26368021965026855,-0.002741284901276231
528,Positional Relationship (Cam.–Cam.),east,A,A,True,2,right,113,114,[1245],[' right']," windows and a bookshelf.
3.  **Find the connecting object:** A computer monitor is visible in the bottom right corner of the first photo and is the main subject in the foreground of the second photo. This indicates the photos were taken",[2612],95.4521255493164,3.5340631008148193,0.03702445700764656,1.2817264795303345,0.013427951373159885,-0.8549724221229553,-0.008957081474363804
528,Positional Relationship (Cam.–Cam.),east,A,A,True,3,right,172,173,[1245],[' right'],"
4.  **Determine the relative position of the walls:** In the first photo, the monitor is on the right side of the frame, meaning the wall with the windows is to the left of the desk. In the second photo,",[2671],97.07809448242188,2.4086995124816895,0.02481197752058506,-0.6791184544563293,-0.006995589006692171,-1.1959270238876343,-0.012319226749241352
528,Positional Relationship (Cam.–Cam.),east,A,A,True,4,left,187,188,[2047],[' left']," the first photo, the monitor is on the right side of the frame, meaning the wall with the windows is to the left of the desk. In the second photo, the camera is facing the bed, which is South. The desk with the",[2686],94.81672668457031,-3.5882208347320557,-0.03784375265240669,0.5039327144622803,0.005314808338880539,0.19377022981643677,0.0020436292979866266
528,Positional Relationship (Cam.–Cam.),east,A,A,True,5,south,206,207,[4725],[' South']," the windows is to the left of the desk. In the second photo, the camera is facing the bed, which is South. The desk with the monitor is in front of the camera.
5.  **Deduce the direction:**",[2705],101.49877166748047,1.669830083847046,0.016451727598905563,-0.8012986183166504,-0.007894663140177727,-1.7503658533096313,-0.01724519208073616
528,Positional Relationship (Cam.–Cam.),east,A,A,True,6,south,239,240,[4725],[' South']," front of the camera.
5.  **Deduce the direction:** If you are sitting at the desk facing South (towards the bed), the wall with the windows is to your left. The direction to the left of South is",[2738],101.99658966064453,2.1234169006347656,0.02081850916147232,-0.2451244592666626,-0.002403261372819543,-0.21159625053405762,-0.0020745424553751945
528,Positional Relationship (Cam.–Cam.),east,A,A,True,7,left,254,255,[2047],[' left'],":** If you are sitting at the desk facing South (towards the bed), the wall with the windows is to your left. The direction to the left of South is East. Therefore, the first photo, which shows the wall to the left",[2753],93.78619384765625,-3.2855851650238037,-0.035032715648412704,-0.17376232147216797,-0.001852749497629702,0.7693458199501038,0.008203188888728619
528,Positional Relationship (Cam.–Cam.),east,A,A,True,8,left,260,261,[2047],[' left']," the desk facing South (towards the bed), the wall with the windows is to your left. The direction to the left of South is East. Therefore, the first photo, which shows the wall to the left of the desk, was taken",[2759],99.15839385986328,-2.0747668743133545,-0.020923763513565063,0.08913600444793701,0.0008989254711195827,0.34131526947021484,0.0034421219024807215
528,Positional Relationship (Cam.–Cam.),east,A,A,True,9,south,262,263,[4725],[' South']," facing South (towards the bed), the wall with the windows is to your left. The direction to the left of South is East. Therefore, the first photo, which shows the wall to the left of the desk, was taken facing East",[2761],96.5696029663086,1.6549923419952393,0.017137818038463593,0.33431532979011536,0.003461910644546151,-1.3567216396331787,-0.014049158431589603
528,Positional Relationship (Cam.–Cam.),east,A,A,True,10,east,264,265,[6127],[' East']," (towards the bed), the wall with the windows is to your left. The direction to the left of South is East. Therefore, the first photo, which shows the wall to the left of the desk, was taken facing East.

",[2763],84.33033752441406,-0.5251070261001587,-0.006226786877959967,-1.929101586341858,-0.022875534370541573,2.3919341564178467,0.02836386300623417
528,Positional Relationship (Cam.–Cam.),east,A,A,True,11,left,278,279,[2047],[' left']," left. The direction to the left of South is East. Therefore, the first photo, which shows the wall to the left of the desk, was taken facing East.

Answer: A",[2777],93.27348327636719,-2.6356847286224365,-0.028257599100470543,0.3555186092853546,0.0038115722127258778,-0.8627592325210571,-0.00924978032708168
528,Positional Relationship (Cam.–Cam.),east,A,A,True,12,east,286,287,[6127],[' East']," South is East. Therefore, the first photo, which shows the wall to the left of the desk, was taken facing East.

Answer: A",[2785],81.32583618164062,-2.099278211593628,-0.025813177227973938,-1.5221545696258545,-0.01871674135327339,1.1059517860412598,0.01359902136027813
530,Positional Relationship (Cam.–Cam.),southeast,D,D,True,0,southwest,65,66,[51206],[' southwest']," altar in the foreground and the large pipe organ at the far end of the church. We are told this view is facing southwest. This means the altar is to the southwest and the organ is to the northeast.
2.  **Identify",[2714],97.24043273925781,-1.249891757965088,-0.012853621505200863,-0.677149772644043,-0.006963664665818214,-0.5198554992675781,-0.005346083547919989
530,Positional Relationship (Cam.–Cam.),southeast,D,D,True,1,southwest,74,75,[51206],[' southwest']," at the far end of the church. We are told this view is facing southwest. This means the altar is to the southwest and the organ is to the northeast.
2.  **Identify the orientation in the second photo:** The second",[2723],97.98112487792969,-0.4518151879310608,-0.004611247219145298,-1.3962708711624146,-0.014250406995415688,1.0417627096176147,0.010632279329001904
530,Positional Relationship (Cam.–Cam.),southeast,D,D,True,2,northeast,81,82,[39481],[' northeast'],". We are told this view is facing southwest. This means the altar is to the southwest and the organ is to the northeast.
2.  **Identify the orientation in the second photo:** The second photo is taken from a different position",[2730],92.23326873779297,0.9256076812744141,0.010035507380962372,-3.4320688247680664,-0.037210747599601746,-2.3804702758789062,-0.025809237733483315
530,Positional Relationship (Cam.–Cam.),southeast,D,D,True,3,left,167,168,[2047],[' left']," door visible in the second photo is also visible in the first photo. In the first photo, this door is on the left-hand wall.
4.  **Determine the relative direction:** Since the first photo faces southwest and the door is",[2816],97.09886932373047,-5.0149993896484375,-0.05164838209748268,-1.0742104053497314,-0.01106305792927742,-0.8479203581809998,-0.008732546120882034
530,Positional Relationship (Cam.–Cam.),southeast,D,D,True,4,southwest,187,188,[51206],[' southwest']," door is on the left-hand wall.
4.  **Determine the relative direction:** Since the first photo faces southwest and the door is on the left, the door is on the southeast wall of the church. The second photo is taken",[2836],94.52836608886719,-2.671548366546631,-0.02826187014579773,-1.306775689125061,-0.013824164867401123,-1.1802971363067627,-0.0124861691147089
530,Positional Relationship (Cam.–Cam.),southeast,D,D,True,5,left,194,195,[2047],[' left'],".
4.  **Determine the relative direction:** Since the first photo faces southwest and the door is on the left, the door is on the southeast wall of the church. The second photo is taken facing this door.
5.",[2843],96.3504867553711,-3.944265127182007,-0.04093663766980171,-0.9007328152656555,-0.009348503313958645,-0.7801294326782227,-0.008096788078546524
530,Positional Relationship (Cam.–Cam.),southeast,D,D,True,6,southeast,201,202,[40080],[' southeast'],"etermine the relative direction:** Since the first photo faces southwest and the door is on the left, the door is on the southeast wall of the church. The second photo is taken facing this door.
5.  **Conclude the direction:**",[2850],92.80083465576172,0.2892392873764038,0.003116774605587125,-0.03400540351867676,-0.0003664342511910945,0.8060570955276489,0.008685882203280926
530,Positional Relationship (Cam.–Cam.),southeast,D,D,True,7,southeast,236,237,[40080],[' southeast']," facing this door.
5.  **Conclude the direction:** Therefore, the direction faced in the second photo is southeast.

Answer: D",[2885],82.97178649902344,0.7468029260635376,0.009000685065984726,3.015620708465576,0.03634513542056084,1.8964686393737793,0.022856788709759712
535,MSR,southwest,A,C,False,0,north,46,47,[4634],[' North']," in the room.

1.  **Establish the initial orientation:** The problem states that the first picture is taken facing North. In this image, we see a desk with a backpack on it, a chair, and a dresser to the right",[6142],93.44233703613281,-0.7891974449157715,-0.00844582263380289,-3.5289175510406494,-0.03776572272181511,-1.1928648948669434,-0.012765786610543728
535,MSR,southwest,A,C,False,1,right,70,71,[1245],[' right']," North. In this image, we see a desk with a backpack on it, a chair, and a dresser to the right.
2.  **Identify the change in perspective:** The second picture shows the same desk and chair, but",[6166],91.26715850830078,3.122314214706421,0.03421070799231529,-0.7965302467346191,-0.008727457374334335,-0.7220708727836609,-0.007911617867648602
535,MSR,southwest,A,C,False,2,left,106,107,[2047],[' left']," perspective:** The second picture shows the same desk and chair, but from a different angle. The view is now from the left side of the desk, looking towards the right. The bed, which was on the right in the first picture, is",[6202],100.59393310546875,-4.590590476989746,-0.04563486576080322,-0.6560811996459961,-0.006522075273096561,-0.13184377551078796,-0.0013106534024700522
535,MSR,southwest,A,C,False,3,right,115,116,[1245],[' right']," and chair, but from a different angle. The view is now from the left side of the desk, looking towards the right. The bed, which was on the right in the first picture, is now on the left edge of the frame.",[6211],97.64204406738281,3.7116007804870605,0.038012322038412094,-0.30860456824302673,-0.003160570515319705,-0.6904561519622803,-0.0070712994784116745
535,MSR,southwest,A,C,False,4,right,124,125,[1245],[' right']," The view is now from the left side of the desk, looking towards the right. The bed, which was on the right in the first picture, is now on the left edge of the frame.
3.  **Determine the camera",[6220],97.74566650390625,2.8101794719696045,0.028749912977218628,-1.2015808820724487,-0.012292932718992233,-2.1355650424957275,-0.021848181262612343
535,MSR,southwest,A,C,False,5,left,134,135,[2047],[' left']," desk, looking towards the right. The bed, which was on the right in the first picture, is now on the left edge of the frame.
3.  **Determine the camera's movement:** To get from the view in the",[6230],96.56804656982422,-2.9876039028167725,-0.030937809497117996,0.6021438241004944,0.006235435605049133,0.8095787167549133,0.008383505046367645
535,MSR,southwest,A,C,False,6,left,175,176,[2047],[' left'],":** To get from the view in the first picture to the view in the second, the camera must have moved to the left of the desk and rotated to face it. If the first view is North, moving to the left of the desk means",[6271],96.69178771972656,-4.1952128410339355,-0.043387480080127716,-0.8666744828224182,-0.008963269181549549,0.14864718914031982,0.0015373299829661846
535,MSR,southwest,A,C,False,7,north,190,191,[4634],[' North']," second, the camera must have moved to the left of the desk and rotated to face it. If the first view is North, moving to the left of the desk means moving towards the West.
4.  **Calculate the new facing direction",[6286],99.03106689453125,-1.4432276487350464,-0.014573483727872372,-3.0034384727478027,-0.03032824583351612,-1.8585131168365479,-0.018766971305012703
535,MSR,southwest,A,C,False,8,left,195,196,[2047],[' left']," have moved to the left of the desk and rotated to face it. If the first view is North, moving to the left of the desk means moving towards the West.
4.  **Calculate the new facing direction:** From this new position",[6291],99.97206115722656,-3.4150948524475098,-0.034160491079092026,-0.8506571054458618,-0.008508948609232903,0.33536291122436523,0.003354566404595971
535,MSR,southwest,A,C,False,9,west,203,204,[4171],[' West']," and rotated to face it. If the first view is North, moving to the left of the desk means moving towards the West.
4.  **Calculate the new facing direction:** From this new position to the west of the desk, the",[6299],96.73731231689453,-2.585169792175293,-0.026723606511950493,-0.7210047245025635,-0.007453222759068012,-1.013474702835083,-0.01047656498849392
535,MSR,southwest,A,C,False,10,west,222,223,[9422],[' west']," desk means moving towards the West.
4.  **Calculate the new facing direction:** From this new position to the west of the desk, the camera is now looking back towards the desk. Since the desk is to the east of the camera",[6318],103.31652069091797,-2.4632599353790283,-0.02384187839925289,-1.27015221118927,-0.012293796055018902,-1.954840064048767,-0.018920885398983955
535,MSR,southwest,A,C,False,11,east,243,244,[10663],[' east']," position to the west of the desk, the camera is now looking back towards the desk. Since the desk is to the east of the camera's new position, the camera is facing East. However, the angle is not directly east; it's",[6339],100.16708374023438,0.7112888097763062,0.007101023569703102,-1.169137716293335,-0.011671875603497028,-0.1387622356414795,-0.0013853077543899417
535,MSR,southwest,A,C,False,12,east,255,256,[6127],[' East']," looking back towards the desk. Since the desk is to the east of the camera's new position, the camera is facing East. However, the angle is not directly east; it's angled towards the corner of the room where the desk is.",[6351],91.15361022949219,1.2330548763275146,0.013527219183743,-0.15605272352695465,-0.0017119752010330558,1.6446516513824463,0.018042638897895813
535,MSR,southwest,A,C,False,13,east,264,265,[10663],[' east']," is to the east of the camera's new position, the camera is facing East. However, the angle is not directly east; it's angled towards the corner of the room where the desk is. This direction is between East and North.
",[6360],95.55338287353516,0.6328933835029602,0.006623453460633755,1.0245534181594849,0.01072231400758028,-0.14114516973495483,-0.0014771341811865568
535,MSR,southwest,A,C,False,14,east,284,285,[6127],[' East']," angle is not directly east; it's angled towards the corner of the room where the desk is. This direction is between East and North.
5.  **Conclusion:** The direction between East and North is Northeast.

Answer: C",[6380],92.54369354248047,0.896213173866272,0.009684216231107712,-0.33930617570877075,-0.0036664430517703295,0.7325116395950317,0.007915305905044079
535,MSR,southwest,A,C,False,15,north,286,287,[4634],[' North']," not directly east; it's angled towards the corner of the room where the desk is. This direction is between East and North.
5.  **Conclusion:** The direction between East and North is Northeast.

Answer: C",[6382],94.87715148925781,0.22932755947113037,0.0024170998949557543,-4.995903015136719,-0.052656546235084534,0.5572130680084229,0.005872995126992464
535,MSR,southwest,A,C,False,16,east,298,299,[6127],[' East']," room where the desk is. This direction is between East and North.
5.  **Conclusion:** The direction between East and North is Northeast.

Answer: C",[6394],89.64287567138672,-0.7449464797973633,-0.008310157805681229,-0.010099440813064575,-0.00011266305955359712,0.5537786483764648,0.006177609320729971
535,MSR,southwest,A,C,False,17,north,300,301,[4634],[' North']," the desk is. This direction is between East and North.
5.  **Conclusion:** The direction between East and North is Northeast.

Answer: C",[6396],98.18807983398438,0.18917854130268097,0.0019266955787315965,-2.5607664585113525,-0.026080217212438583,0.25086653232574463,0.002554959151893854
535,MSR,southwest,A,C,False,18,northeast,302,303,[43102],[' Northeast']," is. This direction is between East and North.
5.  **Conclusion:** The direction between East and North is Northeast.

Answer: C",[6398],93.13981628417969,1.3993560075759888,0.01502425130456686,-2.6247522830963135,-0.02818077616393566,1.2496638298034668,0.013417074456810951
561,Positional Relationship (Obj.–Obj.),east,A,D,False,0,left,43,44,[2047],[' left']," casting shadows from the statue and the lamp onto the table and the wall.
3. The shadows are falling to the left of the statue and lamp, indicating that the sunlight is coming from the right.
4. Given that the longest sofa",[2694],107.37580108642578,-3.6534934043884277,-0.034025296568870544,-0.05292332172393799,-0.0004928794223815203,-1.9624860286712646,-0.018276799470186234
561,Positional Relationship (Obj.–Obj.),east,A,D,False,1,right,58,59,[1245],[' right'],"
3. The shadows are falling to the left of the statue and lamp, indicating that the sunlight is coming from the right.
4. Given that the longest sofa is on the south side of the statue, the right direction relative to the",[2709],109.18502807617188,2.2340188026428223,0.02046085335314274,-1.9281723499298096,-0.01765967719256878,-0.29851192235946655,-0.002734000561758876
561,Positional Relationship (Obj.–Obj.),east,A,D,False,2,south,71,72,[9514],[' south']," and lamp, indicating that the sunlight is coming from the right.
4. Given that the longest sofa is on the south side of the statue, the right direction relative to the statue would be the west.
5. Therefore, the sunlight",[2722],103.8840103149414,1.7016408443450928,0.016380200162529945,0.44269129633903503,0.004261399619281292,-2.3917665481567383,-0.02302343212068081
561,Positional Relationship (Obj.–Obj.),east,A,D,False,3,right,78,79,[1245],[' right']," is coming from the right.
4. Given that the longest sofa is on the south side of the statue, the right direction relative to the statue would be the west.
5. Therefore, the sunlight is shining from the west.

",[2729],113.18975067138672,2.30305552482605,0.020346855744719505,-1.3627254962921143,-0.012039300985634327,1.2272164821624756,0.010842116549611092
561,Positional Relationship (Obj.–Obj.),east,A,D,False,4,west,87,88,[9422],[' west']," Given that the longest sofa is on the south side of the statue, the right direction relative to the statue would be the west.
5. Therefore, the sunlight is shining from the west.

Answer: D",[2738],104.79344177246094,1.2669224739074707,0.012089711613953114,0.9727815389633179,0.009282847866415977,0.18473893404006958,0.0017628864152356982
561,Positional Relationship (Obj.–Obj.),east,A,D,False,5,west,100,101,[9422],[' west'],", the right direction relative to the statue would be the west.
5. Therefore, the sunlight is shining from the west.

Answer: D",[2751],98.90974426269531,-0.8435736894607544,-0.008528721518814564,0.5700488686561584,0.00576332351192832,-0.7586678266525269,-0.007670304272323847
563,Positional Relationship (Obj.–Obj.),south,D,A,False,0,right,13,14,[1245],[' right'],"Step 1: The oil painting is on the wall to the right of the glass door.
Step 2: The chair is positioned to the left of the glass door.
Step",[2665],94.93063354492188,3.5918045043945312,0.03783609718084335,-1.577996015548706,-0.016622621566057205,-0.068846195936203,-0.000725226360373199
563,Positional Relationship (Obj.–Obj.),south,D,A,False,1,left,30,31,[2047],[' left']," painting is on the wall to the right of the glass door.
Step 2: The chair is positioned to the left of the glass door.
Step 3: Given that the glass door is to the east of the oil painting,",[2682],89.62928771972656,-6.22865629196167,-0.06949353963136673,-0.5470470190048218,-0.0061034406535327435,-0.608527660369873,-0.006789383944123983
563,Positional Relationship (Obj.–Obj.),south,D,A,False,2,east,49,50,[10663],[' east']," chair is positioned to the left of the glass door.
Step 3: Given that the glass door is to the east of the oil painting, the oil painting must be to the west of the glass door.
Step 4: Since",[2701],94.41590118408203,1.8360800743103027,0.01944672502577305,-2.027658462524414,-0.021475816145539284,-2.5048694610595703,-0.02653016522526741
563,Positional Relationship (Obj.–Obj.),south,D,A,False,3,west,62,63,[9422],[' west']," 3: Given that the glass door is to the east of the oil painting, the oil painting must be to the west of the glass door.
Step 4: Since the chair is to the left of the glass door, and the",[2714],89.39389038085938,-2.44356107711792,-0.02733476646244526,0.8234813213348389,0.009211829863488674,0.18233972787857056,0.00203973357565701
563,Positional Relationship (Obj.–Obj.),south,D,A,False,4,left,79,80,[2047],[' left']," the oil painting must be to the west of the glass door.
Step 4: Since the chair is to the left of the glass door, and the oil painting is to the right of the glass door, the oil painting is to the",[2731],106.61422729492188,-5.658358573913574,-0.053073205053806305,0.9248800277709961,0.008675014600157738,-0.20736420154571533,-0.0019449956016615033
563,Positional Relationship (Obj.–Obj.),south,D,A,False,5,right,92,93,[1245],[' right'],"
Step 4: Since the chair is to the left of the glass door, and the oil painting is to the right of the glass door, the oil painting is to the east of the chair.
Answer: A",[2744],101.68986511230469,2.8183493614196777,0.02771514467895031,-2.77996563911438,-0.027337687090039253,-0.20277827978134155,-0.0019940854981541634
563,Positional Relationship (Obj.–Obj.),south,D,A,False,6,east,104,105,[10663],[' east']," of the glass door, and the oil painting is to the right of the glass door, the oil painting is to the east of the chair.
Answer: A",[2756],96.03407287597656,1.7470393180847168,0.0181918703019619,-1.4722301959991455,-0.015330290421843529,1.419927954673767,0.014785668812692165
564,Positional Relationship (Obj.–Obj.),east,C,B,False,0,north,123,124,[9897],[' north']," image.

2.  **Determine the orientation:** The problem states that ""the direction when going out is facing north."" This means that if you are standing in the room and walk through the door shown in the first image, you are",[2780],92.90076446533203,-0.2953064441680908,-0.003178729908540845,-3.2486581802368164,-0.03496912121772766,-1.4121346473693848,-0.015200463123619556
564,Positional Relationship (Obj.–Obj.),east,C,B,False,1,north,149,150,[9897],[' north']," This means that if you are standing in the room and walk through the door shown in the first image, you are heading north.

3.  **Locate the door:** The door with the clothes is the one you would walk through to",[2806],99.84111022949219,0.5407056212425232,0.005415661260485649,-2.9207260608673096,-0.02925374172627926,-2.5942912101745605,-0.025984197854995728
564,Positional Relationship (Obj.–Obj.),east,C,B,False,2,north,184,185,[9897],[' north'],":** The door with the clothes is the one you would walk through to exit the room. Since exiting the room is facing north, the door itself is on the north wall of the room.

4.  **Confirm with image overlap:** The",[2841],96.03714752197266,0.4629155397415161,0.004820171743631363,-2.711066961288452,-0.028229357674717903,-0.680095911026001,-0.0070815919898450375
564,Positional Relationship (Obj.–Obj.),east,C,B,False,3,north,192,193,[9897],[' north']," one you would walk through to exit the room. Since exiting the room is facing north, the door itself is on the north wall of the room.

4.  **Confirm with image overlap:** The second image shows the view from inside the",[2849],97.54635620117188,1.5711643695831299,0.016106847673654556,-3.8775532245635986,-0.039750877767801285,-1.3465476036071777,-0.013804181478917599
564,Positional Relationship (Obj.–Obj.),east,C,B,False,4,left,227,228,[2047],[' left'],"Confirm with image overlap:** The second image shows the view from inside the room looking towards the doorway (which is on the left side of the second image). This confirms that the door is on the north side of the room, as exiting through it",[2884],103.0231704711914,-3.037160873413086,-0.02948036789894104,-0.3037603497505188,-0.002948466222733259,-2.159576177597046,-0.02096204273402691
564,Positional Relationship (Obj.–Obj.),east,C,B,False,5,north,242,243,[9897],[' north']," looking towards the doorway (which is on the left side of the second image). This confirms that the door is on the north side of the room, as exiting through it would take you north.

5.  **Conclusion:** The clothes are",[2899],106.12125396728516,-0.06216849386692047,-0.0005858251242898405,-3.2344231605529785,-0.03047856129705906,-2.1017990112304688,-0.019805636256933212
564,Positional Relationship (Obj.–Obj.),east,C,B,False,6,north,255,256,[9897],[' north']," second image). This confirms that the door is on the north side of the room, as exiting through it would take you north.

5.  **Conclusion:** The clothes are hanging on the door, which is on the north wall of the",[2912],97.18180084228516,0.2914068102836609,0.002998573938384652,-2.013766050338745,-0.020721636712551117,-2.3980884552001953,-0.024676311761140823
564,Positional Relationship (Obj.–Obj.),east,C,B,False,7,north,276,277,[9897],[' north']," would take you north.

5.  **Conclusion:** The clothes are hanging on the door, which is on the north wall of the room. Therefore, the direction of the clothes hanging on the door is north.

Answer: B",[2933],98.8499526977539,0.9325368404388428,0.009433861821889877,-2.9312381744384766,-0.029653409495949745,-0.6937239170074463,-0.007017949130386114
564,Positional Relationship (Obj.–Obj.),east,C,B,False,8,north,294,295,[9897],[' north']," door, which is on the north wall of the room. Therefore, the direction of the clothes hanging on the door is north.

Answer: B",[2951],84.9970932006836,0.1649996042251587,0.0019412381807342172,-1.618664264678955,-0.019043760374188423,0.6473018527030945,0.00761557649821043
565,Positional Relationship (Obj.–Obj.),west,C,B,False,0,east,50,51,[10663],[' east']," position of the black stool in the second image**: The black stool is located near the glass table, which is to the east of the stool.
2. **Determine the orientation of the kitchen island in the first image**: The kitchen island",[2710],112.29304504394531,1.398566722869873,0.012454615905880928,-1.8887392282485962,-0.016819734126329422,-3.0917298793792725,-0.02753269299864769
565,Positional Relationship (Obj.–Obj.),west,C,B,False,1,east,110,111,[10663],[' east']," the side closer to the viewer.
3. **Relate the two images**: Since the glass table is to the east of the black stool, and the kitchen island is adjacent to the area where the black stool is located, we can infer",[2770],111.88394165039062,0.3899707794189453,0.003485493827611208,-1.742475152015686,-0.015573952347040176,-3.4230637550354004,-0.03059477172791958
565,Positional Relationship (Obj.–Obj.),west,C,B,False,2,north,191,192,[9897],[' north']," the faucet is on the side closer to the viewer, and considering the orientation of the room, the faucet is to the north of the black stool.

Answer: B",[2851],109.1397933959961,0.6817469000816345,0.006246547680348158,-4.765199184417725,-0.04366142675280571,-0.2439306378364563,-0.0022350293584167957
566,Positional Relationship (Obj.–Obj.),southwest,C,D,False,0,north,52,53,[9897],[' north'],"

1. The first image shows a bar counter with a book and wine glasses. The wine glasses are positioned to the north of the book on the bar counter.
2. The second image shows a living room area with a glass coffee table",[2725],109.72342681884766,-0.3029417395591736,-0.002760957693681121,-5.694543838500977,-0.05189907178282738,-3.5721423625946045,-0.03255587816238403
566,Positional Relationship (Obj.–Obj.),southwest,C,D,False,1,southeast,119,120,[40080],[' southeast']," can infer the relative positions of the objects.
4. The glass coffee table in the second image is located to the southeast of the book on the bar counter in the first image, based on the orientation and layout of the rooms.

Answer",[2792],108.10904693603516,5.225065231323242,0.04833143204450607,3.4524946212768555,0.03193529695272446,0.9355709552764893,0.008653956465423107
567,Positional Relationship (Obj.–Obj.),northeast,C,B,False,0,top,46,47,[1844],[' top'],"

1.  **Identify the objects:** The first image shows a white cabinet with an apple on a tray on top. The second image shows a bathtub.
2.  **Establish the connection:** The second image shows the left side",[2711],85.78779602050781,0.09639579057693481,0.0011236538412049413,-2.699712038040161,-0.03146965056657791,-1.025476098060608,-0.011953636072576046
567,Positional Relationship (Obj.–Obj.),northeast,C,B,False,1,left,69,70,[2047],[' left']," on top. The second image shows a bathtub.
2.  **Establish the connection:** The second image shows the left side of the bathtub area, where the same white cabinet from the first image is visible. This indicates the cabinet is located",[2734],88.59928131103516,-4.383260726928711,-0.0494728684425354,-1.242506742477417,-0.014023891650140285,0.3492637872695923,0.003942061215639114
567,Positional Relationship (Obj.–Obj.),northeast,C,B,False,2,left,96,97,[2047],[' left']," the bathtub area, where the same white cabinet from the first image is visible. This indicates the cabinet is located to the left of the bathtub.
3.  **Determine orientation:** The problem states that the bathtub plug is to the east",[2761],94.84838104248047,-4.066607475280762,-0.04287482053041458,-0.5409421324729919,-0.005703229922801256,0.1371411681175232,0.0014458989026024938
567,Positional Relationship (Obj.–Obj.),northeast,C,B,False,3,east,120,121,[10663],[' east']," left of the bathtub.
3.  **Determine orientation:** The problem states that the bathtub plug is to the east of the center of the bathtub. In the second image, the plug is on the right side of the tub. This",[2785],93.67525482177734,1.8851242065429688,0.020124036818742752,-1.2317585945129395,-0.013149241916835308,-2.9599521160125732,-0.03159801661968231
567,Positional Relationship (Obj.–Obj.),northeast,C,B,False,4,right,138,139,[1245],[' right']," the bathtub plug is to the east of the center of the bathtub. In the second image, the plug is on the right side of the tub. This means the right side of the image corresponds to East, and the left side corresponds to West",[2803],93.36968994140625,2.83036732673645,0.030313555151224136,-0.680050253868103,-0.007283415645360947,-1.2129226922988892,-0.012990539893507957
567,Positional Relationship (Obj.–Obj.),northeast,C,B,False,5,right,147,148,[1245],[' right']," center of the bathtub. In the second image, the plug is on the right side of the tub. This means the right side of the image corresponds to East, and the left side corresponds to West.
4.  **Locate the",[2812],96.9284896850586,3.302726984024048,0.0340738520026207,-0.694656491279602,-0.007166690658777952,-0.7252249121665955,-0.007482061628252268
567,Positional Relationship (Obj.–Obj.),northeast,C,B,False,6,east,154,155,[6127],[' East']," second image, the plug is on the right side of the tub. This means the right side of the image corresponds to East, and the left side corresponds to West.
4.  **Locate the apple relative to the bathtub:** Since",[2819],93.0194320678711,0.6744910478591919,0.007251076865941286,-1.531029462814331,-0.01645924337208271,-1.2621710300445557,-0.013568895868957043
567,Positional Relationship (Obj.–Obj.),northeast,C,B,False,7,left,158,159,[2047],[' left']," plug is on the right side of the tub. This means the right side of the image corresponds to East, and the left side corresponds to West.
4.  **Locate the apple relative to the bathtub:** Since the cabinet (with",[2823],93.1648178100586,-3.76251220703125,-0.040385548025369644,-0.17833906412124634,-0.0019142319215461612,0.8126146197319031,0.008722333237528801
567,Positional Relationship (Obj.–Obj.),northeast,C,B,False,8,west,162,163,[4171],[' West']," right side of the tub. This means the right side of the image corresponds to East, and the left side corresponds to West.
4.  **Locate the apple relative to the bathtub:** Since the cabinet (with the apple) is",[2827],84.20746612548828,-2.3980491161346436,-0.028477868065238,-0.3025403320789337,-0.003592797089368105,-0.9392765760421753,-0.011154314503073692
567,Positional Relationship (Obj.–Obj.),northeast,C,B,False,9,left,189,190,[2047],[' left'],"4.  **Locate the apple relative to the bathtub:** Since the cabinet (with the apple) is to the left of the bathtub, and left is West, the apple is to the West of the bathtub.
5.  **",[2854],98.32710266113281,-3.7431530952453613,-0.03806837648153305,-0.3336910605430603,-0.003393683349713683,-1.0640912055969238,-0.010821952484548092
567,Positional Relationship (Obj.–Obj.),northeast,C,B,False,10,left,195,196,[2047],[' left']," the apple relative to the bathtub:** Since the cabinet (with the apple) is to the left of the bathtub, and left is West, the apple is to the West of the bathtub.
5.  **Refine the direction:** The",[2860],102.05946350097656,-3.4001715183258057,-0.033315591514110565,-0.24461472034454346,-0.0023967863526195288,-0.07366800308227539,-0.0007218145183287561
567,Positional Relationship (Obj.–Obj.),northeast,C,B,False,11,west,197,198,[4171],[' West']," relative to the bathtub:** Since the cabinet (with the apple) is to the left of the bathtub, and left is West, the apple is to the West of the bathtub.
5.  **Refine the direction:** The cabinet is",[2862],90.23980712890625,-2.5264699459075928,-0.02799728885293007,0.11123320460319519,0.0012326401192694902,-1.0390989780426025,-0.01151486299932003
567,Positional Relationship (Obj.–Obj.),northeast,C,B,False,12,west,204,205,[4171],[' West']," cabinet (with the apple) is to the left of the bathtub, and left is West, the apple is to the West of the bathtub.
5.  **Refine the direction:** The cabinet is not directly to the West but is",[2869],92.00515747070312,-2.551158905029297,-0.027728432789444923,0.40394464135169983,0.004390456713736057,-1.1698462963104248,-0.012715008109807968
567,Positional Relationship (Obj.–Obj.),northeast,C,B,False,13,west,226,227,[4171],[' West']," to the West of the bathtub.
5.  **Refine the direction:** The cabinet is not directly to the West but is positioned towards the back-left corner of the scene relative to the bathtub. Therefore, the direction is Northwest.

",[2891],97.24876403808594,-2.2852907180786133,-0.02349943108856678,-0.12732961773872375,-0.0013093185843899846,-2.6782050132751465,-0.027539733797311783
567,Positional Relationship (Obj.–Obj.),northeast,C,B,False,14,northwest,248,249,[38100],[' Northwest']," to the West but is positioned towards the back-left corner of the scene relative to the bathtub. Therefore, the direction is Northwest.

Answer: B",[2913],94.69625854492188,-2.212040901184082,-0.023359326645731926,-2.620220422744751,-0.027669735252857208,-0.4674333333969116,-0.004936133045703173
568,Positional Relationship (Obj.–Obj.),east,B,B,True,0,south,45,46,[4725],[' South'],"1.  **Establish the orientation of the dining room:** The problem states that the main door in the first photo faces South. This means the dining room, with its glass table, is oriented towards the South.
2.  **D",[2709],91.2392578125,-0.7946016192436218,-0.008708988316357136,-0.9375095367431641,-0.010275286622345448,-1.0725185871124268,-0.011755011975765228
568,Positional Relationship (Obj.–Obj.),east,B,B,True,1,south,62,63,[4725],[' South']," main door in the first photo faces South. This means the dining room, with its glass table, is oriented towards the South.
2.  **Determine the camera's movement:** The two photos were taken consecutively with overlap.",[2726],97.6777114868164,-1.4298408031463623,-0.014638353139162064,-1.6067432165145874,-0.01644943468272686,-0.7349200248718262,-0.0075239273719489574
568,Positional Relationship (Obj.–Obj.),east,B,B,True,2,left,119,120,[2047],[' left']," and the second shows the kitchen. By comparing the two images, we can see that the camera has panned to the left to capture the kitchen.
3.  **Relate the camera's movement to cardinal directions:** Since the dining room",[2783],94.88459014892578,-2.7516911029815674,-0.029000399634242058,-0.33647438883781433,-0.003546143649145961,-0.7132114171981812,-0.007516620215028524
568,Positional Relationship (Obj.–Obj.),east,B,B,True,3,south,145,146,[4725],[' South']," capture the kitchen.
3.  **Relate the camera's movement to cardinal directions:** Since the dining room faces South, panning the camera to the left means we are now looking towards the East.
4.  **Locate",[2809],95.05828094482422,-0.9403670430183411,-0.009892531670629978,-0.9383989572525024,-0.009871827438473701,-2.222163200378418,-0.02337685041129589
568,Positional Relationship (Obj.–Obj.),east,B,B,True,4,left,153,154,[2047],[' left']," **Relate the camera's movement to cardinal directions:** Since the dining room faces South, panning the camera to the left means we are now looking towards the East.
4.  **Locate the pendant lights:** The pendant lights are",[2817],101.38955688476562,-1.0925387144088745,-0.010775653645396233,-0.5764470100402832,-0.0056854672729969025,0.2776421904563904,0.002738370792940259
568,Positional Relationship (Obj.–Obj.),east,B,B,True,5,east,161,162,[6127],[' East']," cardinal directions:** Since the dining room faces South, panning the camera to the left means we are now looking towards the East.
4.  **Locate the pendant lights:** The pendant lights are visible in the second photo, hanging over",[2825],94.15254211425781,2.1641950607299805,0.022986050695180893,-1.0414104461669922,-0.011060885153710842,0.9902596473693848,0.010517609305679798
568,Positional Relationship (Obj.–Obj.),east,B,B,True,6,left,216,217,[2047],[' left'],".  **Determine the direction of the pendant lights relative to the glass table:** Since the camera panned to the left (East) from the dining room to capture the kitchen, the pendant lights in the kitchen are located to the East of",[2880],101.0277328491211,-2.65511417388916,-0.026281042024493217,-0.8762813210487366,-0.008673670701682568,-0.21762675046920776,-0.002154128858819604
568,Positional Relationship (Obj.–Obj.),east,B,B,True,7,east,218,219,[35139],['East']," **Determine the direction of the pendant lights relative to the glass table:** Since the camera panned to the left (East) from the dining room to capture the kitchen, the pendant lights in the kitchen are located to the East of the glass",[2882],92.18340301513672,1.8565809726715088,0.02014007791876793,-0.37719473242759705,-0.004091785755008459,0.8600993156433105,0.009330305270850658
568,Positional Relationship (Obj.–Obj.),east,B,B,True,8,east,239,240,[6127],[' East']," the left (East) from the dining room to capture the kitchen, the pendant lights in the kitchen are located to the East of the glass table in the dining room.

Answer: B",[2903],99.95997619628906,1.301816463470459,0.013023377396166325,-1.1859430074691772,-0.01186417881399393,0.09800314903259277,0.0009804238798096776
570,Positional Relationship (Obj.–Obj.),northwest,B,C,False,0,north,38,39,[9897],[' north'],", we can follow these steps:

1.  **Establish the orientation:** The problem states that the black TV is north of the glass coffee table. In the second image, the TV is on the wall and the coffee table is in front",[2705],93.82701110839844,-1.0009628534317017,-0.010668173432350159,-4.035731315612793,-0.04301246628165245,-2.960632085800171,-0.03155415505170822
570,Positional Relationship (Obj.–Obj.),northwest,B,C,False,1,north,75,76,[4634],[' North']," TV is on the wall and the coffee table is in front of it. This means the wall with the TV is the North wall, and the direction towards the camera (and the balcony doors) is South.

2.  **Locate",[2742],100.05973815917969,-0.11826689541339874,-0.00118196289986372,-3.962937593460083,-0.03960571438074112,-2.6190285682678223,-0.026174649596214294
570,Positional Relationship (Obj.–Obj.),northwest,B,C,False,2,south,91,92,[4725],[' South']," means the wall with the TV is the North wall, and the direction towards the camera (and the balcony doors) is South.

2.  **Locate the bedside lamp:** The bedside lamp is in the first image, which shows the",[2758],91.92627716064453,0.460258811712265,0.005006825085729361,2.4923534393310547,0.027112524956464767,0.9121872186660767,0.009923029690980911
570,Positional Relationship (Obj.–Obj.),northwest,B,C,False,3,right,145,146,[1245],[' right']," adjacent to the living room shown in the second image. The bed is positioned with its headboard against the wall on the right side of the first image. Given the layout, this wall is likely the East wall of the bedroom. Therefore, the",[2812],96.90216827392578,3.6076416969299316,0.03722973167896271,-1.2509405612945557,-0.012909314595162868,0.20940235257148743,0.0021609666291624308
570,Positional Relationship (Obj.–Obj.),northwest,B,C,False,4,east,161,162,[6127],[' East']," its headboard against the wall on the right side of the first image. Given the layout, this wall is likely the East wall of the bedroom. Therefore, the bedside lamp is in the eastern part of the bedroom.

3.  **",[2828],102.09868621826172,3.265070676803589,0.03197955712676048,-2.1927144527435303,-0.021476421505212784,-0.6131627559661865,-0.006005588918924332
570,Positional Relationship (Obj.–Obj.),northwest,B,C,False,5,south,216,217,[9514],[' south'],":** The white ceramic stool is in the second image, next to the sofa in the living room. The living room is south of the bedroom (as the balcony doors are on the south side). The stool is near the sofa, which is positioned",[2883],102.72147369384766,0.3065274953842163,0.0029840643983334303,1.6583576202392578,0.016144216060638428,-0.36840540170669556,-0.003586449660360813
570,Positional Relationship (Obj.–Obj.),northwest,B,C,False,6,south,228,229,[9514],[' south']," to the sofa in the living room. The living room is south of the bedroom (as the balcony doors are on the south side). The stool is near the sofa, which is positioned in the middle of the living room, closer to the south",[2895],100.6243667602539,0.9044233560562134,0.00898811500519514,0.19887661933898926,0.0019764259923249483,-0.5784478783607483,-0.005748586729168892
570,Positional Relationship (Obj.–Obj.),northwest,B,C,False,7,south,252,253,[9514],[' south']," south side). The stool is near the sofa, which is positioned in the middle of the living room, closer to the south side.

4.  **Determine the relative direction:** The bedside lamp is in the bedroom, which is north",[2919],104.45318603515625,1.2892836332321167,0.01234317198395729,0.5923094749450684,0.005670573562383652,-0.8052204251289368,-0.0077089122496545315
570,Positional Relationship (Obj.–Obj.),northwest,B,C,False,8,north,276,277,[9897],[' north']," south side.

4.  **Determine the relative direction:** The bedside lamp is in the bedroom, which is north of the living room. The stool is in the living room, which is south of the bedroom. Therefore, the stool",[2943],96.41888427734375,-1.2514785528182983,-0.01297959964722395,-4.015882968902588,-0.041650377213954926,-2.74385404586792,-0.0284576416015625
570,Positional Relationship (Obj.–Obj.),northwest,B,C,False,9,south,292,293,[9514],[' south']," lamp is in the bedroom, which is north of the living room. The stool is in the living room, which is south of the bedroom. Therefore, the stool is south of the bedside lamp.

5.  **Refine the direction",[2959],90.29398345947266,-0.43657875061035156,-0.004835081286728382,2.692460060119629,0.02981881983578205,1.6287600994110107,0.018038412556052208
570,Positional Relationship (Obj.–Obj.),northwest,B,C,False,10,south,302,303,[9514],[' south']," the living room. The stool is in the living room, which is south of the bedroom. Therefore, the stool is south of the bedside lamp.

5.  **Refine the direction:** Since the bedroom is likely to the east of",[2969],93.61126708984375,-1.239912748336792,-0.013245336711406708,2.3462297916412354,0.025063540786504745,0.8454963564872742,0.009031993336975574
570,Positional Relationship (Obj.–Obj.),northwest,B,C,False,11,east,325,326,[10663],[' east']," is south of the bedside lamp.

5.  **Refine the direction:** Since the bedroom is likely to the east of the living room (based on the typical layout of such spaces and the position of the bed), the stool, being",[2992],97.75608825683594,1.94257390499115,0.01987164095044136,-3.1099207401275635,-0.031813062727451324,-0.4168253540992737,-0.004263932351022959
570,Positional Relationship (Obj.–Obj.),northwest,B,C,False,12,southwest,357,358,[51206],[' southwest']," the typical layout of such spaces and the position of the bed), the stool, being in the living room, would be southwest of the bedside lamp. However, the options provided do not include southwest. The closest option that indicates a southern direction is",[3024],101.16557312011719,-0.7281839847564697,-0.0071979425847530365,2.587514877319336,0.025577029213309288,-0.6471231579780579,-0.006396673619747162
570,Positional Relationship (Obj.–Obj.),northwest,B,C,False,13,southwest,371,372,[51206],[' southwest']," stool, being in the living room, would be southwest of the bedside lamp. However, the options provided do not include southwest. The closest option that indicates a southern direction is ""South"".

Answer: C",[3038],93.03164672851562,-0.8647593855857849,-0.009295324794948101,1.5566141605377197,0.016732092946767807,-0.7798312902450562,-0.008382430300116539
570,Positional Relationship (Obj.–Obj.),northwest,B,C,False,14,south,383,384,[24225],['South']," the bedside lamp. However, the options provided do not include southwest. The closest option that indicates a southern direction is ""South"".

Answer: C",[3050],96.78133392333984,-2.315913677215576,-0.02392934262752533,2.3331735134124756,0.024107681587338448,1.065354824066162,0.011007854714989662
571,Positional Relationship (Obj.–Obj.),south,C,B,False,0,left,68,69,[2047],[' left']," 1, we see a mirrored wardrobe door reflecting a bed and a wooden bedside table. The bedside table is on the left side of the reflected bed.
    - In Figure 2, we see the actual bedside table on the right side",[2745],99.77883911132812,-6.076910972595215,-0.06090380623936653,-1.7188618183135986,-0.01722671650350094,-0.8589582443237305,-0.008608621545135975
571,Positional Relationship (Obj.–Obj.),south,C,B,False,1,right,91,92,[1245],[' right']," the left side of the reflected bed.
    - In Figure 2, we see the actual bedside table on the right side of the image, with a wall behind it. On this wall, there is a light switch (referred to",[2768],96.6619644165039,4.502616882324219,0.04658105969429016,0.14873960614204407,0.0015387603780254722,-0.583588719367981,-0.006037418264895678
571,Positional Relationship (Obj.–Obj.),south,C,B,False,2,north,152,153,[9897],[' north']," light.

2.  **Establish the orientation:**
    - The problem states that the bedside table is on the north side of the bed.
    - In Figure 1, the reflection shows the bedside table on the left side of",[2829],98.6493911743164,-0.21146471798419952,-0.002143598860129714,-3.183551549911499,-0.0322713740170002,-1.9955689907073975,-0.020228903740644455
571,Positional Relationship (Obj.–Obj.),south,C,B,False,3,left,174,175,[2047],[' left']," on the north side of the bed.
    - In Figure 1, the reflection shows the bedside table on the left side of the bed. This means the mirror is facing the bed, and the left side of the reflection corresponds to the",[2851],99.5689697265625,-4.5653181076049805,-0.04585081338882446,-0.9306585192680359,-0.009346873499453068,-1.2831059694290161,-0.012886605225503445
571,Positional Relationship (Obj.–Obj.),south,C,B,False,4,left,191,192,[2047],[' left']," reflection shows the bedside table on the left side of the bed. This means the mirror is facing the bed, and the left side of the reflection corresponds to the north side of the bed.
    - Therefore, the mirror is positioned such that",[2868],104.43431091308594,-4.769495964050293,-0.04566981643438339,-0.33842411637306213,-0.003240545280277729,-0.49419105052948,-0.004732075612992048
571,Positional Relationship (Obj.–Obj.),south,C,B,False,5,north,199,200,[9897],[' north']," side of the bed. This means the mirror is facing the bed, and the left side of the reflection corresponds to the north side of the bed.
    - Therefore, the mirror is positioned such that its left side (from the viewer's",[2876],103.64808654785156,-0.48855140805244446,-0.004713559523224831,-3.525902032852173,-0.03401801362633705,-1.956744909286499,-0.018878735601902008
571,Positional Relationship (Obj.–Obj.),south,C,B,False,6,left,217,218,[2047],[' left']," of the reflection corresponds to the north side of the bed.
    - Therefore, the mirror is positioned such that its left side (from the viewer's perspective in Figure 1) is towards the north.

3.  **Determine",[2894],104.53602600097656,-4.5538835525512695,-0.043562814593315125,-1.0919777154922485,-0.010445945896208286,-0.07528769969940186,-0.0007202081615105271
571,Positional Relationship (Obj.–Obj.),south,C,B,False,7,north,233,234,[9897],[' north'],", the mirror is positioned such that its left side (from the viewer's perspective in Figure 1) is towards the north.

3.  **Determine the position of the socket:**
    - In Figure 2, the socket",[2910],103.14349365234375,-1.5582809448242188,-0.015107893384993076,-3.8084864616394043,-0.03692415729165077,-1.9102094173431396,-0.018519921228289604
571,Positional Relationship (Obj.–Obj.),south,C,B,False,8,north,274,275,[9897],[' north']," - In Figure 2, the socket is on the wall behind the bedside table. Since the bedside table is on the north side of the bed, the wall with the socket is also on the north side.
    - The mirror in Figure",[2951],97.6541976928711,-1.778581142425537,-0.018213054165244102,-3.0787506103515625,-0.031527068465948105,-2.532839298248291,-0.02593681961297989
571,Positional Relationship (Obj.–Obj.),south,C,B,False,9,north,289,290,[9897],[' north']," table. Since the bedside table is on the north side of the bed, the wall with the socket is also on the north side.
    - The mirror in Figure 1 is reflecting the scene from the south side of the bed (since",[2966],93.58290100097656,-0.5071908235549927,-0.005419695284217596,-2.8130369186401367,-0.03005930408835411,-1.1452534198760986,-0.012237848713994026
571,Positional Relationship (Obj.–Obj.),south,C,B,False,10,south,307,308,[9514],[' south']," the socket is also on the north side.
    - The mirror in Figure 1 is reflecting the scene from the south side of the bed (since it shows the north side on the left).

4.  **Relate the socket",[2984],106.71771240234375,-1.2557212114334106,-0.011766755022108555,1.3390620946884155,0.01254770252853632,-1.4482048749923706,-0.01357042696326971
571,Positional Relationship (Obj.–Obj.),south,C,B,False,11,north,317,318,[9897],[' north'],"    - The mirror in Figure 1 is reflecting the scene from the south side of the bed (since it shows the north side on the left).

4.  **Relate the socket to the mirror:**
    - The mirror is",[2994],100.84571075439453,-0.6880998015403748,-0.006823292467743158,-2.119476556777954,-0.02101702243089676,-2.7367537021636963,-0.027138028293848038
571,Positional Relationship (Obj.–Obj.),south,C,B,False,12,left,321,322,[2047],[' left']," in Figure 1 is reflecting the scene from the south side of the bed (since it shows the north side on the left).

4.  **Relate the socket to the mirror:**
    - The mirror is on the south side",[2998],101.1566390991211,-3.036869525909424,-0.030021455138921738,-0.7892891764640808,-0.007802643347531557,-1.4462155103683472,-0.014296792447566986
571,Positional Relationship (Obj.–Obj.),south,C,B,False,13,south,344,345,[9514],[' south']," the left).

4.  **Relate the socket to the mirror:**
    - The mirror is on the south side of the bed, facing north.
    - The socket is on the north side of the bed, on the",[3021],102.77190399169922,-1.551516056060791,-0.015096694231033325,2.1935245990753174,0.021343620494008064,-0.7050076723098755,-0.006859926041215658
571,Positional Relationship (Obj.–Obj.),south,C,B,False,14,north,351,352,[9897],[' north']," **Relate the socket to the mirror:**
    - The mirror is on the south side of the bed, facing north.
    - The socket is on the north side of the bed, on the wall behind the bedside table.
",[3028],99.39961242675781,-0.6676038503646851,-0.006716362666338682,-3.2853033542633057,-0.033051472157239914,-1.8142480850219727,-0.018252063542604446
571,Positional Relationship (Obj.–Obj.),south,C,B,False,15,north,361,362,[9897],[' north'],"    - The mirror is on the south side of the bed, facing north.
    - The socket is on the north side of the bed, on the wall behind the bedside table.
    - Therefore, the socket is on the opposite",[3038],91.57113647460938,0.7345420122146606,0.008021545596420765,-2.402707099914551,-0.02623869478702545,-2.2273640632629395,-0.02432386577129364
571,Positional Relationship (Obj.–Obj.),south,C,B,False,16,north,400,401,[9897],[' north'],"    - Therefore, the socket is on the opposite side of the bed from the mirror, which means it is to the north of the mirror.

Answer: B",[3077],98.46509552001953,0.329597532749176,0.003347354009747505,-2.8760530948638916,-0.02920885942876339,-0.7044098377227783,-0.007153904065489769
573,Positional Relationship (Obj.–Obj.),north,C,D,False,0,north,80,81,[9897],[' north']," the same white cabinet, visible in the second image.
3. The black box (a device) is to the north of the potted plant, as stated in the question.
4. In the second image, the brown ceramic pot",[2736],107.26713562011719,-0.7116090059280396,-0.006633989047259092,-5.680270195007324,-0.052954431623220444,-3.9390711784362793,-0.03672206774353981
573,Positional Relationship (Obj.–Obj.),north,C,D,False,1,right,109,110,[1245],[' right']," plant, as stated in the question.
4. In the second image, the brown ceramic pot is positioned to the right of the potted plant.
5. Given the orientation of the images and the relative positions, the brown ceramic pot",[2765],109.46251678466797,4.786730766296387,0.04372940585017204,-1.4068551063537598,-0.012852391228079796,0.5034220218658447,0.00459903571754694
573,Positional Relationship (Obj.–Obj.),north,C,D,False,2,east,137,138,[10663],[' east'],"otted plant.
5. Given the orientation of the images and the relative positions, the brown ceramic pot is to the east of the potted plant.

Answer: D",[2793],105.12520599365234,2.3497323989868164,0.02235175110399723,-1.0948988199234009,-0.010415188036859035,0.019554853439331055,0.0001860148913692683
583,Positional Relationship (Obj.–Obj.),east,C,C,True,0,north,25,26,[4634],[' North']," is a step-by-step spatial explanation:

1.  **Establish the orientation:** The problem states that the window faces North. In the second image, the window is on the left side of the frame. This means the wall with the window",[2688],89.02273559570312,-0.8560156226158142,-0.009615696966648102,-3.062084436416626,-0.03439665585756302,-1.6286916732788086,-0.018295232206583023
583,Positional Relationship (Obj.–Obj.),east,C,C,True,1,left,37,38,[2047],[' left']," **Establish the orientation:** The problem states that the window faces North. In the second image, the window is on the left side of the frame. This means the wall with the window is the North wall.
2.  **Determine",[2700],93.75201416015625,-3.842057466506958,-0.04098106548190117,-0.01267939805984497,-0.000135244001285173,-0.21843048930168152,-0.002329875249415636
583,Positional Relationship (Obj.–Obj.),east,C,C,True,2,north,52,53,[4634],[' North']," the second image, the window is on the left side of the frame. This means the wall with the window is the North wall.
2.  **Determine the camera's view:** Since the North wall is to the left, the",[2715],95.16358947753906,-0.7891408205032349,-0.008292465470731258,-2.846163272857666,-0.029908111318945885,-1.7255706787109375,-0.018132677301764488
583,Positional Relationship (Obj.–Obj.),east,C,C,True,3,north,69,70,[4634],[' North']," the wall with the window is the North wall.
2.  **Determine the camera's view:** Since the North wall is to the left, the camera in the second photo is pointing towards the East.
3.  **Loc",[2732],96.17234802246094,-1.923431634902954,-0.01999984122812748,-2.532334327697754,-0.026331210508942604,-2.5834779739379883,-0.02686300128698349
583,Positional Relationship (Obj.–Obj.),east,C,C,True,4,left,74,75,[2047],[' left']," is the North wall.
2.  **Determine the camera's view:** Since the North wall is to the left, the camera in the second photo is pointing towards the East.
3.  **Locate the letter 'S",[2737],91.01393127441406,-2.653184175491333,-0.02915140800178051,-0.6497616767883301,-0.0071391453966498375,-0.33764171600341797,-0.003709780517965555
583,Positional Relationship (Obj.–Obj.),east,C,C,True,5,east,86,87,[6127],[' East']," the camera's view:** Since the North wall is to the left, the camera in the second photo is pointing towards the East.
3.  **Locate the letter 'S':** The letter 'S' is on the wall to",[2749],96.69500732421875,2.348736524581909,0.02429015375673771,-0.23672369122505188,-0.0024481480941176414,1.4322160482406616,0.014811685308814049
583,Positional Relationship (Obj.–Obj.),east,C,C,True,6,right,112,113,[1245],[' right'],"
3.  **Locate the letter 'S':** The letter 'S' is on the wall to the right of the window. Based on the camera's orientation, this is the East wall.
4.  **Analyze",[2775],86.13452911376953,2.321718692779541,0.026954563334584236,-0.5270124077796936,-0.0061184801161289215,-0.01843854784965515,-0.00021406685118563473
583,Positional Relationship (Obj.–Obj.),east,C,C,True,7,east,127,128,[6127],[' East']," 'S' is on the wall to the right of the window. Based on the camera's orientation, this is the East wall.
4.  **Analyze the reflection:** The first image shows a large framed piece on the wall opposite",[2790],89.64208221435547,2.0345776081085205,0.022696679458022118,-0.5224874019622803,-0.005828595254570246,1.771841049194336,0.01976572908461094
583,Positional Relationship (Obj.–Obj.),east,C,C,True,8,south,175,176,[4725],[' South']," opposite the window. The reflection in this frame shows the window and the view outside. This confirms the frame is on the South wall, facing North.
5.  **Determine the direction of the 'S' from the frame's perspective",[2838],94.499755859375,-0.9082808494567871,-0.009611462242901325,0.4693196713924408,0.004966358654201031,-1.6285483837127686,-0.017233360558748245
583,Positional Relationship (Obj.–Obj.),east,C,C,True,9,north,179,180,[4634],[' North']," The reflection in this frame shows the window and the view outside. This confirms the frame is on the South wall, facing North.
5.  **Determine the direction of the 'S' from the frame's perspective:** The question asks",[2842],89.18269348144531,-2.019174098968506,-0.022640874609351158,-2.326900005340576,-0.026091385632753372,-1.9279166460037231,-0.02161761000752449
583,Positional Relationship (Obj.–Obj.),east,C,C,True,10,south,224,225,[4725],[' South'],":** The question asks for the direction of the 'S' *as seen in the painting*. The painting is on the South wall, looking North. The 'S' is on the East wall. From the perspective of someone looking North (from",[2887],91.19107818603516,-2.1404709815979004,-0.023472372442483902,0.748320996761322,0.008206076920032501,-1.647039771080017,-0.01806141436100006
583,Positional Relationship (Obj.–Obj.),east,C,C,True,11,north,228,229,[4634],[' North']," for the direction of the 'S' *as seen in the painting*. The painting is on the South wall, looking North. The 'S' is on the East wall. From the perspective of someone looking North (from the South wall),",[2891],91.88304901123047,-2.0603318214416504,-0.02242341637611389,-2.9400405883789062,-0.03199763968586922,-1.673459768295288,-0.018212933093309402
583,Positional Relationship (Obj.–Obj.),east,C,C,True,12,east,237,238,[6127],[' East'],"as seen in the painting*. The painting is on the South wall, looking North. The 'S' is on the East wall. From the perspective of someone looking North (from the South wall), the East wall is to their right. Therefore",[2900],87.14019775390625,2.816483497619629,0.03232128918170929,-1.101553201675415,-0.012641159817576408,0.9377444386482239,0.010761329904198647
583,Positional Relationship (Obj.–Obj.),east,C,C,True,13,north,246,247,[4634],[' North']," on the South wall, looking North. The 'S' is on the East wall. From the perspective of someone looking North (from the South wall), the East wall is to their right. Therefore, the 'S' is to the East",[2909],98.65625762939453,-1.2998127937316895,-0.013175168074667454,-2.6037545204162598,-0.026392187923192978,-1.7028104066848755,-0.017260033637285233
583,Positional Relationship (Obj.–Obj.),east,C,C,True,14,south,250,251,[4725],[' South'],", looking North. The 'S' is on the East wall. From the perspective of someone looking North (from the South wall), the East wall is to their right. Therefore, the 'S' is to the East.

Answer:",[2913],94.17935180664062,-2.365598201751709,-0.025118013843894005,0.6880207657814026,0.007305431179702282,-1.4569740295410156,-0.01547020673751831
583,Positional Relationship (Obj.–Obj.),east,C,C,True,15,east,254,255,[6127],[' East']," The 'S' is on the East wall. From the perspective of someone looking North (from the South wall), the East wall is to their right. Therefore, the 'S' is to the East.

Answer: C",[2917],92.36933135986328,1.9542686939239502,0.021157115697860718,-0.9629148244857788,-0.010424615815281868,1.5194523334503174,0.01644974946975708
583,Positional Relationship (Obj.–Obj.),east,C,C,True,16,right,259,260,[1245],[' right']," on the East wall. From the perspective of someone looking North (from the South wall), the East wall is to their right. Therefore, the 'S' is to the East.

Answer: C",[2922],90.74195861816406,2.2993037700653076,0.025338925421237946,-0.7003831267356873,-0.0077184042893350124,0.8383130431175232,0.009238427504897118
583,Positional Relationship (Obj.–Obj.),east,C,C,True,17,east,270,271,[6127],[' East']," North (from the South wall), the East wall is to their right. Therefore, the 'S' is to the East.

Answer: C",[2933],94.88656616210938,1.8385074138641357,0.019375845789909363,-0.423578679561615,-0.0044640530832111835,2.0906870365142822,0.022033540531992912
605,MSR,southwest,D,B,False,0,north,201,202,[9897],[' north'],".
4.  **Determine Relative Direction:** Assuming a standard orientation where the head of the beds is against the north wall (as suggested by the pillow placement), the sofa nook is to the east of the beds. The bathroom,",[4148],99.32882690429688,-0.4968875050544739,-0.005002450197935104,-4.024313449859619,-0.04051506146788597,-1.1500649452209473,-0.011578360572457314
605,MSR,southwest,D,B,False,1,east,218,219,[10663],[' east']," head of the beds is against the north wall (as suggested by the pillow placement), the sofa nook is to the east of the beds. The bathroom, being adjacent to the bedroom and near the entrance to the nook, would be to",[4165],100.59764862060547,3.573798894882202,0.035525668412446976,-1.574012041091919,-0.01564660854637623,-0.5647381544113159,-0.005613830406218767
605,MSR,southwest,D,B,False,2,northeast,244,245,[39481],[' northeast']," the beds. The bathroom, being adjacent to the bedroom and near the entrance to the nook, would be to the northeast of the sofa.

Answer: B",[4191],104.62459564208984,3.1952221393585205,0.030539875850081444,-5.655246734619141,-0.054052747786045074,-0.34424275159835815,-0.0032902660313993692
606,Positional Relationship (Reg.–Reg.),northwest,A,A,True,0,right,69,70,[1245],[' right'],": In the second image, the desk with the iMac is in the northern part, and the adjacent area to the right (east) has a printer and filing cabinet, which is not a study area.
Step 4: The first",[2561],109.35700988769531,6.701632499694824,0.06128214672207832,-1.434278130531311,-0.01311555691063404,-0.0643848180770874,-0.0005887580337002873
606,Positional Relationship (Reg.–Reg.),northwest,A,A,True,1,east,71,72,[58463],['east']," the second image, the desk with the iMac is in the northern part, and the adjacent area to the right (east) has a printer and filing cabinet, which is not a study area.
Step 4: The first image shows",[2563],104.3848648071289,2.9379429817199707,0.02814529649913311,-0.30269157886505127,-0.0028997650370001793,1.3933417797088623,0.01334812119603157
606,Positional Relationship (Reg.–Reg.),northwest,A,A,True,2,left,118,119,[2047],[' left']," image shows a bookshelf and a desk with papers, which is more likely a study area. This desk is to the left (west) of the iMac's location.
Step 5: Combining these observations, the study area is",[2610],107.57881164550781,-5.3075666427612305,-0.04933654144406319,-0.9484156966209412,-0.00881600845605135,-0.5989682674407959,-0.005567715968936682
606,Positional Relationship (Reg.–Reg.),northwest,A,A,True,3,west,120,121,[10717],['west']," a bookshelf and a desk with papers, which is more likely a study area. This desk is to the left (west) of the iMac's location.
Step 5: Combining these observations, the study area is in the",[2612],99.70817565917969,-4.084372043609619,-0.04096326231956482,-0.8756868839263916,-0.00878249853849411,-0.6083686351776123,-0.0061014918610453606
606,Positional Relationship (Reg.–Reg.),northwest,A,A,True,4,northwest,145,146,[50488],[' northwest'],") of the iMac's location.
Step 5: Combining these observations, the study area is in the northwest corner relative to the iMac's position.
Answer: A",[2637],109.1626968383789,-4.130256175994873,-0.03783578425645828,-3.1119534969329834,-0.028507480397820473,-0.7354569435119629,-0.006737255025655031
607,Positional Relationship (Reg.–Reg.),east,A,D,False,0,southwest,41,42,[51206],[' southwest']," layout shown in the images:

1.  **Identify the Entrance:** The problem states the entrance is in the southwest corner. In the first image, the white door with glass panels is visible on the right side. This door leads into",[2694],97.55868530273438,-2.9310686588287354,-0.030044158920645714,0.39906632900238037,0.004090525675565004,-1.7320802211761475,-0.017754239961504936
607,Positional Relationship (Reg.–Reg.),east,A,D,False,1,right,59,60,[1245],[' right']," states the entrance is in the southwest corner. In the first image, the white door with glass panels is visible on the right side. This door leads into the room.
2.  **Identify the Altar Area:** The second image",[2712],98.34037780761719,3.8723833560943604,0.039377350360155106,-0.9199538230895996,-0.009354792535305023,-1.0277953147888184,-0.010451407171785831
607,Positional Relationship (Reg.–Reg.),east,A,D,False,2,right,135,136,[1245],[' right']," offerings) is visible.
3.  **Determine Relative Position:** The first image shows the entrance door on the right wall. The second image is taken from a position further into the room, looking towards the opposite side. The altar is",[2788],100.64114379882812,2.5753023624420166,0.02558896131813526,-1.7375847101211548,-0.01726515218615532,-0.9649999141693115,-0.009588522836565971
607,Positional Relationship (Reg.–Reg.),east,A,D,False,3,southwest,188,189,[51206],[' southwest']," that is on the wall opposite the entrance door.
4.  **Establish Direction:** If the entrance is in the southwest corner, the wall with the entrance door is likely the south or west wall. The altar is on the opposite side of",[2841],100.97744750976562,-3.417651891708374,-0.0338456965982914,-0.029815375804901123,-0.0002952676732093096,-2.569336175918579,-0.025444652885198593
607,Positional Relationship (Reg.–Reg.),east,A,D,False,4,south,200,201,[9514],[' south'],".  **Establish Direction:** If the entrance is in the southwest corner, the wall with the entrance door is likely the south or west wall. The altar is on the opposite side of the room. In a typical rectangular room layout, if you",[2853],99.58531188964844,-0.9502126574516296,-0.00954169500619173,-0.33081185817718506,-0.0033218939788639545,-1.4927095174789429,-0.01498925406485796
607,Positional Relationship (Reg.–Reg.),east,A,D,False,5,west,202,203,[9422],[' west']," **Establish Direction:** If the entrance is in the southwest corner, the wall with the entrance door is likely the south or west wall. The altar is on the opposite side of the room. In a typical rectangular room layout, if you enter from",[2855],99.65431213378906,-1.6132135391235352,-0.01618809625506401,0.5893771648406982,0.00591421639546752,-1.2915563583374023,-0.01296036597341299
607,Positional Relationship (Reg.–Reg.),east,A,D,False,6,southwest,228,229,[51206],[' southwest'],". The altar is on the opposite side of the room. In a typical rectangular room layout, if you enter from the southwest, the area directly across the room would be in the northeast direction. However, the options are cardinal directions. Let's",[2881],102.59385681152344,-4.3497514724731445,-0.04239777848124504,-0.8827080726623535,-0.008603908121585846,-1.9813969135284424,-0.019313016906380653
607,Positional Relationship (Reg.–Reg.),east,A,D,False,7,northeast,240,241,[39481],[' northeast']," In a typical rectangular room layout, if you enter from the southwest, the area directly across the room would be in the northeast direction. However, the options are cardinal directions. Let's re-evaluate based on the camera's perspective.
5",[2893],94.28951263427734,1.1398125886917114,0.012088434770703316,-4.029214859008789,-0.04273237660527229,-0.7739585638046265,-0.00820832047611475
607,Positional Relationship (Reg.–Reg.),east,A,D,False,8,right,294,295,[1245],[' right']," Analysis:** The first image is taken from near the dining table, looking towards the window. The entrance door is to the right. The second image is taken from the other end of the table, looking towards the altar. This means the altar is",[2947],99.82608032226562,2.5257210731506348,0.025301214307546616,-1.3766984939575195,-0.013790969736874104,-0.9912139773368835,-0.009929409250617027
607,Positional Relationship (Reg.–Reg.),east,A,D,False,9,southwest,334,335,[51206],[' southwest']," towards the altar. This means the altar is on the opposite side of the room from the entrance. If the entrance is southwest, the opposite direction is northeast. Since ""Northeast"" is not an option, we must consider the primary axis.",[2987],102.92208099365234,-3.4668989181518555,-0.03368469327688217,-0.8932396173477173,-0.008678794838488102,-2.626406192779541,-0.025518393144011497
607,Positional Relationship (Reg.–Reg.),east,A,D,False,10,northeast,340,341,[39481],[' northeast']," the altar is on the opposite side of the room from the entrance. If the entrance is southwest, the opposite direction is northeast. Since ""Northeast"" is not an option, we must consider the primary axis. The altar is located through a",[2993],101.54810333251953,1.6793904304504395,0.016537880524992943,-3.0167932510375977,-0.029708022251725197,-1.6479295492172241,-0.016228068619966507
607,Positional Relationship (Reg.–Reg.),east,A,D,False,11,northeast,344,346,"[31580, 14331]","['Nor', 'theast']"," the opposite side of the room from the entrance. If the entrance is southwest, the opposite direction is northeast. Since ""Northeast"" is not an option, we must consider the primary axis. The altar is located through a doorway that is on the","[2997, 2998]",93.76058959960938,0.3285375237464905,0.0035040045622736216,-1.9754538536071777,-0.021069128066301346,-1.5298484563827515,-0.01631654053926468
607,Positional Relationship (Reg.–Reg.),east,A,D,False,12,south,383,384,[9514],[' south']," The altar is located through a doorway that is on the wall opposite the entrance. If we assume the entrance is on the south wall (southwest corner), the opposite wall is the north wall. Therefore, the altar area is located to the north",[3036],103.21073150634766,-1.4636750221252441,-0.014181423000991344,-0.6220510005950928,-0.006026999093592167,-2.2633965015411377,-0.02192985638976097
607,Positional Relationship (Reg.–Reg.),east,A,D,False,13,southwest,386,388,"[64240, 10717]","['south', 'west']"," located through a doorway that is on the wall opposite the entrance. If we assume the entrance is on the south wall (southwest corner), the opposite wall is the north wall. Therefore, the altar area is located to the north of the entrance.","[3039, 3040]",98.91743469238281,-3.1954898834228516,-0.03230461850762367,-0.3268909156322479,-0.0033046845346689224,-1.6691172122955322,-0.016873842105269432
607,Positional Relationship (Reg.–Reg.),east,A,D,False,14,north,395,396,[9897],[' north']," opposite the entrance. If we assume the entrance is on the south wall (southwest corner), the opposite wall is the north wall. Therefore, the altar area is located to the north of the entrance.

Answer: D",[3048],94.7462158203125,0.6392825245857239,0.00674731470644474,-1.8663880825042725,-0.019698813557624817,-0.48860296607017517,-0.005156965460628271
607,Positional Relationship (Reg.–Reg.),east,A,D,False,15,north,407,408,[9897],[' north']," south wall (southwest corner), the opposite wall is the north wall. Therefore, the altar area is located to the north of the entrance.

Answer: D",[3060],99.2741470336914,0.3434145450592041,0.003459254512563348,-0.8002349138259888,-0.008060859516263008,-0.4393694996833801,-0.004425819963216782
609,Positional Relationship (Reg.–Reg.),south,A,B,False,0,west,33,34,[9422],[' west'],"

1.  **Identify the orientation of the living room:** The problem states that the oil painting is on the west side of the living room. In the first image, the painting is on the wall to the left. Therefore, the",[2697],89.62474060058594,-3.4616706371307373,-0.038624051958322525,-1.3034701347351074,-0.014543642289936543,-1.9803977012634277,-0.022096551954746246
609,Positional Relationship (Reg.–Reg.),south,A,B,False,1,left,53,54,[2047],[' left']," painting is on the west side of the living room. In the first image, the painting is on the wall to the left. Therefore, the left side of the first image represents West.
2.  **Determine the direction of the",[2717],90.3438949584961,-4.199716091156006,-0.046485885977745056,-0.43578076362609863,-0.004823577124625444,-0.4272594451904297,-0.004729256499558687
609,Positional Relationship (Reg.–Reg.),south,A,B,False,2,left,58,59,[2047],[' left']," side of the living room. In the first image, the painting is on the wall to the left. Therefore, the left side of the first image represents West.
2.  **Determine the direction of the bedroom:** The second image",[2722],95.01016235351562,-4.474791526794434,-0.047098029404878616,-0.5697862505912781,-0.005997108295559883,-0.15339630842208862,-0.0016145253321155906
609,Positional Relationship (Reg.–Reg.),south,A,B,False,3,west,65,66,[4171],[' West']," the first image, the painting is on the wall to the left. Therefore, the left side of the first image represents West.
2.  **Determine the direction of the bedroom:** The second image shows a view from the living room",[2729],91.97859191894531,-3.989476203918457,-0.043373964726924896,-1.5276851654052734,-0.016609137877821922,-1.4694708585739136,-0.015976227819919586
609,Positional Relationship (Reg.–Reg.),south,A,B,False,4,right,140,141,[1245],[' right'],"
3.  **Establish the camera's orientation in the second image:** The second image is a view looking towards the right side of the living room (relative to the first image's perspective). Since the left side of the first image is West",[2804],97.13450622558594,2.610701560974121,0.026877179741859436,-0.5240914225578308,-0.005395522806793451,-0.4400791525840759,-0.004530616104602814
609,Positional Relationship (Reg.–Reg.),south,A,B,False,5,left,157,158,[2047],[' left']," image is a view looking towards the right side of the living room (relative to the first image's perspective). Since the left side of the first image is West, the right side is East.
4.  **Conclude the relative direction",[2821],97.2376708984375,-5.961179733276367,-0.061305250972509384,-1.8834173679351807,-0.0193692147731781,-1.4047495126724243,-0.014446556568145752
609,Positional Relationship (Reg.–Reg.),south,A,B,False,6,west,164,165,[4171],[' West']," right side of the living room (relative to the first image's perspective). Since the left side of the first image is West, the right side is East.
4.  **Conclude the relative direction:** Since the bedroom is located to",[2828],88.5779800415039,-4.74279260635376,-0.05354369804263115,-1.848264217376709,-0.02086595632135868,-1.7717115879058838,-0.020001715049147606
609,Positional Relationship (Reg.–Reg.),south,A,B,False,7,right,167,168,[1245],[' right']," the living room (relative to the first image's perspective). Since the left side of the first image is West, the right side is East.
4.  **Conclude the relative direction:** Since the bedroom is located to the right (",[2831],88.18882751464844,4.136380195617676,0.04690367728471756,-0.8444662094116211,-0.009575659409165382,0.10127079486846924,0.0011483404086902738
609,Positional Relationship (Reg.–Reg.),south,A,B,False,8,east,170,171,[6127],[' East']," (relative to the first image's perspective). Since the left side of the first image is West, the right side is East.
4.  **Conclude the relative direction:** Since the bedroom is located to the right (East) of",[2834],84.74950408935547,2.8233113288879395,0.033313602209091187,-0.5880805253982544,-0.006939043756574392,2.3880186080932617,0.028177374973893166
609,Positional Relationship (Reg.–Reg.),south,A,B,False,9,right,190,191,[1245],[' right']," the right side is East.
4.  **Conclude the relative direction:** Since the bedroom is located to the right (East) of the living room, the living room must be to the left (West) of the bedroom.

",[2854],97.30411529541016,0.5660306811332703,0.005817129742354155,-1.2986458539962769,-0.01334625855088234,-0.7838538289070129,-0.008055711165070534
609,Positional Relationship (Reg.–Reg.),south,A,B,False,10,east,192,193,[35139],['East']," side is East.
4.  **Conclude the relative direction:** Since the bedroom is located to the right (East) of the living room, the living room must be to the left (West) of the bedroom.

Answer:",[2856],86.48460388183594,3.174164295196533,0.036702074110507965,-1.3196823596954346,-0.015259159728884697,0.9575763940811157,0.011072218418121338
609,Positional Relationship (Reg.–Reg.),south,A,B,False,11,left,206,207,[2047],[' left'],":** Since the bedroom is located to the right (East) of the living room, the living room must be to the left (West) of the bedroom.

Answer: B",[2870],92.6460952758789,-3.697695732116699,-0.03991205245256424,-0.9446998834609985,-0.0101968664675951,-0.2296835035085678,-0.0024791492614895105
609,Positional Relationship (Reg.–Reg.),south,A,B,False,12,west,208,209,[22581],['West']," the bedroom is located to the right (East) of the living room, the living room must be to the left (West) of the bedroom.

Answer: B",[2872],79.31072998046875,-0.9535496234893799,-0.01202295906841755,-0.019013822078704834,-0.00023973833594936877,1.0831806659698486,0.01365742925554514
610,Positional Relationship (Reg.–Reg.),east,C,D,False,0,north,35,36,[9897],[' north']," inside the house looking out through a door to the outside. The direction from outside to the living room door is given as north, meaning the living room is south of the outside area.
Step 2: The second image shows a bedroom with",[2695],105.04007720947266,-1.8016858100891113,-0.017152365297079086,-2.783172369003296,-0.026496289297938347,-1.0034620761871338,-0.009553135372698307
610,Positional Relationship (Reg.–Reg.),east,C,D,False,1,south,42,43,[9514],[' south']," door to the outside. The direction from outside to the living room door is given as north, meaning the living room is south of the outside area.
Step 2: The second image shows a bedroom with a bed and a window. The",[2702],104.26144409179688,0.008683085441589355,8.32818477647379e-05,2.9672443866729736,0.02845965139567852,-0.17404115200042725,-0.0016692762728780508
610,Positional Relationship (Reg.–Reg.),east,C,D,False,2,north,105,106,[9897],[' north']," in the living room, suggesting they are on the same wall.
Step 3: Since the living room door faces north (towards the outside), the wall with the window in the living room is likely the south wall.
Step ",[2765],104.79348754882812,-1.695480465888977,-0.01617925427854061,-4.255973815917969,-0.04061296209692955,-2.6115188598632812,-0.024920621886849403
610,Positional Relationship (Reg.–Reg.),east,C,D,False,3,south,124,125,[9514],[' south']," the living room door faces north (towards the outside), the wall with the window in the living room is likely the south wall.
Step 4: If the bedroom window is on the same wall as the living room window, the bedroom",[2784],103.74230194091797,-0.020618706941604614,-0.00019874927238561213,1.9097073078155518,0.01840818300843239,0.6824819445610046,0.00657862750813365
610,Positional Relationship (Reg.–Reg.),east,C,D,False,4,south,153,154,[9514],[' south']," 4: If the bedroom window is on the same wall as the living room window, the bedroom is also on the south side of the house.
Step 5: Therefore, the bedroom is south of the living room.
Answer:",[2813],99.73477172851562,-0.0964394062757492,-0.0009669587016105652,1.4595425128936768,0.014634239487349987,0.5606673955917358,0.005621584132313728
610,Positional Relationship (Reg.–Reg.),east,C,D,False,5,south,169,170,[9514],[' south']," window, the bedroom is also on the south side of the house.
Step 5: Therefore, the bedroom is south of the living room.
Answer: D",[2829],98.06751251220703,0.13978157937526703,0.0014253606786951423,2.1552393436431885,0.021977098658680916,0.2959291934967041,0.0030176069121807814
620,Positional Relationship (Obj.–Reg.),northeast,A,C,False,0,north,91,92,[9897],[' north']," and a sofa.
3.  **Establish the relative orientation:** The problem states that the living room is to the north of the billiards entertainment area. This means the billiards area is to the south of the living room.
4",[2757],89.89813232421875,-0.13203096389770508,-0.0014686729991808534,-4.473783493041992,-0.04976503178477287,-0.7016177177429199,-0.007804586086422205
620,Positional Relationship (Obj.–Reg.),northeast,A,C,False,1,south,108,109,[9514],[' south']," that the living room is to the north of the billiards entertainment area. This means the billiards area is to the south of the living room.
4.  **Locate the brown goblet:** The brown goblets are on the",[2774],90.40689086914062,0.047754473984241486,0.0005282171769067645,2.6851136684417725,0.029700320214033127,-1.4284956455230713,-0.01580073870718479
620,Positional Relationship (Obj.–Reg.),northeast,A,C,False,2,north,166,167,[9897],[' north'],").
5.  **Determine the final direction:** Since the living room (containing the goblets) is north of the billiards area, and the goblets are on the left side of the living room view (which corresponds to",[2832],83.72010040283203,-0.46727100014686584,-0.0055813477374613285,-4.863707542419434,-0.05809485912322998,0.003686666488647461,4.4035619794158265e-05
620,Positional Relationship (Obj.–Reg.),northeast,A,C,False,3,left,180,181,[2047],[' left']," living room (containing the goblets) is north of the billiards area, and the goblets are on the left side of the living room view (which corresponds to the west side of that space), the goblets are located to the",[2846],95.64016723632812,-4.081696033477783,-0.042677633464336395,-1.1739507913589478,-0.012274662964046001,-0.09044203162193298,-0.0009456490515731275
620,Positional Relationship (Obj.–Reg.),northeast,A,C,False,4,west,192,193,[9422],[' west']," the billiards area, and the goblets are on the left side of the living room view (which corresponds to the west side of that space), the goblets are located to the northwest of the billiards entertainment area.

Answer: C",[2858],96.89927673339844,-2.873016357421875,-0.029649512842297554,-0.4368179738521576,-0.004507958889007568,-0.5374183058738708,-0.005546153988689184
620,Positional Relationship (Obj.–Reg.),northeast,A,C,False,5,northwest,205,206,[50488],[' northwest']," side of the living room view (which corresponds to the west side of that space), the goblets are located to the northwest of the billiards entertainment area.

Answer: C",[2871],97.22735595703125,-1.2596004009246826,-0.012955205515027046,-3.398214340209961,-0.03495121747255325,-0.6982172727584839,-0.0071812840178608894
622,Positional Relationship (Obj.–Reg.),northeast,A,D,False,0,east,43,44,[10663],[' east']," the provided images:

1.  **Establish the orientation:** The problem states that the giraffe statue is to the east of the bronze pot. In Figure 1, the giraffe statue is on the left side of the image and the",[2699],89.16123962402344,2.452669143676758,0.027508243918418884,-2.48531436920166,-0.027874380350112915,-1.4434553384780884,-0.016189269721508026
622,Positional Relationship (Obj.–Reg.),northeast,A,D,False,1,left,61,62,[2047],[' left']," giraffe statue is to the east of the bronze pot. In Figure 1, the giraffe statue is on the left side of the image and the bronze pot is on the right. This means the left side of the image corresponds to the",[2717],93.35033416748047,-6.6707048416137695,-0.07145882397890091,-0.8769451379776001,-0.009394129738211632,-0.010488152503967285,-0.00011235259444219992
622,Positional Relationship (Obj.–Reg.),northeast,A,D,False,2,right,73,74,[1245],[' right']," In Figure 1, the giraffe statue is on the left side of the image and the bronze pot is on the right. This means the left side of the image corresponds to the East, and the right side corresponds to the West. Consequently",[2729],84.53752136230469,2.344661235809326,0.027735155075788498,-0.2814270853996277,-0.0033290197607129812,-1.487088918685913,-0.017590874806046486
622,Positional Relationship (Obj.–Reg.),northeast,A,D,False,3,left,78,79,[2047],[' left']," the giraffe statue is on the left side of the image and the bronze pot is on the right. This means the left side of the image corresponds to the East, and the right side corresponds to the West. Consequently, the top of the",[2734],99.01774597167969,-5.6919050216674805,-0.05748368427157402,-0.6378883123397827,-0.006442161742597818,1.1810778379440308,0.011927940882742405
622,Positional Relationship (Obj.–Reg.),northeast,A,D,False,4,east,86,87,[6127],[' East']," side of the image and the bronze pot is on the right. This means the left side of the image corresponds to the East, and the right side corresponds to the West. Consequently, the top of the image is North and the bottom is South",[2742],95.37525939941406,-1.9772905111312866,-0.020731691271066666,-2.700133800506592,-0.028310630470514297,1.1361020803451538,0.011911915615200996
622,Positional Relationship (Obj.–Reg.),northeast,A,D,False,5,right,90,91,[1245],[' right']," and the bronze pot is on the right. This means the left side of the image corresponds to the East, and the right side corresponds to the West. Consequently, the top of the image is North and the bottom is South.

2.",[2746],81.67757415771484,3.575101375579834,0.04377090558409691,0.6072252988815308,0.007434418890625238,-1.6685360670089722,-0.020428325980901718
622,Positional Relationship (Obj.–Reg.),northeast,A,D,False,6,west,95,96,[4171],[' West']," on the right. This means the left side of the image corresponds to the East, and the right side corresponds to the West. Consequently, the top of the image is North and the bottom is South.

2.  **Locate the",[2751],87.39521026611328,0.23915094137191772,0.002736430848017335,-0.3337889611721039,-0.00381930498406291,-1.8205548524856567,-0.020831288769841194
622,Positional Relationship (Obj.–Reg.),northeast,A,D,False,7,top,100,101,[1844],[' top']," means the left side of the image corresponds to the East, and the right side corresponds to the West. Consequently, the top of the image is North and the bottom is South.

2.  **Locate the bathing area:** The bathing",[2756],96.66754150390625,-0.08225516229867935,-0.0008509077597409487,-5.448625564575195,-0.05636458098888397,-0.8187268376350403,-0.00846951175481081
622,Positional Relationship (Obj.–Reg.),northeast,A,D,False,8,north,105,106,[4634],[' North']," the image corresponds to the East, and the right side corresponds to the West. Consequently, the top of the image is North and the bottom is South.

2.  **Locate the bathing area:** The bathing area, which includes the",[2761],94.40863800048828,-1.3131487369537354,-0.013909201137721539,-4.734421730041504,-0.05014818534255028,-1.3812620639801025,-0.014630674384534359
622,Positional Relationship (Obj.–Reg.),northeast,A,D,False,9,bottom,108,109,[5445],[' bottom']," to the East, and the right side corresponds to the West. Consequently, the top of the image is North and the bottom is South.

2.  **Locate the bathing area:** The bathing area, which includes the shower, is",[2764],88.17223358154297,-1.6971640586853027,-0.01924828253686428,5.195815086364746,0.05892802029848099,0.9089159369468689,0.010308414697647095
622,Positional Relationship (Obj.–Reg.),northeast,A,D,False,10,south,110,111,[4725],[' South']," East, and the right side corresponds to the West. Consequently, the top of the image is North and the bottom is South.

2.  **Locate the bathing area:** The bathing area, which includes the shower, is shown in",[2766],86.2835464477539,-1.2067917585372925,-0.013986348174512386,0.6502591967582703,0.007536306045949459,-1.1626498699188232,-0.01347475778311491
622,Positional Relationship (Obj.–Reg.),northeast,A,D,False,11,right,146,147,[1245],[' right'],":** The bathing area, which includes the shower, is shown in Figure 2. This figure is a view from the right side of the room shown in Figure 1, looking towards the left.

3.  **Find the switch:**",[2802],97.16309356689453,3.5526630878448486,0.03656391426920891,-0.33925265073776245,-0.003491579322144389,-1.50736665725708,-0.015513777732849121
622,Positional Relationship (Obj.–Reg.),northeast,A,D,False,12,left,160,161,[2047],[' left']," 2. This figure is a view from the right side of the room shown in Figure 1, looking towards the left.

3.  **Find the switch:** In Figure 2, a light switch is visible on the wall in",[2816],96.61311340332031,-3.151618003845215,-0.03262101858854294,-0.9534881114959717,-0.009869137778878212,-0.45520275831222534,-0.004711604211479425
622,Positional Relationship (Obj.–Reg.),northeast,A,D,False,13,lower,186,187,[4570],[' lower'],"

3.  **Find the switch:** In Figure 2, a light switch is visible on the wall in the lower right corner.

4.  **Determine the switch's position relative to the room:** Since Figure 2 is",[2842],93.19979095458984,2.2911391258239746,0.02458309382200241,8.316509246826172,0.08923313021659851,0.9028360843658447,0.009687104262411594
622,Positional Relationship (Obj.–Reg.),northeast,A,D,False,14,right,187,188,[1245],[' right'],"3.  **Find the switch:** In Figure 2, a light switch is visible on the wall in the lower right corner.

4.  **Determine the switch's position relative to the room:** Since Figure 2 is a",[2843],91.34988403320312,4.765905857086182,0.05217199772596359,1.0765870809555054,0.011785314418375492,0.9962903261184692,0.010906311683356762
622,Positional Relationship (Obj.–Reg.),northeast,A,D,False,15,right,215,216,[1245],[' right'],"4.  **Determine the switch's position relative to the room:** Since Figure 2 is a view from the right (West) side of the room, the wall with the switch is on the West side of the bathing area. The",[2871],98.1606216430664,2.3384790420532227,0.023822985589504242,-0.08191323280334473,-0.0008344816160388291,-0.551226019859314,-0.005615551490336657
622,Positional Relationship (Obj.–Reg.),northeast,A,D,False,16,west,217,218,[22581],['West'],"  **Determine the switch's position relative to the room:** Since Figure 2 is a view from the right (West) side of the room, the wall with the switch is on the West side of the bathing area. The switch is",[2873],96.21916961669922,0.3608449399471283,0.003750239498913288,-0.9894372224807739,-0.010283160954713821,-1.5261461734771729,-0.01586114428937435
622,Positional Relationship (Obj.–Reg.),northeast,A,D,False,17,west,232,233,[4171],[' West']," 2 is a view from the right (West) side of the room, the wall with the switch is on the West side of the bathing area. The switch is located towards the bottom of the image, which corresponds to the South direction.",[2888],95.64019775390625,1.290381669998169,0.013492043130099773,-0.7749586701393127,-0.00810285471379757,-1.1423743963241577,-0.011944500729441643
622,Positional Relationship (Obj.–Reg.),northeast,A,D,False,18,bottom,245,246,[5445],[' bottom']," the room, the wall with the switch is on the West side of the bathing area. The switch is located towards the bottom of the image, which corresponds to the South direction.

5.  **Combine the directions:** The switch is on",[2901],99.39820098876953,-1.552780270576477,-0.015621814876794815,4.706851482391357,0.047353487461805344,0.5917487144470215,0.005953314248472452
622,Positional Relationship (Obj.–Reg.),northeast,A,D,False,19,south,254,255,[4725],[' South']," on the West side of the bathing area. The switch is located towards the bottom of the image, which corresponds to the South direction.

5.  **Combine the directions:** The switch is on the West wall and towards the South end of",[2910],96.16559600830078,0.04876568913459778,0.0005071011837571859,2.0282061100006104,0.021090766414999962,0.26366955041885376,0.002741828327998519
622,Positional Relationship (Obj.–Reg.),northeast,A,D,False,20,west,271,272,[4171],[' West']," the image, which corresponds to the South direction.

5.  **Combine the directions:** The switch is on the West wall and towards the South end of the room. Therefore, its location is Southwest.

Answer: D",[2927],96.33982849121094,-0.2671467661857605,-0.0027729629073292017,-0.3201112747192383,-0.0033227303065359592,-1.312150239944458,-0.013620018027722836
622,Positional Relationship (Obj.–Reg.),northeast,A,D,False,21,south,276,277,[4725],[' South']," to the South direction.

5.  **Combine the directions:** The switch is on the West wall and towards the South end of the room. Therefore, its location is Southwest.

Answer: D",[2932],99.57411193847656,-0.06511056423187256,-0.0006538904854096472,2.1438939571380615,0.0215306356549263,0.0965127944946289,0.0009692558669485152
622,Positional Relationship (Obj.–Reg.),northeast,A,D,False,22,southwest,287,288,[44164],[' Southwest']," the directions:** The switch is on the West wall and towards the South end of the room. Therefore, its location is Southwest.

Answer: D",[2943],95.55977630615234,0.2614339590072632,0.002735815942287445,2.9063735008239746,0.030414193868637085,-0.08203721046447754,-0.0008584910538047552
633,Attribute (Appr.),west,D,B,False,0,north,47,48,[9897],[' north']," standard cardinal directions.

1.  **Identify the reference side:** The problem states that Figure 1 shows the north side of the building. This facade is characterized by a prominent stepped gable.
2.  **Identify a",[3936],96.46048736572266,-1.3520839214324951,-0.014016971923410892,-3.4462802410125732,-0.035727377980947495,-2.1806514263153076,-0.022606680169701576
633,Attribute (Appr.),west,D,B,False,1,right,82,83,[1245],[' right']," a prominent stepped gable.
2.  **Identify a unique feature:** In Figure 1, on the right side of the north facade, there is a distinct round tower with a green conical roof.
3.  **",[3971],95.15242767333984,3.302497386932373,0.0347074419260025,-1.3109195232391357,-0.013777047395706177,-0.3287903070449829,-0.0034554062876850367
633,Attribute (Appr.),west,D,B,False,2,north,86,87,[9897],[' north'],"able.
2.  **Identify a unique feature:** In Figure 1, on the right side of the north facade, there is a distinct round tower with a green conical roof.
3.  **Locate the feature",[3975],94.70294189453125,-1.8481711149215698,-0.01951545663177967,-3.2333645820617676,-0.03414217755198479,-1.7495795488357544,-0.0184743944555521
633,Attribute (Appr.),west,D,B,False,3,right,139,140,[1245],[' right'],":** Figure 2 also shows this same round tower with the green roof. In this view, the tower is on the right side of the frame, and we are looking at a long, flat wall of the building to the left of the tower",[4028],92.47256469726562,3.468143939971924,0.03750457242131233,-0.7688169479370117,-0.008314000442624092,0.17329958081245422,0.0018740647938102484
633,Attribute (Appr.),west,D,B,False,4,left,160,161,[2047],[' left']," is on the right side of the frame, and we are looking at a long, flat wall of the building to the left of the tower.
4.  **Determine the relative orientation:** If you are standing on the north side (",[4049],94.38545227050781,-4.740901470184326,-0.05022915452718735,0.7242859601974487,0.007673703134059906,0.4873737096786499,0.0051636528223752975
633,Attribute (Appr.),west,D,B,False,5,north,182,183,[9897],[' north']," to the left of the tower.
4.  **Determine the relative orientation:** If you are standing on the north side (Figure 1) and looking at the building, the tower is on your right. To see the long wall",[4071],94.09356689453125,-2.679827928543091,-0.02848045900464058,-3.269420862197876,-0.03474648669362068,-1.9881023168563843,-0.02112899348139763
633,Attribute (Appr.),west,D,B,False,6,right,200,201,[1245],[' right']," If you are standing on the north side (Figure 1) and looking at the building, the tower is on your right. To see the long wall that is adjacent to the tower (as shown in Figure 2), you would need to",[4089],90.39073944091797,2.041593074798584,0.022586308419704437,-1.588687777519226,-0.017575779929757118,-0.5474795699119568,-0.006056810263544321
633,Attribute (Appr.),west,D,B,False,7,right,228,229,[1245],[' right']," the long wall that is adjacent to the tower (as shown in Figure 2), you would need to move to the right of the north facade.
5.  **Conclude the direction:** Moving to the right from the north side leads",[4117],94.1028823852539,1.8425357341766357,0.019580014050006866,-1.4072089195251465,-0.014953941106796265,-0.28759339451789856,-0.0030561592429876328
633,Attribute (Appr.),west,D,B,False,8,north,231,232,[9897],[' north']," that is adjacent to the tower (as shown in Figure 2), you would need to move to the right of the north facade.
5.  **Conclude the direction:** Moving to the right from the north side leads to the east",[4120],95.05789184570312,-2.6968021392822266,-0.028370102867484093,-3.043806314468384,-0.032020553946495056,-2.165010929107666,-0.022775709629058838
633,Attribute (Appr.),west,D,B,False,9,right,247,248,[1245],[' right']," need to move to the right of the north facade.
5.  **Conclude the direction:** Moving to the right from the north side leads to the east side of the building. Therefore, Figure 2 shows the east side.

",[4136],95.45447540283203,0.29786011576652527,0.0031204416882246733,-1.1445754766464233,-0.011990799568593502,-0.028660953044891357,-0.00030025781597942114
633,Attribute (Appr.),west,D,B,False,10,north,250,251,[9897],[' north']," to the right of the north facade.
5.  **Conclude the direction:** Moving to the right from the north side leads to the east side of the building. Therefore, Figure 2 shows the east side.

Answer: B",[4139],94.15621948242188,-1.8450453281402588,-0.01959557645022869,-3.5206069946289062,-0.03739112615585327,-1.6832332611083984,-0.01787702739238739
633,Attribute (Appr.),west,D,B,False,11,east,255,256,[10663],[' east']," north facade.
5.  **Conclude the direction:** Moving to the right from the north side leads to the east side of the building. Therefore, Figure 2 shows the east side.

Answer: B",[4144],91.02704620361328,1.2612333297729492,0.013855588622391224,-0.3858020007610321,-0.004238322842866182,2.0067520141601562,0.022045668214559555
633,Attribute (Appr.),west,D,B,False,12,east,268,269,[10663],[' east']," Moving to the right from the north side leads to the east side of the building. Therefore, Figure 2 shows the east side.

Answer: B",[4157],95.9919204711914,0.7653430700302124,0.007972994819283485,0.39545267820358276,0.0041196453385055065,0.4651049077510834,0.0048452503979206085
634,Attribute (Appr.),west,B,A,False,0,north,7,8,[59810],['north'],"Figure 1 shows the front (north) view of the fruit and vegetable arrangement. Figure 2 shows the same items from a different angle, with the background",[3895],97.98515319824219,-2.028580904006958,-0.020702941343188286,-3.013179302215576,-0.030751386657357216,-1.9186058044433594,-0.019580576568841934
634,Attribute (Appr.),west,B,A,False,1,left,36,37,[2047],[' left']," fruit and vegetable arrangement. Figure 2 shows the same items from a different angle, with the background machinery visible on the left side of the frame. This indicates a rotation to the right, which corresponds to viewing the object from its east side.",[3924],97.64752197265625,-2.1651291847229004,-0.022172903642058372,0.32581764459609985,0.003336670808494091,-0.44661831855773926,-0.004573780577629805
634,Attribute (Appr.),west,B,A,False,2,right,48,49,[1245],[' right']," from a different angle, with the background machinery visible on the left side of the frame. This indicates a rotation to the right, which corresponds to viewing the object from its east side.

Answer: A",[3936],98.32938385009766,2.0659518241882324,0.021010523661971092,-1.2755393981933594,-0.012972108088433743,0.2587316632270813,0.0026312752161175013
634,Attribute (Appr.),west,B,A,False,3,east,58,59,[10663],[' east']," on the left side of the frame. This indicates a rotation to the right, which corresponds to viewing the object from its east side.

Answer: A",[3946],97.00017547607422,0.901984691619873,0.009298793971538544,-1.040247917175293,-0.010724185965955257,1.0258023738861084,0.01057526282966137
635,Attribute (Appr.),west,D,A,False,0,north,8,9,[59810],['north'],"1. Figure 1 shows the ""north side"" of the food items, with the pumpkin on the right and the Cacao Fantasy bag on the left.
",[3896],96.99836730957031,-2.311674118041992,-0.02383209392428398,-4.213152885437012,-0.04343529790639877,-3.1707801818847656,-0.03268900513648987
635,Attribute (Appr.),west,D,A,False,1,right,21,22,[1245],[' right'],"1. Figure 1 shows the ""north side"" of the food items, with the pumpkin on the right and the Cacao Fantasy bag on the left.
2. Figure 2 shows the same items but from a different",[3909],94.09293365478516,3.1346240043640137,0.03331412747502327,-1.5055646896362305,-0.01600082591176033,-1.8484725952148438,-0.01964518055319786
635,Attribute (Appr.),west,D,A,False,2,left,30,31,[2047],[' left']," the ""north side"" of the food items, with the pumpkin on the right and the Cacao Fantasy bag on the left.
2. Figure 2 shows the same items but from a different angle. The pumpkin is now at the bottom",[3918],90.5604248046875,-1.9814895391464233,-0.02188030257821083,-0.10821381211280823,-0.0011949349427595735,-1.0233659744262695,-0.011300366371870041
635,Attribute (Appr.),west,D,A,False,3,bottom,54,55,[5445],[' bottom']," left.
2. Figure 2 shows the same items but from a different angle. The pumpkin is now at the bottom, and the Pickwick tea box is visible at the top.
3. Comparing the two figures, it appears",[3942],97.76183319091797,1.1691454648971558,0.011959119699895382,4.44692325592041,0.04548731446266174,-0.7755430936813354,-0.00793298427015543
635,Attribute (Appr.),west,D,A,False,4,top,66,67,[1844],[' top']," but from a different angle. The pumpkin is now at the bottom, and the Pickwick tea box is visible at the top.
3. Comparing the two figures, it appears that Figure 2 is rotated 180 degrees from",[3954],93.99859619140625,0.6574868559837341,0.006994645576924086,-4.091908931732178,-0.043531596660614014,-1.4572458267211914,-0.01550284679979086
635,Attribute (Appr.),west,D,A,False,5,north,104,105,[9897],[' north']," Figure 2 is rotated 180 degrees from Figure 1.
4. If Figure 1 is the north side, rotating 180 degrees would show the opposite side, which is the south side.
5. Therefore",[3992],103.21340942382812,-2.244807481765747,-0.021749185398221016,-4.344289779663086,-0.042090363800525665,-1.9751039743423462,-0.01913611777126789
635,Attribute (Appr.),west,D,A,False,6,south,122,123,[9514],[' south']," If Figure 1 is the north side, rotating 180 degrees would show the opposite side, which is the south side.
5. Therefore, Figure 2 shows the south side of the food.

Answer: A",[4010],97.20406341552734,0.13895222544670105,0.0014294899301603436,0.865837812423706,0.008907424286007881,0.2419832944869995,0.002489435952156782
635,Attribute (Appr.),west,D,A,False,7,south,135,136,[9514],[' south'],"0 degrees would show the opposite side, which is the south side.
5. Therefore, Figure 2 shows the south side of the food.

Answer: A",[4023],101.89297485351562,-0.6193726062774658,-0.006078658625483513,0.36304062604904175,0.003562960308045149,-0.4854713976383209,-0.0047645228914916515
662,Attribute (Appr.),north,A,A,True,0,east,44,45,[10663],[' east']," we can follow these steps:

1. **Identify the orientation in Figure 1**: Figure 1 shows the east side of the 3D model, which is the side facing the viewer.
2. **Observe the change",[3948],111.44222259521484,-1.837153673171997,-0.01648525707423687,-2.5049352645874023,-0.02247743494808674,-1.2469735145568848,-0.011189416982233524
662,Attribute (Appr.),north,A,A,True,1,left,129,130,[2047],[' left']," the rotation**: By comparing the two images, it is clear that the model has been rotated 90 degrees to the left (counterclockwise) from the perspective of the viewer.
4. **Identify the new side**: Since",[4033],110.9637680053711,-3.2474374771118164,-0.029265746474266052,-0.6457560062408447,-0.005819521378725767,0.21723192930221558,0.0019576833583414555
662,Attribute (Appr.),north,A,A,True,2,left,164,165,[2047],[' left']," the viewer.
4. **Identify the new side**: Since the model was rotated 90 degrees to the left, the side that was previously on the left (north side) is now facing the viewer.
5. **Conclusion",[4068],107.92517852783203,-2.182187557220459,-0.02021944895386696,-0.06240701675415039,-0.0005782433436252177,0.20785939693450928,0.0019259583204984665
662,Attribute (Appr.),north,A,A,True,3,left,173,174,[2047],[' left']," the new side**: Since the model was rotated 90 degrees to the left, the side that was previously on the left (north side) is now facing the viewer.
5. **Conclusion**: Therefore, the side shown in Figure ",[4077],107.22929382324219,-2.7691869735717773,-0.025824911892414093,-0.4437434673309326,-0.004138267133384943,-1.6201918125152588,-0.015109600499272346
662,Attribute (Appr.),north,A,A,True,4,north,175,176,[59810],['north']," side**: Since the model was rotated 90 degrees to the left, the side that was previously on the left (north side) is now facing the viewer.
5. **Conclusion**: Therefore, the side shown in Figure 2 is",[4079],106.39584350585938,-2.1286535263061523,-0.020006923004984856,-5.140985488891602,-0.04831942170858383,-2.561244010925293,-0.024072783067822456
662,Attribute (Appr.),north,A,A,True,5,north,201,202,[9897],[' north'],") is now facing the viewer.
5. **Conclusion**: Therefore, the side shown in Figure 2 is the north side of the 3D model.

Answer: A",[4105],101.19863891601562,-2.219316005706787,-0.02193029411137104,-2.6976802349090576,-0.02665727771818638,-0.22659212350845337,-0.002239082707092166
693,MSR,east,A,C,False,0,north,39,40,[9897],[' north'],":

1. **Identify the orientation of the bed:**
   - The head of the bed is on the north side.
   - This means the foot of the bed is on the south side.

2. **Analyze",[7872],108.84396362304688,-1.3415933847427368,-0.012325841002166271,-4.049786567687988,-0.03720726817846298,-2.75368332862854,-0.02529936656355858
693,MSR,east,A,C,False,1,south,55,56,[9514],[' south']," The head of the bed is on the north side.
   - This means the foot of the bed is on the south side.

2. **Analyze the position of the switch in image 4:**
   - The switch is",[7888],102.87671661376953,0.02258884906768799,0.00021957202989142388,2.0580759048461914,0.02000526338815689,-0.2511023283004761,-0.002440808108076453
693,MSR,east,A,C,False,2,north,100,101,[9897],[' north']," - The switch is on the wall next to the bed.
   - Since the head of the bed is on the north side, the switch must be on the east or west side.
   - From the images, it appears the switch",[7933],102.30860137939453,-2.205641508102417,-0.021558711305260658,-4.194551944732666,-0.04099901393055916,-3.7868738174438477,-0.037014227360486984
693,MSR,east,A,C,False,3,east,109,110,[10663],[' east']," the bed.
   - Since the head of the bed is on the north side, the switch must be on the east or west side.
   - From the images, it appears the switch is on the east side of the bed.",[7942],110.25944519042969,0.6420297622680664,0.005822900217026472,-1.3165853023529053,-0.011940794065594673,0.4445199966430664,0.004031581804156303
693,MSR,east,A,C,False,4,west,111,112,[9422],[' west'],".
   - Since the head of the bed is on the north side, the switch must be on the east or west side.
   - From the images, it appears the switch is on the east side of the bed.

3",[7944],105.51158142089844,-0.7476499676704407,-0.0070859515108168125,0.9753565192222595,0.009244070388376713,-1.8614702224731445,-0.01764233037829399
693,MSR,east,A,C,False,5,east,128,129,[10663],[' east']," switch must be on the east or west side.
   - From the images, it appears the switch is on the east side of the bed.

3. **Determine the position of the sofa:**
   - The sofa is visible",[7961],112.58753204345703,-0.05752970278263092,-0.0005109775811433792,-1.2590932846069336,-0.011183238588273525,0.419691264629364,0.0037276886869221926
693,MSR,east,A,C,False,6,south,173,174,[9514],[' south']," The sofa is visible in image 2.
   - Given the orientation of the bed, the sofa is on the south side of the bed.

4. **Count the pillows on the bed:**
   - In image 5,",[8006],110.7485122680664,0.8401514291763306,0.00758611923083663,2.9912993907928467,0.027009837329387665,0.20313400030136108,0.0018341917311772704
693,MSR,east,A,C,False,7,left,269,270,[2047],[' left'],"8.

5. **Check the camera movement:**
   - The sequence of images shows the camera panning from left to right.
   - This indicates the camera kept turning to the right.

Based on this analysis, the incorrect",[8102],106.98807525634766,-5.022809028625488,-0.04694737121462822,-1.0409350395202637,-0.009729448705911636,-2.4962549209594727,-0.023332085460424423
693,MSR,east,A,C,False,8,right,271,272,[1245],[' right'],"

5. **Check the camera movement:**
   - The sequence of images shows the camera panning from left to right.
   - This indicates the camera kept turning to the right.

Based on this analysis, the incorrect statement is",[8104],109.53811645507812,2.509880304336548,0.022913305088877678,-0.3158700466156006,-0.002883654087781906,0.32012325525283813,0.0029224827885627747
693,MSR,east,A,C,False,9,right,284,285,[1245],[' right']," sequence of images shows the camera panning from left to right.
   - This indicates the camera kept turning to the right.

Based on this analysis, the incorrect statement is:

Answer: C",[8117],99.0674057006836,1.3892468214035034,0.014023248106241226,-0.33656853437423706,-0.003397369058802724,0.1473461389541626,0.0014873321633785963
695,MSR,northeast,B,B,True,0,north,27,28,[4634],[' North']," incorrect statement, let's analyze the spatial relationships based on the provided images and the given orientation (head of the bed is North).

1.  **Establish the Room Layout:**
    -   The head of the bed is on the North",[7850],95.95143127441406,-1.5476102828979492,-0.01612910069525242,-3.8086462020874023,-0.039693478494882584,-1.0434905290603638,-0.010875195264816284
695,MSR,northeast,B,B,True,1,north,51,52,[4634],[' North']," North).

1.  **Establish the Room Layout:**
    -   The head of the bed is on the North wall (Image 6).
    -   The fireplace is on the East wall, as seen in Image 2",[7874],98.80757904052734,-1.5853486061096191,-0.01604480855166912,-3.6058669090270996,-0.036493830382823944,-1.8486720323562622,-0.01870981976389885
695,MSR,northeast,B,B,True,2,east,67,68,[6127],[' East']," The head of the bed is on the North wall (Image 6).
    -   The fireplace is on the East wall, as seen in Image 2, which shows the fireplace to the right of the bed's headboard area.",[7890],100.05963134765625,4.2622270584106445,0.04259686917066574,-1.6934828758239746,-0.01692473702132702,0.6484209299087524,0.006480345036834478
695,MSR,northeast,B,B,True,3,right,83,84,[1245],[' right'],"    -   The fireplace is on the East wall, as seen in Image 2, which shows the fireplace to the right of the bed's headboard area.
    -   The large window is on the South wall, opposite the bed",[7906],100.11682891845703,2.2531092166900635,0.02250480093061924,-0.7528460025787354,-0.007519674953073263,-0.40612149238586426,-0.004056475590914488
695,MSR,northeast,B,B,True,4,south,102,103,[4725],[' South']," shows the fireplace to the right of the bed's headboard area.
    -   The large window is on the South wall, opposite the bed (Image 4).
    -   The bookcase is on the West wall, to",[7925],97.396728515625,0.4614917039871216,0.004738267045468092,2.3746771812438965,0.02438148856163025,-0.2882758378982544,-0.002959810197353363
695,MSR,northeast,B,B,True,5,west,123,124,[4171],[' West']," is on the South wall, opposite the bed (Image 4).
    -   The bookcase is on the West wall, to the left of the bed's headboard area (Image 3).

2.  **Evaluate Option",[7946],97.84798431396484,-3.6339638233184814,-0.03713887184858322,-0.027385443449020386,-0.00027987745124846697,-0.07242605090141296,-0.0007401895127259195
695,MSR,northeast,B,B,True,6,left,128,129,[2047],[' left'],", opposite the bed (Image 4).
    -   The bookcase is on the West wall, to the left of the bed's headboard area (Image 3).

2.  **Evaluate Option A: ""The book",[7951],100.72601318359375,-4.443553924560547,-0.044115256518125534,0.12104284763336182,0.0012017039116472006,-0.216067373752594,-0.0021450999192893505
695,MSR,northeast,B,B,True,7,southwest,157,158,[51206],[' southwest']," headboard area (Image 3).

2.  **Evaluate Option A: ""The bookcase is in the southwest direction of the bedroom.""**
    -   The bookcase is on the West wall. Since the window is on",[7980],89.18364715576172,-1.2323174476623535,-0.013817750848829746,2.139230489730835,0.023986801505088806,-0.3904409408569336,-0.004377942997962236
695,MSR,northeast,B,B,True,8,west,174,175,[4171],[' West']," ""The bookcase is in the southwest direction of the bedroom.""**
    -   The bookcase is on the West wall. Since the window is on the South wall, the bookcase is in the western part of the room, which",[7997],101.0019760131836,-2.532719612121582,-0.025075940415263176,0.06450280547142029,0.000638629135210067,-0.8976806998252869,-0.008887753821909428
695,MSR,northeast,B,B,True,9,south,183,184,[4725],[' South']," of the bedroom.""**
    -   The bookcase is on the West wall. Since the window is on the South wall, the bookcase is in the western part of the room, which can be considered southwest relative to the center of",[8006],91.16744232177734,-0.6816278696060181,-0.0074766590259969234,2.9983325004577637,0.03288819268345833,-1.4216593503952026,-0.015593936666846275
695,MSR,northeast,B,B,True,10,southwest,202,203,[51206],[' southwest']," the window is on the South wall, the bookcase is in the western part of the room, which can be considered southwest relative to the center of the room. This statement is plausible.

3.  **Evaluate Option B: ""The",[8025],112.39459991455078,-1.8913345336914062,-0.016827628016471863,1.5273188352584839,0.013588898815214634,-1.6115930080413818,-0.014338704757392406
695,MSR,northeast,B,B,True,11,northeast,231,232,[39481],[' northeast']," of the room. This statement is plausible.

3.  **Evaluate Option B: ""The painting is in the northeast direction of the fireplace.""**
    -   The fireplace is on the East wall (Image 2).
   ",[8054],91.03057098388672,0.9865440130233765,0.010837501846253872,-5.024814605712891,-0.05519919842481613,1.2603390216827393,0.013845228590071201
695,MSR,northeast,B,B,True,12,east,247,248,[6127],[' East']," B: ""The painting is in the northeast direction of the fireplace.""**
    -   The fireplace is on the East wall (Image 2).
    -   The painting is on the wall to the left of the window (Image",[8070],93.40373229980469,3.8479042053222656,0.04119647294282913,-2.032275915145874,-0.021757973358035088,-0.6028029918670654,-0.006453735753893852
695,MSR,northeast,B,B,True,13,left,266,267,[2047],[' left']," The fireplace is on the East wall (Image 2).
    -   The painting is on the wall to the left of the window (Image 5), which is the South wall.
    -   Therefore, the painting is south",[8089],96.81904602050781,-4.398355007171631,-0.04542861506342888,0.22303450107574463,0.0023036221973598003,-0.2859869599342346,-0.002953829476609826
695,MSR,northeast,B,B,True,14,south,278,279,[4725],[' South'],"
    -   The painting is on the wall to the left of the window (Image 5), which is the South wall.
    -   Therefore, the painting is south of the fireplace, not northeast. This statement is incorrect.",[8101],95.61228942871094,0.3486114740371704,0.0036460948176681995,2.2741198539733887,0.023784806951880455,-1.4696218967437744,-0.015370638109743595
695,MSR,northeast,B,B,True,15,south,290,291,[9514],[' south']," left of the window (Image 5), which is the South wall.
    -   Therefore, the painting is south of the fireplace, not northeast. This statement is incorrect.

4.  **Evaluate Option C: ""There are",[8113],99.03299713134766,-1.1004788875579834,-0.011112244799733162,1.3291504383087158,0.013421288691461086,-1.2651474475860596,-0.012775009498000145
695,MSR,northeast,B,B,True,16,northeast,296,297,[39481],[' northeast']," 5), which is the South wall.
    -   Therefore, the painting is south of the fireplace, not northeast. This statement is incorrect.

4.  **Evaluate Option C: ""There are two TVs in the picture.""",[8119],96.19491577148438,0.46287038922309875,0.004811796825379133,-2.170724868774414,-0.022565899416804314,-2.612760066986084,-0.02716110274195671
695,MSR,northeast,B,B,True,17,above,330,331,[3294],[' above'],"  **Evaluate Option C: ""There are two TVs in the picture.""**
    -   One TV is mounted above the fireplace (Image 2).
    -   Another TV is visible in the adjacent room through the doorway (Image",[8153],97.57257843017578,2.349508762359619,0.02407960034906864,0.3167337477207184,0.0032461348455399275,-0.392879843711853,-0.004026539623737335
695,MSR,northeast,B,B,True,18,southeast,382,383,[40080],[' southeast'],"
    -   This statement is correct.

5.  **Evaluate Option D: ""The mirror is in the southeast direction of the bedroom.""**
    -   The mirror is on the East wall, near the fireplace (Image ",[8205],87.76327514648438,3.1138617992401123,0.03548023849725723,1.373708724975586,0.015652433037757874,1.1204967498779297,0.012767261825501919
695,MSR,northeast,B,B,True,19,east,398,399,[6127],[' East']," D: ""The mirror is in the southeast direction of the bedroom.""**
    -   The mirror is on the East wall, near the fireplace (Image 2).
    -   Since the window is on the South wall, the",[8221],95.10881805419922,3.7172179222106934,0.03908384218811989,-2.744062900543213,-0.0288518238812685,0.7966159582138062,0.008375837467610836
695,MSR,northeast,B,B,True,20,south,419,420,[4725],[' South']," is on the East wall, near the fireplace (Image 2).
    -   Since the window is on the South wall, the mirror is in the eastern part of the room, which can be considered southeast relative to the center of the",[8242],87.90428161621094,-0.4874317944049835,-0.005545028951019049,2.5397698879241943,0.02889244817197323,-0.7147047519683838,-0.00813048891723156
695,MSR,northeast,B,B,True,21,southeast,437,438,[40080],[' southeast']," Since the window is on the South wall, the mirror is in the eastern part of the room, which can be considered southeast relative to the center of the room. This statement is plausible.

Based on the analysis, Option B is the incorrect",[8260],102.72029113769531,0.7153196334838867,0.006963761523365974,0.21784572303295135,0.0021207663230597973,0.3912994861602783,0.003809368936344981
697,MSR,southeast,B,B,True,0,south,84,85,[9514],[' south'],".

2. The corridor in Figure 4 leads into the dining room. If we enter from the corridor and face south, then the direction toward the outdoor pavilion (seen in Figures 1 and 2) must be determined relative to",[6634],105.27056121826172,1.3993744850158691,0.013293122872710228,1.2367535829544067,0.011748332530260086,1.024238109588623,0.009729578159749508
697,MSR,southeast,B,B,True,1,right,163,164,[1245],[' right']," see a view from inside looking out — the pavilion is outside, and the interior wall/curtain is to the right. This suggests the pavilion is to the east or southeast of the dining room if we’re facing south from the corridor",[6713],108.91849517822266,3.616227626800537,0.033201225101947784,-0.07767602801322937,-0.000713157351128757,-1.8142220973968506,-0.016656694933772087
697,MSR,southeast,B,B,True,2,east,173,174,[10663],[' east'],"ilion is outside, and the interior wall/curtain is to the right. This suggests the pavilion is to the east or southeast of the dining room if we’re facing south from the corridor.

4. In Figure 1, the",[6723],106.27142333984375,1.5034509897232056,0.014147274196147919,-2.0531890392303467,-0.019320236518979073,0.03846454620361328,0.00036194626591168344
697,MSR,southeast,B,B,True,3,southeast,175,176,[40080],[' southeast']," outside, and the interior wall/curtain is to the right. This suggests the pavilion is to the east or southeast of the dining room if we’re facing south from the corridor.

4. In Figure 1, the outdoor pav",[6725],110.75042724609375,0.09299537539482117,0.000839684100355953,0.46212372183799744,0.004172658547759056,1.1375597715377808,0.01027138065546751
697,MSR,southeast,B,B,True,4,south,184,185,[9514],[' south']," is to the right. This suggests the pavilion is to the east or southeast of the dining room if we’re facing south from the corridor.

4. In Figure 1, the outdoor pavilion contains a black-and-white striped chair (",[6734],107.50283813476562,-0.24342836439609528,-0.0022643902339041233,0.1438550055027008,0.001338150817900896,0.12731444835662842,0.0011842892272397876
697,MSR,southeast,B,B,True,5,left,224,225,[2047],[' left'],"ilion contains a black-and-white striped chair (not a sofa) and a white chair. The white chair is near the left side of the pavilion view. If the dining room is to the west/northwest of the pavilion, then",[6774],113.24617004394531,-7.55941104888916,-0.06675202399492264,-1.2612037658691406,-0.01113683357834816,-2.0068397521972656,-0.017721038311719894
697,MSR,southeast,B,B,True,6,west,239,240,[9422],[' west']," white chair. The white chair is near the left side of the pavilion view. If the dining room is to the west/northwest of the pavilion, then the white chair would be to the southeast of the dining table — matching option",[6789],104.24293518066406,-2.5969772338867188,-0.024912741035223007,-0.2817099988460541,-0.0027024373412132263,-2.1270954608917236,-0.020405177026987076
697,MSR,southeast,B,B,True,7,west,242,243,[10717],['west']," The white chair is near the left side of the pavilion view. If the dining room is to the west/northwest of the pavilion, then the white chair would be to the southeast of the dining table — matching option B.

",[6792],105.33174133300781,-1.0201705694198608,-0.00968530960381031,-0.6854729652404785,-0.006507752928882837,-3.4616477489471436,-0.03286424279212952
697,MSR,southeast,B,B,True,8,southeast,256,257,[40080],[' southeast']," If the dining room is to the west/northwest of the pavilion, then the white chair would be to the southeast of the dining table — matching option B.

5. Option C mentions a “black and white sofa” — but",[6806],105.0072021484375,0.4202720522880554,0.004002316389232874,-0.3518573045730591,-0.003350792219862342,1.3508071899414062,0.0128639480099082
697,MSR,southeast,B,B,True,9,northwest,305,306,[50488],[' northwest']," Figure 1 shows a striped chair, not a sofa. Also, its position relative to the dining table isn’t clearly northwest. Option D claims the pavilion is on the north side — but if we face south from the corridor, the pav",[6855],109.34911346435547,-0.32502543926239014,-0.0029723646584898233,-0.8688634634017944,-0.007945775054395199,-3.7406222820281982,-0.03420807048678398
697,MSR,southeast,B,B,True,10,north,316,317,[9897],[' north'],". Also, its position relative to the dining table isn’t clearly northwest. Option D claims the pavilion is on the north side — but if we face south from the corridor, the pavilion appears to be to our right (east/sou",[6866],96.2354965209961,-1.0411512851715088,-0.0108187859877944,-3.8946352005004883,-0.04046984016895294,-2.9514756202697754,-0.030669303610920906
697,MSR,southeast,B,B,True,11,south,323,324,[9514],[' south']," the dining table isn’t clearly northwest. Option D claims the pavilion is on the north side — but if we face south from the corridor, the pavilion appears to be to our right (east/southeast), not north.

Thus",[6873],106.67615509033203,-0.20965299010276794,-0.0019653220660984516,-0.03617960214614868,-0.00033915360108949244,0.9038257598876953,0.00847261305898428
697,MSR,southeast,B,B,True,12,right,336,337,[1245],[' right'],"ilion is on the north side — but if we face south from the corridor, the pavilion appears to be to our right (east/southeast), not north.

Thus, only option B is consistent with the visual evidence and spatial logic",[6886],111.7761459350586,3.1488161087036133,0.028170734643936157,-1.7635465860366821,-0.015777485445141792,0.9871847033500671,0.008831800892949104
697,MSR,southeast,B,B,True,13,east,338,339,[58463],['east']," on the north side — but if we face south from the corridor, the pavilion appears to be to our right (east/southeast), not north.

Thus, only option B is consistent with the visual evidence and spatial logic.

",[6888],100.20361328125,1.1142706871032715,0.011120065115392208,-1.4791337251663208,-0.014761281199753284,-0.004776954650878906,-4.7672478103777394e-05
697,MSR,southeast,B,B,True,14,north,344,345,[9897],[' north']," if we face south from the corridor, the pavilion appears to be to our right (east/southeast), not north.

Thus, only option B is consistent with the visual evidence and spatial logic.

Answer: B",[6894],92.62654113769531,-0.801041841506958,-0.008648080751299858,-2.0139005184173584,-0.02174215391278267,-2.4728240966796875,-0.026696711778640747
699,MSR,north,B,,,0,south,15,16,[9514],[' south'],"Let's analyze the spatial relationships based on the images and the assumption that facing south from the door in Figure 2:

1.  **Establish Orientation:** In Figure 2, the door opens",[7839],101.29844665527344,1.334644079208374,0.013175365515053272,-0.059056371450424194,-0.0005829938454553485,-0.5595216751098633,-0.005523497238755226
699,MSR,north,B,,,1,south,50,51,[9514],[' south'],".  **Establish Orientation:** In Figure 2, the door opens to the outside. If we assume this door faces south (as per the question's premise), then:
    -   South is directly ahead (outside).
    -",[7874],102.66389465332031,0.3511015474796295,0.003419912653043866,0.17418172955513,0.0016966210678219795,-0.10740473866462708,-0.0010461782803758979
699,MSR,north,B,,,2,south,65,66,[4725],[' South']," the outside. If we assume this door faces south (as per the question's premise), then:
    -   South is directly ahead (outside).
    -   North is behind (inside the house).
    -   East is",[7889],104.1732177734375,-0.002338811755180359,-2.2451180484495126e-05,0.028467953205108643,0.00027327515999786556,0.15882033109664917,0.001524579245597124
699,MSR,north,B,,,3,north,76,77,[4634],[' North'],"as per the question's premise), then:
    -   South is directly ahead (outside).
    -   North is behind (inside the house).
    -   East is to the right.
    -   West is to",[7900],102.62703704833984,0.08958388864994049,0.0008729072869755328,-2.3972694873809814,-0.023359043523669243,-1.9574350118637085,-0.019073287025094032
699,MSR,north,B,,,4,east,88,89,[6127],[' East'],"   South is directly ahead (outside).
    -   North is behind (inside the house).
    -   East is to the right.
    -   West is to the left.

2.  **Locate Key Features",[7912],102.64051818847656,2.7448298931121826,0.02674216777086258,-0.6692979335784912,-0.006520796567201614,0.04006218910217285,0.00039031554479151964
699,MSR,north,B,,,5,right,92,93,[1245],[' right']," ahead (outside).
    -   North is behind (inside the house).
    -   East is to the right.
    -   West is to the left.

2.  **Locate Key Features:**
    -",[7916],102.16523742675781,3.0139095783233643,0.029500342905521393,-0.5760626792907715,-0.005638538859784603,-0.8000907897949219,-0.007831340655684471
699,MSR,north,B,,,6,west,98,99,[4171],[' West']," -   North is behind (inside the house).
    -   East is to the right.
    -   West is to the left.

2.  **Locate Key Features:**
    -   **Billiard Table:**",[7922],94.5618667602539,-4.862527847290039,-0.05142165720462799,-1.2685825824737549,-0.013415371999144554,-0.306169331073761,-0.0032377673778682947
699,MSR,north,B,,,7,left,102,103,[2047],[' left']," behind (inside the house).
    -   East is to the right.
    -   West is to the left.

2.  **Locate Key Features:**
    -   **Billiard Table:** Inside the house,",[7926],97.4797134399414,-4.950659275054932,-0.05078655853867531,-0.6325439810752869,-0.0064889807254076,0.14460349082946777,0.001483421423472464
699,MSR,north,B,,,8,north,140,141,[59810],['north']," -   **Billiard Table:** Inside the house, visible through the door in Figure 2 → located to the **north**.
    -   **Stove/Grill:** Visible in Figure 3 and 4, on the patio",[7964],101.7213363647461,-0.23669670522212982,-0.002326912945136428,-2.282893180847168,-0.022442618384957314,-2.233921527862549,-0.021961189806461334
699,MSR,north,B,,,9,right,167,168,[1245],[' right'],"    -   **Stove/Grill:** Visible in Figure 3 and 4, on the patio to the right side when facing south → located to the **east**.
    -   **Swimming Pool:** Visible in Figures ",[7991],103.8483657836914,4.053592205047607,0.039033759385347366,-2.185202121734619,-0.021042238920927048,0.2612428367137909,0.002515618223696947
699,MSR,north,B,,,10,south,171,172,[9514],[' south'],"Stove/Grill:** Visible in Figure 3 and 4, on the patio to the right side when facing south → located to the **east**.
    -   **Swimming Pool:** Visible in Figures 4, 5",[7995],94.74492645263672,-1.0282975435256958,-0.010853325948119164,-1.416691541671753,-0.014952690340578556,-1.6953368186950684,-0.01789369434118271
699,MSR,north,B,,,11,east,177,178,[58463],['east']," Visible in Figure 3 and 4, on the patio to the right side when facing south → located to the **east**.
    -   **Swimming Pool:** Visible in Figures 4, 5, 6 — extends outward",[8001],91.45415496826172,2.565054178237915,0.028047431260347366,-1.3524963855743408,-0.014788790605962276,-0.42357784509658813,-0.004631586838513613
699,MSR,north,B,,,12,south,215,216,[64240],['south']," 4, 5, 6 — extends outward from the patio, beyond the stove area → generally to the **south** and **east**.
    -   **Stairs:** Spiral staircase visible in Figure 1 and 6 —",[8039],100.35087585449219,0.5174477100372314,0.005156384781002998,1.9534900188446045,0.019466595724225044,-1.5294795036315918,-0.015241316519677639
699,MSR,north,B,,,13,east,219,220,[58463],['east'],"5, 6 — extends outward from the patio, beyond the stove area → generally to the **south** and **east**.
    -   **Stairs:** Spiral staircase visible in Figure 1 and 6 — located on the left",[8043],100.13284301757812,3.494412660598755,0.03489776700735092,-0.3265235424041748,-0.003260903526097536,-1.1673409938812256,-0.011657923460006714
699,MSR,north,B,,,14,left,243,244,[2047],[' left'],"east**.
    -   **Stairs:** Spiral staircase visible in Figure 1 and 6 — located on the left side of the patio when facing south → to the **west**.
    -   **Two small bronze figures:** Seen",[8067],111.97809600830078,-6.504964828491211,-0.058091405779123306,-0.7955327033996582,-0.007104360032826662,-0.39967671036720276,-0.0035692399833351374
699,MSR,north,B,,,15,south,250,251,[9514],[' south'],"Stairs:** Spiral staircase visible in Figure 1 and 6 — located on the left side of the patio when facing south → to the **west**.
    -   **Two small bronze figures:** Seen in Figure 6, sitting near",[8074],94.76638793945312,-2.726663589477539,-0.028772475197911263,-0.899374783039093,-0.009490440599620342,-1.312962532043457,-0.01385472808033228
699,MSR,north,B,,,16,west,255,256,[10717],['west']," visible in Figure 1 and 6 — located on the left side of the patio when facing south → to the **west**.
    -   **Two small bronze figures:** Seen in Figure 6, sitting near the pool edge, close",[8079],93.27100372314453,-3.630788803100586,-0.03892730548977852,0.042141422629356384,0.00045181697350926697,-0.7173037528991699,-0.007690533064305782
699,MSR,north,B,,,17,southwest,287,289,"[64240, 10717]","['south', 'west']"," small bronze figures:** Seen in Figure 6, sitting near the pool edge, close to the stairs → to the **southwest** or **west**.
    -   **Two white geese:** Seen in Figure 5, on the far","[8111, 8112]",95.3556900024414,0.16665008664131165,0.0017476680222898722,2.829205274581909,0.029670020565390587,-1.306251883506775,-0.013698730617761612
699,MSR,north,B,,,18,west,292,293,[10717],['west']," in Figure 6, sitting near the pool edge, close to the stairs → to the **southwest** or **west**.
    -   **Two white geese:** Seen in Figure 5, on the far side of the pool",[8116],101.10759735107422,-2.8764374256134033,-0.028449270874261856,1.1159734725952148,0.011037483811378479,-0.7356002330780029,-0.0072754197753965855
699,MSR,north,B,,,19,southeast,326,328,"[189402, 14331]","['sou', 'theast']","ese:** Seen in Figure 5, on the far side of the pool, near the glass railing → to the **southeast** or **south**.

3.  **Evaluate Each Option:**

    -   **A: The stairs are","[8150, 8151]",90.21717071533203,2.395507335662842,0.026552677154541016,0.8816498517990112,0.00977252796292305,-1.0121128559112549,-0.011218627914786339
699,MSR,north,B,,,20,south,331,332,[64240],['south']," 5, on the far side of the pool, near the glass railing → to the **southeast** or **south**.

3.  **Evaluate Each Option:**

    -   **A: The stairs are to the west of",[8155],96.92642974853516,0.22589105367660522,0.00233054137788713,1.566476583480835,0.01616150140762329,-0.9661881923675537,-0.00996826309710741
699,MSR,north,B,,,21,west,354,355,[9422],[' west']," **south**.

3.  **Evaluate Each Option:**

    -   **A: The stairs are to the west of the stove.**
        -   Stairs are on the left (west) when facing south; stove is on",[8178],95.03285217285156,-4.354423522949219,-0.045820191502571106,-0.537402868270874,-0.005654916632920504,0.408990740776062,0.004303677473217249
699,MSR,north,B,,,22,left,368,369,[2047],[' left']," -   **A: The stairs are to the west of the stove.**
        -   Stairs are on the left (west) when facing south; stove is on the right (east). So yes, stairs are west of stove.",[8192],111.37793731689453,-4.4527201652526855,-0.039978474378585815,-1.2997063398361206,-0.011669334024190903,-0.966699481010437,-0.00867945235222578
699,MSR,north,B,,,23,west,370,371,[10717],['west']," **A: The stairs are to the west of the stove.**
        -   Stairs are on the left (west) when facing south; stove is on the right (east). So yes, stairs are west of stove. → **",[8194],98.04356384277344,-3.2637946605682373,-0.03328922763466835,-0.1393986940383911,-0.0014218036085367203,-0.8877204656600952,-0.009054346941411495
699,MSR,north,B,,,24,south,374,375,[9514],[' south']," stairs are to the west of the stove.**
        -   Stairs are on the left (west) when facing south; stove is on the right (east). So yes, stairs are west of stove. → **Correct statement.**

",[8198],95.43611907958984,-0.7108757495880127,-0.007448707707226276,-0.80484938621521,-0.008433383889496326,-1.2976126670837402,-0.013596662320196629
699,MSR,north,B,,,25,right,380,381,[1245],[' right']," the stove.**
        -   Stairs are on the left (west) when facing south; stove is on the right (east). So yes, stairs are west of stove. → **Correct statement.**

    -   **B:",[8204],95.98249816894531,2.4529285430908203,0.02555599808692932,-1.795714259147644,-0.018708767369389534,-1.5686841011047363,-0.016343438997864723
699,MSR,north,B,,,26,east,382,383,[58463],['east'],".**
        -   Stairs are on the left (west) when facing south; stove is on the right (east). So yes, stairs are west of stove. → **Correct statement.**

    -   **B: The two",[8206],89.77808380126953,0.35297292470932007,0.003931615501642227,-1.3887956142425537,-0.015469205565750599,-2.012807607650757,-0.02241981029510498
699,MSR,north,B,,,27,west,389,390,[9422],[' west']," are on the left (west) when facing south; stove is on the right (east). So yes, stairs are west of stove. → **Correct statement.**

    -   **B: The two small bronze figures sitting and looking at",[8213],101.08124542236328,-2.473583459854126,-0.024471240118145943,-1.072708249092102,-0.010612336918711662,-0.6792351007461548,-0.006719694472849369
699,MSR,north,B,,,28,north,420,421,[9897],[' north']," statement.**

    -   **B: The two small bronze figures sitting and looking at the swimming pool are to the north of the billiard table.**
        -   Billiard table is inside the house (north). Bronze figures are outside",[8244],92.72562408447266,-2.671121597290039,-0.02880672551691532,-4.057591915130615,-0.043759122490882874,-1.7460522651672363,-0.0188303105533123
699,MSR,north,B,,,29,north,439,440,[59810],['north']," swimming pool are to the north of the billiard table.**
        -   Billiard table is inside the house (north). Bronze figures are outside near the pool (south). So they are **south**, not north, of the billiard",[8263],96.5904312133789,-1.0003485679626465,-0.0103566013276577,-2.5003600120544434,-0.025886207818984985,-1.7836610078811646,-0.018466228619217873
699,MSR,north,B,,,30,south,449,450,[64240],['south']," table.**
        -   Billiard table is inside the house (north). Bronze figures are outside near the pool (south). So they are **south**, not north, of the billiard table. → **Incorrect statement.**

    -",[8273],91.7205581665039,1.0490012168884277,0.011436926200985909,1.438957691192627,0.015688497573137283,-1.3406243324279785,-0.014616400003433228
699,MSR,north,B,,,31,south,455,456,[64240],['south']," Billiard table is inside the house (north). Bronze figures are outside near the pool (south). So they are **south**, not north, of the billiard table. → **Incorrect statement.**

    -   **C: The swimming",[8279],103.16695404052734,0.14471930265426636,0.001402767957188189,1.3275163173675537,0.01286765094846487,-0.7101454734802246,-0.006883458700031042
699,MSR,north,B,,,32,north,458,459,[9897],[' north']," is inside the house (north). Bronze figures are outside near the pool (south). So they are **south**, not north, of the billiard table. → **Incorrect statement.**

    -   **C: The swimming pool is to",[8282],96.16873931884766,-0.4193897843360901,-0.004360978491604328,-0.7106937170028687,-0.007390070240944624,-2.464285373687744,-0.025624599307775497
699,MSR,north,B,,,33,south,484,485,[9514],[' south']," of the billiard table. → **Incorrect statement.**

    -   **C: The swimming pool is to the south of the house.**
        -   Pool is outside, beyond the patio, which is south of the house. →",[8308],97.43013763427734,-0.5649937987327576,-0.005798963364213705,0.5411998629570007,0.005554748233407736,-0.17208099365234375,-0.00176619878038764
699,MSR,north,B,,,34,south,503,504,[9514],[' south']," swimming pool is to the south of the house.**
        -   Pool is outside, beyond the patio, which is south of the house. → **Correct statement",[8327],103.57213592529297,-0.16958041489124298,-0.001637317007407546,0.07226400077342987,0.0006977166049182415,-0.1543482542037964,-0.0014902488328516483
700,MSR,southeast,C,C,True,0,south,32,33,[9514],[' south']," analyze the spatial relationships based on the provided images and the assumption that walking out of the room in Figure 1 and facing south establishes our orientation.

1.  **Establish Orientation:** Walking out of the room in Figure 1 (through the",[5329],96.2747802734375,0.8780003786087036,0.009119734168052673,0.5204291343688965,0.0054056644439697266,-1.0857250690460205,-0.011277357116341591
700,MSR,southeast,C,C,True,1,south,62,63,[9514],[' south'],"1.  **Establish Orientation:** Walking out of the room in Figure 1 (through the open door) and facing south means the interior of the house is to the north, the patio area is to the south, and the view towards the",[5359],102.14847564697266,0.46495404839515686,0.004551747348159552,0.7027487754821777,0.0068796793930232525,-1.3496114015579224,-0.013212252408266068
700,MSR,southeast,C,C,True,2,north,72,73,[9897],[' north']," the room in Figure 1 (through the open door) and facing south means the interior of the house is to the north, the patio area is to the south, and the view towards the ocean (Figure 3) is generally south/s",[5369],95.28716278076172,-1.438342571258545,-0.015094820410013199,-4.134925365447998,-0.043394360691308975,-2.9955992698669434,-0.03143759444355965
700,MSR,southeast,C,C,True,3,south,80,81,[9514],[' south']," the open door) and facing south means the interior of the house is to the north, the patio area is to the south, and the view towards the ocean (Figure 3) is generally south/southwest. The balcony railing in Figure",[5377],96.37444305419922,1.816540002822876,0.01884877309203148,1.7446688413619995,0.01810302399098873,-0.5777100324630737,-0.005994431674480438
700,MSR,southeast,C,C,True,4,south,95,96,[9514],[' south']," the north, the patio area is to the south, and the view towards the ocean (Figure 3) is generally south/southwest. The balcony railing in Figure 2 is on the west side of the patio area shown in Figure ",[5392],101.5948486328125,1.0318275690078735,0.01015629805624485,0.2896626889705658,0.0028511553537100554,-1.1595211029052734,-0.011413187719881535
700,MSR,southeast,C,C,True,5,west,98,99,[10717],['west']," the patio area is to the south, and the view towards the ocean (Figure 3) is generally south/southwest. The balcony railing in Figure 2 is on the west side of the patio area shown in Figure 1.

",[5395],97.04540252685547,-0.5683739185333252,-0.005856783594936132,1.4864428043365479,0.015316983684897423,-2.3800947666168213,-0.024525579065084457
700,MSR,southeast,C,C,True,6,west,110,111,[9422],[' west']," the ocean (Figure 3) is generally south/southwest. The balcony railing in Figure 2 is on the west side of the patio area shown in Figure 1.

2.  **Analyze Option A:** ""After walking",[5407],102.74977111816406,-3.8412652015686035,-0.03738465905189514,-0.535376250743866,-0.005210486240684986,-2.14132022857666,-0.020840145647525787
700,MSR,southeast,C,C,True,7,left,157,158,[2047],[' left'],"After walking out of the room in Figure 1, how should you get to the stairs to go downstairs: first turn left and go straight, then turn right and go straight, then turn right and go straight, avoiding the table to reach the",[5454],94.28103637695312,-4.028542518615723,-0.04272908717393875,-1.7717924118041992,-0.018792670220136642,-0.3579140305519104,-0.003796246135607362
700,MSR,southeast,C,C,True,8,right,164,165,[1245],[' right']," Figure 1, how should you get to the stairs to go downstairs: first turn left and go straight, then turn right and go straight, then turn right and go straight, avoiding the table to reach the stairway.""
    -  ",[5461],92.41355895996094,4.560865879058838,0.04935277998447418,0.4704132676124573,0.005090305581688881,-0.41268759965896606,-0.00446566054597497
700,MSR,southeast,C,C,True,9,right,171,172,[1245],[' right']," get to the stairs to go downstairs: first turn left and go straight, then turn right and go straight, then turn right and go straight, avoiding the table to reach the stairway.""
    -   Walking out of the room (f",[5468],90.24696350097656,3.219221591949463,0.03567124530673027,1.2601168155670166,0.013962983153760433,-0.11819976568222046,-0.001309736748225987
700,MSR,southeast,C,C,True,10,south,197,198,[9514],[' south']," go straight, avoiding the table to reach the stairway.""
    -   Walking out of the room (facing south), the round table is immediately in front. To get to the stairs (seen in Figure 4, which are likely",[5494],93.60897064208984,0.38803479075431824,0.004145273473113775,0.35735100507736206,0.003817486809566617,-0.1279991865158081,-0.001367381657473743
700,MSR,southeast,C,C,True,11,left,248,249,[2047],[' left']," edge of the patio/balcony area leading down to the pool), you would need to navigate around the table. Turning left (east) along the patio, then right (south) towards the edge, then right (west) to find the",[5545],104.91697692871094,-4.284458637237549,-0.04083665832877159,-1.1301335096359253,-0.010771693661808968,0.02938324213027954,0.00028006185311824083
700,MSR,southeast,C,C,True,12,east,250,251,[58463],['east']," the patio/balcony area leading down to the pool), you would need to navigate around the table. Turning left (east) along the patio, then right (south) towards the edge, then right (west) to find the stairs seems",[5547],97.65408325195312,1.0149022340774536,0.010392829775810242,-1.647138237953186,-0.01686706952750683,-0.09662294387817383,-0.0009894409449771047
700,MSR,southeast,C,C,True,13,right,257,258,[1245],[' right']," down to the pool), you would need to navigate around the table. Turning left (east) along the patio, then right (south) towards the edge, then right (west) to find the stairs seems like a plausible path depending on the",[5554],101.41854858398438,3.5590999126434326,0.03509318456053734,0.18362855911254883,0.0018106013303622603,0.5672838091850281,0.005593491718173027
700,MSR,southeast,C,C,True,14,south,259,260,[64240],['south']," the pool), you would need to navigate around the table. Turning left (east) along the patio, then right (south) towards the edge, then right (west) to find the stairs seems like a plausible path depending on the exact layout",[5556],96.8282470703125,2.793370008468628,0.028848709538578987,1.9201825857162476,0.01983080990612507,0.4093628227710724,0.004227721132338047
700,MSR,southeast,C,C,True,15,right,266,267,[1245],[' right']," navigate around the table. Turning left (east) along the patio, then right (south) towards the edge, then right (west) to find the stairs seems like a plausible path depending on the exact layout not fully visible. However, this",[5563],95.05878448486328,1.971724510192871,0.020742159336805344,0.7927179932594299,0.008339239284396172,0.5651511549949646,0.005945280659943819
700,MSR,southeast,C,C,True,16,west,268,269,[10717],['west']," the table. Turning left (east) along the patio, then right (south) towards the edge, then right (west) to find the stairs seems like a plausible path depending on the exact layout not fully visible. However, this is a",[5565],97.5023193359375,0.0015906989574432373,1.63144723046571e-05,1.0393513441085815,0.010659759864211082,-0.3579082190990448,-0.0036707662511616945
700,MSR,southeast,C,C,True,17,northwest,324,325,[50488],[' northwest']," options for clearer errors.

3.  **Analyze Option B:** ""The table in the room is to the northwest of the swimming pool.""
    -   The table is inside the house (Figure 1). The swimming pool is",[5621],94.7673110961914,-3.151484727859497,-0.03325497731566429,-4.06683349609375,-0.04291388392448425,-0.5604923367500305,-0.005914405919611454
700,MSR,southeast,C,C,True,18,south,361,362,[9514],[' south']," inside the house (Figure 1). The swimming pool is outside, down the stairs (Figure 4), and further south/southwest towards the ocean view (Figure 3). Therefore, the table (north/inside) is indeed to",[5658],100.57573699951172,1.4007925987243652,0.01392773911356926,-0.3511945605278015,-0.003491841722279787,-2.2233076095581055,-0.022105805575847626
700,MSR,southeast,C,C,True,19,west,364,365,[10717],['west']," (Figure 1). The swimming pool is outside, down the stairs (Figure 4), and further south/southwest towards the ocean view (Figure 3). Therefore, the table (north/inside) is indeed to the northwest of",[5661],99.08880615234375,0.9206559658050537,0.00929122045636177,-0.3342224657535553,-0.0033729588612914085,-2.650783061981201,-0.02675158903002739
700,MSR,southeast,C,C,True,20,north,379,380,[59810],['north'],"Figure 4), and further south/southwest towards the ocean view (Figure 3). Therefore, the table (north/inside) is indeed to the northwest of the swimming pool (south/outside). This statement is correct.

4",[5676],94.78018951416016,-1.8565759658813477,-0.019588228315114975,-3.400479793548584,-0.0358775369822979,-1.2222747802734375,-0.012895888648927212
700,MSR,southeast,C,C,True,21,northwest,387,388,[50488],[' northwest'],"outhwest towards the ocean view (Figure 3). Therefore, the table (north/inside) is indeed to the northwest of the swimming pool (south/outside). This statement is correct.

4.  **Analyze Option C:**",[5684],101.12655639648438,-2.506467342376709,-0.024785451591014862,-2.715576171875,-0.026853244751691818,-1.4141132831573486,-0.013983599841594696
700,MSR,southeast,C,C,True,22,south,393,394,[64240],['south']," (Figure 3). Therefore, the table (north/inside) is indeed to the northwest of the swimming pool (south/outside). This statement is correct.

4.  **Analyze Option C:** ""The room in Figure ",[5690],91.56388854980469,0.8492093086242676,0.009274500422179699,0.7362774610519409,0.008041133172810078,-2.152937173843384,-0.0235129501670599
700,MSR,southeast,C,C,True,23,southeast,422,423,[40080],[' southeast']," statement is correct.

4.  **Analyze Option C:** ""The room in Figure 2 is to the southeast of the stairs.""
    -   Figure 2 shows a different part of the exterior, likely the same level as",[5719],89.36082458496094,4.311456680297852,0.04824772849678993,0.4148779809474945,0.00464272778481245,-0.620759129524231,-0.0069466582499444485
700,MSR,southeast,C,C,True,24,upper,492,493,[8156],[' upper'], (Figure 4) lead down from the patio level. The room in Figure 2 appears to be on the same upper level as the patio in Figure 1. If we assume the patio in Figure 1 is,[5789],105.47654724121094,0.2511386573314667,0.0023809904232621193,-4.719292163848877,-0.04474257305264473,-0.09998637437820435,-0.0009479488944634795
710,Positional Relationship (Obj.–Obj.),northeast,D,B,False,0,west,48,49,[9422],[' west']," the information given:

1.  **Establish the orientation:** The problem states that the green desk lamp is on the west side of the gray statue. Looking at the second image, the green lamp is to the right of the statue. This",[2702],92.29788970947266,-1.0614635944366455,-0.011500409804284573,-0.5346387624740601,-0.005792534910142422,-1.4237107038497925,-0.01542517077177763
710,Positional Relationship (Obj.–Obj.),northeast,D,B,False,1,right,67,68,[1245],[' right']," desk lamp is on the west side of the gray statue. Looking at the second image, the green lamp is to the right of the statue. This means that the right side of the scene is West, and consequently, the left side is East",[2721],91.85687255859375,4.87712287902832,0.053094808012247086,-0.89680415391922,-0.009763060137629509,-0.797621488571167,-0.008683308027684689
710,Positional Relationship (Obj.–Obj.),northeast,D,B,False,2,right,76,77,[1245],[' right']," gray statue. Looking at the second image, the green lamp is to the right of the statue. This means that the right side of the scene is West, and consequently, the left side is East.

2.  **Locate the",[2730],98.9144515991211,3.459765911102295,0.03497735410928726,-0.7737330198287964,-0.007822244428098202,-1.1051945686340332,-0.011173236183822155
710,Positional Relationship (Obj.–Obj.),northeast,D,B,False,3,west,82,83,[4171],[' West']," second image, the green lamp is to the right of the statue. This means that the right side of the scene is West, and consequently, the left side is East.

2.  **Locate the fireplace:** The fireplace is visible",[2736],95.40863037109375,1.4048597812652588,0.014724661596119404,-1.6693233251571655,-0.017496565356850624,-1.4951128959655762,-0.015670625492930412
710,Positional Relationship (Obj.–Obj.),northeast,D,B,False,4,left,88,89,[2047],[' left']," is to the right of the statue. This means that the right side of the scene is West, and consequently, the left side is East.

2.  **Locate the fireplace:** The fireplace is visible in the first image, seen",[2742],90.85707092285156,-4.229490756988525,-0.04655103757977486,-0.6083727478981018,-0.006695931777358055,-0.36065584421157837,-0.003969485871493816
710,Positional Relationship (Obj.–Obj.),northeast,D,B,False,5,east,91,92,[6127],[' East']," right of the statue. This means that the right side of the scene is West, and consequently, the left side is East.

2.  **Locate the fireplace:** The fireplace is visible in the first image, seen through the doorway",[2745],82.65734100341797,-0.7492825984954834,-0.009064924903213978,-0.9804588556289673,-0.011861727572977543,0.8922690153121948,0.01079479418694973
710,Positional Relationship (Obj.–Obj.),northeast,D,B,False,6,left,118,119,[2047],[' left'],"2.  **Locate the fireplace:** The fireplace is visible in the first image, seen through the doorway on the left.

3.  **Determine the relative position:** Since the fireplace is in the room to the left of the",[2772],91.51029968261719,-4.082645416259766,-0.04461405426263809,-0.08001524209976196,-0.0008743851212784648,1.411073923110962,0.015419837087392807
710,Positional Relationship (Obj.–Obj.),northeast,D,B,False,7,left,140,141,[2047],[' left']," on the left.

3.  **Determine the relative position:** Since the fireplace is in the room to the left of the room with the statue, and we have established that left is East, the fireplace is to the East of the",[2794],92.8973617553711,-2.820216178894043,-0.030358409509062767,-0.2878382205963135,-0.0030984540935605764,0.5847082734107971,0.006294132210314274
710,Positional Relationship (Obj.–Obj.),northeast,D,B,False,8,left,153,154,[2047],[' left']," position:** Since the fireplace is in the room to the left of the room with the statue, and we have established that left is East, the fireplace is to the East of the statue.

4.  **Refine the direction:** The",[2807],100.35416412353516,-3.0673646926879883,-0.030565395951271057,0.002561241388320923,2.552202386141289e-05,1.07956862449646,0.010757586918771267
710,Positional Relationship (Obj.–Obj.),northeast,D,B,False,9,east,155,156,[6127],[' East']," Since the fireplace is in the room to the left of the room with the statue, and we have established that left is East, the fireplace is to the East of the statue.

4.  **Refine the direction:** The fireplace is",[2809],83.45024108886719,-0.18644708395004272,-0.0022342305164784193,-0.5264250636100769,-0.0063082510605454445,1.9446420669555664,0.023303013294935226
710,Positional Relationship (Obj.–Obj.),northeast,D,B,False,10,east,162,163,[6127],[' East']," to the left of the room with the statue, and we have established that left is East, the fireplace is to the East of the statue.

4.  **Refine the direction:** The fireplace is not directly to the East; it",[2816],89.65164184570312,-0.7104808688163757,-0.007924905978143215,-0.5004905462265015,-0.0055826143361628056,0.166944682598114,0.0018621486378833652
710,Positional Relationship (Obj.–Obj.),northeast,D,B,False,11,east,184,185,[6127],[' East']," to the East of the statue.

4.  **Refine the direction:** The fireplace is not directly to the East; it is also further back in the adjacent room. In the context of the room's layout, this places it in",[2838],94.94902801513672,-1.038883924484253,-0.010941490530967712,-0.3414543867111206,-0.0035961861722171307,-1.5618391036987305,-0.01644923724234104
710,Positional Relationship (Obj.–Obj.),northeast,D,B,False,12,southeast,210,211,[34388],[' Southeast']," it is also further back in the adjacent room. In the context of the room's layout, this places it in the Southeast direction relative to the statue.

Answer: B",[2864],98.53772735595703,1.5517332553863525,0.01574760489165783,2.7120413780212402,0.027522873133420944,-0.7933797836303711,-0.008051533252000809
712,Positional Relationship (Obj.–Obj.),southwest,A,B,False,0,left,9,10,[2047],[' left'],Step 1: The photo is on the left side of the wall clock. Step 2: The photo is on the right side of the door. Step 3,[2662],84.40145111083984,-6.098742485046387,-0.07225874066352844,0.20755499601364136,0.0024591400288045406,0.26928871870040894,0.0031905698124319315
712,Positional Relationship (Obj.–Obj.),southwest,A,B,False,1,right,25,26,[1245],[' right']," 1: The photo is on the left side of the wall clock. Step 2: The photo is on the right side of the door. Step 3: When entering the room with the wall clock from the door and facing south,",[2678],76.319580078125,3.1218132972717285,0.040904488414525986,0.5045217871665955,0.006610646843910217,-0.11726230382919312,-0.0015364642022177577
712,Positional Relationship (Obj.–Obj.),southwest,A,B,False,2,south,48,49,[9514],[' south']," the right side of the door. Step 3: When entering the room with the wall clock from the door and facing south, the photo is to the left of the wall clock. Step 4: Therefore, the photo is in the northwest",[2701],77.95327758789062,0.3923381567001343,0.00503299105912447,0.1677606701850891,0.0021520669106394053,-0.549495279788971,-0.007049033883959055
712,Positional Relationship (Obj.–Obj.),southwest,A,B,False,3,left,55,56,[2047],[' left']," Step 3: When entering the room with the wall clock from the door and facing south, the photo is to the left of the wall clock. Step 4: Therefore, the photo is in the northwest direction relative to the wall clock.",[2708],80.96002197265625,-3.634398937225342,-0.04489127919077873,-1.263789176940918,-0.015610040165483952,0.013238310813903809,0.00016351664089597762
712,Positional Relationship (Obj.–Obj.),southwest,A,B,False,4,northwest,72,73,[50488],[' northwest']," south, the photo is to the left of the wall clock. Step 4: Therefore, the photo is in the northwest direction relative to the wall clock.
Answer: B",[2725],77.50177001953125,-0.3265031576156616,-0.004212847910821438,-3.0042343139648438,-0.03876342996954918,-0.41738682985305786,-0.0053855134174227715
721,Positional Relationship (Reg.–Reg.),north,D,C,False,0,south,54,55,[9514],[' south']," sleeping area:** The first image shows a bed, which constitutes the sleeping area. The problem states this area is against the south wall.
2.  **Identify the art display area:** The second image shows a large portrait of a soldier",[2702],94.70710754394531,-0.4289880394935608,-0.004529628902673721,-0.24409407377243042,-0.0025773574598133564,-0.7459657192230225,-0.007876554504036903
721,Positional Relationship (Reg.–Reg.),north,D,C,False,1,above,79,80,[3294],[' above']," wall.
2.  **Identify the art display area:** The second image shows a large portrait of a soldier above a fireplace. This is the art display area.
3.  **Find a common reference point:** Both images feature",[2727],102.7823257446289,-2.3683764934539795,-0.023042643442749977,1.0613800287246704,0.010326484218239784,-0.342795729637146,-0.0033351622987538576
721,Positional Relationship (Reg.–Reg.),north,D,C,False,2,left,122,123,[2047],[' left']," reference point:** Both images feature a large, ornate wooden wardrobe. In the first image, the wardrobe is to the left of the bed. In the second image, the wardrobe is to the right of the fireplace and portrait.
4.",[2770],90.85675048828125,-5.664535999298096,-0.06234579160809517,-1.0806936025619507,-0.011894477531313896,-1.3068137168884277,-0.014383232221007347
721,Positional Relationship (Reg.–Reg.),north,D,C,False,3,right,137,138,[1245],[' right']," the first image, the wardrobe is to the left of the bed. In the second image, the wardrobe is to the right of the fireplace and portrait.
4.  **Determine the relative positions:** Since the wardrobe is a common object",[2785],86.73851013183594,2.381507158279419,0.027456168085336685,0.30239129066467285,0.0034862402826547623,-1.4484601020812988,-0.016699157655239105
721,Positional Relationship (Reg.–Reg.),north,D,C,False,4,left,182,183,[2047],[' left']," is a common object, we can use it to connect the two views. The view in the second image is to the left of the view in the first image. If the bed is on the south wall, and we turn left from the bed",[2830],94.54195404052734,-4.810271263122559,-0.05087975412607193,-0.8567525148391724,-0.009062141180038452,-0.4795553684234619,-0.005072407890111208
721,Positional Relationship (Reg.–Reg.),north,D,C,False,5,south,197,198,[9514],[' south']," The view in the second image is to the left of the view in the first image. If the bed is on the south wall, and we turn left from the bed to see the art display, we are looking towards the west.
5",[2845],92.32583618164062,-0.11753994226455688,-0.0012730991002172232,0.4542877972126007,0.004920484032481909,-0.3745942711830139,-0.0040573072619736195
721,Positional Relationship (Reg.–Reg.),north,D,C,False,6,left,203,204,[2047],[' left']," is to the left of the view in the first image. If the bed is on the south wall, and we turn left from the bed to see the art display, we are looking towards the west.
5.  **Conclusion:** The",[2851],96.25943756103516,-1.0343215465545654,-0.010745144449174404,-0.46025627851486206,-0.00478141475468874,1.1954647302627563,0.012419194914400578
721,Positional Relationship (Reg.–Reg.),north,D,C,False,7,west,218,219,[9422],[' west']," is on the south wall, and we turn left from the bed to see the art display, we are looking towards the west.
5.  **Conclusion:** The art display area is on the wall to the left of the south wall,",[2866],94.58612823486328,-1.1144053936004639,-0.011781911365687847,1.129238247871399,0.011938730254769325,0.13965126872062683,0.0014764455845579505
721,Positional Relationship (Reg.–Reg.),north,D,C,False,8,left,237,238,[2047],[' left']," we are looking towards the west.
5.  **Conclusion:** The art display area is on the wall to the left of the south wall, which is the west wall.

Answer: C",[2885],98.1300277709961,-2.212229013442993,-0.022543853148818016,-0.7538965940475464,-0.007682628929615021,-0.5574690103530884,-0.005680921953171492
721,Positional Relationship (Reg.–Reg.),north,D,C,False,9,south,240,241,[9514],[' south']," towards the west.
5.  **Conclusion:** The art display area is on the wall to the left of the south wall, which is the west wall.

Answer: C",[2888],91.68212127685547,-1.3693183660507202,-0.014935500919818878,-1.6247644424438477,-0.017721714451909065,-1.1895242929458618,-0.012974441051483154
721,Positional Relationship (Reg.–Reg.),north,D,C,False,10,west,246,247,[9422],[' west'],".  **Conclusion:** The art display area is on the wall to the left of the south wall, which is the west wall.

Answer: C",[2894],89.7995834350586,-1.2843358516693115,-0.014302247203886509,1.1633412837982178,0.012954862788319588,0.15202301740646362,0.0016929145203903317
722,Positional Relationship (Reg.–Reg.),west,B,B,True,0,east,11,12,[10663],[' east'],"Step 1: The dining room is located to the east of the kitchen.
Step 2: The mural is on the east side of the switch.
Step 3",[2659],85.8676986694336,3.6023950576782227,0.04195285588502884,-2.339801073074341,-0.027248907834291458,-2.496515989303589,-0.029073983430862427
722,Positional Relationship (Reg.–Reg.),west,B,B,True,1,east,26,27,[10663],[' east'],"1: The dining room is located to the east of the kitchen.
Step 2: The mural is on the east side of the switch.
Step 3: The kitchen is to the west of the dining room.
Step ",[2674],83.34230041503906,1.4629631042480469,0.017553668469190598,-2.034775733947754,-0.024414680898189545,-0.6194164156913757,-0.007432197220623493
722,Positional Relationship (Reg.–Reg.),west,B,B,True,2,west,42,43,[9422],[' west']," 2: The mural is on the east side of the switch.
Step 3: The kitchen is to the west of the dining room.
Step 4: Therefore, the kitchen is to the west of the dining room.
",[2690],91.70564270019531,-1.909254550933838,-0.02081937901675701,0.9574891924858093,0.010440897196531296,0.1803346872329712,0.001966451294720173
722,Positional Relationship (Reg.–Reg.),west,B,B,True,3,west,60,61,[9422],[' west'],": The kitchen is to the west of the dining room.
Step 4: Therefore, the kitchen is to the west of the dining room.
Answer: B",[2708],93.0915298461914,-1.3586041927337646,-0.014594283886253834,0.6890131831169128,0.007401459384709597,0.2715221643447876,0.002916722558438778
723,Positional Relationship (Reg.–Reg.),northeast,B,A,False,0,right,46,47,[1245],[' right'],"

1.  **Identify the Stove and Oven:** In the second image, the stove is visible on the right side of the kitchen. The oven is integrated into the stove unit, positioned below the stovetop.
2",[2705],97.35968780517578,4.99116325378418,0.05126519501209259,-0.9639730453491211,-0.009901151992380619,-1.21742582321167,-0.012504413723945618
723,Positional Relationship (Reg.–Reg.),northeast,B,A,False,1,below,62,63,[3559],[' below']," image, the stove is visible on the right side of the kitchen. The oven is integrated into the stove unit, positioned below the stovetop.
2.  **Determine the Orientation:** The problem states that the oven is on",[2721],98.29609680175781,0.14938747882843018,0.0015197702450677752,1.3946449756622314,0.014188203029334545,-0.2756655812263489,-0.0028044406790286303
723,Positional Relationship (Reg.–Reg.),northeast,B,A,False,2,east,88,89,[10663],[' east']," stovetop.
2.  **Determine the Orientation:** The problem states that the oven is on the east side of the stove. Since the oven is part of the stove unit, this implies that the stove/oven unit is",[2747],96.2322006225586,3.1391043663024902,0.03262010216712952,-1.701882243156433,-0.017685163766145706,-1.0075185298919678,-0.010469661094248295
723,Positional Relationship (Reg.–Reg.),northeast,B,A,False,3,east,115,116,[10663],[' east']," the stove. Since the oven is part of the stove unit, this implies that the stove/oven unit is on the east side of the kitchen.
3.  **Locate the Staircase:** In the first image, the staircase",[2774],100.53563690185547,2.2635269165039062,0.022514672949910164,-1.822174310684204,-0.018124660477042198,-1.047573208808899,-0.010419919155538082
723,Positional Relationship (Reg.–Reg.),northeast,B,A,False,4,left,147,148,[2047],[' left'],".  **Locate the Staircase:** In the first image, the staircase is visible through a doorway on the left side of the kitchen.
4.  **Relate the Staircase to the Stove/Oven:** Since",[2806],98.33421325683594,-5.773631572723389,-0.0587143711745739,-0.2273990511894226,-0.0023125121369957924,-0.6927692890167236,-0.007045048289000988
723,Positional Relationship (Reg.–Reg.),northeast,B,A,False,5,east,179,180,[10663],[' east'],".  **Relate the Staircase to the Stove/Oven:** Since the stove/oven is on the east side, and the staircase is on the opposite side (left side in the first image), the staircase must be on the",[2838],93.65831756591797,2.531419038772583,0.02702823467552662,-2.382188081741333,-0.02543487958610058,-2.7750582695007324,-0.029629597440361977
723,Positional Relationship (Reg.–Reg.),northeast,B,A,False,6,left,191,192,[2282],['left'],"ove/Oven:** Since the stove/oven is on the east side, and the staircase is on the opposite side (left side in the first image), the staircase must be on the west side of the kitchen.
5.  **D",[2850],101.5807113647461,-3.601189613342285,-0.035451509058475494,0.00013124942779541016,1.2920703511554166e-06,-0.5705912709236145,-0.005617122165858746
723,Positional Relationship (Reg.–Reg.),northeast,B,A,False,7,west,204,205,[9422],[' west']," side, and the staircase is on the opposite side (left side in the first image), the staircase must be on the west side of the kitchen.
5.  **Determine the Exact Location:** The staircase is visible through a doorway that",[2863],93.98876190185547,-2.452626943588257,-0.026094894856214523,0.030534565448760986,0.0003248746506869793,0.2949467897415161,0.0031381070148199797
723,Positional Relationship (Reg.–Reg.),northeast,B,A,False,8,north,237,238,[59810],['north'],"  **Determine the Exact Location:** The staircase is visible through a doorway that is towards the back of the kitchen (north side). Therefore, the staircase is located in the northwest corner of the kitchen.

Answer: A",[2896],100.5224609375,-0.5504767298698425,-0.0054761567153036594,-4.126511096954346,-0.041050639003515244,-2.2886962890625,-0.022768009454011917
723,Positional Relationship (Reg.–Reg.),northeast,B,A,False,9,northwest,248,249,[50488],[' northwest']," visible through a doorway that is towards the back of the kitchen (north side). Therefore, the staircase is located in the northwest corner of the kitchen.

Answer: A",[2907],105.87293243408203,-3.89438533782959,-0.03678357973694801,-1.8975017070770264,-0.01792244426906109,-1.0275768041610718,-0.009705755859613419
724,Positional Relationship (Reg.–Reg.),northwest,B,,,0,right,62,63,[1245],[' right'], and the light's position:** The second image shows the staircase area. A light fixture is mounted on the wall to the right of the staircase railing. The problem states this light is on the east side of the staircase area. This means the wall,[2713],95.03346252441406,3.487027883529663,0.036692630499601364,-0.5447943210601807,-0.005732657853513956,-0.06857055425643921,-0.0007215411751531065
724,Positional Relationship (Reg.–Reg.),northwest,B,,,1,east,76,77,[10663],[' east']," A light fixture is mounted on the wall to the right of the staircase railing. The problem states this light is on the east side of the staircase area. This means the wall with the light faces east, and the staircase itself is oriented such that",[2727],98.02886962890625,2.5073325634002686,0.025577491149306297,-2.2598118782043457,-0.023052513599395752,-0.504499077796936,-0.005146433599293232
724,Positional Relationship (Reg.–Reg.),northwest,B,,,2,east,91,92,[10663],[' east'],". The problem states this light is on the east side of the staircase area. This means the wall with the light faces east, and the staircase itself is oriented such that its right side (from the perspective of someone facing down the stairs or looking",[2742],96.77165985107422,2.305485486984253,0.023823974654078484,-2.659531593322754,-0.027482546865940094,-0.5763473510742188,-0.0059557450003921986
724,Positional Relationship (Reg.–Reg.),northwest,B,,,3,right,102,103,[1245],[' right']," of the staircase area. This means the wall with the light faces east, and the staircase itself is oriented such that its right side (from the perspective of someone facing down the stairs or looking at the wall) is east.

2. ",[2753],103.11273956298828,2.183734893798828,0.021178128197789192,-0.8600870966911316,-0.0083412304520607,-0.049150168895721436,-0.00047666436876170337
724,Positional Relationship (Reg.–Reg.),northwest,B,,,4,east,121,122,[10663],[' east']," is oriented such that its right side (from the perspective of someone facing down the stairs or looking at the wall) is east.

2.  **Determine the orientation of the staircase area:** If the wall with the light is east,",[2772],96.28321075439453,1.0926499366760254,0.011348291300237179,-2.416537284851074,-0.025098221376538277,-1.2217377424240112,-0.012689000926911831
724,Positional Relationship (Reg.–Reg.),northwest,B,,,5,east,144,145,[10663],[' east']," is east.

2.  **Determine the orientation of the staircase area:** If the wall with the light is east, then the opposite direction (left from the perspective of the light) is west. The direction straight ahead from the staircase",[2795],96.98921966552734,1.1996939182281494,0.012369353324174881,-2.2671985626220703,-0.023375779390335083,-1.1338772773742676,-0.011690755374729633
724,Positional Relationship (Reg.–Reg.),northwest,B,,,6,left,151,152,[2282],['left']," **Determine the orientation of the staircase area:** If the wall with the light is east, then the opposite direction (left from the perspective of the light) is west. The direction straight ahead from the staircase landing (towards the open doorway",[2802],102.85009002685547,-3.228480339050293,-0.03139015659689903,-0.22240865230560303,-0.0021624546498060226,-0.11802530288696289,-0.0011475469218567014
724,Positional Relationship (Reg.–Reg.),northwest,B,,,7,west,160,161,[9422],[' west'],":** If the wall with the light is east, then the opposite direction (left from the perspective of the light) is west. The direction straight ahead from the staircase landing (towards the open doorway in the second image) would be north or",[2811],90.99826049804688,-3.9827706813812256,-0.043767549097537994,-0.06971138715744019,-0.0007660738192498684,-0.7560106515884399,-0.008307968266308308
724,Positional Relationship (Reg.–Reg.),northwest,B,,,8,north,183,184,[9897],[' north'], is west. The direction straight ahead from the staircase landing (towards the open doorway in the second image) would be north or south. Let's assume the staircase goes down towards the viewer in the second image. The wall with the light is,[2834],99.19145965576172,-0.13562358915805817,-0.0013672909699380398,-4.328073501586914,-0.04363352805376053,-0.2062196433544159,-0.002079006051644683
724,Positional Relationship (Reg.–Reg.),northwest,B,,,9,south,185,186,[9514],[' south'],. The direction straight ahead from the staircase landing (towards the open doorway in the second image) would be north or south. Let's assume the staircase goes down towards the viewer in the second image. The wall with the light is on the,[2836],102.63546752929688,1.4269356727600098,0.013902949169278145,1.668975830078125,0.016261199489235878,-1.3588061332702637,-0.013239148072898388
724,Positional Relationship (Reg.–Reg.),northwest,B,,,10,right,210,211,[1245],[' right'],". Let's assume the staircase goes down towards the viewer in the second image. The wall with the light is on the right, which is east. Therefore, the direction straight ahead (through the doorway) is north.

3.  **",[2861],105.07632446289062,1.7257000207901,0.016423299908638,-0.8026736378669739,-0.007638958282768726,-0.31112536787986755,-0.002960946410894394
724,Positional Relationship (Reg.–Reg.),northwest,B,,,11,east,214,215,[10663],[' east']," the staircase goes down towards the viewer in the second image. The wall with the light is on the right, which is east. Therefore, the direction straight ahead (through the doorway) is north.

3.  **Locate the dining",[2865],98.03031921386719,1.2007017135620117,0.012248269282281399,-1.5876128673553467,-0.01619512028992176,-1.0944031476974487,-0.01116392482072115
724,Positional Relationship (Reg.–Reg.),northwest,B,,,12,north,228,229,[9897],[' north']," with the light is on the right, which is east. Therefore, the direction straight ahead (through the doorway) is north.

3.  **Locate the dining room relative to the staircase area:** The first image shows the dining room",[2879],96.80382537841797,0.008191436529159546,8.461893594358116e-05,-3.3480491638183594,-0.034585919231176376,0.2705812454223633,0.0027951502706855536
724,Positional Relationship (Reg.–Reg.),northwest,B,,,13,left,303,304,[2047],[' left'],", given the sofa). We need to connect these two views. The hallway in the first image has a door on the left and a painting on the right wall. The dining room is straight ahead. The staircase area in the second image has a",[2954],99.94371795654297,-6.546102046966553,-0.06549788266420364,-0.8106470704078674,-0.008111035451292992,-0.217850923538208,-0.002179736038669944
724,Positional Relationship (Reg.–Reg.),northwest,B,,,14,right,309,310,[1245],[' right'], need to connect these two views. The hallway in the first image has a door on the left and a painting on the right wall. The dining room is straight ahead. The staircase area in the second image has a door on the right (from,[2960],95.06050872802734,1.994001865386963,0.02097613364458084,-0.6360999345779419,-0.006691526621580124,-0.9468622207641602,-0.009960626251995564
724,Positional Relationship (Reg.–Reg.),northwest,B,,,15,right,331,332,[1245],[' right']," on the right wall. The dining room is straight ahead. The staircase area in the second image has a door on the right (from the viewer's perspective) and a doorway on the left leading to another room.

4.  **Cor",[2982],94.81929016113281,3.4639430046081543,0.036532048135995865,-0.5125042200088501,-0.005405062809586525,-1.2655305862426758,-0.013346763327717781
724,Positional Relationship (Reg.–Reg.),northwest,B,,,16,left,344,345,[2047],[' left']," staircase area in the second image has a door on the right (from the viewer's perspective) and a doorway on the left leading to another room.

4.  **Correlate the two images:** Let's assume the hallway in the",[2995],95.5526351928711,-3.2715139389038086,-0.0342378206551075,0.8064942359924316,0.00844031386077404,-0.13537120819091797,-0.0014167187036946416
724,Positional Relationship (Reg.–Reg.),northwest,B,,,17,left,396,397,[2047],[' left']," the staircase area in the second image are part of the same floor plan. The door in the first image (on the left) could be the same as the door in the second image (on the right, but from a different perspective). If",[3047],96.24274444580078,-4.689223289489746,-0.048722874373197556,0.003498971462249756,3.6355690099298954e-05,-1.4127033948898315,-0.014678544364869595
724,Positional Relationship (Reg.–Reg.),northwest,B,,,18,right,412,413,[1245],[' right']," door in the first image (on the left) could be the same as the door in the second image (on the right, but from a different perspective). If we stand in the staircase area (second image) and look towards the doorway on",[3063],100.0616226196289,1.5711002349853516,0.015701327472925186,-0.2640511989593506,-0.0026388857513666153,-0.9924561977386475,-0.009918450377881527
724,Positional Relationship (Reg.–Reg.),northwest,B,,,19,left,438,439,[2047],[' left']," but from a different perspective). If we stand in the staircase area (second image) and look towards the doorway on the left (which leads to the living room), the dining room (from the first image) is likely in a different direction.",[3089],96.14241790771484,-1.772919774055481,-0.01844055764377117,0.4423828721046448,0.004601328633725643,0.13748547434806824,0.0014300189213827252
724,Positional Relationship (Reg.–Reg.),northwest,B,,,20,east,467,468,[10663],[' east']," the living room), the dining room (from the first image) is likely in a different direction. Given the light is east, and the staircase is oriented with east on the right, the dining room, which is visible through a doorway in a",[3118],97.69631958007812,0.6010884046554565,0.006152620539069176,-2.623372793197632,-0.02685231901705265,-1.6607823371887207,-0.016999436542391777
724,Positional Relationship (Reg.–Reg.),northwest,B,,,21,east,475,476,[10663],[' east'],"from the first image) is likely in a different direction. Given the light is east, and the staircase is oriented with east on the right, the dining room, which is visible through a doorway in a hallway, needs to be placed relative to",[3126],106.3079833984375,0.6595760583877563,0.006204388570040464,-2.188673734664917,-0.020588045939803123,-1.5365629196166992,-0.014453880488872528
724,Positional Relationship (Reg.–Reg.),northwest,B,,,22,right,478,479,[1245],[' right']," image) is likely in a different direction. Given the light is east, and the staircase is oriented with east on the right, the dining room, which is visible through a doorway in a hallway, needs to be placed relative to this.

",[3129],100.04322814941406,0.3974590301513672,0.003972873091697693,-1.0236669778823853,-0.010232246480882168,-1.1978137493133545,-0.011972961947321892
893,MSR,southeast,A,D,False,0,north,33,34,[9897],[' north']," we can follow these steps:

1.  **Establish the room's orientation:** The problem states that the window faces north. In the provided images, the window is located on the wall to the right of the desk. This means the right",[8541],86.30584716796875,0.35414427518844604,0.004103363491594791,-3.544278144836426,-0.0410664901137352,-0.8226930499076843,-0.00953229796141386
893,MSR,southeast,A,D,False,1,right,49,50,[1245],[' right'],":** The problem states that the window faces north. In the provided images, the window is located on the wall to the right of the desk. This means the right wall of the room is the north wall.
2.  **Determine",[8557],92.09268188476562,3.092771530151367,0.033583249896764755,-0.7754220366477966,-0.008420017547905445,-0.2748677134513855,-0.0029846858233213425
893,MSR,southeast,A,D,False,2,right,57,58,[1245],[' right']," north. In the provided images, the window is located on the wall to the right of the desk. This means the right wall of the room is the north wall.
2.  **Determine the other directions:** If the right wall",[8565],94.32273864746094,2.0436697006225586,0.02166677638888359,-0.5220901966094971,-0.005535146687179804,0.07765299081802368,0.000823269016109407
893,MSR,southeast,A,D,False,3,north,64,65,[9897],[' north']," the window is located on the wall to the right of the desk. This means the right wall of the room is the north wall.
2.  **Determine the other directions:** If the right wall is north, then by standard orientation",[8572],92.71784210205078,1.78362238407135,0.019237099215388298,-3.8992762565612793,-0.042055293917655945,-1.6041269302368164,-0.01730116829276085
893,MSR,southeast,A,D,False,4,right,80,81,[1245],[' right']," the right wall of the room is the north wall.
2.  **Determine the other directions:** If the right wall is north, then by standard orientation, the wall opposite it (the left wall) is south. The wall behind",[8588],93.78087615966797,1.797919750213623,0.019171496853232384,-1.2398674488067627,-0.013220898807048798,-0.36628973484039307,-0.003905804129317403
893,MSR,southeast,A,D,False,5,north,83,84,[9897],[' north']," of the room is the north wall.
2.  **Determine the other directions:** If the right wall is north, then by standard orientation, the wall opposite it (the left wall) is south. The wall behind the desk is",[8591],86.09891510009766,0.7982338070869446,0.009271125309169292,-3.936190128326416,-0.04571707174181938,-1.4996693134307861,-0.01741798222064972
893,MSR,southeast,A,D,False,6,left,96,97,[2047],[' left'],"Determine the other directions:** If the right wall is north, then by standard orientation, the wall opposite it (the left wall) is south. The wall behind the desk is east, and the wall in front of the desk (where the",[8604],88.11459350585938,-3.586240768432617,-0.040699735283851624,-0.0008765459060668945,-9.947794751496986e-06,-0.9711670279502869,-0.011021636426448822
893,MSR,southeast,A,D,False,7,south,100,101,[9514],[' south']," directions:** If the right wall is north, then by standard orientation, the wall opposite it (the left wall) is south. The wall behind the desk is east, and the wall in front of the desk (where the door is) is",[8608],83.91683197021484,-1.5686182975769043,-0.018692534416913986,0.7279343605041504,0.008674473501741886,-0.9000120759010315,-0.010725048370659351
893,MSR,southeast,A,D,False,8,east,108,109,[10663],[' east'],", then by standard orientation, the wall opposite it (the left wall) is south. The wall behind the desk is east, and the wall in front of the desk (where the door is) is west.
3.  **Loc",[8616],90.45732879638672,1.3895291090011597,0.01536115538328886,-1.6451574563980103,-0.018187111243605614,-0.6912128925323486,-0.0076413145288825035
893,MSR,southeast,A,D,False,9,west,125,126,[9422],[' west'],". The wall behind the desk is east, and the wall in front of the desk (where the door is) is west.
3.  **Locate the cardboard box:** The first image shows the cardboard box is in a corner of",[8633],84.76509857177734,-3.3603248596191406,-0.03964278846979141,0.6343046426773071,0.007483087480068207,-1.9082722663879395,-0.02251247689127922
893,MSR,southeast,A,D,False,10,north,179,180,[9897],[' north'],".  **Identify the specific corner:** By observing the layout, the cardboard box is in the corner formed by the north wall (the wall with the window) and the east wall (the wall behind the desk).
5.  **",[8687],95.20536804199219,2.964528799057007,0.031138252466917038,-5.721749305725098,-0.06009902060031891,-1.8757054805755615,-0.019701678305864334
893,MSR,southeast,A,D,False,11,east,190,191,[10663],[' east']," the layout, the cardboard box is in the corner formed by the north wall (the wall with the window) and the east wall (the wall behind the desk).
5.  **Conclude the location:** The corner where the north wall",[8698],93.6603012084961,-1.223705530166626,-0.013065359555184841,-2.377490520477295,-0.02538418583571911,-0.19794222712516785,-0.0021134058479219675
893,MSR,southeast,A,D,False,12,north,213,214,[9897],[' north']," the east wall (the wall behind the desk).
5.  **Conclude the location:** The corner where the north wall and the east wall meet is the northeast corner of the room.

Answer: D",[8721],92.32389068603516,-0.20813466608524323,-0.002254396677017212,-3.8336596488952637,-0.04152402654290199,-1.6071805953979492,-0.017408069223165512
893,MSR,southeast,A,D,False,13,east,217,218,[10663],[' east'],"the wall behind the desk).
5.  **Conclude the location:** The corner where the north wall and the east wall meet is the northeast corner of the room.

Answer: D",[8725],76.89762878417969,2.1094069480895996,0.027431365102529526,-2.0874416828155518,-0.02714572288095951,2.085862398147583,0.02712518535554409
893,MSR,southeast,A,D,False,14,northeast,222,223,[39481],[' northeast'],").
5.  **Conclude the location:** The corner where the north wall and the east wall meet is the northeast corner of the room.

Answer: D",[8730],93.17047119140625,2.300137996673584,0.02468741312623024,-2.0024185180664062,-0.021491985768079758,0.6448686718940735,0.006921384483575821
901,Positional Relationship (Reg.–Reg.),southeast,A,B,False,0,left,38,39,[2047],[' left']," spatial relationships shown in the images:

1. In the first image, the bedroom is visible with a bed on the left and a desk lamp on a nightstand.
2. Through an arched doorway to the right of the lamp,",[2686],99.70748901367188,-7.383709907531738,-0.07405371218919754,-0.002517014741897583,-2.5243989512091503e-05,-1.1246626377105713,-0.011279620230197906
901,Positional Relationship (Reg.–Reg.),southeast,A,B,False,1,right,58,59,[1245],[' right']," a bed on the left and a desk lamp on a nightstand.
2. Through an arched doorway to the right of the lamp, we see a hallway leading to another room — this is the direction toward the bathroom.
3.",[2706],99.8444595336914,3.4380550384521484,0.034434109926223755,-0.7489209771156311,-0.007500876672565937,0.13249623775482178,0.0013270264025777578
901,Positional Relationship (Reg.–Reg.),southeast,A,B,False,2,right,98,99,[1245],[' right']," the direction toward the bathroom.
3. The second image shows the bathroom entrance: a dark wooden door frame on the right, with a towel rack and sink visible inside — confirming it’s adjacent to the bedroom area.
4. Since the",[2746],101.60452270507812,6.0436906814575195,0.05948249623179436,0.7401228547096252,0.007284349296241999,-1.3201862573623657,-0.012993380427360535
901,Positional Relationship (Reg.–Reg.),southeast,A,B,False,3,right,133,134,[1245],[' right']," confirming it’s adjacent to the bedroom area.
4. Since the bathroom is accessed through the arched doorway to the right (east) and slightly forward (north) from the bedroom’s perspective (assuming standard orientation where the viewer faces north),",[2781],108.0146484375,2.2695016860961914,0.021011054515838623,-1.492754578590393,-0.013819927349686623,0.795886754989624,0.007368322461843491
901,Positional Relationship (Reg.–Reg.),southeast,A,B,False,4,east,135,136,[58463],['east'],"’s adjacent to the bedroom area.
4. Since the bathroom is accessed through the arched doorway to the right (east) and slightly forward (north) from the bedroom’s perspective (assuming standard orientation where the viewer faces north), the bathroom",[2783],109.92815399169922,0.8498106002807617,0.007730599958449602,-1.7863926887512207,-0.016250547021627426,-0.5266398191452026,-0.004790763836354017
901,Positional Relationship (Reg.–Reg.),southeast,A,B,False,5,north,141,142,[59810],['north'],".
4. Since the bathroom is accessed through the arched doorway to the right (east) and slightly forward (north) from the bedroom’s perspective (assuming standard orientation where the viewer faces north), the bathroom lies to the northeast.
",[2789],103.49421691894531,1.3125180006027222,0.012682042084634304,-4.663814067840576,-0.04506352171301842,-0.2884310781955719,-0.0027869294863194227
901,Positional Relationship (Reg.–Reg.),southeast,A,B,False,6,north,156,157,[9897],[' north']," the right (east) and slightly forward (north) from the bedroom’s perspective (assuming standard orientation where the viewer faces north), the bathroom lies to the northeast.
5. This matches the given clue that the glass cabinet (visible through the",[2804],106.78470611572266,-0.7299908399581909,-0.006836099084466696,-3.169611930847168,-0.02968226559460163,-1.0534876585006714,-0.009865529835224152
901,Positional Relationship (Reg.–Reg.),southeast,A,B,False,7,northeast,163,164,[39481],[' northeast']," forward (north) from the bedroom’s perspective (assuming standard orientation where the viewer faces north), the bathroom lies to the northeast.
5. This matches the given clue that the glass cabinet (visible through the arch) is northeast of the desk",[2811],109.62393951416016,2.517866611480713,0.022968217730522156,-5.543239593505859,-0.05056595802307129,-0.234441876411438,-0.0021386011503636837
901,Positional Relationship (Reg.–Reg.),southeast,A,B,False,8,northeast,184,185,[39481],[' northeast']," lies to the northeast.
5. This matches the given clue that the glass cabinet (visible through the arch) is northeast of the desk lamp — reinforcing that “northeast” is the correct directional reference.

Answer: B",[2832],105.3987808227539,0.3944668769836426,0.0037426133640110493,-4.028966426849365,-0.0382259301841259,-0.8112829327583313,-0.007697270717471838
901,Positional Relationship (Reg.–Reg.),southeast,A,B,False,9,northeast,193,195,"[43224, 14331]","['nor', 'theast']"," matches the given clue that the glass cabinet (visible through the arch) is northeast of the desk lamp — reinforcing that “northeast” is the correct directional reference.

Answer: B","[2841, 2842]",97.83336639404297,0.9044021368026733,0.009244311600923538,-2.324399709701538,-0.02375876158475876,0.014853477478027344,0.000151824249769561
902,Positional Relationship (Reg.–Reg.),south,C,B,False,0,north,98,99,[9897],[' north'],", vanity, toilet, and part of the doorway leading out.
3. The question states: “The toilet is north of the sink.” In the second image, the toilet is to the right of the sink (from the viewer’s perspective",[2746],104.1605453491211,1.5154149532318115,0.014548838138580322,-3.977097272872925,-0.03818237781524658,-3.155564546585083,-0.030295200645923615
902,Positional Relationship (Reg.–Reg.),south,C,B,False,1,right,113,114,[1245],[' right'],". The question states: “The toilet is north of the sink.” In the second image, the toilet is to the right of the sink (from the viewer’s perspective facing the sink). If we assume standard orientation where “north” is up",[2761],107.27645874023438,4.98297119140625,0.04644981026649475,-1.2031371593475342,-0.011215295642614365,-0.4241026043891907,-0.003953361418098211
902,Positional Relationship (Reg.–Reg.),south,C,B,False,2,north,134,135,[59810],['north']," is to the right of the sink (from the viewer’s perspective facing the sink). If we assume standard orientation where “north” is up on the page, then “right” = east, meaning the toilet is east of the sink — but",[2782],113.82460021972656,0.39671939611434937,0.003485357156023383,-4.983244895935059,-0.04378003254532814,-2.2735631465911865,-0.019974268972873688
902,Positional Relationship (Reg.–Reg.),south,C,B,False,3,right,144,145,[1246],['right']," viewer’s perspective facing the sink). If we assume standard orientation where “north” is up on the page, then “right” = east, meaning the toilet is east of the sink — but the question says it’s north. So we must",[2792],110.9144287109375,3.9842381477355957,0.03592173010110855,-0.46787720918655396,-0.004218361806124449,0.5145502686500549,0.004639164544641972
902,Positional Relationship (Reg.–Reg.),south,C,B,False,4,east,147,148,[10663],[' east']," facing the sink). If we assume standard orientation where “north” is up on the page, then “right” = east, meaning the toilet is east of the sink — but the question says it’s north. So we must rotate our mental",[2795],98.41934967041016,1.7661439180374146,0.01794508844614029,-0.8686895966529846,-0.00882641039788723,-0.5973148345947266,-0.006069079041481018
902,Positional Relationship (Reg.–Reg.),south,C,B,False,5,east,153,154,[10663],[' east']," assume standard orientation where “north” is up on the page, then “right” = east, meaning the toilet is east of the sink — but the question says it’s north. So we must rotate our mental map: if toilet is north",[2801],101.1158218383789,1.5369631052017212,0.015200025402009487,-0.648643970489502,-0.0064148614183068275,-0.3941287696361542,-0.003897795220836997
902,Positional Relationship (Reg.–Reg.),south,C,B,False,6,north,164,165,[9897],[' north']," page, then “right” = east, meaning the toilet is east of the sink — but the question says it’s north. So we must rotate our mental map: if toilet is north of sink, then “up” in the image corresponds",[2812],100.99544525146484,-0.03947518765926361,-0.00039086106698960066,-3.0926308631896973,-0.030621487647294998,-0.4288322925567627,-0.004246055614203215
902,Positional Relationship (Reg.–Reg.),south,C,B,False,7,north,177,178,[9897],[' north']," east of the sink — but the question says it’s north. So we must rotate our mental map: if toilet is north of sink, then “up” in the image corresponds to north.
4. Therefore, in the second image,",[2825],106.80348205566406,0.5149399042129517,0.004821377340704203,-3.4924111366271973,-0.03269941359758377,-1.9023802280426025,-0.01781196892261505
902,Positional Relationship (Reg.–Reg.),south,C,B,False,8,north,190,191,[9897],[' north']," So we must rotate our mental map: if toilet is north of sink, then “up” in the image corresponds to north.
4. Therefore, in the second image, “up” = north, “down” = south, “",[2838],102.53062438964844,0.18562617897987366,0.001810446148738265,-2.850433826446533,-0.027800804004073143,-0.8869980573654175,-0.008651054464280605
902,Positional Relationship (Reg.–Reg.),south,C,B,False,9,north,206,207,[9897],[' north']," “up” in the image corresponds to north.
4. Therefore, in the second image, “up” = north, “down” = south, “left” = west, “right” = east.
5. The doorway",[2854],103.11071014404297,0.1828010380268097,0.0017728618113324046,-3.3461568355560303,-0.03245207667350769,-1.916395902633667,-0.01858580857515335
902,Positional Relationship (Reg.–Reg.),south,C,B,False,10,south,212,213,[9514],[' south']," corresponds to north.
4. Therefore, in the second image, “up” = north, “down” = south, “left” = west, “right” = east.
5. The doorway leading to the sofa area is",[2860],90.75345611572266,-0.2735464870929718,-0.0030141714960336685,3.327270984649658,0.0366627462208271,0.04347574710845947,0.00047905335668474436
902,Positional Relationship (Reg.–Reg.),south,C,B,False,11,left,215,216,[2282],['left'],".
4. Therefore, in the second image, “up” = north, “down” = south, “left” = west, “right” = east.
5. The doorway leading to the sofa area is visible on the",[2863],98.82911682128906,-6.539108753204346,-0.06616581231355667,0.47474274039268494,0.004803672898560762,-0.48722946643829346,-0.004930019378662109
902,Positional Relationship (Reg.–Reg.),south,C,B,False,12,west,218,219,[9422],[' west'],". Therefore, in the second image, “up” = north, “down” = south, “left” = west, “right” = east.
5. The doorway leading to the sofa area is visible on the left side of",[2866],95.10196685791016,-4.4105682373046875,-0.04637725651264191,0.8465428352355957,0.008901422843337059,-1.8051568269729614,-0.01898127794265747
902,Positional Relationship (Reg.–Reg.),south,C,B,False,13,right,221,222,[1246],['right']," in the second image, “up” = north, “down” = south, “left” = west, “right” = east.
5. The doorway leading to the sofa area is visible on the left side of the second image",[2869],96.35400390625,4.598047733306885,0.04772036150097847,0.12261208891868591,0.0012725167907774448,-1.1361360549926758,-0.011791270226240158
902,Positional Relationship (Reg.–Reg.),south,C,B,False,14,east,224,225,[10663],[' east']," image, “up” = north, “down” = south, “left” = west, “right” = east.
5. The doorway leading to the sofa area is visible on the left side of the second image (west side",[2872],96.04110717773438,0.44740626215934753,0.004658487159758806,0.40686243772506714,0.0042363363318145275,-1.4420732259750366,-0.015015166252851486
902,Positional Relationship (Reg.–Reg.),south,C,B,False,15,left,240,241,[2047],[' left'],"” = west, “right” = east.
5. The doorway leading to the sofa area is visible on the left side of the second image (west side of the bathroom). Since the sofa area is through that doorway, it lies to",[2888],110.99700927734375,-5.9991631507873535,-0.054047971963882446,0.5918274521827698,0.005331922322511673,-0.17944839596748352,-0.001616695779375732
902,Positional Relationship (Reg.–Reg.),south,C,B,False,16,west,247,248,[10717],['west']," = east.
5. The doorway leading to the sofa area is visible on the left side of the second image (west side of the bathroom). Since the sofa area is through that doorway, it lies to the west of the bathroom.

",[2895],107.66400146484375,-2.7500040531158447,-0.02554246596992016,0.28010860085487366,0.002601692220196128,-0.29540425539016724,-0.0027437605895102024
902,Positional Relationship (Reg.–Reg.),south,C,B,False,17,west,266,267,[9422],[' west']," of the second image (west side of the bathroom). Since the sofa area is through that doorway, it lies to the west of the bathroom.

Answer: B",[2914],101.69697570800781,-2.355287551879883,-0.023159857839345932,1.0917067527770996,0.01073489896953106,0.47438323497772217,0.004664673935621977
904,Positional Relationship (Obj.–Reg.),northwest,B,C,False,0,north,47,48,[4634],[' North']," provided images:

1.  **Establish the orientation:** The problem states that the entrance direction in Figure 1 is North. In Figure 1, the French doors lead to an outdoor deck, so the direction towards the deck is North.",[2698],89.34639739990234,-2.6748435497283936,-0.029937900602817535,-3.501070261001587,-0.039185356348752975,-0.1382507085800171,-0.0015473562525585294
904,Positional Relationship (Obj.–Reg.),northwest,B,C,False,1,north,70,71,[4634],[' North']," is North. In Figure 1, the French doors lead to an outdoor deck, so the direction towards the deck is North. This means the interior of the house is to the South of the doors.
2.  **Locate the",[2721],94.57476806640625,-2.383216381072998,-0.0251992829144001,-3.111750602722168,-0.0329025462269783,-0.6999305486679077,-0.007400816772133112
904,Positional Relationship (Obj.–Reg.),northwest,B,C,False,2,south,82,83,[4725],[' South']," to an outdoor deck, so the direction towards the deck is North. This means the interior of the house is to the South of the doors.
2.  **Locate the pool table:** In Figure 1, looking from the entrance",[2733],94.08889770507812,-0.19652681052684784,-0.002088735345751047,2.2552437782287598,0.023969287052750587,-0.12906360626220703,-0.0013717198744416237
904,Positional Relationship (Obj.–Reg.),northwest,B,C,False,3,north,241,242,[24420],['North']," on the opposite side of the room from the staircase. If we imagine standing at the pool table and facing the entrance (North), the lounge area would be to our left and behind us.
5.  **Conclude the direction:** Since",[2892],93.65521240234375,-2.6794590950012207,-0.028609823435544968,-3.3349225521087646,-0.03560851141810417,-1.4926609992980957,-0.01593783125281334
904,Positional Relationship (Obj.–Reg.),northwest,B,C,False,4,left,250,251,[2047],[' left']," staircase. If we imagine standing at the pool table and facing the entrance (North), the lounge area would be to our left and behind us.
5.  **Conclude the direction:** Since the entrance is North, the area behind the",[2901],96.4862289428711,-2.6824402809143066,-0.0278012752532959,-1.539390206336975,-0.015954507514834404,0.2448279857635498,0.002537439577281475
904,Positional Relationship (Obj.–Reg.),northwest,B,C,False,5,north,269,270,[4634],[' North']," area would be to our left and behind us.
5.  **Conclude the direction:** Since the entrance is North, the area behind the pool table (away from the entrance) is South. The lounge area is to the left of",[2920],94.21099090576172,-2.7947990894317627,-0.029665319249033928,-3.644791603088379,-0.03868754208087921,-2.5034945011138916,-0.02657327428460121
904,Positional Relationship (Obj.–Reg.),northwest,B,C,False,6,south,284,285,[4725],[' South'],"Conclude the direction:** Since the entrance is North, the area behind the pool table (away from the entrance) is South. The lounge area is to the left of the pool table when facing North, which corresponds to the West direction. Therefore",[2935],89.56613159179688,-0.5029454231262207,-0.005615352652966976,2.0827457904815674,0.02325372025370598,0.5061236023902893,0.0056508369743824005
904,Positional Relationship (Obj.–Reg.),northwest,B,C,False,7,left,292,293,[2047],[' left']," is North, the area behind the pool table (away from the entrance) is South. The lounge area is to the left of the pool table when facing North, which corresponds to the West direction. Therefore, the sofa lounge area is to the",[2943],101.16267395019531,-2.5219216346740723,-0.024929368868470192,-0.9727672338485718,-0.009615871123969555,-0.2595828175544739,-0.0025659939274191856
904,Positional Relationship (Obj.–Reg.),northwest,B,C,False,8,north,299,300,[4634],[' North']," pool table (away from the entrance) is South. The lounge area is to the left of the pool table when facing North, which corresponds to the West direction. Therefore, the sofa lounge area is to the Southwest of the pool table.

",[2950],89.26698303222656,-1.905079960823059,-0.021341372281312943,-2.89192533493042,-0.032396361231803894,-1.5801756381988525,-0.017701681703329086
904,Positional Relationship (Obj.–Reg.),northwest,B,C,False,9,west,305,306,[4171],[' West']," entrance) is South. The lounge area is to the left of the pool table when facing North, which corresponds to the West direction. Therefore, the sofa lounge area is to the Southwest of the pool table.

Answer: C",[2956],93.16857147216797,-1.2621184587478638,-0.013546612113714218,0.7888914346694946,0.008467355743050575,-0.3787779211997986,-0.0040655117481946945
904,Positional Relationship (Obj.–Reg.),northwest,B,C,False,10,southwest,317,318,[44164],[' Southwest']," of the pool table when facing North, which corresponds to the West direction. Therefore, the sofa lounge area is to the Southwest of the pool table.

Answer: C",[2968],102.62254333496094,-0.4114183187484741,-0.004009044263511896,2.3418569564819336,0.02282010205090046,-1.073568344116211,-0.01046133041381836
905,Positional Relationship (Obj.–Reg.),southeast,C,,,0,right,39,40,[1245],[' right']," analyze the spatial layout shown in the two images:

1. In the first image, the staircase is visible on the right side, leading upward. The prompt states that “going downstairs from the current floor is north,” meaning the stairs descend toward",[2693],106.00796508789062,4.935549736022949,0.04655829071998596,-1.14224374294281,-0.010775074362754822,-1.796372652053833,-0.01694563776254654
905,Positional Relationship (Obj.–Reg.),southeast,C,,,1,north,57,58,[9897],[' north']," the staircase is visible on the right side, leading upward. The prompt states that “going downstairs from the current floor is north,” meaning the stairs descend toward the north. Therefore, the stairs themselves are oriented such that their downward direction points north —",[2711],102.9963607788086,-2.3394641876220703,-0.022714046761393547,0.1786341369152069,0.0017343732761219144,-0.8793604373931885,-0.008537781424820423
905,Positional Relationship (Obj.–Reg.),southeast,C,,,2,north,65,66,[9897],[' north'],", leading upward. The prompt states that “going downstairs from the current floor is north,” meaning the stairs descend toward the north. Therefore, the stairs themselves are oriented such that their downward direction points north — implying the stairs are located to the south",[2719],105.97466278076172,-1.5290212631225586,-0.01442817784845829,-0.9955180287361145,-0.009393924847245216,-2.2047526836395264,-0.020804526284337044
905,Positional Relationship (Obj.–Reg.),southeast,C,,,3,north,80,81,[9897],[' north']," is north,” meaning the stairs descend toward the north. Therefore, the stairs themselves are oriented such that their downward direction points north — implying the stairs are located to the south of the upper floor and lead down to the north.

2. The",[2734],102.95976257324219,-1.8435752391815186,-0.017905782908201218,-1.9190607070922852,-0.018638938665390015,-2.202345132827759,-0.02139034867286682
905,Positional Relationship (Obj.–Reg.),southeast,C,,,4,south,89,90,[9514],[' south']," north. Therefore, the stairs themselves are oriented such that their downward direction points north — implying the stairs are located to the south of the upper floor and lead down to the north.

2. The second image shows the sofa-based lounge area,",[2743],108.15185546875,-0.9305811524391174,-0.00860439334064722,0.7612696886062622,0.0070388964377343655,-1.5512051582336426,-0.014342843554913998
905,Positional Relationship (Obj.–Reg.),southeast,C,,,5,upper,92,93,[8156],[' upper'],", the stairs themselves are oriented such that their downward direction points north — implying the stairs are located to the south of the upper floor and lead down to the north.

2. The second image shows the sofa-based lounge area, which includes a",[2746],108.16809844970703,2.0204687118530273,0.018678970634937286,-6.8027238845825195,-0.06289029866456985,-3.5312647819519043,-0.03264608234167099
905,Positional Relationship (Obj.–Reg.),southeast,C,,,6,north,99,100,[9897],[' north']," that their downward direction points north — implying the stairs are located to the south of the upper floor and lead down to the north.

2. The second image shows the sofa-based lounge area, which includes a large brown sofa, coffee table,",[2753],100.60625457763672,-0.6486988067626953,-0.006447897292673588,-0.8265961408615112,-0.008216151036322117,-1.7133727073669434,-0.01703047938644886
905,Positional Relationship (Obj.–Reg.),southeast,C,,,7,right,171,172,[1245],[' right']," flooring and ceiling height).

3. Comparing the two images: In Image 1, the stairs are on the right; in Image 2, the lounge area is on the left side of the frame, with large windows and a pool",[2825],109.0823974609375,3.2010622024536133,0.029345359653234482,-2.155439853668213,-0.01975974068045616,-2.024439811706543,-0.018558813259005547
905,Positional Relationship (Obj.–Reg.),southeast,C,,,8,left,184,185,[2047],[' left'],": In Image 1, the stairs are on the right; in Image 2, the lounge area is on the left side of the frame, with large windows and a pool table further back. Since both images show the same open-plan space",[2838],104.95618438720703,-4.141339302062988,-0.039457790553569794,0.25713419914245605,0.00244991946965456,0.32619819045066833,0.003107946366071701
905,Positional Relationship (Obj.–Reg.),southeast,C,,,9,north,226,227,[9897],[' north']," images show the same open-plan space, we can infer that if you stand at the base of the stairs (facing north, as per the prompt), the lounge area lies to your left — which would be west.

4. However,",[2880],113.42903900146484,-2.2797045707702637,-0.020098067820072174,-1.6074466705322266,-0.014171386137604713,-2.4932074546813965,-0.021980328485369682
905,Positional Relationship (Obj.–Reg.),southeast,C,,,10,left,239,240,[2047],[' left']," you stand at the base of the stairs (facing north, as per the prompt), the lounge area lies to your left — which would be west.

4. However, note that the lounge area is not directly west — it’s also",[2893],106.82913208007812,-2.586449146270752,-0.024211084470152855,-0.6419583559036255,-0.006009207107126713,1.547776699066162,0.0144883394241333
905,Positional Relationship (Obj.–Reg.),southeast,C,,,11,west,244,245,[9422],[' west']," of the stairs (facing north, as per the prompt), the lounge area lies to your left — which would be west.

4. However, note that the lounge area is not directly west — it’s also slightly forward (northward",[2898],99.38672637939453,-2.7788333892822266,-0.027959803119301796,0.3814530372619629,0.003838068339973688,-0.7714763879776001,-0.007762368302792311
905,Positional Relationship (Obj.–Reg.),southeast,C,,,12,west,259,260,[9422],[' west']," area lies to your left — which would be west.

4. However, note that the lounge area is not directly west — it’s also slightly forward (northward) relative to the stairs’ position, because the stairs are near the rear",[2913],110.30953216552734,-1.6557084321975708,-0.01500965841114521,0.30785608291625977,0.0027908384799957275,-1.9818649291992188,-0.01796639710664749
905,Positional Relationship (Obj.–Reg.),southeast,C,,,13,north,267,268,[59810],['north']," be west.

4. However, note that the lounge area is not directly west — it’s also slightly forward (northward) relative to the stairs’ position, because the stairs are near the rear-right of the room (Image 1",[2921],102.34268951416016,-0.57441645860672,-0.005612676963210106,-2.3455538749694824,-0.02291862666606903,-0.4568682312965393,-0.004464102443307638
905,Positional Relationship (Obj.–Reg.),southeast,C,,,14,west,317,318,[9422],[' west']," while the lounge is more central-left (Image 2). So from the stairs, moving toward the lounge involves going both west and north — i.e., northwest? But wait — let’s reorient.

Actually, since “going downstairs =",[2971],108.73968505859375,-2.8697826862335205,-0.02639130875468254,0.1333422213792801,0.0012262517120689154,-0.29632699489593506,-0.002725104335695505
905,Positional Relationship (Obj.–Reg.),southeast,C,,,15,north,319,320,[9897],[' north']," lounge is more central-left (Image 2). So from the stairs, moving toward the lounge involves going both west and north — i.e., northwest? But wait — let’s reorient.

Actually, since “going downstairs = north”,",[2973],99.8935546875,0.5850631594657898,0.005856866016983986,-3.9798271656036377,-0.03984067961573601,1.1912379264831543,0.011925073340535164
905,Positional Relationship (Obj.–Reg.),southeast,C,,,16,northwest,324,325,[50488],[' northwest']," (Image 2). So from the stairs, moving toward the lounge involves going both west and north — i.e., northwest? But wait — let’s reorient.

Actually, since “going downstairs = north”, then standing at the top",[2978],104.1411361694336,-1.5423883199691772,-0.01481055747717619,-2.6833605766296387,-0.025766577571630478,-1.9315361976623535,-0.018547292798757553
905,Positional Relationship (Obj.–Reg.),southeast,C,,,17,north,342,343,[9897],[' north']," and north — i.e., northwest? But wait — let’s reorient.

Actually, since “going downstairs = north”, then standing at the top of the stairs, facing down (north), the lounge area (seen in Image 2",[2996],108.1868667602539,-1.9272650480270386,-0.01781422458589077,-0.16656699776649475,-0.0015396231319755316,-1.6752772331237793,-0.015485033392906189
905,Positional Relationship (Obj.–Reg.),southeast,C,,,18,top,348,349,[1844],[' top']," northwest? But wait — let’s reorient.

Actually, since “going downstairs = north”, then standing at the top of the stairs, facing down (north), the lounge area (seen in Image 2) is to your left —",[3002],108.84636688232422,-0.1539306640625,-0.0014142012223601341,-6.718245029449463,-0.061722271144390106,-2.800323963165283,-0.02572730742394924
905,Positional Relationship (Obj.–Reg.),southeast,C,,,19,north,356,357,[59810],['north'],"orient.

Actually, since “going downstairs = north”, then standing at the top of the stairs, facing down (north), the lounge area (seen in Image 2) is to your left — which is west. But looking at the",[3010],101.68511199951172,-1.058013677597046,-0.010404803790152073,0.26590728759765625,0.0026150071062147617,-1.0778716802597046,-0.010600093752145767
905,Positional Relationship (Obj.–Reg.),southeast,C,,,20,left,371,372,[2047],[' left']," the top of the stairs, facing down (north), the lounge area (seen in Image 2) is to your left — which is west. But looking at the full layout: the stairs are in the back-right corner of the room (",[3025],110.64631652832031,-3.0401477813720703,-0.027476267889142036,-0.8829597234725952,-0.007980018854141235,1.7373778820037842,0.015702085569500923
905,Positional Relationship (Obj.–Reg.),southeast,C,,,21,west,375,376,[9422],[' west']," stairs, facing down (north), the lounge area (seen in Image 2) is to your left — which is west. But looking at the full layout: the stairs are in the back-right corner of the room (Image 1),",[3029],104.56556701660156,-2.211771011352539,-0.02115200087428093,0.7041019797325134,0.006733593065291643,-0.18407827615737915,-0.0017604100285097957
905,Positional Relationship (Obj.–Reg.),southeast,C,,,22,north,427,428,[59810],['north']," is in the front-left (Image 2). So from the stairs, to reach the lounge, you go forward (north) and left (west) → that’s northwest. But northwest isn’t an option.

Wait — perhaps we mis",[3081],100.78067016601562,-1.2939547300338745,-0.01283931452780962,-2.0194101333618164,-0.02003767341375351,0.004475951194763184,4.441279452294111e-05
905,Positional Relationship (Obj.–Reg.),southeast,C,,,23,left,430,431,[2047],[' left']," front-left (Image 2). So from the stairs, to reach the lounge, you go forward (north) and left (west) → that’s northwest. But northwest isn’t an option.

Wait — perhaps we misinterpreted. Let",[3084],102.01342010498047,-2.5737411975860596,-0.025229437276721,-0.795275866985321,-0.007795796729624271,0.6084779500961304,0.00596468523144722
905,Positional Relationship (Obj.–Reg.),southeast,C,,,24,west,432,433,[10717],['west']," (Image 2). So from the stairs, to reach the lounge, you go forward (north) and left (west) → that’s northwest. But northwest isn’t an option.

Wait — perhaps we misinterpreted. Let’s define",[3086],104.05484771728516,-2.179640293121338,-0.020947033539414406,-0.026194065809249878,-0.00025173326139338315,0.03331810235977173,0.00032019749050959945
905,Positional Relationship (Obj.–Reg.),southeast,C,,,25,northwest,437,438,[50488],[' northwest']," So from the stairs, to reach the lounge, you go forward (north) and left (west) → that’s northwest. But northwest isn’t an option.

Wait — perhaps we misinterpreted. Let’s define directions based on the room",[3091],108.00297546386719,-1.4167486429214478,-0.013117681257426739,-2.4052345752716064,-0.02227007783949375,-2.364978313446045,-0.021897343918681145
905,Positional Relationship (Obj.–Reg.),southeast,C,,,26,northwest,440,441,[50488],[' northwest']," stairs, to reach the lounge, you go forward (north) and left (west) → that’s northwest. But northwest isn’t an option.

Wait — perhaps we misinterpreted. Let’s define directions based on the room’s orientation.",[3094],111.8543472290039,-1.6099591255187988,-0.014393352903425694,-1.766631841659546,-0.015794038772583008,-2.493565559387207,-0.0222929697483778
905,Positional Relationship (Obj.–Reg.),southeast,C,,,27,east,479,480,[10663],[' east'],"’s define directions based on the room’s orientation.

Alternative approach: Assume the camera in Image 1 is facing roughly east (since stairs are on right, and they go down to north — so if you face the stairs, you’re facing",[3133],110.56936645507812,-0.32221436500549316,-0.0029141376726329327,-1.5996532440185547,-0.014467418193817139,-1.7076812982559204,-0.015444434247910976
905,Positional Relationship (Obj.–Reg.),southeast,C,,,28,right,485,486,[1245],[' right']," room’s orientation.

Alternative approach: Assume the camera in Image 1 is facing roughly east (since stairs are on right, and they go down to north — so if you face the stairs, you’re facing south? No.)

Let",[3139],106.75332641601562,1.833993673324585,0.017179733142256737,-1.074783205986023,-0.010067912749946117,-1.7997715473175049,-0.016859160736203194
905,Positional Relationship (Obj.–Reg.),southeast,C,,,29,north,492,493,[9897],[' north'],": Assume the camera in Image 1 is facing roughly east (since stairs are on right, and they go down to north — so if you face the stairs, you’re facing south? No.)

Let’s use",[3146],105.51074981689453,-0.21666619181632996,-0.0020534987561404705,-0.025307103991508484,-0.00023985332518350333,-1.744971752166748,-0.016538331285119057
905,Positional Relationship (Obj.–Reg.),southeast,C,,,30,south,504,505,[9514],[' south']," (since stairs are on right, and they go down to north — so if you face the stairs, you’re facing south? No.)

Let’s use",[3158],103.95435333251953,-0.20811845362186432,-0.0020020175725221634,0.0024304091930389404,2.3379579943139106e-05,-2.7953765392303467,-0.026890423148870468
906,Positional Relationship (Obj.–Reg.),northwest,A,B,False,0,north,57,58,[9897],[' north']," the given orientation.

1. **Identify the orientation in the first image**: The window in the first image faces north. This means that the wall with the window is the north wall of the dining room.

2. **Determine",[2719],111.37834167480469,-2.031893014907837,-0.018243160098791122,-4.360819339752197,-0.03915320709347725,-2.369837999343872,-0.02127736806869507
906,Positional Relationship (Obj.–Reg.),northwest,A,B,False,1,north,69,70,[9897],[' north']," in the first image**: The window in the first image faces north. This means that the wall with the window is the north wall of the dining room.

2. **Determine the position of the dining room in the second image**: The",[2731],107.593017578125,-1.1921722888946533,-0.01108038704842329,-4.080134391784668,-0.03792192414402962,-2.329188346862793,-0.021648136898875237
906,Positional Relationship (Obj.–Reg.),northwest,A,B,False,2,left,114,115,[2047],[' left']," second image**: The second image shows a view from the dining room looking towards another room. The dining room is on the left side of the image, and the other room is on the right side.

3. **Locate the light switch",[2776],112.71559143066406,-3.876405954360962,-0.03439103439450264,0.8149314522743225,0.007229979615658522,0.6158166527748108,0.005463455803692341
906,Positional Relationship (Obj.–Reg.),northwest,A,B,False,3,right,127,128,[1245],[' right']," looking towards another room. The dining room is on the left side of the image, and the other room is on the right side.

3. **Locate the light switch in the second image**: The light switch is on the wall to",[2789],104.95088958740234,4.21319055557251,0.04014439880847931,1.2901132106781006,0.012292541563510895,-2.907304286956787,-0.027701567858457565
906,Positional Relationship (Obj.–Reg.),northwest,A,B,False,4,right,153,154,[1245],[' right'],".

3. **Locate the light switch in the second image**: The light switch is on the wall to the right of the dining room, which is the east wall of the dining room.

4. **Determine the direction of",[2815],108.71470642089844,5.874227523803711,0.054033420979976654,-0.5940985083580017,-0.005464748479425907,-2.164508819580078,-0.019909990951418877
906,Positional Relationship (Obj.–Reg.),northwest,A,B,False,5,east,162,163,[10663],[' east']," switch in the second image**: The light switch is on the wall to the right of the dining room, which is the east wall of the dining room.

4. **Determine the direction of the center of the dining room relative to the",[2824],112.07796478271484,2.5195674896240234,0.022480489686131477,-2.0360686779022217,-0.018166538327932358,-1.0643494129180908,-0.009496509097516537
906,Positional Relationship (Obj.–Reg.),northwest,A,B,False,6,east,197,198,[10663],[' east'],"Determine the direction of the center of the dining room relative to the light switch**: Since the light switch is on the east wall of the dining room, the center of the dining room is to the west of the light switch.

5.",[2859],110.72808837890625,2.480363130569458,0.02240048721432686,-1.4085345268249512,-0.012720661237835884,-1.6562763452529907,-0.014958051033318043
906,Positional Relationship (Obj.–Reg.),northwest,A,B,False,7,west,213,214,[9422],[' west'],"**: Since the light switch is on the east wall of the dining room, the center of the dining room is to the west of the light switch.

5. **Combine the directions**: The center of the dining room is to the west of",[2875],109.89698791503906,-1.5042580366134644,-0.013687890954315662,2.652116298675537,0.02413274720311165,1.0489041805267334,0.009544430300593376
906,Positional Relationship (Obj.–Reg.),northwest,A,B,False,8,west,236,237,[9422],[' west']," the west of the light switch.

5. **Combine the directions**: The center of the dining room is to the west of the light switch, and since the window in the first image faces north, the dining room is oriented such that the",[2898],108.49435424804688,-1.1272753477096558,-0.010390175506472588,2.767538547515869,0.025508595630526543,0.5892144441604614,0.005430830642580986
906,Positional Relationship (Obj.–Reg.),northwest,A,B,False,9,north,251,252,[9897],[' north']," The center of the dining room is to the west of the light switch, and since the window in the first image faces north, the dining room is oriented such that the center is southwest of the light switch.

Answer: B",[2913],106.65184783935547,-3.1034648418426514,-0.029099024832248688,-4.324101448059082,-0.04054408520460129,-2.551481008529663,-0.02392345853149891
906,Positional Relationship (Obj.–Reg.),northwest,A,B,False,10,southwest,263,264,[51206],[' southwest']," light switch, and since the window in the first image faces north, the dining room is oriented such that the center is southwest of the light switch.

Answer: B",[2925],113.04939270019531,-0.1332101970911026,-0.0011783362133428454,2.608395576477051,0.023073062300682068,-0.2691406011581421,-0.0023807345423847437
910,Attribute (Appr.),west,A,B,False,0,north,133,134,[59810],['north'],"-angle view looking down on the rooftops and the street in front of the buildings. The prompt states this is the ""north side"".
3.  **Analyze the Viewpoint in Figure 2:** Figure 2 shows a street-level",[4028],96.6404037475586,-1.3226349353790283,-0.013686148449778557,-2.2969870567321777,-0.023768393322825432,-1.8980979919433594,-0.019640833139419556
910,Attribute (Appr.),west,A,B,False,1,north,227,228,[9897],[' north']," in Figure 2 is from the opposite side of the street compared to Figure 1. If Figure 1 is the north side, then the view directly across the street would be the south side. The buildings are arranged in a row, and",[4122],97.76097869873047,-1.5308935642242432,-0.015659555792808533,-3.208141565322876,-0.03281617537140846,-2.116283416748047,-0.021647527813911438
910,Attribute (Appr.),west,A,B,False,2,south,240,241,[9514],[' south']," to Figure 1. If Figure 1 is the north side, then the view directly across the street would be the south side. The buildings are arranged in a row, and Figure 2 shows the front facades that would face the opposite",[4135],94.57340240478516,1.5033239126205444,0.015895841643214226,1.5098379850387573,0.015964720398187637,1.0179457664489746,0.010763552039861679
910,Attribute (Appr.),west,A,B,False,3,north,290,291,[9897],[' north']," from the rear/side view in Figure 1.
5.  **Conclusion:** Since Figure 1 is the north side, and Figure 2 shows the opposite side of the same street scene, Figure 2 must be the south side",[4185],98.81111907958984,-2.243098735809326,-0.022700874134898186,-3.173499584197998,-0.03211682662367821,-3.0020458698272705,-0.030381660908460617
910,Attribute (Appr.),west,A,B,False,4,south,313,314,[9514],[' south']," the north side, and Figure 2 shows the opposite side of the same street scene, Figure 2 must be the south side.

Answer: B",[4208],98.44229125976562,0.5004608631134033,0.005083799362182617,0.5584641098976135,0.005673009902238846,0.08683127164840698,0.0008820525254122913
943,Positional Relationship (Reg.–Reg.),northwest,D,C,False,0,right,19,20,[1245],[' right'],"Step 1: The first image shows a hallway with two doorways. The doorway on the right leads to a bathroom, identifiable by the sink and toilet.
Step 2: The second image shows a bedroom with",[2678],101.84117889404297,5.592351913452148,0.05491248145699501,-0.1629931926727295,-0.0016004644567146897,-0.20689177513122559,-0.0020315139554440975
943,Positional Relationship (Reg.–Reg.),northwest,D,C,False,1,west,59,60,[9422],[' west'],"2: The second image shows a bedroom with an oil painting on the wall. The painting is described as being in the west of the bedroom.
Step 3: Assuming the viewer is facing the painting in the bedroom, west is in front",[2718],102.55949401855469,-3.4358253479003906,-0.033500801771879196,-1.173419713973999,-0.011441356502473354,-1.3014870882034302,-0.012690069153904915
943,Positional Relationship (Reg.–Reg.),northwest,D,C,False,2,west,80,81,[9422],[' west']," being in the west of the bedroom.
Step 3: Assuming the viewer is facing the painting in the bedroom, west is in front of them.
Step 4: The bathroom is to the right of the bedroom when viewed from the",[2739],104.4696273803711,-3.8236327171325684,-0.03660042583942413,-1.189544677734375,-0.011386511847376823,-1.1941717863082886,-0.011430803686380386
943,Positional Relationship (Reg.–Reg.),northwest,D,C,False,3,right,97,98,[1245],[' right']," facing the painting in the bedroom, west is in front of them.
Step 4: The bathroom is to the right of the bedroom when viewed from the hallway. If west is forward in the bedroom, then right would be north.
",[2756],97.74424743652344,3.5776443481445312,0.036602094769477844,-1.0118885040283203,-0.010352409444749355,1.218303918838501,0.01246420107781887
943,Positional Relationship (Reg.–Reg.),northwest,D,C,False,4,west,108,109,[9422],[' west']," of them.
Step 4: The bathroom is to the right of the bedroom when viewed from the hallway. If west is forward in the bedroom, then right would be north.
Step 5: Therefore, the bathroom is located in",[2767],103.33415985107422,-4.6031599044799805,-0.044546350836753845,-2.48533034324646,-0.024051392450928688,-1.380226492881775,-0.013356924057006836
943,Positional Relationship (Reg.–Reg.),northwest,D,C,False,5,right,116,117,[1245],[' right']," The bathroom is to the right of the bedroom when viewed from the hallway. If west is forward in the bedroom, then right would be north.
Step 5: Therefore, the bathroom is located in the northeast direction relative to the bedroom.",[2775],102.26795196533203,3.389526844024658,0.03314358741044998,-0.34167909622192383,-0.003341018222272396,2.0524377822875977,0.020069217309355736
943,Positional Relationship (Reg.–Reg.),northwest,D,C,False,6,north,119,120,[9897],[' north']," to the right of the bedroom when viewed from the hallway. If west is forward in the bedroom, then right would be north.
Step 5: Therefore, the bathroom is located in the northeast direction relative to the bedroom.
Answer:",[2778],91.428466796875,1.128509759902954,0.012343090027570724,-3.727999687194824,-0.04077504202723503,0.32058006525039673,0.003506348468363285
943,Positional Relationship (Reg.–Reg.),northwest,D,C,False,7,northeast,134,135,[39481],[' northeast']," forward in the bedroom, then right would be north.
Step 5: Therefore, the bathroom is located in the northeast direction relative to the bedroom.
Answer: C",[2793],101.40916442871094,1.5559413433074951,0.015343202278017998,-2.3689777851104736,-0.023360589519143105,-0.24598735570907593,-0.0024256915785372257
944,Positional Relationship (Reg.–Reg.),northwest,A,C,False,0,south,57,58,[9514],[' south'],"1. **Identify the orientation of the bedroom window**: The problem states that the window of the bedroom is on the south side of the bedroom. This means that when you are in the bedroom facing the window, you are facing south.

",[2718],99.41842651367188,-0.20565392076969147,-0.002068569418042898,-0.40187567472457886,-0.004042265471071005,-0.9947259426116943,-0.010005448013544083
944,Positional Relationship (Reg.–Reg.),northwest,A,C,False,1,south,79,80,[9514],[' south']," on the south side of the bedroom. This means that when you are in the bedroom facing the window, you are facing south.

2. **Analyze the first image (bedroom)**: The first image shows the bedroom with a large",[2740],99.04833984375,-0.26566803455352783,-0.002682205755263567,-1.7932132482528687,-0.018104424700140953,-1.614404559135437,-0.016299158334732056
944,Positional Relationship (Reg.–Reg.),northwest,A,C,False,2,left,127,128,[2047],[' left']," large window. The window is framed by curtains and offers a view of greenery outside. The bed is positioned to the left of the window, and a TV is mounted on the wall to the right of the window.

3. **An",[2788],107.69490051269531,-5.772360324859619,-0.053599197417497635,0.8047824501991272,0.007472800090909004,-0.3001396656036377,-0.002786944154649973
944,Positional Relationship (Reg.–Reg.),northwest,A,C,False,3,right,142,143,[1245],[' right'],"ery outside. The bed is positioned to the left of the window, and a TV is mounted on the wall to the right of the window.

3. **Analyze the second image (living room)**: The second image shows a living",[2803],101.98062133789062,4.072574615478516,0.03993478789925575,-0.5621210336685181,-0.00551203778013587,-0.06376200914382935,-0.0006252365419641137
944,Positional Relationship (Reg.–Reg.),northwest,A,C,False,4,left,174,175,[2047],[' left']," **Analyze the second image (living room)**: The second image shows a living room with a white door on the left side. Through the doorway, we can see part of the bedroom, including the same window and curtains seen in the first",[2835],103.6748046875,-3.7067697048187256,-0.03575381264090538,0.6532264947891235,0.006300725508481264,-0.9177216291427612,-0.008851924911141396
944,Positional Relationship (Reg.–Reg.),northwest,A,C,False,5,south,244,245,[9514],[' south'],".

4. **Determine the relative position of the living room**: Since the window in the bedroom is on the south side, and the living room is visible through a door on the left side of the bedroom (when facing the window),",[2905],104.79916381835938,-0.8935998678207397,-0.008526784367859364,-0.6771702170372009,-0.006461599376052618,-2.4916672706604004,-0.02377564087510109
944,Positional Relationship (Reg.–Reg.),northwest,A,C,False,6,left,258,259,[2047],[' left'],"**: Since the window in the bedroom is on the south side, and the living room is visible through a door on the left side of the bedroom (when facing the window), the living room must be to the west of the bedroom. However,",[2919],107.6900405883789,-5.276705741882324,-0.04899901524186134,0.21243759989738464,0.0019726764876395464,0.7951882481575012,0.007384046446532011
944,Positional Relationship (Reg.–Reg.),northwest,A,C,False,7,west,276,277,[9422],[' west']," visible through a door on the left side of the bedroom (when facing the window), the living room must be to the west of the bedroom. However, the question asks for the direction of the living room relative to the bedroom, and the options",[2937],106.19561004638672,-3.613218307495117,-0.034024178981781006,0.48349958658218384,0.004552915226668119,-0.41260653734207153,-0.0038853446021676064
944,Positional Relationship (Reg.–Reg.),northwest,A,C,False,8,northwest,303,304,[38100],[' Northwest']," bedroom. However, the question asks for the direction of the living room relative to the bedroom, and the options provided are Northwest, Northeast, Southwest, and Southeast.

5. **Refine the direction based on the options**: Given that the",[2964],106.05886840820312,-3.0256524085998535,-0.02852804772555828,-4.673486232757568,-0.044065020978450775,-2.49078369140625,-0.023484917357563972
944,Positional Relationship (Reg.–Reg.),northwest,A,C,False,9,northeast,305,306,[43102],[' Northeast']," However, the question asks for the direction of the living room relative to the bedroom, and the options provided are Northwest, Northeast, Southwest, and Southeast.

5. **Refine the direction based on the options**: Given that the living room",[2966],98.115234375,1.9016528129577637,0.019381830468773842,-4.778991222381592,-0.04870794340968132,-2.425332546234131,-0.024719225242733955
944,Positional Relationship (Reg.–Reg.),northwest,A,C,False,10,southwest,307,308,[44164],[' Southwest']," the question asks for the direction of the living room relative to the bedroom, and the options provided are Northwest, Northeast, Southwest, and Southeast.

5. **Refine the direction based on the options**: Given that the living room is to",[2968],93.79794311523438,-2.111262321472168,-0.022508621215820312,3.0444138050079346,0.032457150518894196,-1.885328769683838,-0.02009989507496357
944,Positional Relationship (Reg.–Reg.),northwest,A,C,False,11,southeast,310,311,[34388],[' Southeast']," for the direction of the living room relative to the bedroom, and the options provided are Northwest, Northeast, Southwest, and Southeast.

5. **Refine the direction based on the options**: Given that the living room is to the west of",[2971],103.59333038330078,2.3695106506347656,0.022873196750879288,0.5778540968894958,0.005578101146966219,-0.37161874771118164,-0.003587284591048956
944,Positional Relationship (Reg.–Reg.),northwest,A,C,False,12,west,333,334,[9422],[' west']," and Southeast.

5. **Refine the direction based on the options**: Given that the living room is to the west of the bedroom and the window is on the south side, the living room is actually to the southwest of the bedroom.",[2994],115.13095092773438,-1.9954335689544678,-0.017331860959529877,1.1817502975463867,0.010264401324093342,-0.8890042304992676,-0.0077216788195073605
944,Positional Relationship (Reg.–Reg.),northwest,A,C,False,13,south,343,344,[9514],[' south']," direction based on the options**: Given that the living room is to the west of the bedroom and the window is on the south side, the living room is actually to the southwest of the bedroom. This is because the living room is not directly west",[3004],103.78146362304688,-1.8159804344177246,-0.017498118802905083,0.01090124249458313,0.00010504035890335217,-2.151186943054199,-0.02072804607450962
944,Positional Relationship (Reg.–Reg.),northwest,A,C,False,14,southwest,353,354,[51206],[' southwest']," room is to the west of the bedroom and the window is on the south side, the living room is actually to the southwest of the bedroom. This is because the living room is not directly west but slightly south of west, as it is adjacent",[3014],112.3249740600586,-1.52173912525177,-0.013547646813094616,4.808145999908447,0.04280567169189453,-0.031047940254211426,-0.00027641173801384866
944,Positional Relationship (Reg.–Reg.),northwest,A,C,False,15,west,367,368,[9422],[' west']," south side, the living room is actually to the southwest of the bedroom. This is because the living room is not directly west but slightly south of west, as it is adjacent to the south-facing window.

Answer: C",[3028],114.27144622802734,-1.02220618724823,-0.008945421315729618,0.3543349504470825,0.003100818023085594,-2.7623226642608643,-0.024173341691493988
944,Positional Relationship (Reg.–Reg.),northwest,A,C,False,16,south,370,371,[9514],[' south']," the living room is actually to the southwest of the bedroom. This is because the living room is not directly west but slightly south of west, as it is adjacent to the south-facing window.

Answer: C",[3031],114.67329406738281,-0.060220614075660706,-0.0005251494003459811,1.6957228183746338,0.01478742528706789,0.19483232498168945,0.0016990209696814418
944,Positional Relationship (Reg.–Reg.),northwest,A,C,False,17,west,372,373,[9422],[' west']," room is actually to the southwest of the bedroom. This is because the living room is not directly west but slightly south of west, as it is adjacent to the south-facing window.

Answer: C",[3033],114.30082702636719,0.3504607081413269,0.0030661257915198803,0.7459644079208374,0.006526325363665819,-0.5249239206314087,-0.00459247687831521
944,Positional Relationship (Reg.–Reg.),northwest,A,C,False,18,south,380,381,[9514],[' south']," bedroom. This is because the living room is not directly west but slightly south of west, as it is adjacent to the south-facing window.

Answer: C",[3041],108.99532318115234,-1.809964656829834,-0.016605893149971962,-1.770501732826233,-0.01624383218586445,-2.0890893936157227,-0.01916678063571453
954,Positional Relationship (Obj.–Reg.),southwest,A,D,False,0,east,70,71,[10663],[' east']," room. The television is mounted on a wood-paneled wall. According to the problem description, this wall is on the east side of the living room.
2.  **Identify the faucet's location:** The first image shows a kitchen",[2719],98.46343231201172,2.8773128986358643,0.029222147539258003,-2.438408851623535,-0.024764614179730415,-2.2441353797912598,-0.022791560739278793
954,Positional Relationship (Obj.–Reg.),southwest,A,D,False,1,left,176,177,[2047],[' left']," wall next to a window. By observing the layout, we can infer that the kitchen area with the faucet is to the left of the living room when facing the living room from the kitchen.
4.  **Establish the directional relationship:** If",[2825],102.86119842529297,-4.545165538787842,-0.04418736696243286,-1.3052793741226196,-0.012689716182649136,-0.8326771259307861,-0.0080951526761055
954,Positional Relationship (Obj.–Reg.),southwest,A,D,False,2,east,206,207,[10663],[' east']," facing the living room from the kitchen.
4.  **Establish the directional relationship:** If the television is on the east wall of the living room, and the kitchen (with the faucet) is to the left of the living room, then",[2855],99.4976806640625,2.8077237606048584,0.028218986466526985,-2.5187978744506836,-0.025315141305327415,-2.672355890274048,-0.02685847505927086
954,Positional Relationship (Obj.–Reg.),southwest,A,D,False,3,left,224,225,[2047],[' left']," If the television is on the east wall of the living room, and the kitchen (with the faucet) is to the left of the living room, then the faucet is to the west of the television.
5.  **Refine the",[2873],102.21154022216797,-3.227025032043457,-0.031572021543979645,-1.0047403573989868,-0.009830009192228317,-0.24162867665290833,-0.002364005893468857
954,Positional Relationship (Obj.–Reg.),southwest,A,D,False,4,west,236,237,[9422],[' west'],", and the kitchen (with the faucet) is to the left of the living room, then the faucet is to the west of the television.
5.  **Refine the direction:** Since the faucet is in a separate room to the",[2885],96.97799682617188,-2.3891069889068604,-0.02463555708527565,-0.29985085129737854,-0.0030919471755623817,-0.6307910680770874,-0.006504476070404053
954,Positional Relationship (Obj.–Reg.),southwest,A,D,False,5,west,261,262,[9422],[' west']," of the television.
5.  **Refine the direction:** Since the faucet is in a separate room to the west, and considering the typical layout of such spaces, it is most likely to the northwest of the television, as it is",[2910],100.40697479248047,-2.8319082260131836,-0.02820429764688015,0.1025572121143341,0.001021415228024125,-1.3124903440475464,-0.013071704655885696
954,Positional Relationship (Obj.–Reg.),southwest,A,D,False,6,northwest,278,279,[50488],[' northwest']," is in a separate room to the west, and considering the typical layout of such spaces, it is most likely to the northwest of the television, as it is not directly west but slightly offset.

Answer: D",[2927],106.6446762084961,-3.694025993347168,-0.03463863581418991,-2.9388480186462402,-0.027557380497455597,-1.4126369953155518,-0.0132462028414011
954,Positional Relationship (Obj.–Reg.),southwest,A,D,False,7,west,288,289,[9422],[' west']," considering the typical layout of such spaces, it is most likely to the northwest of the television, as it is not directly west but slightly offset.

Answer: D",[2937],105.06714630126953,-1.0949995517730713,-0.010421902872622013,0.7553450465202332,0.007189164869487286,-2.3355789184570312,-0.02222939394414425
955,Positional Relationship (Obj.–Reg.),southeast,C,C,True,0,north,59,60,[9897],[' north']," arched doorway leading into a bathroom/shower room. The shower room is visible through this arch, and its entrance faces north (as given).
2. The second image shows a sofa chair positioned near a glass door that leads outside — likely",[2708],105.70555114746094,-0.47739270329475403,-0.004516249988228083,-3.201997995376587,-0.03029167279601097,-2.3043012619018555,-0.021799245849251747
955,Positional Relationship (Obj.–Reg.),southeast,C,C,True,1,north,126,127,[59810],['north']," but not inside the shower room.
3. From the perspective of someone standing in the hallway facing the shower room (north), the sofa chair is located to the right side of the hallway — which would be east.
4. However,",[2775],102.90144348144531,-0.8957468271255493,-0.008704900741577148,-3.4007506370544434,-0.03304861858487129,-2.9707932472229004,-0.028870277106761932
955,Positional Relationship (Obj.–Reg.),southeast,C,C,True,2,right,135,136,[1245],[' right'],". From the perspective of someone standing in the hallway facing the shower room (north), the sofa chair is located to the right side of the hallway — which would be east.
4. However, since the chair is also slightly behind the viewer",[2784],109.24510192871094,4.621128082275391,0.04230055212974548,-2.15869140625,-0.019760074093937874,0.895763635635376,0.00819957721978426
955,Positional Relationship (Obj.–Reg.),southeast,C,C,True,3,east,144,145,[10663],[' east']," hallway facing the shower room (north), the sofa chair is located to the right side of the hallway — which would be east.
4. However, since the chair is also slightly behind the viewer’s position relative to the shower room (i",[2793],104.7025375366211,2.075873374938965,0.019826389849185944,-1.245147943496704,-0.011892242357134819,0.7471237778663635,0.007135679945349693
955,Positional Relationship (Obj.–Reg.),southeast,C,C,True,4,southeast,186,187,[40080],[' southeast']," relative to the shower room (i.e., further back along the hallway or in a perpendicular space), it lies in the southeast quadrant relative to the shower room’s entrance.
5. Therefore, combining cardinal directions: if the shower room faces north",[2835],112.46150207519531,2.3205008506774902,0.02063373476266861,1.7336705923080444,0.015415680594742298,0.21068549156188965,0.0018734009936451912
955,Positional Relationship (Obj.–Reg.),southeast,C,C,True,5,north,210,211,[9897],[' north']," southeast quadrant relative to the shower room’s entrance.
5. Therefore, combining cardinal directions: if the shower room faces north, and the chair is to the right (east) and slightly behind (south), the direction is southeast.

Answer",[2859],103.96167755126953,-2.272536277770996,-0.021859364584088326,-4.5568695068359375,-0.0438322052359581,-3.6339111328125,-0.03495433181524277
955,Positional Relationship (Obj.–Reg.),southeast,C,C,True,6,right,218,219,[1245],[' right']," entrance.
5. Therefore, combining cardinal directions: if the shower room faces north, and the chair is to the right (east) and slightly behind (south), the direction is southeast.

Answer: C",[2867],113.71109771728516,1.887183666229248,0.016596302390098572,-1.9506118297576904,-0.01715410314500332,0.3128705620765686,0.002751451451331377
955,Positional Relationship (Obj.–Reg.),southeast,C,C,True,7,east,220,221,[58463],['east'],"
5. Therefore, combining cardinal directions: if the shower room faces north, and the chair is to the right (east) and slightly behind (south), the direction is southeast.

Answer: C",[2869],104.54744720458984,1.010200023651123,0.009662598371505737,-0.7129881381988525,-0.006819756701588631,0.17764663696289062,0.0016991962911561131
955,Positional Relationship (Obj.–Reg.),southeast,C,C,True,8,south,226,227,[64240],['south']," cardinal directions: if the shower room faces north, and the chair is to the right (east) and slightly behind (south), the direction is southeast.

Answer: C",[2875],97.13768005371094,-0.09860756993293762,-0.0010151320602744818,2.610042095184326,0.0268695130944252,-0.02568429708480835,-0.0002644112682901323
955,Positional Relationship (Obj.–Reg.),southeast,C,C,True,9,southeast,231,232,[40080],[' southeast']," shower room faces north, and the chair is to the right (east) and slightly behind (south), the direction is southeast.

Answer: C",[2880],96.30094909667969,1.7253073453903198,0.017915787175297737,0.5328489542007446,0.0055331639014184475,0.9023295640945435,0.009369892999529839
967,Attribute (Appr.),northeast,D,A,False,0,north,47,48,[59810],['north']," two images.

1.  **Identify the reference frame:** The problem states that Figure 1 shows the ""north side"" of the object. In this context, ""north"" refers to the top portion of the image as presented.",[3935],98.58840942382812,-2.295682430267334,-0.0232855211943388,-4.0002665519714355,-0.04057542607188225,-2.568114757537842,-0.026048850268125534
967,Attribute (Appr.),northeast,D,A,False,1,north,59,60,[59810],['north']," frame:** The problem states that Figure 1 shows the ""north side"" of the object. In this context, ""north"" refers to the top portion of the image as presented.
2.  **Analyze the change in perspective:**",[3947],98.90703582763672,-2.5188779830932617,-0.025467125698924065,-3.2242050170898438,-0.0325983390212059,-2.167732000350952,-0.021916862577199936
967,Attribute (Appr.),northeast,D,A,False,2,top,64,65,[1844],[' top']," that Figure 1 shows the ""north side"" of the object. In this context, ""north"" refers to the top portion of the image as presented.
2.  **Analyze the change in perspective:** Comparing Figure 1",[3952],101.41008758544922,-0.8868709206581116,-0.008745391853153706,-5.650835990905762,-0.05572262033820152,-2.094947099685669,-0.02065817266702652
967,Attribute (Appr.),northeast,D,A,False,3,lower,121,122,[4570],[' lower']," viewpoint has shifted. The objects, which were seen from a higher angle in Figure 1, are now viewed from a lower angle in Figure 2. The background has also changed from a white surface to a black one, indicating a rotation of",[4009],99.09117126464844,-1.1178977489471436,-0.011281507089734077,5.540331840515137,0.055911459028720856,0.9333856105804443,0.009419462643563747
967,Attribute (Appr.),northeast,D,A,False,4,top,168,169,[1844],[' top']," rotation of the scene or the camera.
3.  **Determine the direction of rotation:** The shift from a top-down view (Figure 1) to a side view (Figure 2) represents a rotation. If we imagine the",[4056],98.26741027832031,-2.173253297805786,-0.022115707397460938,-5.178438186645508,-0.05269741266965866,-1.9323145151138306,-0.019663838669657707
967,Attribute (Appr.),northeast,D,A,False,5,north,207,208,[59810],['north'],"2) represents a rotation. If we imagine the object is on a table and we are looking at it from the ""north"" (top of the page), moving to a side view corresponds to rotating the viewpoint.
4.  **Map",[4095],102.75697326660156,-2.683324098587036,-0.026113303378224373,-3.268035650253296,-0.031803540885448456,-2.354358434677124,-0.022911909967660904
967,Attribute (Appr.),northeast,D,A,False,6,top,210,211,[3369],['top']," a rotation. If we imagine the object is on a table and we are looking at it from the ""north"" (top of the page), moving to a side view corresponds to rotating the viewpoint.
4.  **Map the rotation to",[4098],98.83000946044922,-1.4932515621185303,-0.015109293162822723,-2.7193241119384766,-0.027515165507793427,-1.1919342279434204,-0.01206044852733612
967,Attribute (Appr.),northeast,D,A,False,7,north,259,260,[4634],[' North']," cardinal directions:** A standard convention for such problems is to treat the image plane as a map. If the initial view is North, a 90-degree clockwise rotation of the viewpoint would bring the observer to the East side. A 90",[4147],101.28868103027344,-2.216498851776123,-0.021882986649870872,-3.597280979156494,-0.035515133291482925,-1.7581673860549927,-0.01735798455774784
967,Attribute (Appr.),northeast,D,A,False,8,east,277,278,[6127],[' East'],". If the initial view is North, a 90-degree clockwise rotation of the viewpoint would bring the observer to the East side. A 90-degree counter-clockwise rotation would bring the observer to the West side. The transition from the",[4165],93.18778991699219,1.3253873586654663,0.014222757890820503,-0.7010172605514526,-0.007522630039602518,0.861203134059906,0.009241587482392788
967,Attribute (Appr.),northeast,D,A,False,9,west,295,296,[4171],[' West'], would bring the observer to the East side. A 90-degree counter-clockwise rotation would bring the observer to the West side. The transition from the top view to the side view shown is consistent with a 90-degree clockwise rotation around,[4183],85.32279205322266,-1.169967770576477,-0.013712253421545029,0.5655466318130493,0.006628318224102259,-1.6368190050125122,-0.019183842465281487
967,Attribute (Appr.),northeast,D,A,False,10,top,302,303,[1844],[' top']," side. A 90-degree counter-clockwise rotation would bring the observer to the West side. The transition from the top view to the side view shown is consistent with a 90-degree clockwise rotation around the vertical axis.
5.",[4190],100.57349395751953,-2.265882968902588,-0.02252962440252304,-3.78251051902771,-0.037609416991472244,-2.417891502380371,-0.02404104173183441
967,Attribute (Appr.),northeast,D,A,False,11,north,343,344,[4634],[' North']," around the vertical axis.
5.  **Conclusion:** Since the viewpoint has rotated 90 degrees clockwise from the North side, the new view in Figure 2 represents the East side of the object.

Answer: A",[4231],100.21185302734375,-3.144535541534424,-0.03137888014316559,-4.024336338043213,-0.040158286690711975,-2.1120078563690186,-0.021075429394841194
967,Attribute (Appr.),northeast,D,A,False,12,east,355,356,[6127],[' East']," Since the viewpoint has rotated 90 degrees clockwise from the North side, the new view in Figure 2 represents the East side of the object.

Answer: A",[4243],97.25019836425781,-0.25297340750694275,-0.002601263578981161,-0.5799142122268677,-0.005963115952908993,1.0989136695861816,0.011299860663712025
968,Attribute (Appr.),east,A,A,True,0,north,47,48,[9897],[' north']," standard cardinal directions.

1.  **Identify the reference side:** The problem states that Figure 1 shows the north side of the building. This side is characterized by a long, relatively plain facade with a grey roof and a small turret",[3936],96.51214599609375,-1.4341161251068115,-0.014859437011182308,-3.4847097396850586,-0.03610643744468689,-2.3122341632843018,-0.023957960307598114
968,Attribute (Appr.),east,A,A,True,1,right,74,75,[1245],[' right']," the building. This side is characterized by a long, relatively plain facade with a grey roof and a small turret on the right.
2.  **Identify the key feature in Figure 2:** Figure 2 shows a different facade of",[3963],99.63905334472656,2.8496222496032715,0.0285994503647089,-0.3878234922885895,-0.0038922838866710663,-0.5664811134338379,-0.005685332231223583
968,Attribute (Appr.),east,A,A,True,2,north,158,159,[9897],[' north']," architectural models and real buildings, different facades are on different sides. The view in Figure 2 is clearly not the north side (Figure 1). It appears to be an adjacent side, as the roofline and the turret are visible,",[4047],99.98522186279297,-2.2175521850585938,-0.02217879891395569,-3.0994274616241455,-0.03099885582923889,-3.502443790435791,-0.035029616206884384
968,Attribute (Appr.),east,A,A,True,3,north,207,208,[9897],[' north']," connecting the two views.
4.  **Determine the relative position:** If we imagine standing in front of the north side (Figure 1), the side with the stepped gable (Figure 2) is to the right. In",[4096],98.35970306396484,-2.788395404815674,-0.02834896184504032,-2.5338780879974365,-0.02576134353876114,-3.0243144035339355,-0.030747493728995323
968,Attribute (Appr.),east,A,A,True,4,right,229,230,[1245],[' right']," of the north side (Figure 1), the side with the stepped gable (Figure 2) is to the right. In standard map orientation (North at the top), the direction to the right of North is East.
5.",[4118],96.98069763183594,2.17714524269104,0.02244926430284977,-2.303812026977539,-0.02375536598265171,0.33880355954170227,0.003493515308946371
968,Attribute (Appr.),east,A,A,True,5,north,236,237,[24420],['North'],"1), the side with the stepped gable (Figure 2) is to the right. In standard map orientation (North at the top), the direction to the right of North is East.
5.  **Conclusion:** Therefore, the",[4125],102.5588607788086,-2.4406187534332275,-0.023797249421477318,-5.340869426727295,-0.05207613855600357,-2.4621362686157227,-0.024007055908441544
968,Attribute (Appr.),east,A,A,True,6,top,239,240,[1844],[' top']," side with the stepped gable (Figure 2) is to the right. In standard map orientation (North at the top), the direction to the right of North is East.
5.  **Conclusion:** Therefore, the side of the",[4128],92.66575622558594,-0.9924149513244629,-0.010709619149565697,-2.6597959995269775,-0.02870311588048935,-2.1519720554351807,-0.023222947493195534
968,Attribute (Appr.),east,A,A,True,7,right,245,246,[1245],[' right']," (Figure 2) is to the right. In standard map orientation (North at the top), the direction to the right of North is East.
5.  **Conclusion:** Therefore, the side of the building shown in Figure 2",[4134],100.64552307128906,1.493736982345581,0.014841563999652863,-1.6031358242034912,-0.015928536653518677,0.9748098850250244,0.00968557596206665
968,Attribute (Appr.),east,A,A,True,8,north,247,248,[4634],[' North']," 2) is to the right. In standard map orientation (North at the top), the direction to the right of North is East.
5.  **Conclusion:** Therefore, the side of the building shown in Figure 2 is the",[4136],97.15038299560547,-0.8883770704269409,-0.009144349955022335,-4.055665969848633,-0.041746269911527634,-0.670067548751831,-0.00689721992239356
968,Attribute (Appr.),east,A,A,True,9,east,249,250,[6127],[' East'],") is to the right. In standard map orientation (North at the top), the direction to the right of North is East.
5.  **Conclusion:** Therefore, the side of the building shown in Figure 2 is the east side",[4138],89.60539245605469,0.892553448677063,0.009960934519767761,-1.4347723722457886,-0.016012120991945267,1.7845709323883057,0.019915888085961342
968,Attribute (Appr.),east,A,A,True,10,east,272,273,[10663],[' east']," is East.
5.  **Conclusion:** Therefore, the side of the building shown in Figure 2 is the east side.

Answer: A",[4161],95.70759582519531,0.10142835974693298,0.0010597733780741692,-0.5919419527053833,-0.0061849006451666355,0.4647418260574341,0.004855851177126169
972,MSR,southwest,B,,,0,north,20,21,[9897],[' north'],"Let's analyze the spatial relationships step by step based on the images and the given orientation (facing north in image 2).

1.  **Establish Orientation:** In image 2, we are looking through a doorway",[7833],102.9618148803711,0.2228962928056717,0.0021648441907018423,-2.840430736541748,-0.027587225660681725,-2.329145908355713,-0.022621452808380127
972,MSR,southwest,B,,,1,north,55,56,[4634],[' North'],"Establish Orientation:** In image 2, we are looking through a doorway into another room, and this direction is defined as North. This means the kitchen area we are standing in is South of that room. The refrigerator is to our right (East",[7868],101.20246887207031,0.036767616868019104,0.0003633075102698058,-3.4297475814819336,-0.03388996049761772,-2.939079999923706,-0.029041584581136703
972,MSR,southwest,B,,,2,south,67,68,[4725],[' South']," a doorway into another room, and this direction is defined as North. This means the kitchen area we are standing in is South of that room. The refrigerator is to our right (East), and the stone pillar is to our left (West).",[7880],100.58944702148438,-0.3115192651748657,-0.0030969379004091024,2.075984477996826,0.02063819393515587,-0.248984694480896,-0.0024752565659582615
972,MSR,southwest,B,,,3,right,77,78,[1245],[' right']," defined as North. This means the kitchen area we are standing in is South of that room. The refrigerator is to our right (East), and the stone pillar is to our left (West).

2.  **Locate Key Items:**",[7890],100.2496109008789,4.651402473449707,0.046398211270570755,-2.199162483215332,-0.021936867386102676,0.17803668975830078,0.0017759340116754174
972,MSR,southwest,B,,,4,east,79,80,[35139],['East']," North. This means the kitchen area we are standing in is South of that room. The refrigerator is to our right (East), and the stone pillar is to our left (West).

2.  **Locate Key Items:**
   ",[7892],99.35426330566406,2.05671763420105,0.0207008495926857,-1.5582093000411987,-0.015683365985751152,-0.34284472465515137,-0.0034507298842072487
972,MSR,southwest,B,,,5,left,88,89,[2047],[' left']," standing in is South of that room. The refrigerator is to our right (East), and the stone pillar is to our left (West).

2.  **Locate Key Items:**
    -   **Refrigerator:** Seen",[7901],93.62334442138672,-2.619140625,-0.02797529473900795,-1.4715757369995117,-0.015718042850494385,-0.4773920774459839,-0.005099071189761162
972,MSR,southwest,B,,,6,west,90,91,[22581],['West']," is South of that room. The refrigerator is to our right (East), and the stone pillar is to our left (West).

2.  **Locate Key Items:**
    -   **Refrigerator:** Seen in images",[7903],89.50365447998047,-1.819442629814148,-0.020328138023614883,0.02028024196624756,0.00022658563102595508,-0.7430194616317749,-0.00830155424773693
972,MSR,southwest,B,,,7,east,125,126,[6127],[' East'],":**
    -   **Refrigerator:** Seen in images 2 and 3, it is on the East side of the kitchen.
    -   **Stove:** Seen in images 1 and 6, it is",[7938],105.05752563476562,2.3396387100219727,0.022270072251558304,-2.404653787612915,-0.022888924926519394,-1.282822608947754,-0.012210668064653873
972,MSR,southwest,B,,,8,west,188,189,[4171],[' West'],". Based on the layout in image 3, the stove is on the wall opposite the refrigerator, which would be the West side of the kitchen.
    -   **Toaster:** Seen in image 1, it is on the counter",[8001],99.87260437011719,-3.760408401489258,-0.03765205293893814,-0.17310206592082977,-0.001733228680677712,-0.9205262064933777,-0.009217004291713238
972,MSR,southwest,B,,,9,west,224,225,[4171],[' West'],"aster:** Seen in image 1, it is on the counter next to the stove, so it is also on the West side.
    -   **Living Room:** Seen through the archway in image 5. From the kitchen's",[8037],96.89630889892578,-3.1564431190490723,-0.03257547318935394,-0.9545137882232666,-0.009850878268480301,-1.1955606937408447,-0.012338557280600071
972,MSR,southwest,B,,,10,left,265,266,[2047],[' left']," image 5. From the kitchen's perspective (image 3), the living room is through an archway to the left. If the refrigerator is East, then the wall with the microwave (image 3) is North. The archway",[8078],100.34203338623047,-4.272757053375244,-0.04258192703127861,-0.24040722846984863,-0.0023958776146173477,-0.7394013404846191,-0.0073688095435500145
972,MSR,southwest,B,,,11,east,271,272,[6127],[' East']," kitchen's perspective (image 3), the living room is through an archway to the left. If the refrigerator is East, then the wall with the microwave (image 3) is North. The archway to the living room is to",[8084],92.1839828491211,0.6828625202178955,0.007407604716718197,-2.351419687271118,-0.02550789900124073,-1.6339141130447388,-0.01772448979318142
972,MSR,southwest,B,,,12,north,285,286,[4634],[' North']," archway to the left. If the refrigerator is East, then the wall with the microwave (image 3) is North. The archway to the living room is to the left of that, placing the living room in the Northwest direction from",[8098],96.77485656738281,-0.09350058436393738,-0.0009661660878919065,-3.9844210147857666,-0.04117206856608391,-1.2327877283096313,-0.012738719582557678
972,MSR,southwest,B,,,13,left,297,298,[2047],[' left']," then the wall with the microwave (image 3) is North. The archway to the living room is to the left of that, placing the living room in the Northwest direction from the main kitchen area.
    -   **Knives",[8110],97.25748443603516,-2.6213972568511963,-0.026953168213367462,-0.6058106422424316,-0.006228935904800892,0.10606980323791504,0.0010906081879511476
972,MSR,southwest,B,,,14,northwest,307,308,[38100],[' Northwest'],") is North. The archway to the living room is to the left of that, placing the living room in the Northwest direction from the main kitchen area.
    -   **Knives:** Seen in image 3 on the kitchen island",[8120],98.88267517089844,-2.104681968688965,-0.021284637972712517,-3.112297534942627,-0.03147464990615845,-2.0816235542297363,-0.021051447838544846
972,MSR,southwest,B,,,15,northeast,362,363,[39481],[' northeast']," center of the kitchen.

3.  **Evaluate Options:**
    -   **A: The living room is northeast of the stove.** The stove is on the West wall. The living room is to the Northwest. So, this is",[8175],92.5301284790039,2.0445919036865234,0.022096499800682068,-4.463291168212891,-0.04823608696460724,-1.5817123651504517,-0.017094025388360023
972,MSR,southwest,B,,,16,west,372,373,[4171],[' West'],"Evaluate Options:**
    -   **A: The living room is northeast of the stove.** The stove is on the West wall. The living room is to the Northwest. So, this is incorrect.
    -   **B: The",[8185],94.4881591796875,-3.9382448196411133,-0.04167976975440979,-0.3787858486175537,-0.004008817952126265,-1.8621740341186523,-0.019708015024662018
972,MSR,southwest,B,,,17,northwest,381,382,[38100],[' Northwest'],": The living room is northeast of the stove.** The stove is on the West wall. The living room is to the Northwest. So, this is incorrect.
    -   **B: The toaster is southwest of the refrigerator.** The refrigerator",[8194],99.52721405029297,-1.5694231986999512,-0.015768785029649734,-2.6004059314727783,-0.026127586141228676,-1.666451334953308,-0.016743674874305725
972,MSR,southwest,B,,,18,southwest,399,400,[51206],[' southwest']," The living room is to the Northwest. So, this is incorrect.
    -   **B: The toaster is southwest of the refrigerator.** The refrigerator is on the East side. The toaster is on the West side. Therefore, the toaster",[8212],90.02677154541016,-2.2412686347961426,-0.024895578622817993,2.8188815116882324,0.03131159022450447,0.9146461486816406,0.010159713216125965
972,MSR,southwest,B,,,19,east,409,410,[6127],[' East']," this is incorrect.
    -   **B: The toaster is southwest of the refrigerator.** The refrigerator is on the East side. The toaster is on the West side. Therefore, the toaster is West of the refrigerator. Since the toaster is",[8222],91.14739227294922,1.441817045211792,0.0158185213804245,-1.9231386184692383,-0.021099217236042023,-2.182978391647339,-0.023949982598423958
972,MSR,southwest,B,,,20,west,417,418,[4171],[' West']," **B: The toaster is southwest of the refrigerator.** The refrigerator is on the East side. The toaster is on the West side. Therefore, the toaster is West of the refrigerator. Since the toaster is also slightly further back (South) than",[8230],89.90220642089844,-2.6397812366485596,-0.029362808912992477,-0.19151180982589722,-0.002130223670974374,0.2791327238082886,0.0031048483215272427
972,MSR,southwest,B,,,21,west,425,426,[4171],[' West']," the refrigerator.** The refrigerator is on the East side. The toaster is on the West side. Therefore, the toaster is West of the refrigerator. Since the toaster is also slightly further back (South) than the front of the refrigerator, ""south",[8238],95.0768051147461,-1.543348789215088,-0.016232652589678764,-0.3488059341907501,-0.0036686754319816828,-0.7660408020019531,-0.008057073689997196
972,MSR,southwest,B,,,22,south,439,440,[24225],['South']," on the West side. Therefore, the toaster is West of the refrigerator. Since the toaster is also slightly further back (South) than the front of the refrigerator, ""southwest"" is an accurate description. This seems correct.
    -",[8252],95.01197814941406,-0.2765059173107147,-0.0029102216940373182,2.4057843685150146,0.025320854038000107,0.39886361360549927,0.004198035225272179
972,MSR,southwest,B,,,23,southwest,449,451,"[64240, 10717]","['south', 'west']"," West of the refrigerator. Since the toaster is also slightly further back (South) than the front of the refrigerator, ""southwest"" is an accurate description. This seems correct.
    -   **C: There is only one faucet in total","[8262, 8263]",92.13232421875,-1.6237187385559082,-0.017623769119381905,1.4984464645385742,0.016264067962765694,-0.35998475551605225,-0.003907258156687021
978,MSR,southwest,A,C,False,0,north,46,47,[9897],[' north']," in the images.

1.  **Identify the door's location:** The problem states the door is on the north wall. Image 4 shows the door, and Image 7 shows the view from the doorway looking into the room.",[8546],95.19722747802734,-0.6431306600570679,-0.006755771115422249,-5.011716365814209,-0.05264561250805855,-3.5080978870391846,-0.03685083985328674
978,MSR,southwest,A,C,False,1,right,107,108,[1245],[' right']," In Image 7, the camera is positioned at the doorway, looking into the room. The door frame is on the right side of the image. This means the camera is facing roughly south into the room.
3.  **Locate",[8607],98.62300109863281,4.240589141845703,0.042997971177101135,-0.4110051393508911,-0.004167437087744474,-1.4117575883865356,-0.014314688742160797
978,MSR,southwest,A,C,False,2,south,120,121,[9514],[' south']," looking into the room. The door frame is on the right side of the image. This means the camera is facing roughly south into the room.
3.  **Locate the window relative to the door:** Image 6 shows the window",[8620],102.45520782470703,-0.24300500750541687,-0.0023718171287328005,1.0076844692230225,0.009835366159677505,-0.6902371644973755,-0.0067369649186730385
978,MSR,southwest,A,C,False,3,north,163,164,[59810],['north']," Image 6 shows the window. By comparing the layout, we can see that if you are standing at the door (north wall) and looking into the room, the window is on the wall to your left.
4.  **Assign",[8663],95.12600708007812,-1.523890733718872,-0.016019707545638084,-4.139753341674805,-0.04351862892508507,-3.7155399322509766,-0.03905913978815079
978,MSR,southwest,A,C,False,4,left,180,181,[2047],[' left']," you are standing at the door (north wall) and looking into the room, the window is on the wall to your left.
4.  **Assign cardinal directions:** If the door is on the north wall and you are facing south into",[8680],94.22459411621094,-3.7258260250091553,-0.03954197093844414,-0.8526458740234375,-0.00904907938092947,0.3086003065109253,0.003275156719610095
978,MSR,southwest,A,C,False,5,north,197,198,[9897],[' north']," window is on the wall to your left.
4.  **Assign cardinal directions:** If the door is on the north wall and you are facing south into the room, the wall to your left is the east wall.
5. ",[8697],91.22184753417969,-1.3519561290740967,-0.014820530079305172,-4.759494781494141,-0.052174944430589676,-3.0531067848205566,-0.033469028770923615
978,MSR,southwest,A,C,False,6,south,203,204,[9514],[' south']," your left.
4.  **Assign cardinal directions:** If the door is on the north wall and you are facing south into the room, the wall to your left is the east wall.
5.  **Conclusion:** Therefore, the",[8703],97.84944152832031,-0.016037695109844208,-0.00016390175733249635,0.10907876491546631,0.0011147612240165472,0.25738829374313354,0.0026304523926228285
978,MSR,southwest,A,C,False,7,left,212,213,[2047],[' left']," cardinal directions:** If the door is on the north wall and you are facing south into the room, the wall to your left is the east wall.
5.  **Conclusion:** Therefore, the window is located on the east wall.

",[8712],100.30083465576172,-2.009617328643799,-0.020035898312926292,-0.23866420984268188,-0.002379483776167035,1.046621561050415,0.010434824042022228
978,MSR,southwest,A,C,False,8,east,215,216,[10663],[' east']," If the door is on the north wall and you are facing south into the room, the wall to your left is the east wall.
5.  **Conclusion:** Therefore, the window is located on the east wall.

Answer: C",[8715],88.57313537597656,1.9149901866912842,0.02162044122815132,-2.167328357696533,-0.024469364434480667,1.5509355068206787,0.017510224133729935
978,MSR,southwest,A,C,False,9,east,233,234,[10663],[' east']," wall to your left is the east wall.
5.  **Conclusion:** Therefore, the window is located on the east wall.

Answer: C",[8733],86.84777069091797,0.6253300905227661,0.00720030115917325,-1.4798290729522705,-0.01703934371471405,0.567251443862915,0.006531560327857733
982,Positional Relationship (Obj.–Obj.),southwest,D,D,True,0,right,27,28,[1245],[' right'],": The glasses are on the table, and the potted plant is also on the table. The glasses are to the right of the potted plant, which means they are on the south side if we consider the table's orientation.
Step",[2682],98.51595306396484,3.9115376472473145,0.039704613387584686,-0.937881588935852,-0.009520098567008972,-1.1715726852416992,-0.011892212554812431
982,Positional Relationship (Obj.–Obj.),southwest,D,D,True,1,south,40,41,[9514],[' south']," is also on the table. The glasses are to the right of the potted plant, which means they are on the south side if we consider the table's orientation.
Step 2: The fish on the iron rack is in the first",[2695],103.51042938232422,1.7335858345031738,0.016747934743762016,2.8228116035461426,0.027270793914794922,-1.2939956188201904,-0.01250111311674118
982,Positional Relationship (Obj.–Obj.),southwest,D,D,True,2,left,74,75,[2047],[' left'],"
Step 2: The fish on the iron rack is in the first image, and the iron rack is to the left of the table.
Step 3: Since the glasses are on the south side of the potted plant, and",[2729],105.23444366455078,-6.3453216552734375,-0.060297004878520966,0.15674495697021484,0.0014894834021106362,-0.7254301905632019,-0.006893467158079147
982,Positional Relationship (Obj.–Obj.),southwest,D,D,True,3,south,90,91,[9514],[' south'],", and the iron rack is to the left of the table.
Step 3: Since the glasses are on the south side of the potted plant, and the fish is to the left of the table, the fish is on the southwest",[2745],108.71432495117188,1.0188210010528564,0.009371543303132057,0.7687833309173584,0.007071591913700104,-1.3982837200164795,-0.012862000614404678
982,Positional Relationship (Obj.–Obj.),southwest,D,D,True,4,left,104,105,[2047],[' left'],"Step 3: Since the glasses are on the south side of the potted plant, and the fish is to the left of the table, the fish is on the southwest side of the potted plant.
Answer: D",[2759],113.01461029052734,-4.282106876373291,-0.03788985311985016,0.5901196599006653,0.005221622530370951,0.3702842593193054,0.003276428207755089
982,Positional Relationship (Obj.–Obj.),southwest,D,D,True,5,southwest,114,115,[51206],[' southwest']," south side of the potted plant, and the fish is to the left of the table, the fish is on the southwest side of the potted plant.
Answer: D",[2769],104.78412628173828,-1.1529574394226074,-0.011003169231116772,4.054412364959717,0.03869300335645676,-0.3101614713668823,-0.0029600043781101704
983,Positional Relationship (Obj.–Obj.),northwest,D,B,False,0,north,35,36,[4634],[' North']," we can follow these steps:

1.  **Establish the orientation:** The problem states that the direction going upstairs is North. In the first image, the staircase is on the right side of the room. Therefore, the right side of the",[2679],91.06887817382812,0.7527108192443848,0.008265291340649128,-3.411257743835449,-0.03745799511671066,-1.2016191482543945,-0.013194618746638298
983,Positional Relationship (Obj.–Obj.),northwest,D,B,False,1,right,47,48,[1245],[' right']," the orientation:** The problem states that the direction going upstairs is North. In the first image, the staircase is on the right side of the room. Therefore, the right side of the room is North.
2.  **Determine other",[2691],93.6633529663086,2.3943729400634766,0.02556360512971878,-1.1726528406143188,-0.012519868090748787,-0.6615597605705261,-0.007063165307044983
983,Positional Relationship (Obj.–Obj.),northwest,D,B,False,2,right,56,57,[1245],[' right']," going upstairs is North. In the first image, the staircase is on the right side of the room. Therefore, the right side of the room is North.
2.  **Determine other cardinal directions:** If North is to the right",[2700],98.90947723388672,1.7582191228866577,0.017776042222976685,-0.49773871898651123,-0.005032265093177557,-0.2813488841056824,-0.002844508970156312
983,Positional Relationship (Obj.–Obj.),northwest,D,B,False,3,north,62,63,[4634],[' North']," the first image, the staircase is on the right side of the room. Therefore, the right side of the room is North.
2.  **Determine other cardinal directions:** If North is to the right, then:
    -",[2706],89.92756652832031,2.397996425628662,0.026665866374969482,-3.703312873840332,-0.041181065142154694,-1.0520236492156982,-0.011698567308485508
983,Positional Relationship (Obj.–Obj.),northwest,D,B,False,4,north,76,77,[4634],[' North'],". Therefore, the right side of the room is North.
2.  **Determine other cardinal directions:** If North is to the right, then:
    -   South is to the left.
    -   East is towards",[2720],99.6059799194336,1.0754578113555908,0.01079712063074112,-3.560957908630371,-0.03575044125318527,-1.5122981071472168,-0.015182804316282272
983,Positional Relationship (Obj.–Obj.),northwest,D,B,False,5,right,80,81,[1245],[' right']," right side of the room is North.
2.  **Determine other cardinal directions:** If North is to the right, then:
    -   South is to the left.
    -   East is towards the back of the",[2724],89.79485321044922,0.6199475526809692,0.006904043257236481,-1.7806323766708374,-0.0198300052434206,-1.06565523147583,-0.011867664754390717
983,Positional Relationship (Obj.–Obj.),northwest,D,B,False,6,south,88,89,[4725],[' South'],"
2.  **Determine other cardinal directions:** If North is to the right, then:
    -   South is to the left.
    -   East is towards the back of the room (away from the viewer).
",[2732],93.89662170410156,-1.7265492677688599,-0.018387768417596817,1.7507672309875488,0.018645688891410828,-0.9422426223754883,-0.0100348936393857
983,Positional Relationship (Obj.–Obj.),northwest,D,B,False,7,left,92,93,[2047],[' left']," **Determine other cardinal directions:** If North is to the right, then:
    -   South is to the left.
    -   East is towards the back of the room (away from the viewer).
    -   West",[2736],88.45411682128906,-5.479457378387451,-0.06194688752293587,-0.3711007833480835,-0.00419540423899889,-0.3974204361438751,-0.0044929557479918
983,Positional Relationship (Obj.–Obj.),northwest,D,B,False,8,east,98,99,[6127],[' East'],":** If North is to the right, then:
    -   South is to the left.
    -   East is towards the back of the room (away from the viewer).
    -   West is towards the front of the",[2742],87.55770874023438,1.8296892642974854,0.020896952599287033,1.11445951461792,0.012728285044431686,1.7841876745224,0.020377276465296745
983,Positional Relationship (Obj.–Obj.),northwest,D,B,False,9,west,116,117,[4171],[' West']," left.
    -   East is towards the back of the room (away from the viewer).
    -   West is towards the front of the room (towards the viewer).
3.  **Locate the door:** The",[2760],88.49251556396484,-2.4180197715759277,-0.02732456848025322,0.2868303060531616,0.003241294529289007,1.729529857635498,0.019544363021850586
983,Positional Relationship (Obj.–Obj.),northwest,D,B,False,10,left,154,155,[2047],[' left'],"
3.  **Locate the door:** The second image shows the front door. This door is located on the left wall of the room, which we have established as the South side.
4.  **Locate the fireplace:**",[2798],97.5199966430664,-6.149832725524902,-0.06306227296590805,-0.1974930763244629,-0.0020251546520739794,-1.9075074195861816,-0.01956016756594181
983,Positional Relationship (Obj.–Obj.),northwest,D,B,False,11,south,166,167,[4725],[' South']," image shows the front door. This door is located on the left wall of the room, which we have established as the South side.
4.  **Locate the fireplace:** The first image shows the fireplace is on the wall at the",[2810],93.932861328125,-1.1375905275344849,-0.012110676616430283,0.2618156671524048,0.0027872638311237097,-1.1272715330123901,-0.01200082153081894
983,Positional Relationship (Obj.–Obj.),northwest,D,B,False,12,east,202,203,[6127],[' East'],":** The first image shows the fireplace is on the wall at the back of the room, which we have established as the East side.
5.  **Calculate the direction:** From the door (on the South wall), the fireplace (on",[2846],89.02078247070312,2.296680450439453,0.025799373164772987,-0.6643418669700623,-0.007462772540748119,1.1885497570037842,0.013351374305784702
983,Positional Relationship (Obj.–Obj.),northwest,D,B,False,13,south,220,221,[4725],[' South']," which we have established as the East side.
5.  **Calculate the direction:** From the door (on the South wall), the fireplace (on the East wall) is located to the right and forward. This corresponds to the Southeast direction",[2864],93.2020263671875,-2.880570888519287,-0.030906740576028824,-0.24028581380844116,-0.00257811788469553,-1.9830200672149658,-0.021276576444506645
983,Positional Relationship (Obj.–Obj.),northwest,D,B,False,14,east,228,229,[6127],[' East'],".
5.  **Calculate the direction:** From the door (on the South wall), the fireplace (on the East wall) is located to the right and forward. This corresponds to the Southeast direction.

Answer: B",[2872],81.8468017578125,3.0335540771484375,0.037063807249069214,-0.6295322179794312,-0.00769159197807312,1.9785091876983643,0.024173323065042496
983,Positional Relationship (Obj.–Obj.),northwest,D,B,False,15,right,235,236,[1245],[' right']," the direction:** From the door (on the South wall), the fireplace (on the East wall) is located to the right and forward. This corresponds to the Southeast direction.

Answer: B",[2879],92.95120239257812,1.9942408800125122,0.0214547086507082,-1.6703312397003174,-0.017969980835914612,0.739449679851532,0.007955245673656464
983,Positional Relationship (Obj.–Obj.),northwest,D,B,False,16,southeast,243,244,[34388],[' Southeast']," the South wall), the fireplace (on the East wall) is located to the right and forward. This corresponds to the Southeast direction.

Answer: B",[2887],94.99034881591797,1.5159679651260376,0.015959179028868675,1.6500611305236816,0.017370829358696938,0.8098525404930115,0.00852562952786684
984,Positional Relationship (Reg.–Reg.),northeast,C,C,True,0,north,27,28,[9897],[' north']," step-by-step spatial explanation:

1.  **Establish Orientation:** The problem states the elephant figurine is on the north side of the bronze plate. In the first image, the elephant is to the left of the plate. Therefore, the",[2696],89.15869903564453,-2.491600513458252,-0.027945680543780327,-3.330512523651123,-0.03735487908124924,-0.6740903854370117,-0.007560567930340767
984,Positional Relationship (Reg.–Reg.),northeast,C,C,True,1,left,44,45,[2047],[' left']," the elephant figurine is on the north side of the bronze plate. In the first image, the elephant is to the left of the plate. Therefore, the left side of the first image corresponds to North, and the right side corresponds to South",[2713],88.3670883178711,-4.565539836883545,-0.051665615290403366,-0.24891802668571472,-0.002816863590851426,0.34950006008148193,0.003955093212425709
984,Positional Relationship (Reg.–Reg.),northeast,C,C,True,2,left,52,53,[2047],[' left']," side of the bronze plate. In the first image, the elephant is to the left of the plate. Therefore, the left side of the first image corresponds to North, and the right side corresponds to South.
2.  **Locate",[2721],96.39551544189453,-5.554813385009766,-0.05762522667646408,-0.46675485372543335,-0.004842080641537905,0.9557417631149292,0.009914794936776161
984,Positional Relationship (Reg.–Reg.),northeast,C,C,True,3,north,60,61,[4634],[' North']," first image, the elephant is to the left of the plate. Therefore, the left side of the first image corresponds to North, and the right side corresponds to South.
2.  **Locate the Exhibition Area:** The first image shows",[2729],90.1655502319336,-2.8841493129730225,-0.031987264752388,-3.7907121181488037,-0.04204168915748596,-0.12810420989990234,-0.0014207666972652078
984,Positional Relationship (Reg.–Reg.),northeast,C,C,True,4,right,64,65,[1245],[' right']," elephant is to the left of the plate. Therefore, the left side of the first image corresponds to North, and the right side corresponds to South.
2.  **Locate the Exhibition Area:** The first image shows the exhibition area (",[2733],85.12828063964844,4.499098777770996,0.052850812673568726,-0.528579592704773,-0.006209212820976973,-1.0664503574371338,-0.012527568265795708
984,Positional Relationship (Reg.–Reg.),northeast,C,C,True,5,south,68,69,[4725],[' South']," left of the plate. Therefore, the left side of the first image corresponds to North, and the right side corresponds to South.
2.  **Locate the Exhibition Area:** The first image shows the exhibition area (the large bookshelf",[2737],84.84961700439453,1.50810968875885,0.017773913219571114,0.4590989351272583,0.00541073689237237,-0.6158859729766846,-0.007258559111505747
984,Positional Relationship (Reg.–Reg.),northeast,C,C,True,6,left,107,108,[2047],[' left']," image shows the exhibition area (the large bookshelf). Since the camera is facing this wall, and we've established the left is North, the camera is facing East. This means the exhibition area is on the East side of the room.
",[2776],96.0338363647461,-5.5289483070373535,-0.05757291987538338,-1.4947538375854492,-0.015564866364002228,-0.44258174300193787,-0.00460860226303339
984,Positional Relationship (Reg.–Reg.),northeast,C,C,True,7,north,109,110,[4634],[' North']," the exhibition area (the large bookshelf). Since the camera is facing this wall, and we've established the left is North, the camera is facing East. This means the exhibition area is on the East side of the room.
3.",[2778],80.10047149658203,-2.9498863220214844,-0.03682732954621315,-3.5216660499572754,-0.04396560788154602,-1.6055364608764648,-0.020044032484292984
984,Positional Relationship (Reg.–Reg.),northeast,C,C,True,8,east,115,116,[6127],[' East']," bookshelf). Since the camera is facing this wall, and we've established the left is North, the camera is facing East. This means the exhibition area is on the East side of the room.
3.  **Locate the Kitchen",[2784],94.70767974853516,0.9431056380271912,0.00995806884020567,-1.5723432302474976,-0.01660206727683544,1.2123650312423706,0.012801126576960087
984,Positional Relationship (Reg.–Reg.),northeast,C,C,True,9,east,125,126,[6127],[' East'],", and we've established the left is North, the camera is facing East. This means the exhibition area is on the East side of the room.
3.  **Locate the Kitchen:** The second image shows the kitchen. The transition",[2794],90.53520202636719,0.33911755681037903,0.003745698370039463,-1.7054816484451294,-0.01883777417242527,1.0734498500823975,0.011856712400913239
984,Positional Relationship (Reg.–Reg.),northeast,C,C,True,10,right,162,163,[1245],[' right']," the Kitchen:** The second image shows the kitchen. The transition from the first image to the second implies a pan to the right. Since the first image faced East, panning right means the second image faces South. Therefore, the kitchen is located",[2831],91.7914047241211,2.3734898567199707,0.025857429951429367,-0.19091323018074036,-0.002079859608784318,-0.9366553425788879,-0.010204172693192959
984,Positional Relationship (Reg.–Reg.),northeast,C,C,True,11,east,169,170,[6127],[' East']," the kitchen. The transition from the first image to the second implies a pan to the right. Since the first image faced East, panning right means the second image faces South. Therefore, the kitchen is located on the South side of the room",[2838],89.4267807006836,-0.6830850839614868,-0.007638484705239534,-2.5384721755981445,-0.028386039659380913,-0.6802046895027161,-0.007606274913996458
984,Positional Relationship (Reg.–Reg.),northeast,C,C,True,12,right,173,174,[1245],[' right']," transition from the first image to the second implies a pan to the right. Since the first image faced East, panning right means the second image faces South. Therefore, the kitchen is located on the South side of the room.
4.",[2842],93.52261352539062,2.4151458740234375,0.02582419104874134,-0.28480881452560425,-0.0030453470535576344,-0.48099660873413086,-0.005143105052411556
984,Positional Relationship (Reg.–Reg.),northeast,C,C,True,13,south,179,180,[4725],[' South']," the second implies a pan to the right. Since the first image faced East, panning right means the second image faces South. Therefore, the kitchen is located on the South side of the room.
4.  **Determine Relative Direction",[2848],89.70055389404297,3.0047879219055176,0.03349798545241356,0.912617564201355,0.010174046270549297,-0.2113291323184967,-0.0023559401743113995
984,Positional Relationship (Reg.–Reg.),northeast,C,C,True,14,south,189,190,[4725],[' South']," the first image faced East, panning right means the second image faces South. Therefore, the kitchen is located on the South side of the room.
4.  **Determine Relative Direction:** The question asks for the direction of the exhibition",[2858],87.39031982421875,1.3827956914901733,0.015823213383555412,1.59213387966156,0.01821865327656269,0.031871259212493896,0.00036470009945333004
984,Positional Relationship (Reg.–Reg.),northeast,C,C,True,15,east,216,217,[35139],['East']," the room.
4.  **Determine Relative Direction:** The question asks for the direction of the exhibition area (East) in relation to the kitchen (South). To go from the kitchen to the exhibition area, one would move from the",[2885],88.10803985595703,-0.6138701438903809,-0.006967243272811174,-1.912997841835022,-0.021711954846978188,0.004478335380554199,5.0827773520722985e-05
984,Positional Relationship (Reg.–Reg.),northeast,C,C,True,16,south,224,225,[24225],['South'],"Determine Relative Direction:** The question asks for the direction of the exhibition area (East) in relation to the kitchen (South). To go from the kitchen to the exhibition area, one would move from the South towards the East.
5.",[2893],81.28609466552734,0.1460576355457306,0.0017968341708183289,1.9503910541534424,0.02399415336549282,-0.7180918455123901,-0.008834129199385643
984,Positional Relationship (Reg.–Reg.),northeast,C,C,True,17,south,241,242,[4725],[' South'],") in relation to the kitchen (South). To go from the kitchen to the exhibition area, one would move from the South towards the East.
5.  **Conclusion:** The direction from South to East is Northeast.

Answer: C",[2910],90.80462646484375,-0.46817392110824585,-0.005155837628990412,0.45562273263931274,0.005017615854740143,-2.3149466514587402,-0.02549370750784874
984,Positional Relationship (Reg.–Reg.),northeast,C,C,True,18,east,244,245,[6127],[' East']," to the kitchen (South). To go from the kitchen to the exhibition area, one would move from the South towards the East.
5.  **Conclusion:** The direction from South to East is Northeast.

Answer: C",[2913],85.37438201904297,1.129597783088684,0.013231108896434307,-0.7568641901016235,-0.00886523723602295,1.7030471563339233,0.019947988912463188
984,Positional Relationship (Reg.–Reg.),northeast,C,C,True,19,south,256,257,[4725],[' South']," the exhibition area, one would move from the South towards the East.
5.  **Conclusion:** The direction from South to East is Northeast.

Answer: C",[2925],91.390380859375,-0.39497077465057373,-0.004321798216551542,1.5128836631774902,0.016554079949855804,-1.7926026582717896,-0.01961478404700756
984,Positional Relationship (Reg.–Reg.),northeast,C,C,True,20,east,258,259,[6127],[' East']," area, one would move from the South towards the East.
5.  **Conclusion:** The direction from South to East is Northeast.

Answer: C",[2927],90.06585693359375,1.0015417337417603,0.011120104230940342,-0.7345943450927734,-0.008156191557645798,1.437384843826294,0.01595926471054554
984,Positional Relationship (Reg.–Reg.),northeast,C,C,True,21,northeast,260,261,[43102],[' Northeast']," one would move from the South towards the East.
5.  **Conclusion:** The direction from South to East is Northeast.

Answer: C",[2929],89.42259216308594,1.4498703479766846,0.016213690862059593,-2.666079044342041,-0.029814379289746284,0.8709360957145691,0.009739553555846214
985,Positional Relationship (Obj.–Reg.),northeast,C,B,False,0,north,35,36,[9897],[' north']," is seated in a high chair near a wooden railing that overlooks a staircase. The direction of going downstairs is defined as north.
Step 2: The reading area with the desk is not visible in Figure 1 but is shown in Figure",[2692],104.8404541015625,-1.6806211471557617,-0.01603027433156967,-1.4026563167572021,-0.013378961011767387,-1.8081248998641968,-0.017246443778276443
985,Positional Relationship (Obj.–Reg.),northeast,C,B,False,1,top,138,139,[1844],[' top']," part of the room or house compared to the baby’s location.
Step 4: Assuming the baby is near the top of the stairs (north direction), and the reading area is further into the room or house, we can infer that the",[2795],106.87162017822266,-0.966473400592804,-0.009043311700224876,-6.078084468841553,-0.056872762739658356,-1.6951940059661865,-0.015861965715885162
985,Positional Relationship (Obj.–Reg.),northeast,C,B,False,2,north,143,144,[59810],['north']," house compared to the baby’s location.
Step 4: Assuming the baby is near the top of the stairs (north direction), and the reading area is further into the room or house, we can infer that the reading area is likely to",[2800],110.81640625,-1.30001962184906,-0.011731292121112347,-3.650951862335205,-0.03294594958424568,-3.341230869293213,-0.03015104867517948
985,Positional Relationship (Obj.–Reg.),northeast,C,B,False,3,southeast,169,170,[40080],[' southeast'],"), and the reading area is further into the room or house, we can infer that the reading area is likely to the southeast of the baby, as it would be further away from the stairs and more towards the interior of the space.
Step",[2826],114.50798797607422,3.162179470062256,0.027615360915660858,1.459455966949463,0.012745451182126999,0.29598331451416016,0.002584826899692416
985,Positional Relationship (Obj.–Reg.),northeast,C,B,False,4,southeast,216,217,[40080],[' southeast'],"
Step 5: Therefore, the direction from the baby to the reading area with the desk as the main feature is southeast.
Answer: B",[2873],96.21372985839844,0.6978669762611389,0.007253299467265606,0.9909636974334717,0.01029960811138153,0.9979876279830933,0.010372611694037914
986,Positional Relationship (Obj.–Reg.),northwest,C,C,True,0,right,100,101,[1245],[' right']," the second image.

2. **Locate the staircase**: In the first image, the staircase is visible on the right side, descending from the upper level. It is positioned behind the wooden post and to the right of the central open space",[2766],106.61328887939453,6.02391242980957,0.05650245398283005,-0.9810652136802673,-0.00920209102332592,-1.3275730609893799,-0.012452228926122189
986,Positional Relationship (Obj.–Reg.),northwest,C,C,True,1,upper,106,107,[8156],[' upper'],". **Locate the staircase**: In the first image, the staircase is visible on the right side, descending from the upper level. It is positioned behind the wooden post and to the right of the central open space.

3. **Establish",[2772],107.28479766845703,0.807289719581604,0.007524735294282436,-6.505170822143555,-0.06063460186123848,-3.928907871246338,-0.03662129119038582
986,Positional Relationship (Obj.–Reg.),northwest,C,C,True,2,right,119,120,[1245],[' right']," staircase is visible on the right side, descending from the upper level. It is positioned behind the wooden post and to the right of the central open space.

3. **Establish directional reference**: The problem states that the direction where the stairs descend",[2785],105.5140151977539,2.909853219985962,0.027577882632613182,-0.6214339733123779,-0.005889587104320526,-0.9709990620613098,-0.009202560409903526
986,Positional Relationship (Obj.–Reg.),northwest,C,C,True,3,north,150,151,[9897],[' north'],"

3. **Establish directional reference**: The problem states that the direction where the stairs descend from the current floor is considered north. This means that if you are standing on the current floor and looking toward the stairs going down, you are facing north",[2816],105.99604034423828,-0.33489131927490234,-0.003159470157697797,-3.3632078170776367,-0.0317295603454113,-1.02070152759552,-0.009629619307816029
986,Positional Relationship (Obj.–Reg.),northwest,C,C,True,4,north,174,175,[9897],[' north']," north. This means that if you are standing on the current floor and looking toward the stairs going down, you are facing north.

4. **Determine relative position**: From the perspective of the sofa-centered lounge area (second image), the",[2840],103.95069885253906,-0.4598607122898102,-0.004423834849148989,-2.9794111251831055,-0.02866177074611187,-1.6350433826446533,-0.0157290268689394
986,Positional Relationship (Obj.–Reg.),northwest,C,C,True,5,left,211,212,[2047],[' left']," perspective of the sofa-centered lounge area (second image), the staircase (seen in the first image) is located to the left and slightly behind the lounge area. Since the stairs descending define north, and the staircase is to the left of the lounge",[2877],109.18611907958984,-5.041365146636963,-0.04617221653461456,-1.0847529172897339,-0.009934897534549236,-0.8025492429733276,-0.007350286468863487
986,Positional Relationship (Obj.–Reg.),northwest,C,C,True,6,north,224,225,[9897],[' north']," (seen in the first image) is located to the left and slightly behind the lounge area. Since the stairs descending define north, and the staircase is to the left of the lounge area when facing north, it must be in the northwest direction relative",[2890],107.33106231689453,-0.9498843550682068,-0.008850041776895523,-4.002809524536133,-0.037294045090675354,-2.2368040084838867,-0.020840229466557503
986,Positional Relationship (Obj.–Reg.),northwest,C,C,True,7,left,232,233,[2047],[' left']," located to the left and slightly behind the lounge area. Since the stairs descending define north, and the staircase is to the left of the lounge area when facing north, it must be in the northwest direction relative to the lounge.

5. **",[2898],111.97032165527344,-2.758629322052002,-0.024637147784233093,-0.6809086799621582,-0.0060811531729996204,0.24702847003936768,0.002206195844337344
986,Positional Relationship (Obj.–Reg.),northwest,C,C,True,8,north,239,240,[9897],[' north']," the lounge area. Since the stairs descending define north, and the staircase is to the left of the lounge area when facing north, it must be in the northwest direction relative to the lounge.

5. **Confirm with spatial orientation**: The lounge",[2905],100.9056625366211,-0.44788771867752075,-0.004438677802681923,-2.305852174758911,-0.02285156399011612,-2.934206962585449,-0.029078714549541473
986,Positional Relationship (Obj.–Reg.),northwest,C,C,True,9,northwest,246,247,[50488],[' northwest']," descending define north, and the staircase is to the left of the lounge area when facing north, it must be in the northwest direction relative to the lounge.

5. **Confirm with spatial orientation**: The lounge area is oriented such that the pool",[2912],109.11104583740234,-2.8339805603027344,-0.025973360985517502,-3.289644718170166,-0.030149511992931366,-1.574977993965149,-0.014434633776545525
986,Positional Relationship (Obj.–Reg.),northwest,C,C,True,10,east,277,278,[10663],[' east'],"

5. **Confirm with spatial orientation**: The lounge area is oriented such that the pool table and windows are to the east (right side of the second image). The staircase, being to the left and behind the lounge, aligns with the",[2943],109.7211685180664,2.6180992126464844,0.023861385881900787,-1.1220078468322754,-0.010225992649793625,-1.903072476387024,-0.017344623804092407
986,Positional Relationship (Obj.–Reg.),northwest,C,C,True,11,right,279,280,[1246],['right'],". **Confirm with spatial orientation**: The lounge area is oriented such that the pool table and windows are to the east (right side of the second image). The staircase, being to the left and behind the lounge, aligns with the northwest direction",[2945],109.24059295654297,2.531843423843384,0.023176763206720352,-0.4662516713142395,-0.004268117249011993,-1.1104495525360107,-0.010165173560380936
986,Positional Relationship (Obj.–Reg.),northwest,C,C,True,12,left,292,293,[2047],[' left']," that the pool table and windows are to the east (right side of the second image). The staircase, being to the left and behind the lounge, aligns with the northwest direction when north is defined by the descending stairs.

Answer: C",[2958],113.28569030761719,-3.439831256866455,-0.03036421723663807,-0.7188007831573486,-0.0063450271263718605,-0.7731152772903442,-0.006824474316090345
986,Positional Relationship (Obj.–Reg.),northwest,C,C,True,13,northwest,302,303,[50488],[' northwest']," (right side of the second image). The staircase, being to the left and behind the lounge, aligns with the northwest direction when north is defined by the descending stairs.

Answer: C",[2968],114.98495483398438,-1.141769528388977,-0.009929729625582695,-1.8339498043060303,-0.01594947651028633,-1.9040555953979492,-0.016559172421693802
986,Positional Relationship (Obj.–Reg.),northwest,C,C,True,14,north,305,306,[9897],[' north']," of the second image). The staircase, being to the left and behind the lounge, aligns with the northwest direction when north is defined by the descending stairs.

Answer: C",[2971],116.34386444091797,-0.9925255179405212,-0.008530966006219387,-4.36241340637207,-0.03749586269259453,-2.200315237045288,-0.018912171944975853
987,Positional Relationship (Obj.–Reg.),northwest,A,B,False,0,above,49,50,[3294],[' above'],":

1. The first image shows a wooden cabinet with glass doors (likely for storing cups or glassware) mounted above a countertop. This cabinet is on a wall that appears to be part of a bar or serving area.
2",[2703],109.9012222290039,0.538275957107544,0.004897816106677055,2.0993640422821045,0.01910228095948696,1.173314094543457,0.010676078498363495
987,Positional Relationship (Obj.–Reg.),northwest,A,B,False,1,right,130,131,[1245],[' right'],".
3. By comparing the two images, we can infer that the cabinet in the first image is located to the right (east) of the cooking area shown in the second image. This is because the arched doorway in the first image",[2784],102.53620147705078,3.7161455154418945,0.036242276430130005,-1.7500697374343872,-0.01706782355904579,-0.16557368636131287,-0.00161478272639215
987,Positional Relationship (Obj.–Reg.),northwest,A,B,False,2,east,132,133,[58463],['east'],"3. By comparing the two images, we can infer that the cabinet in the first image is located to the right (east) of the cooking area shown in the second image. This is because the arched doorway in the first image leads into",[2786],104.20115661621094,1.6595544815063477,0.015926450490951538,-1.4752066135406494,-0.014157296158373356,0.2860991954803467,0.0027456432580947876
987,Positional Relationship (Obj.–Reg.),northwest,A,B,False,3,north,197,198,[9897],[' north'],", suggesting the cabinet is positioned along a wall perpendicular to the cooking wall.
4. If the cabinet door opens facing north, then the cabinet itself is on a south-facing wall (since doors typically open outward from the wall they are mounted on",[2851],101.72478485107422,-0.7359735369682312,-0.007234948221594095,-2.737706184387207,-0.02691287361085415,0.019913911819458008,0.00019576263730414212
987,Positional Relationship (Obj.–Reg.),northwest,A,B,False,4,south,206,207,[9514],[' south']," perpendicular to the cooking wall.
4. If the cabinet door opens facing north, then the cabinet itself is on a south-facing wall (since doors typically open outward from the wall they are mounted on). Therefore, the cabinet is on the south",[2860],102.08438873291016,-0.7369863390922546,-0.007219383493065834,0.2946557104587555,0.002886393340304494,-0.8919640779495239,-0.008737516589462757
987,Positional Relationship (Obj.–Reg.),northwest,A,B,False,5,south,230,231,[9514],[' south']," south-facing wall (since doors typically open outward from the wall they are mounted on). Therefore, the cabinet is on the south side of the room.
5. The cooking area, being to the left (west) of the cabinet when facing",[2884],101.33819580078125,-1.3363826274871826,-0.013187353499233723,0.9217932224273682,0.009096207097172737,-0.025104880332946777,-0.00024773363838903606
987,Positional Relationship (Obj.–Reg.),northwest,A,B,False,6,left,246,247,[2047],[' left'],"). Therefore, the cabinet is on the south side of the room.
5. The cooking area, being to the left (west) of the cabinet when facing the cabinet, would be in the southwest direction relative to the cabinet.

Answer",[2900],106.99592590332031,-3.0544638633728027,-0.02854747883975506,-0.47174495458602905,-0.0044089993461966515,-1.3497164249420166,-0.012614652514457703
987,Positional Relationship (Obj.–Reg.),northwest,A,B,False,7,west,248,249,[10717],['west'],", the cabinet is on the south side of the room.
5. The cooking area, being to the left (west) of the cabinet when facing the cabinet, would be in the southwest direction relative to the cabinet.

Answer: B",[2902],97.19697570800781,-3.117432117462158,-0.03207334503531456,0.7479751110076904,0.007695456501096487,-0.4589555859565735,-0.0047219120897352695
987,Positional Relationship (Obj.–Reg.),northwest,A,B,False,8,southwest,262,263,[51206],[' southwest'],". The cooking area, being to the left (west) of the cabinet when facing the cabinet, would be in the southwest direction relative to the cabinet.

Answer: B",[2916],106.50503540039062,0.01708853244781494,0.00016044812218751758,3.261648654937744,0.03062436170876026,-0.09938108921051025,-0.0009331116452813148
225,MSR,,D,D,True,0,southwest,5,6,[51206],[' southwest'],"The door is in the southwest corner. The large gray printer is located on the opposite side of the room from the door, which would be the northeast",[1914],103.8520278930664,-3.574584484100342,-0.03441997617483139,2.158782958984375,0.020787104964256287,-2.542294979095459,-0.024479974061250687
225,MSR,,D,D,True,1,northeast,29,30,[39481],[' northeast']," southwest corner. The large gray printer is located on the opposite side of the room from the door, which would be the northeast corner.

Answer: D",[1938],101.749267578125,2.4259748458862305,0.023842675611376762,-3.663217306137085,-0.03600239381194115,0.029166877269744873,0.0002866544236894697
