dataset,model,pair_id,layer,axis,role,ground_truth,projection
COCO-2017-val,Molmo2-ER,coco_0000_445658,21,distance,target-reference,-0.0017893494948880706,-3.0508460998535156
COCO-2017-val,Molmo2-ER,coco_0000_445658,21,horizontal,target-reference,-1.8809815518001969,-20.425018310546875
COCO-2017-val,Molmo2-ER,coco_0000_445658,21,vertical,target-reference,0.19668861186896458,3.329703569412232
COCO-2017-val,Molmo2-ER,coco_0001_436883,21,distance,target-reference,-0.005559965526984699,3.879836678504944
COCO-2017-val,Molmo2-ER,coco_0001_436883,21,horizontal,target-reference,1.8819044377866887,4.116877436637878
COCO-2017-val,Molmo2-ER,coco_0001_436883,21,vertical,target-reference,-0.3061769123939788,-4.096387147903442
COCO-2017-val,Molmo2-ER,coco_0002_479448,21,distance,target-reference,-0.4724241781293836,-5.9945409297943115
COCO-2017-val,Molmo2-ER,coco_0002_479448,21,horizontal,target-reference,-1.7969239513445698,-14.22948169708252
COCO-2017-val,Molmo2-ER,coco_0002_479448,21,vertical,target-reference,-1.2413221709485627,-9.894610404968262
COCO-2017-val,Molmo2-ER,coco_0003_438226,21,distance,target-reference,0.49577977484304336,4.689450979232788
COCO-2017-val,Molmo2-ER,coco_0003_438226,21,horizontal,target-reference,-1.7220708528679842,-14.937961578369139
COCO-2017-val,Molmo2-ER,coco_0003_438226,21,vertical,target-reference,0.44241319870865864,8.366330444812775
COCO-2017-val,Molmo2-ER,coco_0004_416534,21,distance,target-reference,-0.0638797857729132,0.03328299522399902
COCO-2017-val,Molmo2-ER,coco_0004_416534,21,horizontal,target-reference,-1.7189890289291072,-7.608445405960083
COCO-2017-val,Molmo2-ER,coco_0004_416534,21,vertical,target-reference,-0.7929758110886204,-10.332230567932129
COCO-2017-val,Molmo2-ER,coco_0005_139099,21,distance,target-reference,-0.8940102876648313,-2.3795175552368164
COCO-2017-val,Molmo2-ER,coco_0005_139099,21,horizontal,target-reference,1.7765840671656685,7.8467424511909485
COCO-2017-val,Molmo2-ER,coco_0005_139099,21,vertical,target-reference,-1.1539463297960897,-13.083755493164062
COCO-2017-val,Molmo2-ER,coco_0006_568195,21,distance,target-reference,-0.7596460753063585,-8.198804676532745
COCO-2017-val,Molmo2-ER,coco_0006_568195,21,horizontal,target-reference,-0.8773084159382623,-2.7548104524612427
COCO-2017-val,Molmo2-ER,coco_0006_568195,21,vertical,target-reference,-1.7511147339199666,-19.745668411254883
COCO-2017-val,Molmo2-ER,coco_0007_467176,21,distance,target-reference,-0.4010870368540977,-2.178439140319824
COCO-2017-val,Molmo2-ER,coco_0007_467176,21,horizontal,target-reference,-1.8627969471307748,-12.301744937896729
COCO-2017-val,Molmo2-ER,coco_0007_467176,21,vertical,target-reference,-0.47843209100691936,-3.9468765258789062
COCO-2017-val,Molmo2-ER,coco_0008_289393,21,distance,target-reference,-0.8217779910871119,-3.7916001081466675
COCO-2017-val,Molmo2-ER,coco_0008_289393,21,horizontal,target-reference,-1.795233845087759,-10.959150791168213
COCO-2017-val,Molmo2-ER,coco_0008_289393,21,vertical,target-reference,-1.0438797901629933,2.5963375568389893
COCO-2017-val,Molmo2-ER,coco_0009_128148,21,distance,target-reference,-0.5757370318479328,-5.514898657798767
COCO-2017-val,Molmo2-ER,coco_0009_128148,21,horizontal,target-reference,-1.8900526577665495,-15.634722232818604
COCO-2017-val,Molmo2-ER,coco_0009_128148,21,vertical,target-reference,-0.1682594407355069,-1.952754855155945
COCO-2017-val,Molmo2-ER,coco_0010_52996,21,distance,target-reference,0.3981010430642405,0.14519262313842773
COCO-2017-val,Molmo2-ER,coco_0010_52996,21,horizontal,target-reference,1.8826902448510738,0.9209879636764526
COCO-2017-val,Molmo2-ER,coco_0010_52996,21,vertical,target-reference,-0.0886986951909266,7.564620018005371
COCO-2017-val,Molmo2-ER,coco_0011_3661,21,distance,target-reference,0.015427924956975092,0.08394497632980358
COCO-2017-val,Molmo2-ER,coco_0011_3661,21,horizontal,target-reference,1.7321660034863808,11.588927030563354
COCO-2017-val,Molmo2-ER,coco_0011_3661,21,vertical,target-reference,-0.3788793699691351,-3.166195869445801
COCO-2017-val,Molmo2-ER,coco_0012_388903,21,distance,target-reference,-0.4010956746544516,-1.561058759689331
COCO-2017-val,Molmo2-ER,coco_0012_388903,21,horizontal,target-reference,1.7395725066555194,11.213385820388794
COCO-2017-val,Molmo2-ER,coco_0012_388903,21,vertical,target-reference,-0.6972720920424562,-6.286507278680801
COCO-2017-val,Molmo2-ER,coco_0013_91779,21,distance,target-reference,0.38583878279305056,4.2670276165008545
COCO-2017-val,Molmo2-ER,coco_0013_91779,21,horizontal,target-reference,-1.6917498128029487,-8.669814348220825
COCO-2017-val,Molmo2-ER,coco_0013_91779,21,vertical,target-reference,1.2052615722890363,4.680251121520996
COCO-2017-val,Molmo2-ER,coco_0014_253452,21,distance,target-reference,0.6125204240782529,6.147039413452148
COCO-2017-val,Molmo2-ER,coco_0014_253452,21,horizontal,target-reference,1.657171893835212,12.5562105178833
COCO-2017-val,Molmo2-ER,coco_0014_253452,21,vertical,target-reference,0.7356621673708048,1.0184188485145569
COCO-2017-val,Molmo2-ER,coco_0015_378873,21,distance,target-reference,0.7349000700550714,-0.2132076621055603
COCO-2017-val,Molmo2-ER,coco_0015_378873,21,horizontal,target-reference,-1.6095804797787072,-12.62946367263794
COCO-2017-val,Molmo2-ER,coco_0015_378873,21,vertical,target-reference,1.3013097466025825,7.894492983818054
COCO-2017-val,Molmo2-ER,coco_0016_522007,21,distance,target-reference,-0.1059815736984408,3.908444881439209
COCO-2017-val,Molmo2-ER,coco_0016_522007,21,horizontal,target-reference,1.7813687401630323,10.397047519683838
COCO-2017-val,Molmo2-ER,coco_0016_522007,21,vertical,target-reference,0.5634598506714159,3.380071759223938
COCO-2017-val,Molmo2-ER,coco_0017_445792,21,distance,target-reference,-0.5409722822206384,-3.9920289367437363
COCO-2017-val,Molmo2-ER,coco_0017_445792,21,horizontal,target-reference,-1.8024075326414464,-13.427011966705322
COCO-2017-val,Molmo2-ER,coco_0017_445792,21,vertical,target-reference,0.7937630919168249,-0.7445294857025144
COCO-2017-val,Molmo2-ER,coco_0018_429598,21,distance,target-reference,0.11968013886586332,4.64685320854187
COCO-2017-val,Molmo2-ER,coco_0018_429598,21,horizontal,target-reference,-1.652448420343358,-17.036579608917236
COCO-2017-val,Molmo2-ER,coco_0018_429598,21,vertical,target-reference,0.5822516754036116,4.9235267639160165
COCO-2017-val,Molmo2-ER,coco_0019_119233,21,distance,target-reference,0.5805766948424211,3.33201801776886
COCO-2017-val,Molmo2-ER,coco_0019_119233,21,horizontal,target-reference,-1.5903047692524352,-17.376752853393555
COCO-2017-val,Molmo2-ER,coco_0019_119233,21,vertical,target-reference,1.0791559053253486,13.510603904724121
COCO-2017-val,Molmo2-ER,coco_0020_29596,21,distance,target-reference,0.3730138734215416,2.9695295095443726
COCO-2017-val,Molmo2-ER,coco_0020_29596,21,horizontal,target-reference,1.7168179209508576,11.022523641586304
COCO-2017-val,Molmo2-ER,coco_0020_29596,21,vertical,target-reference,0.19549585155725457,3.7654619216918945
COCO-2017-val,Molmo2-ER,coco_0021_397303,21,distance,target-reference,0.2479969809868134,4.12524938583374
COCO-2017-val,Molmo2-ER,coco_0021_397303,21,horizontal,target-reference,-1.8221492506009724,-8.622022867202759
COCO-2017-val,Molmo2-ER,coco_0021_397303,21,vertical,target-reference,0.7429132270043988,-2.5455355644226074
COCO-2017-val,Molmo2-ER,coco_0022_104669,21,distance,target-reference,0.1217858325208434,-0.13411688804626465
COCO-2017-val,Molmo2-ER,coco_0022_104669,21,horizontal,target-reference,-1.7902422445308888,-16.105831146240234
COCO-2017-val,Molmo2-ER,coco_0022_104669,21,vertical,target-reference,0.17524905880142105,0.025562763214111328
COCO-2017-val,Molmo2-ER,coco_0023_520077,21,distance,target-reference,-0.1894470051256892,1.1321039497852325
COCO-2017-val,Molmo2-ER,coco_0023_520077,21,horizontal,target-reference,1.7200771021838328,11.044016361236572
COCO-2017-val,Molmo2-ER,coco_0023_520077,21,vertical,target-reference,0.10122312921116,6.5149712562561035
COCO-2017-val,Molmo2-ER,coco_0024_99024,21,distance,target-reference,-0.14253517995610337,-3.8130208849906917
COCO-2017-val,Molmo2-ER,coco_0024_99024,21,horizontal,target-reference,-1.4369213934670604,-9.242405652999878
COCO-2017-val,Molmo2-ER,coco_0024_99024,21,vertical,target-reference,-1.4536846879726872,-10.37923002243042
COCO-2017-val,Molmo2-ER,coco_0025_191580,21,distance,target-reference,0.3040845061686168,-5.209291934967041
COCO-2017-val,Molmo2-ER,coco_0025_191580,21,horizontal,target-reference,-0.15538360989143019,1.818767786026001
COCO-2017-val,Molmo2-ER,coco_0025_191580,21,vertical,target-reference,-1.7678873045602739,-15.564019203186035
COCO-2017-val,Molmo2-ER,coco_0026_476704,21,distance,target-reference,-0.0379705501673504,-1.4441426396369934
COCO-2017-val,Molmo2-ER,coco_0026_476704,21,horizontal,target-reference,-1.657864421504251,-18.878576278686523
COCO-2017-val,Molmo2-ER,coco_0026_476704,21,vertical,target-reference,-0.3059034212300757,-11.157677412033081
COCO-2017-val,Molmo2-ER,coco_0027_15335,21,distance,target-reference,0.025231457966416238,3.035204529762268
COCO-2017-val,Molmo2-ER,coco_0027_15335,21,horizontal,target-reference,1.7791473156883635,9.176886677742004
COCO-2017-val,Molmo2-ER,coco_0027_15335,21,vertical,target-reference,-0.01701157899747674,-3.36824369430542
COCO-2017-val,Molmo2-ER,coco_0028_146457,21,distance,target-reference,0.4829042808452419,-0.3848754167556764
COCO-2017-val,Molmo2-ER,coco_0028_146457,21,horizontal,target-reference,1.7673708044636078,7.151109158992767
COCO-2017-val,Molmo2-ER,coco_0028_146457,21,vertical,target-reference,0.4325641069437574,0.4692087173461914
COCO-2017-val,Molmo2-ER,coco_0029_252219,21,distance,target-reference,0.4017325232992608,2.725244224071503
COCO-2017-val,Molmo2-ER,coco_0029_252219,21,horizontal,target-reference,-1.704818718486495,-17.701162338256836
COCO-2017-val,Molmo2-ER,coco_0029_252219,21,vertical,target-reference,0.5393764336860823,7.1668254137039185
COCO-2017-val,Molmo2-ER,coco_0030_405970,21,distance,target-reference,-0.2424340670756247,-0.6155430078506472
COCO-2017-val,Molmo2-ER,coco_0030_405970,21,horizontal,target-reference,-1.701126114885395,-12.147119998931885
COCO-2017-val,Molmo2-ER,coco_0030_405970,21,vertical,target-reference,-0.14301685821486587,-4.824982047080994
COCO-2017-val,Molmo2-ER,coco_0031_530061,21,distance,target-reference,0.2998579466222828,7.369097650051117
COCO-2017-val,Molmo2-ER,coco_0031_530061,21,horizontal,target-reference,1.6336845479453665,7.2876463532447815
COCO-2017-val,Molmo2-ER,coco_0031_530061,21,vertical,target-reference,0.7362932347735104,10.828884363174438
COCO-2017-val,Molmo2-ER,coco_0032_445846,21,distance,target-reference,0.5390105723887705,2.227665424346924
COCO-2017-val,Molmo2-ER,coco_0032_445846,21,horizontal,target-reference,1.6489578181131879,17.36859703063965
COCO-2017-val,Molmo2-ER,coco_0032_445846,21,vertical,target-reference,0.3913236967627025,9.646369218826294
COCO-2017-val,Molmo2-ER,coco_0033_160012,21,distance,target-reference,0.7938504111780573,4.75368857383728
COCO-2017-val,Molmo2-ER,coco_0033_160012,21,horizontal,target-reference,-1.5820712421761547,-9.878871440887451
COCO-2017-val,Molmo2-ER,coco_0033_160012,21,vertical,target-reference,0.7922044294672436,8.409949183464052
COCO-2017-val,Molmo2-ER,coco_0034_236914,21,distance,target-reference,-0.2341520831175323,-2.9668058753013615
COCO-2017-val,Molmo2-ER,coco_0034_236914,21,horizontal,target-reference,-1.6572853576996054,-18.1482572555542
COCO-2017-val,Molmo2-ER,coco_0034_236914,21,vertical,target-reference,0.028963964151514282,-1.0918508768081663
COCO-2017-val,Molmo2-ER,coco_0035_14038,21,distance,target-reference,-0.005458240085954108,-2.165565252304077
COCO-2017-val,Molmo2-ER,coco_0035_14038,21,horizontal,target-reference,-1.6237950655691313,-12.97544002532959
COCO-2017-val,Molmo2-ER,coco_0035_14038,21,vertical,target-reference,-0.06278879210802102,-4.746661424636841
COCO-2017-val,Molmo2-ER,coco_0036_232649,21,distance,target-reference,0.2377527067998476,-3.2835566997528076
COCO-2017-val,Molmo2-ER,coco_0036_232649,21,horizontal,target-reference,-1.1775870300811044,-9.402211308479309
COCO-2017-val,Molmo2-ER,coco_0036_232649,21,vertical,target-reference,-1.3556569907802276,-14.772399425506592
COCO-2017-val,Molmo2-ER,coco_0037_515077,21,distance,target-reference,-0.7232927366404909,-4.510090470314026
COCO-2017-val,Molmo2-ER,coco_0037_515077,21,horizontal,target-reference,1.5525186836443792,8.47201681137085
COCO-2017-val,Molmo2-ER,coco_0037_515077,21,vertical,target-reference,-0.6739933728232845,-8.245822668075562
COCO-2017-val,Molmo2-ER,coco_0038_141821,21,distance,target-reference,-0.3204289242551507,-8.341976404190063
COCO-2017-val,Molmo2-ER,coco_0038_141821,21,horizontal,target-reference,-1.6963575391483918,-16.570405960083008
COCO-2017-val,Molmo2-ER,coco_0038_141821,21,vertical,target-reference,-0.04860270666290911,-0.3869638442993155
COCO-2017-val,Molmo2-ER,coco_0039_242934,21,distance,target-reference,-0.397612369299363,-7.234446108341217
COCO-2017-val,Molmo2-ER,coco_0039_242934,21,horizontal,target-reference,1.5195445792830817,-3.903197050094604
COCO-2017-val,Molmo2-ER,coco_0039_242934,21,vertical,target-reference,0.35934333209316827,-5.040554955601692
COCO-2017-val,Molmo2-ER,coco_0040_411754,21,distance,target-reference,-0.3041627320779143,-2.8106682300567627
COCO-2017-val,Molmo2-ER,coco_0040_411754,21,horizontal,target-reference,-1.7408349805912213,-5.484707355499268
COCO-2017-val,Molmo2-ER,coco_0040_411754,21,vertical,target-reference,-0.048592047377326475,0.1493072509765625
COCO-2017-val,Molmo2-ER,coco_0041_24610,21,distance,target-reference,-0.04258195040099029,0.26304635405540466
COCO-2017-val,Molmo2-ER,coco_0041_24610,21,horizontal,target-reference,1.6794669843641694,13.196444511413574
COCO-2017-val,Molmo2-ER,coco_0041_24610,21,vertical,target-reference,0.37408952503195536,9.143932819366455
COCO-2017-val,Molmo2-ER,coco_0042_26465,21,distance,target-reference,0.8875196070533328,6.2251904010772705
COCO-2017-val,Molmo2-ER,coco_0042_26465,21,horizontal,target-reference,-1.3825697218837578,1.781177043914795
COCO-2017-val,Molmo2-ER,coco_0042_26465,21,vertical,target-reference,1.2459273262686321,9.474931836128235
COCO-2017-val,Molmo2-ER,coco_0043_453841,21,distance,target-reference,-0.0320440369419454,-1.864139437675476
COCO-2017-val,Molmo2-ER,coco_0043_453841,21,horizontal,target-reference,1.6038445302585869,13.444537878036499
COCO-2017-val,Molmo2-ER,coco_0043_453841,21,vertical,target-reference,0.2397669331776085,2.8731372356414795
COCO-2017-val,Molmo2-ER,coco_0044_81738,21,distance,target-reference,-0.30770896671117226,-6.203762054443359
COCO-2017-val,Molmo2-ER,coco_0044_81738,21,horizontal,target-reference,-1.767711703714847,-11.440985679626465
COCO-2017-val,Molmo2-ER,coco_0044_81738,21,vertical,target-reference,0.2036369200508965,-0.3365204930305481
COCO-2017-val,Molmo2-ER,coco_0045_227898,21,distance,target-reference,0.10491462053952111,4.570280909538269
COCO-2017-val,Molmo2-ER,coco_0045_227898,21,horizontal,target-reference,1.6634062476053806,0.8633535802364349
COCO-2017-val,Molmo2-ER,coco_0045_227898,21,vertical,target-reference,-0.11381432082491272,-3.0992969274520874
COCO-2017-val,Molmo2-ER,coco_0046_304984,21,distance,target-reference,0.47804986970193164,1.8639163970947268
COCO-2017-val,Molmo2-ER,coco_0046_304984,21,horizontal,target-reference,-1.4988941919093588,-16.44680404663086
COCO-2017-val,Molmo2-ER,coco_0046_304984,21,vertical,target-reference,1.0540892606559378,16.773889541625977
COCO-2017-val,Molmo2-ER,coco_0047_348481,21,distance,target-reference,0.3729966561885472,4.2050124406814575
COCO-2017-val,Molmo2-ER,coco_0047_348481,21,horizontal,target-reference,-1.2632994059471434,-2.005002498626708
COCO-2017-val,Molmo2-ER,coco_0047_348481,21,vertical,target-reference,1.3098410645492593,16.018643140792847
COCO-2017-val,Molmo2-ER,coco_0048_575970,21,distance,target-reference,-0.6789377441945043,-3.826043605804444
COCO-2017-val,Molmo2-ER,coco_0048_575970,21,horizontal,target-reference,1.6451729882609205,8.383312106132507
COCO-2017-val,Molmo2-ER,coco_0048_575970,21,vertical,target-reference,-0.3427952758751262,-1.4893748760223389
COCO-2017-val,Molmo2-ER,coco_0049_216497,21,distance,target-reference,-0.3593821461689881,-5.390488624572754
COCO-2017-val,Molmo2-ER,coco_0049_216497,21,horizontal,target-reference,1.6691016575978417,12.915292263031006
COCO-2017-val,Molmo2-ER,coco_0049_216497,21,vertical,target-reference,-0.3388172084052501,-7.244639158248901
COCO-2017-val,Molmo2-ER,coco_0050_298396,21,distance,target-reference,0.5150670491033706,2.216252803802491
COCO-2017-val,Molmo2-ER,coco_0050_298396,21,horizontal,target-reference,1.1947958889593275,2.4189441800117493
COCO-2017-val,Molmo2-ER,coco_0050_298396,21,vertical,target-reference,1.6192176696146658,19.05276107788086
COCO-2017-val,Molmo2-ER,coco_0051_528399,21,distance,target-reference,-0.41133911898025377,-4.798011064529419
COCO-2017-val,Molmo2-ER,coco_0051_528399,21,horizontal,target-reference,-1.585488391313806,-3.767380714416504
COCO-2017-val,Molmo2-ER,coco_0051_528399,21,vertical,target-reference,-0.7463325740144859,-11.868228435516357
COCO-2017-val,Molmo2-ER,coco_0052_551660,21,distance,target-reference,-0.8286068843030505,-4.746358394622803
COCO-2017-val,Molmo2-ER,coco_0052_551660,21,horizontal,target-reference,-1.1118959085849924,-8.286975383758545
COCO-2017-val,Molmo2-ER,coco_0052_551660,21,vertical,target-reference,-1.479758748676875,-11.78304147720337
COCO-2017-val,Molmo2-ER,coco_0053_147415,21,distance,target-reference,-0.2017708602137738,-3.990650773048401
COCO-2017-val,Molmo2-ER,coco_0053_147415,21,horizontal,target-reference,-1.5047499551938652,-11.89479923248291
COCO-2017-val,Molmo2-ER,coco_0053_147415,21,vertical,target-reference,0.9213571081394751,6.604750156402588
COCO-2017-val,Molmo2-ER,coco_0054_497344,21,distance,target-reference,0.36428989427552183,6.872615575790405
COCO-2017-val,Molmo2-ER,coco_0054_497344,21,horizontal,target-reference,1.5155232322178471,7.437681198120117
COCO-2017-val,Molmo2-ER,coco_0054_497344,21,vertical,target-reference,0.8422949273485438,5.680414915084839
COCO-2017-val,Molmo2-ER,coco_0055_35279,21,distance,target-reference,-0.5092811776381527,-5.990268707275389
COCO-2017-val,Molmo2-ER,coco_0055_35279,21,horizontal,target-reference,1.4932747740520267,7.877277374267578
COCO-2017-val,Molmo2-ER,coco_0055_35279,21,vertical,target-reference,-1.1822379069787305,-7.892647981643677
COCO-2017-val,Molmo2-ER,coco_0056_330818,21,distance,target-reference,-0.03749981372817851,-0.30762267112731934
COCO-2017-val,Molmo2-ER,coco_0056_330818,21,horizontal,target-reference,0.3383010360522312,0.963665246963501
COCO-2017-val,Molmo2-ER,coco_0056_330818,21,vertical,target-reference,-1.5347875125661496,-12.02385950088501
COCO-2017-val,Molmo2-ER,coco_0057_276285,21,distance,target-reference,0.8439650422424516,4.3911402225494385
COCO-2017-val,Molmo2-ER,coco_0057_276285,21,horizontal,target-reference,0.4008624491064824,-1.1361359357833862
COCO-2017-val,Molmo2-ER,coco_0057_276285,21,vertical,target-reference,1.6040934998525247,4.866304993629456
COCO-2017-val,Molmo2-ER,coco_0058_195918,21,distance,target-reference,-0.559150623236154,-3.785791337490082
COCO-2017-val,Molmo2-ER,coco_0058_195918,21,horizontal,target-reference,1.6293032239605223,12.418504238128662
COCO-2017-val,Molmo2-ER,coco_0058_195918,21,vertical,target-reference,-0.5949036961307521,-1.8772296905517578
COCO-2017-val,Molmo2-ER,coco_0059_515579,21,distance,target-reference,0.6440290496343184,-2.843191385269165
COCO-2017-val,Molmo2-ER,coco_0059_515579,21,horizontal,target-reference,-1.5763094962753406,-9.660207867622375
COCO-2017-val,Molmo2-ER,coco_0059_515579,21,vertical,target-reference,0.2357306291806015,4.281064808368683
COCO-2017-val,Molmo2-ER,coco_0060_425361,21,distance,target-reference,0.1567537287120286,0.3499349355697632
COCO-2017-val,Molmo2-ER,coco_0060_425361,21,horizontal,target-reference,1.650103409845054,7.88892674446106
COCO-2017-val,Molmo2-ER,coco_0060_425361,21,vertical,target-reference,0.19720100245870809,3.535266101360321
COCO-2017-val,Molmo2-ER,coco_0061_283412,21,distance,target-reference,0.7705314482890113,6.154896974563599
COCO-2017-val,Molmo2-ER,coco_0061_283412,21,horizontal,target-reference,-1.381326719910633,-6.699328303337097
COCO-2017-val,Molmo2-ER,coco_0061_283412,21,vertical,target-reference,0.9245977617384755,6.018203616142273
COCO-2017-val,Molmo2-ER,coco_0062_1268,21,distance,target-reference,-0.638383872519527,-9.479960203170776
COCO-2017-val,Molmo2-ER,coco_0062_1268,21,horizontal,target-reference,-1.6264629272238378,-15.129473209381104
COCO-2017-val,Molmo2-ER,coco_0062_1268,21,vertical,target-reference,-0.34150479304262904,-3.7277071475982666
COCO-2017-val,Molmo2-ER,coco_0063_308531,21,distance,target-reference,0.3144165791183747,-2.212987184524536
COCO-2017-val,Molmo2-ER,coco_0063_308531,21,horizontal,target-reference,0.22824717345945,-3.464261054992676
COCO-2017-val,Molmo2-ER,coco_0063_308531,21,vertical,target-reference,1.5566836614421873,19.02110242843628
COCO-2017-val,Molmo2-ER,coco_0064_414638,21,distance,target-reference,-0.1061352329558578,-5.367182731628418
COCO-2017-val,Molmo2-ER,coco_0064_414638,21,horizontal,target-reference,-1.4305480298093924,-9.571580886840819
COCO-2017-val,Molmo2-ER,coco_0064_414638,21,vertical,target-reference,-1.0876951801937091,-16.9707612991333
COCO-2017-val,Molmo2-ER,coco_0065_248400,21,distance,target-reference,0.4633642184436493,2.143288552761078
COCO-2017-val,Molmo2-ER,coco_0065_248400,21,horizontal,target-reference,-1.5902739573425517,-9.185200929641724
COCO-2017-val,Molmo2-ER,coco_0065_248400,21,vertical,target-reference,-0.3433913930912389,-4.567220211029053
COCO-2017-val,Molmo2-ER,coco_0066_130613,21,distance,target-reference,0.8802112003879747,4.934013605117798
COCO-2017-val,Molmo2-ER,coco_0066_130613,21,horizontal,target-reference,1.2437383960341748,8.903316497802734
COCO-2017-val,Molmo2-ER,coco_0066_130613,21,vertical,target-reference,1.6009930088730735,17.777006149291992
COCO-2017-val,Molmo2-ER,coco_0067_92053,21,distance,target-reference,0.00390246708067582,0.7085830569267273
COCO-2017-val,Molmo2-ER,coco_0067_92053,21,horizontal,target-reference,1.647679632868142,4.369857013225555
COCO-2017-val,Molmo2-ER,coco_0067_92053,21,vertical,target-reference,-0.0745886622992936,0.23530733585357688
COCO-2017-val,Molmo2-ER,coco_0068_232088,21,distance,target-reference,-0.5368519765645163,-4.121842622756958
COCO-2017-val,Molmo2-ER,coco_0068_232088,21,horizontal,target-reference,-1.5150129796630902,-8.272634744644165
COCO-2017-val,Molmo2-ER,coco_0068_232088,21,vertical,target-reference,-0.9285628002728272,-14.697044849395752
COCO-2017-val,Molmo2-ER,coco_0069_91406,21,distance,target-reference,-0.7750224503751861,-8.773545265197754
COCO-2017-val,Molmo2-ER,coco_0069_91406,21,horizontal,target-reference,-1.2396247704122272,-7.470956802368164
COCO-2017-val,Molmo2-ER,coco_0069_91406,21,vertical,target-reference,-1.5265992387301193,-18.81142520904541
COCO-2017-val,Molmo2-ER,coco_0070_419653,21,distance,target-reference,0.012556527751321822,-5.800811767578125
COCO-2017-val,Molmo2-ER,coco_0070_419653,21,horizontal,target-reference,1.6130009847293363,13.814090251922607
COCO-2017-val,Molmo2-ER,coco_0070_419653,21,vertical,target-reference,-0.4601577114828049,-3.329251527786254
COCO-2017-val,Molmo2-ER,coco_0071_572462,21,distance,target-reference,0.01017795618543621,4.609891772270203
COCO-2017-val,Molmo2-ER,coco_0071_572462,21,horizontal,target-reference,-1.2161082803590086,3.062115490436554
COCO-2017-val,Molmo2-ER,coco_0071_572462,21,vertical,target-reference,-1.340823334657271,-4.423401236534119
COCO-2017-val,Molmo2-ER,coco_0072_195842,21,distance,target-reference,0.8486268618599366,1.3838569819927216
COCO-2017-val,Molmo2-ER,coco_0072_195842,21,horizontal,target-reference,-1.0209131303922971,-14.028907775878906
COCO-2017-val,Molmo2-ER,coco_0072_195842,21,vertical,target-reference,1.7697485911837765,26.907745361328125
COCO-2017-val,Molmo2-ER,coco_0073_6763,21,distance,target-reference,0.8652281576515598,3.099528551101684
COCO-2017-val,Molmo2-ER,coco_0073_6763,21,horizontal,target-reference,-1.393437212286099,-16.181751251220703
COCO-2017-val,Molmo2-ER,coco_0073_6763,21,vertical,target-reference,1.32465748506002,16.251463651657104
COCO-2017-val,Molmo2-ER,coco_0074_36844,21,distance,target-reference,0.5020614930045839,1.841299295425415
COCO-2017-val,Molmo2-ER,coco_0074_36844,21,horizontal,target-reference,1.615579580541833,14.123481512069702
COCO-2017-val,Molmo2-ER,coco_0074_36844,21,vertical,target-reference,0.23360295314572427,5.299183487892151
COCO-2017-val,Molmo2-ER,coco_0075_18575,21,distance,target-reference,0.5314211717765243,0.24978137016296392
COCO-2017-val,Molmo2-ER,coco_0075_18575,21,horizontal,target-reference,1.47988577295676,7.923235535621643
COCO-2017-val,Molmo2-ER,coco_0075_18575,21,vertical,target-reference,0.697987261677567,4.459434151649475
COCO-2017-val,Molmo2-ER,coco_0076_559513,21,distance,target-reference,-0.45053469306230165,-2.9924058914184566
COCO-2017-val,Molmo2-ER,coco_0076_559513,21,horizontal,target-reference,-1.6042556579242975,-7.247610569000244
COCO-2017-val,Molmo2-ER,coco_0076_559513,21,vertical,target-reference,0.02469972844211389,0.20220279693603516
COCO-2017-val,Molmo2-ER,coco_0077_442323,21,distance,target-reference,-0.332655969561166,-7.723283886909485
COCO-2017-val,Molmo2-ER,coco_0077_442323,21,horizontal,target-reference,-1.739091589595823,-10.808635711669922
COCO-2017-val,Molmo2-ER,coco_0077_442323,21,vertical,target-reference,-0.16715167732060343,-1.4266371726989746
COCO-2017-val,Molmo2-ER,coco_0078_446651,21,distance,target-reference,0.7193139307106868,5.916898250579834
COCO-2017-val,Molmo2-ER,coco_0078_446651,21,horizontal,target-reference,1.5452410957612344,5.6310155391693115
COCO-2017-val,Molmo2-ER,coco_0078_446651,21,vertical,target-reference,0.6646297509201018,7.449458122253418
COCO-2017-val,Molmo2-ER,coco_0079_415194,21,distance,target-reference,-0.5926048517927901,-7.944325804710388
COCO-2017-val,Molmo2-ER,coco_0079_415194,21,horizontal,target-reference,-1.6874628673472023,-18.51501703262329
COCO-2017-val,Molmo2-ER,coco_0079_415194,21,vertical,target-reference,-0.15841623090211476,-3.989589810371399
COCO-2017-val,Molmo2-ER,coco_0080_276055,21,distance,target-reference,0.4146367761684817,-2.7983336448669434
COCO-2017-val,Molmo2-ER,coco_0080_276055,21,horizontal,target-reference,-1.4398457040805637,-4.730503559112549
COCO-2017-val,Molmo2-ER,coco_0080_276055,21,vertical,target-reference,-1.08284696107667,-8.529481887817383
COCO-2017-val,Molmo2-ER,coco_0081_407646,21,distance,target-reference,-0.2051246835929687,-5.998831510543823
COCO-2017-val,Molmo2-ER,coco_0081_407646,21,horizontal,target-reference,1.7765649856741614,8.481717348098755
COCO-2017-val,Molmo2-ER,coco_0081_407646,21,vertical,target-reference,-0.0788931701740272,-1.8307578563690186
COCO-2017-val,Molmo2-ER,coco_0082_127092,21,distance,target-reference,0.17847932006469072,-2.5247603058815002
COCO-2017-val,Molmo2-ER,coco_0082_127092,21,horizontal,target-reference,-1.662523311293643,-10.589770555496216
COCO-2017-val,Molmo2-ER,coco_0082_127092,21,vertical,target-reference,0.09740307007813187,-4.112006187438965
COCO-2017-val,Molmo2-ER,coco_0083_525083,21,distance,target-reference,-0.1957020420460041,-6.50974440574646
COCO-2017-val,Molmo2-ER,coco_0083_525083,21,horizontal,target-reference,-1.5512211807540692,-14.187042236328125
COCO-2017-val,Molmo2-ER,coco_0083_525083,21,vertical,target-reference,-0.4026108234650796,-1.03312349319458
COCO-2017-val,Molmo2-ER,coco_0084_530146,21,distance,target-reference,0.41118213224406697,4.624584913253784
COCO-2017-val,Molmo2-ER,coco_0084_530146,21,horizontal,target-reference,-1.6546833209563205,-18.826496124267578
COCO-2017-val,Molmo2-ER,coco_0084_530146,21,vertical,target-reference,0.8535221298010132,7.234659671783447
COCO-2017-val,Molmo2-ER,coco_0085_532129,21,distance,target-reference,-0.2669006852977489,-1.2711369395256042
COCO-2017-val,Molmo2-ER,coco_0085_532129,21,horizontal,target-reference,-1.5708975484714087,-10.601315975189209
COCO-2017-val,Molmo2-ER,coco_0085_532129,21,vertical,target-reference,-0.28155527989524276,4.194320321083069
COCO-2017-val,Molmo2-ER,coco_0086_74209,21,distance,target-reference,0.04552537478987381,-2.7019032239913936
COCO-2017-val,Molmo2-ER,coco_0086_74209,21,horizontal,target-reference,-1.6016920538757256,-14.654510498046873
COCO-2017-val,Molmo2-ER,coco_0086_74209,21,vertical,target-reference,0.055849597212010216,4.110089063644409
COCO-2017-val,Molmo2-ER,coco_0087_532761,21,distance,target-reference,0.0513806670091107,-3.356916248798371
COCO-2017-val,Molmo2-ER,coco_0087_532761,21,horizontal,target-reference,-1.5201521569606307,-14.370280742645264
COCO-2017-val,Molmo2-ER,coco_0087_532761,21,vertical,target-reference,0.4749486091932881,5.964192867279053
COCO-2017-val,Molmo2-ER,coco_0088_366225,21,distance,target-reference,0.5459908452902064,2.0652248859405518
COCO-2017-val,Molmo2-ER,coco_0088_366225,21,horizontal,target-reference,0.8790881109440525,0.9960305690765381
COCO-2017-val,Molmo2-ER,coco_0088_366225,21,vertical,target-reference,1.3525574093136794,14.440910339355469
COCO-2017-val,Molmo2-ER,coco_0089_546717,21,distance,target-reference,0.7993425585928824,3.8072562217712402
COCO-2017-val,Molmo2-ER,coco_0089_546717,21,horizontal,target-reference,-1.0682214391147684,-15.678593635559082
COCO-2017-val,Molmo2-ER,coco_0089_546717,21,vertical,target-reference,1.3907345285624002,17.381290435791016
COCO-2017-val,Molmo2-ER,coco_0090_460494,21,distance,target-reference,0.21538012096257203,3.6876639127731323
COCO-2017-val,Molmo2-ER,coco_0090_460494,21,horizontal,target-reference,1.5418943777380698,4.688535213470459
COCO-2017-val,Molmo2-ER,coco_0090_460494,21,vertical,target-reference,0.6291369232181779,6.434632480144501
COCO-2017-val,Molmo2-ER,coco_0091_311303,21,distance,target-reference,-0.37268448966806317,-5.540975451469421
COCO-2017-val,Molmo2-ER,coco_0091_311303,21,horizontal,target-reference,-1.3588955194038297,-16.687434673309326
COCO-2017-val,Molmo2-ER,coco_0091_311303,21,vertical,target-reference,-0.009004614770705098,1.593131721019745
COCO-2017-val,Molmo2-ER,coco_0092_462614,21,distance,target-reference,0.2355012801423142,-2.1018879413604736
COCO-2017-val,Molmo2-ER,coco_0092_462614,21,horizontal,target-reference,-1.5839606518733513,-14.730287551879883
COCO-2017-val,Molmo2-ER,coco_0092_462614,21,vertical,target-reference,-0.017082536157008388,-3.6011643409729004
COCO-2017-val,Molmo2-ER,coco_0093_233825,21,distance,target-reference,0.2701278966336052,-2.1523667573928833
COCO-2017-val,Molmo2-ER,coco_0093_233825,21,horizontal,target-reference,-1.4191609587202652,-18.457776069641113
COCO-2017-val,Molmo2-ER,coco_0093_233825,21,vertical,target-reference,0.830394482204804,14.161935806274414
COCO-2017-val,Molmo2-ER,coco_0094_558854,21,distance,target-reference,-0.03521882664079051,-0.11023950576782227
COCO-2017-val,Molmo2-ER,coco_0094_558854,21,horizontal,target-reference,1.4871182897407969,14.639790058135985
COCO-2017-val,Molmo2-ER,coco_0094_558854,21,vertical,target-reference,-0.3598660500264255,-9.895607709884644
COCO-2017-val,Molmo2-ER,coco_0095_457078,21,distance,target-reference,0.4353420083131093,1.0657103061676025
COCO-2017-val,Molmo2-ER,coco_0095_457078,21,horizontal,target-reference,-1.5872259407482143,-12.43209171295166
COCO-2017-val,Molmo2-ER,coco_0095_457078,21,vertical,target-reference,0.3577896232347477,2.2781033515930176
COCO-2017-val,Molmo2-ER,coco_0096_453302,21,distance,target-reference,0.4596504453425199,4.344068706035614
COCO-2017-val,Molmo2-ER,coco_0096_453302,21,horizontal,target-reference,-1.489097767007185,-15.923156261444092
COCO-2017-val,Molmo2-ER,coco_0096_453302,21,vertical,target-reference,0.2011352936993333,-1.8326377868652344
COCO-2017-val,Molmo2-ER,coco_0097_311928,21,distance,target-reference,0.10719605364378149,-4.927536845207214
COCO-2017-val,Molmo2-ER,coco_0097_311928,21,horizontal,target-reference,1.42654859239755,4.077977180480957
COCO-2017-val,Molmo2-ER,coco_0097_311928,21,vertical,target-reference,0.05761259868924952,-0.7950824499130249
COCO-2017-val,Molmo2-ER,coco_0098_203095,21,distance,target-reference,-0.3518055781215702,-9.284072875976562
COCO-2017-val,Molmo2-ER,coco_0098_203095,21,horizontal,target-reference,-1.5612198982670864,-6.54193902015686
COCO-2017-val,Molmo2-ER,coco_0098_203095,21,vertical,target-reference,-0.35184354500817827,-5.616347849369049
COCO-2017-val,Molmo2-ER,coco_0099_22371,21,distance,target-reference,-0.24688751900565228,-7.505759239196777
COCO-2017-val,Molmo2-ER,coco_0099_22371,21,horizontal,target-reference,1.6410840787852803,12.737040519714357
COCO-2017-val,Molmo2-ER,coco_0099_22371,21,vertical,target-reference,0.3168317056041172,-0.0188901424407959
COCO-2017-val,Molmo2-ER,coco_0100_367195,21,distance,target-reference,-0.042144670502858084,-0.6122663021087646
COCO-2017-val,Molmo2-ER,coco_0100_367195,21,horizontal,target-reference,-1.4726998073824107,-9.132207870483398
COCO-2017-val,Molmo2-ER,coco_0100_367195,21,vertical,target-reference,0.03378277437494859,-4.077258586883545
COCO-2017-val,Molmo2-ER,coco_0101_280930,21,distance,target-reference,0.2628596677241941,-4.915525674819946
COCO-2017-val,Molmo2-ER,coco_0101_280930,21,horizontal,target-reference,-1.4215431764096749,-14.383257389068605
COCO-2017-val,Molmo2-ER,coco_0101_280930,21,vertical,target-reference,0.3105780717201126,0.8100267648696899
COCO-2017-val,Molmo2-ER,coco_0102_163611,21,distance,target-reference,-0.4888486661305381,-5.362947940826416
COCO-2017-val,Molmo2-ER,coco_0102_163611,21,horizontal,target-reference,1.4577501462165958,9.76476240158081
COCO-2017-val,Molmo2-ER,coco_0102_163611,21,vertical,target-reference,-0.8575417855219898,-4.027319252490997
COCO-2017-val,Molmo2-ER,coco_0103_37740,21,distance,target-reference,-0.5396646862606649,-2.31654691696167
COCO-2017-val,Molmo2-ER,coco_0103_37740,21,horizontal,target-reference,1.493956723963381,13.083535909652708
COCO-2017-val,Molmo2-ER,coco_0103_37740,21,vertical,target-reference,-0.5458567431327117,-4.317084789276123
COCO-2017-val,Molmo2-ER,coco_0104_280891,21,distance,target-reference,0.6409798920444743,3.8614362478256226
COCO-2017-val,Molmo2-ER,coco_0104_280891,21,horizontal,target-reference,1.2889764205887237,9.060482501983643
COCO-2017-val,Molmo2-ER,coco_0104_280891,21,vertical,target-reference,1.2902515273004964,10.038877248764038
COCO-2017-val,Molmo2-ER,coco_0105_465718,21,distance,target-reference,0.3575232643201588,0.25749409198760986
COCO-2017-val,Molmo2-ER,coco_0105_465718,21,horizontal,target-reference,1.4464621940718787,16.11884379386902
COCO-2017-val,Molmo2-ER,coco_0105_465718,21,vertical,target-reference,0.4837112882742638,3.760328769683838
COCO-2017-val,Molmo2-ER,coco_0106_533206,21,distance,target-reference,-0.2311431736109834,-4.328087568283081
COCO-2017-val,Molmo2-ER,coco_0106_533206,21,horizontal,target-reference,-1.4110818436287433,-10.745332479476929
COCO-2017-val,Molmo2-ER,coco_0106_533206,21,vertical,target-reference,-0.5836439886802285,-8.339532852172852
COCO-2017-val,Molmo2-ER,coco_0107_60899,21,distance,target-reference,0.9541206237561419,4.807284951210022
COCO-2017-val,Molmo2-ER,coco_0107_60899,21,horizontal,target-reference,-1.251296173730891,-11.954930305480957
COCO-2017-val,Molmo2-ER,coco_0107_60899,21,vertical,target-reference,1.3060702466907343,6.078526973724365
COCO-2017-val,Molmo2-ER,coco_0108_30213,21,distance,target-reference,-0.10606446448899653,-7.856937885284424
COCO-2017-val,Molmo2-ER,coco_0108_30213,21,horizontal,target-reference,-1.4540162146479598,-18.46780824661255
COCO-2017-val,Molmo2-ER,coco_0108_30213,21,vertical,target-reference,0.1032319910873401,-3.53234326839447
COCO-2017-val,Molmo2-ER,coco_0109_382030,21,distance,target-reference,-0.08373245614794761,-1.3828693628311162
COCO-2017-val,Molmo2-ER,coco_0109_382030,21,horizontal,target-reference,1.535803390420007,12.65006160736084
COCO-2017-val,Molmo2-ER,coco_0109_382030,21,vertical,target-reference,-0.4335059154546478,-2.4394179582595834
COCO-2017-val,Molmo2-ER,coco_0110_458410,21,distance,target-reference,0.4133456273559081,-1.4928343296051025
COCO-2017-val,Molmo2-ER,coco_0110_458410,21,horizontal,target-reference,1.4934062800794563,12.258724689483643
COCO-2017-val,Molmo2-ER,coco_0110_458410,21,vertical,target-reference,0.408438586462738,1.9313791990280151
COCO-2017-val,Molmo2-ER,coco_0111_226147,21,distance,target-reference,0.3686613447336017,-1.0333100557327268
COCO-2017-val,Molmo2-ER,coco_0111_226147,21,horizontal,target-reference,1.6788017789353127,2.4413318634033203
COCO-2017-val,Molmo2-ER,coco_0111_226147,21,vertical,target-reference,0.8974842042252827,7.738205909729004
COCO-2017-val,Molmo2-ER,coco_0112_496954,21,distance,target-reference,-0.060446412660023485,-0.6539329290390019
COCO-2017-val,Molmo2-ER,coco_0112_496954,21,horizontal,target-reference,-1.4572564084408237,-14.25217342376709
COCO-2017-val,Molmo2-ER,coco_0112_496954,21,vertical,target-reference,0.8079113209251287,1.5220527648925781
COCO-2017-val,Molmo2-ER,coco_0113_491366,21,distance,target-reference,0.1054426664618821,0.5948779284954071
COCO-2017-val,Molmo2-ER,coco_0113_491366,21,horizontal,target-reference,1.5902048396826387,8.445125102996826
COCO-2017-val,Molmo2-ER,coco_0113_491366,21,vertical,target-reference,-0.8729670989635101,-9.105679512023926
COCO-2017-val,Molmo2-ER,coco_0114_505789,21,distance,target-reference,0.8475092167812701,3.158721923828126
COCO-2017-val,Molmo2-ER,coco_0114_505789,21,horizontal,target-reference,0.6287968552215311,-4.2483625411987305
COCO-2017-val,Molmo2-ER,coco_0114_505789,21,vertical,target-reference,1.5524126409686048,19.81535243988037
COCO-2017-val,Molmo2-ER,coco_0115_564336,21,distance,target-reference,0.03274745364446868,1.4636869430541992
COCO-2017-val,Molmo2-ER,coco_0115_564336,21,horizontal,target-reference,-1.4094801494217866,-8.810412406921387
COCO-2017-val,Molmo2-ER,coco_0115_564336,21,vertical,target-reference,-0.029257446455722397,-4.148128092288971
COCO-2017-val,Molmo2-ER,coco_0116_287649,21,distance,target-reference,-0.6232414123947446,-8.585257589817047
COCO-2017-val,Molmo2-ER,coco_0116_287649,21,horizontal,target-reference,0.8358886085751539,0.8261694908142097
COCO-2017-val,Molmo2-ER,coco_0116_287649,21,vertical,target-reference,-1.7338571434005519,-8.878648400306702
COCO-2017-val,Molmo2-ER,coco_0117_87476,21,distance,target-reference,0.7092572777594417,4.001496315002441
COCO-2017-val,Molmo2-ER,coco_0117_87476,21,horizontal,target-reference,0.2438741858800647,0.3807609677314758
COCO-2017-val,Molmo2-ER,coco_0117_87476,21,vertical,target-reference,1.4896577206544062,16.299328804016113
COCO-2017-val,Molmo2-ER,coco_0118_340894,21,distance,target-reference,-0.49948935302022607,-8.294910907745361
COCO-2017-val,Molmo2-ER,coco_0118_340894,21,horizontal,target-reference,-1.4903748412636606,-12.099236965179443
COCO-2017-val,Molmo2-ER,coco_0118_340894,21,vertical,target-reference,-0.5661030500157874,-8.323596894741058
COCO-2017-val,Molmo2-ER,coco_0119_92660,21,distance,target-reference,0.2925209944357182,0.6194813251495361
COCO-2017-val,Molmo2-ER,coco_0119_92660,21,horizontal,target-reference,-1.4701906209898643,-0.31124997138977006
COCO-2017-val,Molmo2-ER,coco_0119_92660,21,vertical,target-reference,0.1305824791047363,3.569357395172119
COCO-2017-val,Molmo2-ER,coco_0120_25560,21,distance,target-reference,-0.5569968644579624,-4.68457156419754
COCO-2017-val,Molmo2-ER,coco_0120_25560,21,horizontal,target-reference,1.0286131872344029,7.932612895965576
COCO-2017-val,Molmo2-ER,coco_0120_25560,21,vertical,target-reference,-1.4290272877908348,-13.070788383483887
COCO-2017-val,Molmo2-ER,coco_0121_411938,21,distance,target-reference,-0.4883617879567147,-5.956809043884277
COCO-2017-val,Molmo2-ER,coco_0121_411938,21,horizontal,target-reference,1.5033547685650595,10.282904386520386
COCO-2017-val,Molmo2-ER,coco_0121_411938,21,vertical,target-reference,-0.1614217821070427,-0.7794111669063568
COCO-2017-val,Molmo2-ER,coco_0122_512476,21,distance,target-reference,0.44943705236481857,1.2738511562347417
COCO-2017-val,Molmo2-ER,coco_0122_512476,21,horizontal,target-reference,-1.47590189028077,-8.95226764678955
COCO-2017-val,Molmo2-ER,coco_0122_512476,21,vertical,target-reference,-0.2854404654657721,-3.068332314491272
COCO-2017-val,Molmo2-ER,coco_0123_568981,21,distance,target-reference,0.30733528745201877,-0.8093584775924683
COCO-2017-val,Molmo2-ER,coco_0123_568981,21,horizontal,target-reference,-1.4526503091773377,-14.561357498168944
COCO-2017-val,Molmo2-ER,coco_0123_568981,21,vertical,target-reference,0.5258936887490472,2.3737555742263794
COCO-2017-val,Molmo2-ER,coco_0124_529122,21,distance,target-reference,0.14054137186387672,-1.0025846362113953
COCO-2017-val,Molmo2-ER,coco_0124_529122,21,horizontal,target-reference,-1.3916799493685785,-12.871208190917969
COCO-2017-val,Molmo2-ER,coco_0124_529122,21,vertical,target-reference,0.5066553190673743,9.184230327606201
COCO-2017-val,Molmo2-ER,coco_0125_86582,21,distance,target-reference,-0.8651016185762637,-10.663227081298828
COCO-2017-val,Molmo2-ER,coco_0125_86582,21,horizontal,target-reference,-1.2302391490283668,-3.581265091896057
COCO-2017-val,Molmo2-ER,coco_0125_86582,21,vertical,target-reference,-1.3998855056808601,-15.863298416137695
COCO-2017-val,Molmo2-ER,coco_0126_91615,21,distance,target-reference,0.28965396987754144,2.4299979209899902
COCO-2017-val,Molmo2-ER,coco_0126_91615,21,horizontal,target-reference,1.2944849239372667,10.001705408096313
COCO-2017-val,Molmo2-ER,coco_0126_91615,21,vertical,target-reference,0.8045121055475509,11.741275548934937
COCO-2017-val,Molmo2-ER,coco_0127_41872,21,distance,target-reference,-0.1713024053193849,-6.5896536111831665
COCO-2017-val,Molmo2-ER,coco_0127_41872,21,horizontal,target-reference,1.4690610415006449,12.528222560882568
COCO-2017-val,Molmo2-ER,coco_0127_41872,21,vertical,target-reference,-0.7156784467804211,-11.200269222259521
COCO-2017-val,Molmo2-ER,coco_0128_198489,21,distance,target-reference,0.7588494133517024,3.6864160299301147
COCO-2017-val,Molmo2-ER,coco_0128_198489,21,horizontal,target-reference,-0.7519474177881345,-6.232053756713867
COCO-2017-val,Molmo2-ER,coco_0128_198489,21,vertical,target-reference,1.2819931215290155,11.940683245658875
COCO-2017-val,Molmo2-ER,coco_0129_50326,21,distance,target-reference,0.0800581794430213,3.279543936252594
COCO-2017-val,Molmo2-ER,coco_0129_50326,21,horizontal,target-reference,-1.5000371625658127,-11.03842282295227
COCO-2017-val,Molmo2-ER,coco_0129_50326,21,vertical,target-reference,0.25823162683809797,0.1833441257476811
COCO-2017-val,Molmo2-ER,coco_0130_541773,21,distance,target-reference,0.7570998017627147,9.236091375350952
COCO-2017-val,Molmo2-ER,coco_0130_541773,21,horizontal,target-reference,-1.2811078710207369,-14.963088989257812
COCO-2017-val,Molmo2-ER,coco_0130_541773,21,vertical,target-reference,0.9328160681442872,8.96821117401123
COCO-2017-val,Molmo2-ER,coco_0131_302030,21,distance,target-reference,-0.7726582226348568,-6.463862061500549
COCO-2017-val,Molmo2-ER,coco_0131_302030,21,horizontal,target-reference,1.1888729403915064,9.631776332855225
COCO-2017-val,Molmo2-ER,coco_0131_302030,21,vertical,target-reference,-1.249988645980578,-10.528497695922852
COCO-2017-val,Molmo2-ER,coco_0132_255912,21,distance,target-reference,0.48545572330014797,0.3107005953788758
COCO-2017-val,Molmo2-ER,coco_0132_255912,21,horizontal,target-reference,-1.1961329839044832,-14.480981826782227
COCO-2017-val,Molmo2-ER,coco_0132_255912,21,vertical,target-reference,1.146759504957845,10.567333221435547
COCO-2017-val,Molmo2-ER,coco_0133_62554,21,distance,target-reference,-0.3192870434357632,-7.067720651626587
COCO-2017-val,Molmo2-ER,coco_0133_62554,21,horizontal,target-reference,1.3385459234931156,8.035474061965942
COCO-2017-val,Molmo2-ER,coco_0133_62554,21,vertical,target-reference,-0.650021417886275,-5.889931082725525
COCO-2017-val,Molmo2-ER,coco_0134_93437,21,distance,target-reference,-0.1890206603586948,-4.1451016664505005
COCO-2017-val,Molmo2-ER,coco_0134_93437,21,horizontal,target-reference,-1.4156059579769757,-10.875183582305908
COCO-2017-val,Molmo2-ER,coco_0134_93437,21,vertical,target-reference,-0.2355542707150835,-6.001506567001343
COCO-2017-val,Molmo2-ER,coco_0135_148620,21,distance,target-reference,-0.1332147294302522,-4.949345231056213
COCO-2017-val,Molmo2-ER,coco_0135_148620,21,horizontal,target-reference,-1.4809680665726608,-16.73982334136963
COCO-2017-val,Molmo2-ER,coco_0135_148620,21,vertical,target-reference,-0.3509517908331894,-5.1918463706970215
COCO-2017-val,Molmo2-ER,coco_0136_68833,21,distance,target-reference,-0.24200284162031288,-6.947226047515869
COCO-2017-val,Molmo2-ER,coco_0136_68833,21,horizontal,target-reference,1.282176296967104,11.637128353118896
COCO-2017-val,Molmo2-ER,coco_0136_68833,21,vertical,target-reference,-0.7465215384771242,-7.257238864898682
COCO-2017-val,Molmo2-ER,coco_0137_472678,21,distance,target-reference,-0.4594768210391168,-0.7680552005767827
COCO-2017-val,Molmo2-ER,coco_0137_472678,21,horizontal,target-reference,-1.4874329928696368,-10.573753356933594
COCO-2017-val,Molmo2-ER,coco_0137_472678,21,vertical,target-reference,-0.3878118467444953,-7.6583216190338135
COCO-2017-val,Molmo2-ER,coco_0138_59598,21,distance,target-reference,0.49260229995313853,4.8505172729492205
COCO-2017-val,Molmo2-ER,coco_0138_59598,21,horizontal,target-reference,-1.459442150754651,-14.713809967041016
COCO-2017-val,Molmo2-ER,coco_0138_59598,21,vertical,target-reference,0.5480880791505793,2.5357211232185364
COCO-2017-val,Molmo2-ER,coco_0139_47121,21,distance,target-reference,-0.3369040155454063,-9.093618273735046
COCO-2017-val,Molmo2-ER,coco_0139_47121,21,horizontal,target-reference,-1.4749193387074295,-12.18482255935669
COCO-2017-val,Molmo2-ER,coco_0139_47121,21,vertical,target-reference,-0.0259655135635401,1.3848558068275452
COCO-2017-val,Molmo2-ER,coco_0140_319696,21,distance,target-reference,0.22000204309934268,1.0481500625610352
COCO-2017-val,Molmo2-ER,coco_0140_319696,21,horizontal,target-reference,-1.2639507069440232,-10.620665788650513
COCO-2017-val,Molmo2-ER,coco_0140_319696,21,vertical,target-reference,0.6122115676151244,5.598415374755859
COCO-2017-val,Molmo2-ER,coco_0141_447917,21,distance,target-reference,0.17857324878931272,0.7802153825759888
COCO-2017-val,Molmo2-ER,coco_0141_447917,21,horizontal,target-reference,1.38984363342581,11.212928771972656
COCO-2017-val,Molmo2-ER,coco_0141_447917,21,vertical,target-reference,0.2983212013863505,-1.0922279953956606
COCO-2017-val,Molmo2-ER,coco_0142_210520,21,distance,target-reference,0.1480628825715696,5.7032787799835205
COCO-2017-val,Molmo2-ER,coco_0142_210520,21,horizontal,target-reference,-1.356743093853399,-15.78661060333252
COCO-2017-val,Molmo2-ER,coco_0142_210520,21,vertical,target-reference,0.9897495581725233,7.859102249145508
COCO-2017-val,Molmo2-ER,coco_0143_294783,21,distance,target-reference,-0.307721990598205,-4.988236904144287
COCO-2017-val,Molmo2-ER,coco_0143_294783,21,horizontal,target-reference,1.308108492435414,-2.676413536071777
COCO-2017-val,Molmo2-ER,coco_0143_294783,21,vertical,target-reference,-0.6565589771217221,-14.40678882598877
COCO-2017-val,Molmo2-ER,coco_0144_356612,21,distance,target-reference,-0.5343546228102043,-2.7741539478302
COCO-2017-val,Molmo2-ER,coco_0144_356612,21,horizontal,target-reference,-1.389230730046252,-8.256402254104614
COCO-2017-val,Molmo2-ER,coco_0144_356612,21,vertical,target-reference,-0.5291721212641696,-11.493568420410156
COCO-2017-val,Molmo2-ER,coco_0145_465129,21,distance,target-reference,0.011611823927116183,-5.255111217498779
COCO-2017-val,Molmo2-ER,coco_0145_465129,21,horizontal,target-reference,-1.4785100303634429,-16.941298961639404
COCO-2017-val,Molmo2-ER,coco_0145_465129,21,vertical,target-reference,-0.16451666605371323,-9.421222686767578
COCO-2017-val,Molmo2-ER,coco_0146_447169,21,distance,target-reference,0.4441189194767966,-2.0744283199310303
COCO-2017-val,Molmo2-ER,coco_0146_447169,21,horizontal,target-reference,-1.3664278322192407,-16.109819412231445
COCO-2017-val,Molmo2-ER,coco_0146_447169,21,vertical,target-reference,0.7132407018325098,12.943516254425049
COCO-2017-val,Molmo2-ER,coco_0147_194724,21,distance,target-reference,-0.2245319199257693,-4.668719053268433
COCO-2017-val,Molmo2-ER,coco_0147_194724,21,horizontal,target-reference,1.4808617235022257,9.695912480354309
COCO-2017-val,Molmo2-ER,coco_0147_194724,21,vertical,target-reference,-0.2043328802347051,1.455338478088379
COCO-2017-val,Molmo2-ER,coco_0148_345252,21,distance,target-reference,0.2977899526792126,2.7057186365127563
COCO-2017-val,Molmo2-ER,coco_0148_345252,21,horizontal,target-reference,1.470078553882883,7.6160330176353455
COCO-2017-val,Molmo2-ER,coco_0148_345252,21,vertical,target-reference,0.5597494817812704,7.070322275161743
COCO-2017-val,Molmo2-ER,coco_0149_110449,21,distance,target-reference,-0.2654857336232586,1.9805566668510437
COCO-2017-val,Molmo2-ER,coco_0149_110449,21,horizontal,target-reference,-1.3880127480325708,-8.157464265823364
COCO-2017-val,Molmo2-ER,coco_0149_110449,21,vertical,target-reference,-0.8662384958073663,-6.305504202842712
COCO-2017-val,Molmo2-ER,coco_0150_320664,21,distance,target-reference,-0.20960380639584092,-4.253135800361633
COCO-2017-val,Molmo2-ER,coco_0150_320664,21,horizontal,target-reference,-1.5000483894844117,-12.378090858459473
COCO-2017-val,Molmo2-ER,coco_0150_320664,21,vertical,target-reference,0.2279439055227688,1.7110687494277956
COCO-2017-val,Molmo2-ER,coco_0151_189752,21,distance,target-reference,-0.23172156221140178,-7.354779601097107
COCO-2017-val,Molmo2-ER,coco_0151_189752,21,horizontal,target-reference,-1.4298933936331801,-8.939997911453247
COCO-2017-val,Molmo2-ER,coco_0151_189752,21,vertical,target-reference,0.37693223356657457,4.418753534555435
COCO-2017-val,Molmo2-ER,coco_0152_344100,21,distance,target-reference,0.585279413443035,8.167284965515137
COCO-2017-val,Molmo2-ER,coco_0152_344100,21,horizontal,target-reference,1.2959124056628402,8.13541454076767
COCO-2017-val,Molmo2-ER,coco_0152_344100,21,vertical,target-reference,0.9522807731724805,15.729822158813477
COCO-2017-val,Molmo2-ER,coco_0153_506933,21,distance,target-reference,-0.3778996210585376,-6.738580286502838
COCO-2017-val,Molmo2-ER,coco_0153_506933,21,horizontal,target-reference,1.4237529271718283,5.751819610595703
COCO-2017-val,Molmo2-ER,coco_0153_506933,21,vertical,target-reference,-0.2958464598933843,0.7681883573532104
COCO-2017-val,Molmo2-ER,coco_0154_292236,21,distance,target-reference,0.6828729586095363,-0.4628190100193024
COCO-2017-val,Molmo2-ER,coco_0154_292236,21,horizontal,target-reference,-1.146724516414338,-11.244288444519043
COCO-2017-val,Molmo2-ER,coco_0154_292236,21,vertical,target-reference,1.1366458304116829,16.185972213745117
COCO-2017-val,Molmo2-ER,coco_0155_156643,21,distance,target-reference,-0.4211553318748824,-0.03786206245422341
COCO-2017-val,Molmo2-ER,coco_0155_156643,21,horizontal,target-reference,1.2991784049033943,2.678886771202088
COCO-2017-val,Molmo2-ER,coco_0155_156643,21,vertical,target-reference,0.43814610904730056,-0.493509143590927
COCO-2017-val,Molmo2-ER,coco_0156_245576,21,distance,target-reference,0.5627575741206567,7.394651174545289
COCO-2017-val,Molmo2-ER,coco_0156_245576,21,horizontal,target-reference,0.904623914587082,1.5315732955932617
COCO-2017-val,Molmo2-ER,coco_0156_245576,21,vertical,target-reference,1.4921659368725628,16.460542678833008
COCO-2017-val,Molmo2-ER,coco_0157_173008,21,distance,target-reference,0.5545692009048998,-1.8171303868293758
COCO-2017-val,Molmo2-ER,coco_0157_173008,21,horizontal,target-reference,-1.4701974560291398,8.604671001434326
COCO-2017-val,Molmo2-ER,coco_0157_173008,21,vertical,target-reference,0.3072062160630167,-4.071067810058594
COCO-2017-val,Molmo2-ER,coco_0158_555009,21,distance,target-reference,0.21232454802228398,2.7246466875076294
COCO-2017-val,Molmo2-ER,coco_0158_555009,21,horizontal,target-reference,1.4587381352037543,15.8978168964386
COCO-2017-val,Molmo2-ER,coco_0158_555009,21,vertical,target-reference,0.4204419837623966,2.5725924968719482
COCO-2017-val,Molmo2-ER,coco_0159_39477,21,distance,target-reference,0.2240320829172172,-1.3077327013015747
COCO-2017-val,Molmo2-ER,coco_0159_39477,21,horizontal,target-reference,1.2952574130998102,13.56335973739624
COCO-2017-val,Molmo2-ER,coco_0159_39477,21,vertical,target-reference,0.5705300966214985,7.1278076171875
COCO-2017-val,Molmo2-ER,coco_0160_421455,21,distance,target-reference,-0.8993161959686842,-10.611650466918945
COCO-2017-val,Molmo2-ER,coco_0160_421455,21,horizontal,target-reference,1.4368384446517752,9.014559745788574
COCO-2017-val,Molmo2-ER,coco_0160_421455,21,vertical,target-reference,0.26273779704736305,-1.7792590707540512
COCO-2017-val,Molmo2-ER,coco_0161_146489,21,distance,target-reference,-0.3227252166126578,-3.916116237640381
COCO-2017-val,Molmo2-ER,coco_0161_146489,21,horizontal,target-reference,1.3653434581722974,8.857187271118164
COCO-2017-val,Molmo2-ER,coco_0161_146489,21,vertical,target-reference,-0.5862100781743708,-3.944211006164551
COCO-2017-val,Molmo2-ER,coco_0162_117908,21,distance,target-reference,-0.4907682396057247,-3.046165943145752
COCO-2017-val,Molmo2-ER,coco_0162_117908,21,horizontal,target-reference,1.3098814444772584,10.215961456298828
COCO-2017-val,Molmo2-ER,coco_0162_117908,21,vertical,target-reference,0.334094794661173,5.078514575958252
COCO-2017-val,Molmo2-ER,coco_0163_395701,21,distance,target-reference,-0.5628153717875922,0.5735399127006531
COCO-2017-val,Molmo2-ER,coco_0163_395701,21,horizontal,target-reference,1.3190957038431197,16.213990211486816
COCO-2017-val,Molmo2-ER,coco_0163_395701,21,vertical,target-reference,-0.960803172083416,-8.580677032470703
COCO-2017-val,Molmo2-ER,coco_0164_446522,21,distance,target-reference,0.0449347969332409,-4.4851601123809814
COCO-2017-val,Molmo2-ER,coco_0164_446522,21,horizontal,target-reference,-1.609312466544652,-15.646852493286133
COCO-2017-val,Molmo2-ER,coco_0164_446522,21,vertical,target-reference,-0.6310444928782839,-7.915816038846969
COCO-2017-val,Molmo2-ER,coco_0165_166664,21,distance,target-reference,0.6835483968623579,5.089706063270569
COCO-2017-val,Molmo2-ER,coco_0165_166664,21,horizontal,target-reference,-1.2822875501057163,-14.800498962402344
COCO-2017-val,Molmo2-ER,coco_0165_166664,21,vertical,target-reference,0.6596358907001625,10.905465602874756
COCO-2017-val,Molmo2-ER,coco_0166_435880,21,distance,target-reference,0.28584893797099187,-5.271192193031311
COCO-2017-val,Molmo2-ER,coco_0166_435880,21,horizontal,target-reference,-1.3116712116241245,-14.757790565490723
COCO-2017-val,Molmo2-ER,coco_0166_435880,21,vertical,target-reference,0.7676721912370846,6.13376784324646
COCO-2017-val,Molmo2-ER,coco_0167_449432,21,distance,target-reference,0.428411859248025,-0.9778156280517578
COCO-2017-val,Molmo2-ER,coco_0167_449432,21,horizontal,target-reference,-1.3829926270971575,-11.399197101593018
COCO-2017-val,Molmo2-ER,coco_0167_449432,21,vertical,target-reference,0.624219300617567,4.190735459327698
COCO-2017-val,Molmo2-ER,coco_0168_156278,21,distance,target-reference,-0.1802332581401721,0.9048712849617003
COCO-2017-val,Molmo2-ER,coco_0168_156278,21,horizontal,target-reference,1.0567601721350712,9.488268613815308
COCO-2017-val,Molmo2-ER,coco_0168_156278,21,vertical,target-reference,-1.3468466968008885,-14.32091236114502
COCO-2017-val,Molmo2-ER,coco_0169_404484,21,distance,target-reference,0.12558099442550252,5.6320666670799255
COCO-2017-val,Molmo2-ER,coco_0169_404484,21,horizontal,target-reference,1.4068849520881908,14.960612297058105
COCO-2017-val,Molmo2-ER,coco_0169_404484,21,vertical,target-reference,0.2636397975875399,6.667060911655426
COCO-2017-val,Molmo2-ER,coco_0170_123633,21,distance,target-reference,0.0680150691706351,-3.032299041748047
COCO-2017-val,Molmo2-ER,coco_0170_123633,21,horizontal,target-reference,1.4811969858473955,9.00053095817566
COCO-2017-val,Molmo2-ER,coco_0170_123633,21,vertical,target-reference,0.06311396759691124,-0.5630283355712891
COCO-2017-val,Molmo2-ER,coco_0171_216419,21,distance,target-reference,-0.7698727495507074,-7.238460898399353
COCO-2017-val,Molmo2-ER,coco_0171_216419,21,horizontal,target-reference,1.2792498722451695,8.041219234466553
COCO-2017-val,Molmo2-ER,coco_0171_216419,21,vertical,target-reference,0.8271527809876311,3.8141905665397644
COCO-2017-val,Molmo2-ER,coco_0172_412362,21,distance,target-reference,0.2657011040593815,3.1761522293090816
COCO-2017-val,Molmo2-ER,coco_0172_412362,21,horizontal,target-reference,-1.500229421358863,-11.961408615112305
COCO-2017-val,Molmo2-ER,coco_0172_412362,21,vertical,target-reference,-0.13749103919292005,-0.49750185012817294
COCO-2017-val,Molmo2-ER,coco_0173_520264,21,distance,target-reference,-0.11963544942710841,1.5988653898239136
COCO-2017-val,Molmo2-ER,coco_0173_520264,21,horizontal,target-reference,-1.4231294162758992,-19.172647953033447
COCO-2017-val,Molmo2-ER,coco_0173_520264,21,vertical,target-reference,-0.3106790291101065,-7.1646379083395
COCO-2017-val,Molmo2-ER,coco_0174_466125,21,distance,target-reference,-0.1694893066084729,-1.648345947265625
COCO-2017-val,Molmo2-ER,coco_0174_466125,21,horizontal,target-reference,-1.1110098739241492,-17.134352684020996
COCO-2017-val,Molmo2-ER,coco_0174_466125,21,vertical,target-reference,1.1977495895629025,17.886676788330078
COCO-2017-val,Molmo2-ER,coco_0175_316015,21,distance,target-reference,-0.30282405810914487,-8.839405298233032
COCO-2017-val,Molmo2-ER,coco_0175_316015,21,horizontal,target-reference,-1.4486496922220886,-6.818340301513672
COCO-2017-val,Molmo2-ER,coco_0175_316015,21,vertical,target-reference,0.06561077722716702,-5.0751121044158936
COCO-2017-val,Molmo2-ER,coco_0176_27982,21,distance,target-reference,-0.1547604522006896,-3.8936048448085785
COCO-2017-val,Molmo2-ER,coco_0176_27982,21,horizontal,target-reference,-1.279524007736749,-14.044041633605959
COCO-2017-val,Molmo2-ER,coco_0176_27982,21,vertical,target-reference,0.4145128458706659,3.999340295791626
COCO-2017-val,Molmo2-ER,coco_0177_40757,21,distance,target-reference,-0.4614956903129977,-6.095685720443726
COCO-2017-val,Molmo2-ER,coco_0177_40757,21,horizontal,target-reference,-0.6595296649285102,-3.7928881645202637
COCO-2017-val,Molmo2-ER,coco_0177_40757,21,vertical,target-reference,-1.4017509877644405,-13.830362319946289
COCO-2017-val,Molmo2-ER,coco_0178_554291,21,distance,target-reference,0.360179543930923,2.822879672050476
COCO-2017-val,Molmo2-ER,coco_0178_554291,21,horizontal,target-reference,-1.256060479559926,-15.47954273223877
COCO-2017-val,Molmo2-ER,coco_0178_554291,21,vertical,target-reference,0.7571056562985297,3.912376284599304
COCO-2017-val,Molmo2-ER,coco_0179_222735,21,distance,target-reference,0.6277573491582384,9.128217935562134
COCO-2017-val,Molmo2-ER,coco_0179_222735,21,horizontal,target-reference,0.019733035530164422,-5.3999797105789185
COCO-2017-val,Molmo2-ER,coco_0179_222735,21,vertical,target-reference,1.3423692757751973,20.00219964981079
COCO-2017-val,Molmo2-ER,coco_0180_226171,21,distance,target-reference,0.0508612332544391,-0.3673984408378601
COCO-2017-val,Molmo2-ER,coco_0180_226171,21,horizontal,target-reference,-1.211739299531472,-7.568791627883911
COCO-2017-val,Molmo2-ER,coco_0180_226171,21,vertical,target-reference,0.6966366114946168,5.319009780883789
COCO-2017-val,Molmo2-ER,coco_0181_25096,21,distance,target-reference,-0.6531597917264302,0.842421054840088
COCO-2017-val,Molmo2-ER,coco_0181_25096,21,horizontal,target-reference,-0.8111797671027035,-1.1188747882843018
COCO-2017-val,Molmo2-ER,coco_0181_25096,21,vertical,target-reference,-1.2149082939832927,-9.240175008773804
COCO-2017-val,Molmo2-ER,coco_0182_472046,21,distance,target-reference,-0.0781872463900708,3.7897645235061646
COCO-2017-val,Molmo2-ER,coco_0182_472046,21,horizontal,target-reference,-1.3710692353357916,-2.5775516033172603
COCO-2017-val,Molmo2-ER,coco_0182_472046,21,vertical,target-reference,0.284843587512077,4.982988804578781
COCO-2017-val,Molmo2-ER,coco_0183_240940,21,distance,target-reference,-0.5497963154821109,-5.209086358547211
COCO-2017-val,Molmo2-ER,coco_0183_240940,21,horizontal,target-reference,0.2447017870157612,4.06447148323059
COCO-2017-val,Molmo2-ER,coco_0183_240940,21,vertical,target-reference,-1.3178708098865828,-18.90703821182251
COCO-2017-val,Molmo2-ER,coco_0184_197870,21,distance,target-reference,0.6252094470872578,2.8775441646575928
COCO-2017-val,Molmo2-ER,coco_0184_197870,21,horizontal,target-reference,-1.3015768635377973,-8.7952880859375
COCO-2017-val,Molmo2-ER,coco_0184_197870,21,vertical,target-reference,0.4873157066568946,4.356184810400009
COCO-2017-val,Molmo2-ER,coco_0185_144003,21,distance,target-reference,0.08208266736081576,3.220383048057556
COCO-2017-val,Molmo2-ER,coco_0185_144003,21,horizontal,target-reference,1.5148089957415167,12.36747407913208
COCO-2017-val,Molmo2-ER,coco_0185_144003,21,vertical,target-reference,-0.19992370272331095,7.278988361358643
COCO-2017-val,Molmo2-ER,coco_0186_484978,21,distance,target-reference,-0.5739569048428569,-3.195503950119018
COCO-2017-val,Molmo2-ER,coco_0186_484978,21,horizontal,target-reference,-1.1814203823187244,-5.246495008468628
COCO-2017-val,Molmo2-ER,coco_0186_484978,21,vertical,target-reference,-0.8810051042843916,-12.982250928878782
COCO-2017-val,Molmo2-ER,coco_0187_420840,21,distance,target-reference,0.1060402734481726,-0.9776992797851562
COCO-2017-val,Molmo2-ER,coco_0187_420840,21,horizontal,target-reference,1.3151536536289075,6.390993118286133
COCO-2017-val,Molmo2-ER,coco_0187_420840,21,vertical,target-reference,-0.36708845355580433,-3.7385045289993286
COCO-2017-val,Molmo2-ER,coco_0188_190923,21,distance,target-reference,-0.10609667731240707,-3.8684043884277344
COCO-2017-val,Molmo2-ER,coco_0188_190923,21,horizontal,target-reference,0.21071635361120644,-5.074543476104736
COCO-2017-val,Molmo2-ER,coco_0188_190923,21,vertical,target-reference,1.4242024729958158,16.659629821777344
COCO-2017-val,Molmo2-ER,coco_0189_376307,21,distance,target-reference,0.6270058425760037,4.712396144866943
COCO-2017-val,Molmo2-ER,coco_0189_376307,21,horizontal,target-reference,1.6050967967107335,7.175073325634003
COCO-2017-val,Molmo2-ER,coco_0189_376307,21,vertical,target-reference,0.8314069470066676,4.649834394454956
COCO-2017-val,Molmo2-ER,coco_0190_476810,21,distance,target-reference,0.5921003317526801,3.854856014251709
COCO-2017-val,Molmo2-ER,coco_0190_476810,21,horizontal,target-reference,1.013541856712522,3.3110442757606506
COCO-2017-val,Molmo2-ER,coco_0190_476810,21,vertical,target-reference,1.3788440056171747,13.758119821548462
COCO-2017-val,Molmo2-ER,coco_0191_575187,21,distance,target-reference,-0.10884511842661891,1.4683614373207097
COCO-2017-val,Molmo2-ER,coco_0191_575187,21,horizontal,target-reference,-1.2028948222183624,-11.775054454803467
COCO-2017-val,Molmo2-ER,coco_0191_575187,21,vertical,target-reference,0.9984835264387752,9.224292755126953
COCO-2017-val,Molmo2-ER,coco_0192_37670,21,distance,target-reference,0.031164261445674496,-0.6181327700614929
COCO-2017-val,Molmo2-ER,coco_0192_37670,21,horizontal,target-reference,1.3013025041493465,4.2640790939331055
COCO-2017-val,Molmo2-ER,coco_0192_37670,21,vertical,target-reference,-0.7006931984731438,-5.613030433654785
COCO-2017-val,Molmo2-ER,coco_0193_199771,21,distance,target-reference,0.5766085967181366,-3.6155964136123657
COCO-2017-val,Molmo2-ER,coco_0193_199771,21,horizontal,target-reference,-1.0371548684017102,-8.252323865890503
COCO-2017-val,Molmo2-ER,coco_0193_199771,21,vertical,target-reference,1.3307870496142251,1.2804644107818604
COCO-2017-val,Molmo2-ER,coco_0194_300039,21,distance,target-reference,-0.009788439204633702,-1.1210706233978271
COCO-2017-val,Molmo2-ER,coco_0194_300039,21,horizontal,target-reference,1.494269272532281,0.2271907329559326
COCO-2017-val,Molmo2-ER,coco_0194_300039,21,vertical,target-reference,0.3654736770575938,2.5576165914535522
COCO-2017-val,Molmo2-ER,coco_0195_47769,21,distance,target-reference,-0.2961014415362274,-5.739099591970444
COCO-2017-val,Molmo2-ER,coco_0195_47769,21,horizontal,target-reference,-1.338807585737474,-19.799297332763672
COCO-2017-val,Molmo2-ER,coco_0195_47769,21,vertical,target-reference,0.23805928512810737,2.4617159366607666
COCO-2017-val,Molmo2-ER,coco_0196_333772,21,distance,target-reference,0.4858417909754234,-0.09452962875366233
COCO-2017-val,Molmo2-ER,coco_0196_333772,21,horizontal,target-reference,-1.352689003363633,-13.48966360092163
COCO-2017-val,Molmo2-ER,coco_0196_333772,21,vertical,target-reference,0.5282915825370409,-0.9705483913421631
COCO-2017-val,Molmo2-ER,coco_0197_356424,21,distance,target-reference,0.9826816922640293,6.280962824821472
COCO-2017-val,Molmo2-ER,coco_0197_356424,21,horizontal,target-reference,-1.2433114975044766,-7.867046594619751
COCO-2017-val,Molmo2-ER,coco_0197_356424,21,vertical,target-reference,1.1084905797269688,10.176363706588745
COCO-2017-val,Molmo2-ER,coco_0198_397133,21,distance,target-reference,-0.572805561284654,-10.076840817928314
COCO-2017-val,Molmo2-ER,coco_0198_397133,21,horizontal,target-reference,1.1832972650999092,11.294439792633057
COCO-2017-val,Molmo2-ER,coco_0198_397133,21,vertical,target-reference,-0.5845424033878903,-2.3977880477905273
COCO-2017-val,Molmo2-ER,coco_0199_560474,21,distance,target-reference,0.7493626897893024,9.059123754501343
COCO-2017-val,Molmo2-ER,coco_0199_560474,21,horizontal,target-reference,-0.8152226380011965,-2.2299575805664062
COCO-2017-val,Molmo2-ER,coco_0199_560474,21,vertical,target-reference,1.2462708138086618,16.67216920852661
COCO-2017-val,Molmo2-ER,coco_0200_21503,21,distance,target-reference,0.003375039741757291,2.5403537154197693
COCO-2017-val,Molmo2-ER,coco_0200_21503,21,horizontal,target-reference,-1.5093490080147207,-13.53048038482666
COCO-2017-val,Molmo2-ER,coco_0200_21503,21,vertical,target-reference,-0.03558355921528766,-1.9532129764556887
COCO-2017-val,Molmo2-ER,coco_0201_336356,21,distance,target-reference,0.5671994443764815,3.5808433294296265
COCO-2017-val,Molmo2-ER,coco_0201_336356,21,horizontal,target-reference,1.8340255873731994,1.5090203285217285
COCO-2017-val,Molmo2-ER,coco_0201_336356,21,vertical,target-reference,0.6753536453301475,10.964966773986816
COCO-2017-val,Molmo2-ER,coco_0202_463618,21,distance,target-reference,0.3153706706434218,2.617890000343323
COCO-2017-val,Molmo2-ER,coco_0202_463618,21,horizontal,target-reference,-1.2774223723549667,-6.556572705507278
COCO-2017-val,Molmo2-ER,coco_0202_463618,21,vertical,target-reference,0.38648375473450364,-0.2831411361694336
COCO-2017-val,Molmo2-ER,coco_0203_533145,21,distance,target-reference,0.6436865697466856,2.2877811789512634
COCO-2017-val,Molmo2-ER,coco_0203_533145,21,horizontal,target-reference,-1.2611946761479647,-7.398646354675293
COCO-2017-val,Molmo2-ER,coco_0203_533145,21,vertical,target-reference,-0.8175091818570184,-1.009870707988739
COCO-2017-val,Molmo2-ER,coco_0204_193162,21,distance,target-reference,0.4145912528969815,1.6871603727340698
COCO-2017-val,Molmo2-ER,coco_0204_193162,21,horizontal,target-reference,-1.270326279963745,-14.576789855957031
COCO-2017-val,Molmo2-ER,coco_0204_193162,21,vertical,target-reference,0.707833625553,16.478595733642578
COCO-2017-val,Molmo2-ER,coco_0205_535523,21,distance,target-reference,0.3515998463999847,1.7785411477088926
COCO-2017-val,Molmo2-ER,coco_0205_535523,21,horizontal,target-reference,1.348177193704198,5.709557890892029
COCO-2017-val,Molmo2-ER,coco_0205_535523,21,vertical,target-reference,0.2929213039885489,1.1299115866422653
COCO-2017-val,Molmo2-ER,coco_0206_163258,21,distance,target-reference,-0.021662598050752102,-3.492392599582672
COCO-2017-val,Molmo2-ER,coco_0206_163258,21,horizontal,target-reference,-1.3317646332919164,-15.417795181274414
COCO-2017-val,Molmo2-ER,coco_0206_163258,21,vertical,target-reference,0.4213687559148931,2.0248498916625977
COCO-2017-val,Molmo2-ER,coco_0207_187243,21,distance,target-reference,-0.1524405984791945,-2.802712082862854
COCO-2017-val,Molmo2-ER,coco_0207_187243,21,horizontal,target-reference,-0.6578992670040319,-7.706995487213135
COCO-2017-val,Molmo2-ER,coco_0207_187243,21,vertical,target-reference,-1.2423796350109715,-8.616156816482544
COCO-2017-val,Molmo2-ER,coco_0208_519764,21,distance,target-reference,0.4175398281149485,7.444504737854004
COCO-2017-val,Molmo2-ER,coco_0208_519764,21,horizontal,target-reference,1.1186636019036424,7.276983976364137
COCO-2017-val,Molmo2-ER,coco_0208_519764,21,vertical,target-reference,0.7538946904807958,7.845771849155426
COCO-2017-val,Molmo2-ER,coco_0209_39956,21,distance,target-reference,0.25218343692742,-1.1726868152618404
COCO-2017-val,Molmo2-ER,coco_0209_39956,21,horizontal,target-reference,-1.3104164900899964,-14.21567440032959
COCO-2017-val,Molmo2-ER,coco_0209_39956,21,vertical,target-reference,0.25602960154108045,-0.9648571014404297
COCO-2017-val,Molmo2-ER,coco_0210_459500,21,distance,target-reference,0.4579466466370214,5.604099988937378
COCO-2017-val,Molmo2-ER,coco_0210_459500,21,horizontal,target-reference,1.0623495654537054,7.804458260536194
COCO-2017-val,Molmo2-ER,coco_0210_459500,21,vertical,target-reference,-1.1544206462483357,-10.886173248291016
COCO-2017-val,Molmo2-ER,coco_0211_400082,21,distance,target-reference,0.4272540712242271,2.0340161323547363
COCO-2017-val,Molmo2-ER,coco_0211_400082,21,horizontal,target-reference,1.200068500734788,11.819775104522707
COCO-2017-val,Molmo2-ER,coco_0211_400082,21,vertical,target-reference,0.13837694852832472,5.119693994522095
COCO-2017-val,Molmo2-ER,coco_0212_346638,21,distance,target-reference,-0.5346852205906535,-7.8608832359313965
COCO-2017-val,Molmo2-ER,coco_0212_346638,21,horizontal,target-reference,0.9014808011566542,5.632803559303284
COCO-2017-val,Molmo2-ER,coco_0212_346638,21,vertical,target-reference,-1.2590107414689578,-15.06575632095337
COCO-2017-val,Molmo2-ER,coco_0213_513283,21,distance,target-reference,0.7972331331526892,4.271576642990112
COCO-2017-val,Molmo2-ER,coco_0213_513283,21,horizontal,target-reference,1.1972621252018953,-1.0972315073013306
COCO-2017-val,Molmo2-ER,coco_0213_513283,21,vertical,target-reference,0.9814276506655848,5.261198043823242
COCO-2017-val,Molmo2-ER,coco_0214_397354,21,distance,target-reference,-0.12221287494769412,0.335676431655884
COCO-2017-val,Molmo2-ER,coco_0214_397354,21,horizontal,target-reference,1.3657612708779416,14.096487045288086
COCO-2017-val,Molmo2-ER,coco_0214_397354,21,vertical,target-reference,-0.28864138447592763,1.6662585735321045
COCO-2017-val,Molmo2-ER,coco_0215_160556,21,distance,target-reference,-0.2839767624087871,-5.32189404964447
COCO-2017-val,Molmo2-ER,coco_0215_160556,21,horizontal,target-reference,1.2597744533932456,6.308609485626221
COCO-2017-val,Molmo2-ER,coco_0215_160556,21,vertical,target-reference,0.033043540162671386,-1.4128608703613281
COCO-2017-val,Molmo2-ER,coco_0216_17905,21,distance,target-reference,0.17312827992537377,-1.2034635543823242
COCO-2017-val,Molmo2-ER,coco_0216_17905,21,horizontal,target-reference,0.790510673829117,1.321487307548523
COCO-2017-val,Molmo2-ER,coco_0216_17905,21,vertical,target-reference,1.2563459319122727,14.666960239410399
COCO-2017-val,Molmo2-ER,coco_0217_491008,21,distance,target-reference,0.041495475858337794,-3.3988057374954224
COCO-2017-val,Molmo2-ER,coco_0217_491008,21,horizontal,target-reference,1.3629362717305487,9.32041311264038
COCO-2017-val,Molmo2-ER,coco_0217_491008,21,vertical,target-reference,-0.054661229190751996,2.739575862884521
COCO-2017-val,Molmo2-ER,coco_0218_438876,21,distance,target-reference,-0.8339311499377184,-7.949659585952759
COCO-2017-val,Molmo2-ER,coco_0218_438876,21,horizontal,target-reference,-1.2114238261134531,-9.326448440551758
COCO-2017-val,Molmo2-ER,coco_0218_438876,21,vertical,target-reference,-0.9516943869876682,-10.252687692642212
COCO-2017-val,Molmo2-ER,coco_0219_135561,21,distance,target-reference,-0.1355796354658752,-5.005957245826721
COCO-2017-val,Molmo2-ER,coco_0219_135561,21,horizontal,target-reference,1.4074200609050858,15.121826171875
COCO-2017-val,Molmo2-ER,coco_0219_135561,21,vertical,target-reference,0.005697308231322973,3.758277654647827
COCO-2017-val,Molmo2-ER,coco_0220_429011,21,distance,target-reference,-0.1463103414142252,-1.0743932723999023
COCO-2017-val,Molmo2-ER,coco_0220_429011,21,horizontal,target-reference,-1.1575102802595503,-12.794960975646973
COCO-2017-val,Molmo2-ER,coco_0220_429011,21,vertical,target-reference,-0.2349787124655463,-4.706928491592407
COCO-2017-val,Molmo2-ER,coco_0221_157807,21,distance,target-reference,-0.0380578875162601,0.5386905670166016
COCO-2017-val,Molmo2-ER,coco_0221_157807,21,horizontal,target-reference,1.1509533026760033,7.707927227020264
COCO-2017-val,Molmo2-ER,coco_0221_157807,21,vertical,target-reference,-1.0464541220616386,-7.1031190156936646
COCO-2017-val,Molmo2-ER,coco_0222_331817,21,distance,target-reference,-0.3479438206582689,-4.723521828651428
COCO-2017-val,Molmo2-ER,coco_0222_331817,21,horizontal,target-reference,-1.3985693030786195,-10.732551097869873
COCO-2017-val,Molmo2-ER,coco_0222_331817,21,vertical,target-reference,-0.13123867519015814,-4.791729271411896
COCO-2017-val,Molmo2-ER,coco_0223_400794,21,distance,target-reference,-0.9024846236761249,-10.33648157119751
COCO-2017-val,Molmo2-ER,coco_0223_400794,21,horizontal,target-reference,-0.1698686268097097,1.1379132270812984
COCO-2017-val,Molmo2-ER,coco_0223_400794,21,vertical,target-reference,-1.3489944803958887,-15.02764892578125
COCO-2017-val,Molmo2-ER,coco_0224_370818,21,distance,target-reference,-0.44632842111221993,-6.841060757637024
COCO-2017-val,Molmo2-ER,coco_0224_370818,21,horizontal,target-reference,-1.555512630634471,-13.52026081085205
COCO-2017-val,Molmo2-ER,coco_0224_370818,21,vertical,target-reference,-0.8628514567268233,-10.274178981781006
COCO-2017-val,Molmo2-ER,coco_0225_352900,21,distance,target-reference,-0.4991057953217233,-6.055484175682069
COCO-2017-val,Molmo2-ER,coco_0225_352900,21,horizontal,target-reference,-0.950493805171577,-7.2508180141448975
COCO-2017-val,Molmo2-ER,coco_0225_352900,21,vertical,target-reference,-0.8566099354539713,-4.285773277282715
COCO-2017-val,Molmo2-ER,coco_0226_84362,21,distance,target-reference,-0.678739555698339,-7.3511309027671805
COCO-2017-val,Molmo2-ER,coco_0226_84362,21,horizontal,target-reference,0.9152857384394,5.266261696815491
COCO-2017-val,Molmo2-ER,coco_0226_84362,21,vertical,target-reference,-1.3462283802798032,-14.635612487792969
COCO-2017-val,Molmo2-ER,coco_0227_179392,21,distance,target-reference,-0.4511473998068926,-7.584131479263306
COCO-2017-val,Molmo2-ER,coco_0227_179392,21,horizontal,target-reference,-0.5303834030785279,-4.899487495422363
COCO-2017-val,Molmo2-ER,coco_0227_179392,21,vertical,target-reference,-1.2517277107046916,-17.531343460083008
COCO-2017-val,Molmo2-ER,coco_0228_413247,21,distance,target-reference,0.1862570325878951,-3.1843019127845764
COCO-2017-val,Molmo2-ER,coco_0228_413247,21,horizontal,target-reference,1.1598124711872542,8.74758243560791
COCO-2017-val,Molmo2-ER,coco_0228_413247,21,vertical,target-reference,0.3807210199582354,5.589002013206482
COCO-2017-val,Molmo2-ER,coco_0229_260105,21,distance,target-reference,-0.0011644919038849566,-1.1591511368751526
COCO-2017-val,Molmo2-ER,coco_0229_260105,21,horizontal,target-reference,-1.407239786663013,-8.512877821922302
COCO-2017-val,Molmo2-ER,coco_0229_260105,21,vertical,target-reference,-0.20532962993960813,0.7503277957439423
COCO-2017-val,Molmo2-ER,coco_0230_77396,21,distance,target-reference,-0.5724401078961544,-9.14273738861084
COCO-2017-val,Molmo2-ER,coco_0230_77396,21,horizontal,target-reference,-1.2863195110543986,-12.681297779083252
COCO-2017-val,Molmo2-ER,coco_0230_77396,21,vertical,target-reference,-0.6251647682873503,-11.902421951293945
COCO-2017-val,Molmo2-ER,coco_0231_482917,21,distance,target-reference,-0.48451030287694347,-4.906678795814514
COCO-2017-val,Molmo2-ER,coco_0231_482917,21,horizontal,target-reference,-1.5291335357590286,-2.5095133781433105
COCO-2017-val,Molmo2-ER,coco_0231_482917,21,vertical,target-reference,-1.1152620905157042,-10.258291244506836
COCO-2017-val,Molmo2-ER,coco_0232_231822,21,distance,target-reference,-0.2550760932915282,-6.565715312957764
COCO-2017-val,Molmo2-ER,coco_0232_231822,21,horizontal,target-reference,0.9245427629108081,5.878872036933899
COCO-2017-val,Molmo2-ER,coco_0232_231822,21,vertical,target-reference,-0.7068826529938249,-3.7184653282165527
COCO-2017-val,Molmo2-ER,coco_0233_473869,21,distance,target-reference,0.1815246779446205,-6.707831621170044
COCO-2017-val,Molmo2-ER,coco_0233_473869,21,horizontal,target-reference,1.2425824274383879,5.8836894035339355
COCO-2017-val,Molmo2-ER,coco_0233_473869,21,vertical,target-reference,0.07189439832664729,-0.40860307216644287
COCO-2017-val,Molmo2-ER,coco_0234_410880,21,distance,target-reference,0.4526101766437947,7.312335252761841
COCO-2017-val,Molmo2-ER,coco_0234_410880,21,horizontal,target-reference,-1.0994497028680958,-5.738316774368286
COCO-2017-val,Molmo2-ER,coco_0234_410880,21,vertical,target-reference,1.1060784031662967,5.778489589691162
COCO-2017-val,Molmo2-ER,coco_0235_334399,21,distance,target-reference,0.512042434802285,3.5031962394714355
COCO-2017-val,Molmo2-ER,coco_0235_334399,21,horizontal,target-reference,-1.2966186451120396,-14.557923316955566
COCO-2017-val,Molmo2-ER,coco_0235_334399,21,vertical,target-reference,0.5961292438940479,5.497227191925049
COCO-2017-val,Molmo2-ER,coco_0236_571313,21,distance,target-reference,-0.2689501401827389,-5.248609185218811
COCO-2017-val,Molmo2-ER,coco_0236_571313,21,horizontal,target-reference,-1.5713669953701772,-10.298206329345703
COCO-2017-val,Molmo2-ER,coco_0236_571313,21,vertical,target-reference,-0.7462486216464521,-11.455887794494629
COCO-2017-val,Molmo2-ER,coco_0237_419312,21,distance,target-reference,0.6892288678032804,2.607458770275116
COCO-2017-val,Molmo2-ER,coco_0237_419312,21,horizontal,target-reference,-0.4697699456628262,-7.49894380569458
COCO-2017-val,Molmo2-ER,coco_0237_419312,21,vertical,target-reference,1.2621182859875915,6.644468545913696
COCO-2017-val,Molmo2-ER,coco_0238_11511,21,distance,target-reference,-0.866066452727252,-7.8582963943481445
COCO-2017-val,Molmo2-ER,coco_0238_11511,21,horizontal,target-reference,1.0605099952339239,3.5082064867019653
COCO-2017-val,Molmo2-ER,coco_0238_11511,21,vertical,target-reference,-1.021349897797426,-7.701980113983154
COCO-2017-val,Molmo2-ER,coco_0239_12576,21,distance,target-reference,-0.5433824657268391,-10.049314975738525
COCO-2017-val,Molmo2-ER,coco_0239_12576,21,horizontal,target-reference,0.851712838730766,2.801024913787842
COCO-2017-val,Molmo2-ER,coco_0239_12576,21,vertical,target-reference,-0.9604252636056663,-10.824996948242188
COCO-2017-val,Molmo2-ER,coco_0240_136355,21,distance,target-reference,0.05074551261447391,-5.350667119026184
COCO-2017-val,Molmo2-ER,coco_0240_136355,21,horizontal,target-reference,1.1985839495646031,9.026877880096436
COCO-2017-val,Molmo2-ER,coco_0240_136355,21,vertical,target-reference,-0.2495445637149667,-4.98906147480011
COCO-2017-val,Molmo2-ER,coco_0241_3156,21,distance,target-reference,0.5035939397981245,-0.4321905374526982
COCO-2017-val,Molmo2-ER,coco_0241_3156,21,horizontal,target-reference,-1.5610482433138966,-16.028508186340332
COCO-2017-val,Molmo2-ER,coco_0241_3156,21,vertical,target-reference,-0.7449236308715421,-6.679276466369629
COCO-2017-val,Molmo2-ER,coco_0242_580294,21,distance,target-reference,-0.37634737301584686,-2.278253972530365
COCO-2017-val,Molmo2-ER,coco_0242_580294,21,horizontal,target-reference,1.1596362839525018,3.4603065252304077
COCO-2017-val,Molmo2-ER,coco_0242_580294,21,vertical,target-reference,-0.5951480136450779,-4.814694166183472
COCO-2017-val,Molmo2-ER,coco_0243_231097,21,distance,target-reference,0.3732743705136068,3.1219581365585327
COCO-2017-val,Molmo2-ER,coco_0243_231097,21,horizontal,target-reference,0.801206349663073,4.945697128772736
COCO-2017-val,Molmo2-ER,coco_0243_231097,21,vertical,target-reference,0.8921842545680895,9.875013828277588
COCO-2017-val,Molmo2-ER,coco_0244_170191,21,distance,target-reference,0.6425742306728349,-1.4287845492362976
COCO-2017-val,Molmo2-ER,coco_0244_170191,21,horizontal,target-reference,-1.0476265127225362,-13.389647006988525
COCO-2017-val,Molmo2-ER,coco_0244_170191,21,vertical,target-reference,0.8868327540175976,8.972116470336914
COCO-2017-val,Molmo2-ER,coco_0245_425221,21,distance,target-reference,0.3763289970488301,-5.826838731765747
COCO-2017-val,Molmo2-ER,coco_0245_425221,21,horizontal,target-reference,1.8568448863297196,2.000500202178955
COCO-2017-val,Molmo2-ER,coco_0245_425221,21,vertical,target-reference,0.12532222459465792,1.0600814819335938
COCO-2017-val,Molmo2-ER,coco_0246_182611,21,distance,target-reference,0.746739317852656,3.355215162038803
COCO-2017-val,Molmo2-ER,coco_0246_182611,21,horizontal,target-reference,1.4554278245164707,4.704963207244873
COCO-2017-val,Molmo2-ER,coco_0246_182611,21,vertical,target-reference,0.7273530988058274,-0.1540581583976746
COCO-2017-val,Molmo2-ER,coco_0247_172648,21,distance,target-reference,0.4712601907503624,4.543596982955933
COCO-2017-val,Molmo2-ER,coco_0247_172648,21,horizontal,target-reference,1.2300404686838395,8.676825284957886
COCO-2017-val,Molmo2-ER,coco_0247_172648,21,vertical,target-reference,0.1760115620032805,-0.055014461278915405
COCO-2017-val,Molmo2-ER,coco_0248_460841,21,distance,target-reference,0.24895552213163968,2.111179769039154
COCO-2017-val,Molmo2-ER,coco_0248_460841,21,horizontal,target-reference,1.0376521212525964,8.937214851379395
COCO-2017-val,Molmo2-ER,coco_0248_460841,21,vertical,target-reference,0.9553380954503357,2.521093368530273
COCO-2017-val,Molmo2-ER,coco_0249_190236,21,distance,target-reference,0.5097552954728206,1.1779264807701109
COCO-2017-val,Molmo2-ER,coco_0249_190236,21,horizontal,target-reference,-1.0644221366571107,-13.276851654052734
COCO-2017-val,Molmo2-ER,coco_0249_190236,21,vertical,target-reference,1.1620753445215117,13.98726749420166
COCO-2017-val,Molmo2-ER,coco_0250_105923,21,distance,target-reference,0.6832008552035619,2.307642817497253
COCO-2017-val,Molmo2-ER,coco_0250_105923,21,horizontal,target-reference,1.2878828045144806,9.817951679229736
COCO-2017-val,Molmo2-ER,coco_0250_105923,21,vertical,target-reference,-0.11798224660064519,-1.6211031079292297
COCO-2017-val,Molmo2-ER,coco_0251_308430,21,distance,target-reference,0.0855088216109357,-1.996666669845581
COCO-2017-val,Molmo2-ER,coco_0251_308430,21,horizontal,target-reference,1.182008771477653,4.60832953453064
COCO-2017-val,Molmo2-ER,coco_0251_308430,21,vertical,target-reference,0.08170568724655519,1.7911497354507446
COCO-2017-val,Molmo2-ER,coco_0252_25603,21,distance,target-reference,0.17757575414454776,2.250158131122589
COCO-2017-val,Molmo2-ER,coco_0252_25603,21,horizontal,target-reference,1.3138494153626255,4.812756597995758
COCO-2017-val,Molmo2-ER,coco_0252_25603,21,vertical,target-reference,0.21253362301960732,-0.30138254165649414
COCO-2017-val,Molmo2-ER,coco_0253_450100,21,distance,target-reference,0.5084132733027188,-0.4358852505683899
COCO-2017-val,Molmo2-ER,coco_0253_450100,21,horizontal,target-reference,-0.1353155263429249,1.3367598354816437
COCO-2017-val,Molmo2-ER,coco_0253_450100,21,vertical,target-reference,1.3548808185609744,2.6975598335266113
COCO-2017-val,Molmo2-ER,coco_0254_384661,21,distance,target-reference,-0.1310895523462518,-6.42098593711853
COCO-2017-val,Molmo2-ER,coco_0254_384661,21,horizontal,target-reference,-1.1369161588215588,-15.231992244720459
COCO-2017-val,Molmo2-ER,coco_0254_384661,21,vertical,target-reference,-0.2734251541600922,1.0357763171195984
COCO-2017-val,Molmo2-ER,coco_0255_76547,21,distance,target-reference,-0.117579365874463,-1.2406072616577148
COCO-2017-val,Molmo2-ER,coco_0255_76547,21,horizontal,target-reference,1.2890070873179083,4.860506176948547
COCO-2017-val,Molmo2-ER,coco_0255_76547,21,vertical,target-reference,-0.2698684322288368,-6.5767103135585785
COCO-2017-val,Molmo2-ER,coco_0256_384527,21,distance,target-reference,0.3173509093682702,9.958969116210938
COCO-2017-val,Molmo2-ER,coco_0256_384527,21,horizontal,target-reference,-1.3433506126929367,-19.61692237854004
COCO-2017-val,Molmo2-ER,coco_0256_384527,21,vertical,target-reference,0.17013572523777182,2.006070137023926
COCO-2017-val,Molmo2-ER,coco_0257_441247,21,distance,target-reference,0.8601677148303704,4.226308822631836
COCO-2017-val,Molmo2-ER,coco_0257_441247,21,horizontal,target-reference,1.156568331281493,11.082013845443726
COCO-2017-val,Molmo2-ER,coco_0257_441247,21,vertical,target-reference,0.9079099332551317,15.11242389678955
COCO-2017-val,Molmo2-ER,coco_0258_432085,21,distance,target-reference,-0.1166998998515858,-0.9974553585052495
COCO-2017-val,Molmo2-ER,coco_0258_432085,21,horizontal,target-reference,-1.3604495235435108,-12.33466625213623
COCO-2017-val,Molmo2-ER,coco_0258_432085,21,vertical,target-reference,0.5500484331209621,8.289380073547363
COCO-2017-val,Molmo2-ER,coco_0259_110884,21,distance,target-reference,-0.0370791985636936,0.731041818857193
COCO-2017-val,Molmo2-ER,coco_0259_110884,21,horizontal,target-reference,-1.4214016690404303,-15.59642028808594
COCO-2017-val,Molmo2-ER,coco_0259_110884,21,vertical,target-reference,-0.4726023397117929,-2.046929359436035
COCO-2017-val,Molmo2-ER,coco_0260_165831,21,distance,target-reference,0.4967171717900974,2.382934033870697
COCO-2017-val,Molmo2-ER,coco_0260_165831,21,horizontal,target-reference,-0.8169795785558973,-11.22225308418274
COCO-2017-val,Molmo2-ER,coco_0260_165831,21,vertical,target-reference,1.0170500503216333,10.800530195236208
COCO-2017-val,Molmo2-ER,coco_0261_343149,21,distance,target-reference,0.3512820453065242,-0.3134486675262451
COCO-2017-val,Molmo2-ER,coco_0261_343149,21,horizontal,target-reference,-1.2058608276022809,-12.031585693359375
COCO-2017-val,Molmo2-ER,coco_0261_343149,21,vertical,target-reference,0.999969665207379,15.319549679756165
COCO-2017-val,Molmo2-ER,coco_0262_243626,21,distance,target-reference,-0.415183893399676,-7.85835325717926
COCO-2017-val,Molmo2-ER,coco_0262_243626,21,horizontal,target-reference,-1.1990052647665992,-9.977313995361328
COCO-2017-val,Molmo2-ER,coco_0262_243626,21,vertical,target-reference,-0.7879660656632665,-10.523502826690674
COCO-2017-val,Molmo2-ER,coco_0263_170474,21,distance,target-reference,0.5999345312785539,0.016715049743652344
COCO-2017-val,Molmo2-ER,coco_0263_170474,21,horizontal,target-reference,-1.327740944147843,-9.303276062011719
COCO-2017-val,Molmo2-ER,coco_0263_170474,21,vertical,target-reference,-0.13426349821273376,-4.741452217102051
COCO-2017-val,Molmo2-ER,coco_0264_259640,21,distance,target-reference,0.1584973706982371,3.2852431535720825
COCO-2017-val,Molmo2-ER,coco_0264_259640,21,horizontal,target-reference,-1.111691665290743,-5.577561378479004
COCO-2017-val,Molmo2-ER,coco_0264_259640,21,vertical,target-reference,-0.2899827135098813,-7.3576340675354
COCO-2017-val,Molmo2-ER,coco_0265_290771,21,distance,target-reference,-0.30630654092325116,-4.191784828901291
COCO-2017-val,Molmo2-ER,coco_0265_290771,21,horizontal,target-reference,1.307849887057519,12.823777437210083
COCO-2017-val,Molmo2-ER,coco_0265_290771,21,vertical,target-reference,-0.23583606293642762,-3.114955425262451
COCO-2017-val,Molmo2-ER,coco_0266_138819,21,distance,target-reference,0.43223069446140006,3.2699233293533325
COCO-2017-val,Molmo2-ER,coco_0266_138819,21,horizontal,target-reference,-0.7809457854725038,-11.63858699798584
COCO-2017-val,Molmo2-ER,coco_0266_138819,21,vertical,target-reference,-1.1951183158889402,-10.121015787124632
COCO-2017-val,Molmo2-ER,coco_0267_473118,21,distance,target-reference,-0.7118435402372838,-9.698829650878906
COCO-2017-val,Molmo2-ER,coco_0267_473118,21,horizontal,target-reference,-0.22584881557786668,-3.649058520793915
COCO-2017-val,Molmo2-ER,coco_0267_473118,21,vertical,target-reference,-1.3088002066078905,-15.064277648925781
COCO-2017-val,Molmo2-ER,coco_0268_171740,21,distance,target-reference,-0.19346177184290708,-3.363950729370117
COCO-2017-val,Molmo2-ER,coco_0268_171740,21,horizontal,target-reference,-1.1185289639738794,-9.599949836730957
COCO-2017-val,Molmo2-ER,coco_0268_171740,21,vertical,target-reference,-1.0440445618411722,-14.521950721740723
COCO-2017-val,Molmo2-ER,coco_0269_66231,21,distance,target-reference,-0.3268801718926068,0.808425784111023
COCO-2017-val,Molmo2-ER,coco_0269_66231,21,horizontal,target-reference,-1.2515053581668067,-11.235251426696777
COCO-2017-val,Molmo2-ER,coco_0269_66231,21,vertical,target-reference,0.27416005166382923,1.0054564476013184
COCO-2017-val,Molmo2-ER,coco_0270_134722,21,distance,target-reference,0.08357689961612959,4.058350443840027
COCO-2017-val,Molmo2-ER,coco_0270_134722,21,horizontal,target-reference,1.1302051411265328,7.963391661643982
COCO-2017-val,Molmo2-ER,coco_0270_134722,21,vertical,target-reference,-0.04837755590046561,-2.844352632761001
COCO-2017-val,Molmo2-ER,coco_0271_393569,21,distance,target-reference,0.0012914264826525135,3.12978994846344
COCO-2017-val,Molmo2-ER,coco_0271_393569,21,horizontal,target-reference,-1.1210990283973328,-15.411911010742188
COCO-2017-val,Molmo2-ER,coco_0271_393569,21,vertical,target-reference,0.3039011291432869,6.3770599365234375
COCO-2017-val,Molmo2-ER,coco_0272_356531,21,distance,target-reference,0.2597584209358313,-3.9663299322128296
COCO-2017-val,Molmo2-ER,coco_0272_356531,21,horizontal,target-reference,1.1585499897720057,5.113869071006775
COCO-2017-val,Molmo2-ER,coco_0272_356531,21,vertical,target-reference,0.7250520469493783,7.0038100481033325
COCO-2017-val,Molmo2-ER,coco_0273_511076,21,distance,target-reference,-0.8452325979807724,-9.53423523902893
COCO-2017-val,Molmo2-ER,coco_0273_511076,21,horizontal,target-reference,-1.1229850953186458,-10.527260780334473
COCO-2017-val,Molmo2-ER,coco_0273_511076,21,vertical,target-reference,-0.8848007494215986,-12.37733268737793
COCO-2017-val,Molmo2-ER,coco_0274_159684,21,distance,target-reference,0.3750366873448586,2.4606587886810303
COCO-2017-val,Molmo2-ER,coco_0274_159684,21,horizontal,target-reference,0.872677023005148,5.469698369503021
COCO-2017-val,Molmo2-ER,coco_0274_159684,21,vertical,target-reference,0.5790769414480754,11.043424308300018
COCO-2017-val,Molmo2-ER,coco_0275_494634,21,distance,target-reference,0.9111881367640844,6.949724435806274
COCO-2017-val,Molmo2-ER,coco_0275_494634,21,horizontal,target-reference,0.6390949495291376,-2.045977830886841
COCO-2017-val,Molmo2-ER,coco_0275_494634,21,vertical,target-reference,1.4507767839974377,19.646275281906128
COCO-2017-val,Molmo2-ER,coco_0276_182805,21,distance,target-reference,-0.007124530666183598,-4.083657264709473
COCO-2017-val,Molmo2-ER,coco_0276_182805,21,horizontal,target-reference,-1.2677062019880772,-14.333426475524902
COCO-2017-val,Molmo2-ER,coco_0276_182805,21,vertical,target-reference,1.3654580733587598,13.799529790878296
COCO-2017-val,Molmo2-ER,coco_0277_292155,21,distance,target-reference,-0.021596649052910796,-4.010288834571838
COCO-2017-val,Molmo2-ER,coco_0277_292155,21,horizontal,target-reference,0.9099670738800989,3.723307490348816
COCO-2017-val,Molmo2-ER,coco_0277_292155,21,vertical,target-reference,0.9095537991344671,4.048238575458527
COCO-2017-val,Molmo2-ER,coco_0278_99039,21,distance,target-reference,0.15070741929182968,1.1190911531448364
COCO-2017-val,Molmo2-ER,coco_0278_99039,21,horizontal,target-reference,-1.2842934712397398,-16.146065711975098
COCO-2017-val,Molmo2-ER,coco_0278_99039,21,vertical,target-reference,0.5690009581976384,10.172657012939453
COCO-2017-val,Molmo2-ER,coco_0279_538364,21,distance,target-reference,0.43233447358538335,4.910909175872804
COCO-2017-val,Molmo2-ER,coco_0279_538364,21,horizontal,target-reference,1.2102657312566871,10.44388681650162
COCO-2017-val,Molmo2-ER,coco_0279_538364,21,vertical,target-reference,0.45244530669628813,3.4809165000915527
COCO-2017-val,Molmo2-ER,coco_0280_370478,21,distance,target-reference,0.356901450363449,1.1638987064361572
COCO-2017-val,Molmo2-ER,coco_0280_370478,21,horizontal,target-reference,-1.276084435979028,-15.280074596405031
COCO-2017-val,Molmo2-ER,coco_0280_370478,21,vertical,target-reference,0.3352904231017748,-1.0441761016845703
COCO-2017-val,Molmo2-ER,coco_0281_398438,21,distance,target-reference,0.0983899421761067,-2.0075435638427734
COCO-2017-val,Molmo2-ER,coco_0281_398438,21,horizontal,target-reference,1.283905597652668,3.695910692214966
COCO-2017-val,Molmo2-ER,coco_0281_398438,21,vertical,target-reference,-0.2184243400904061,-3.540527582168579
COCO-2017-val,Molmo2-ER,coco_0282_523100,21,distance,target-reference,-0.4889662901352284,-6.761683464050293
COCO-2017-val,Molmo2-ER,coco_0282_523100,21,horizontal,target-reference,0.5676048945731202,4.139314651489258
COCO-2017-val,Molmo2-ER,coco_0282_523100,21,vertical,target-reference,-0.9986694257811959,-11.543249130249023
COCO-2017-val,Molmo2-ER,coco_0283_454404,21,distance,target-reference,-0.6703370791753807,-5.111197888851166
COCO-2017-val,Molmo2-ER,coco_0283_454404,21,horizontal,target-reference,-1.2166508491479036,-9.768064856529236
COCO-2017-val,Molmo2-ER,coco_0283_454404,21,vertical,target-reference,0.18819390331303779,12.240463972091675
COCO-2017-val,Molmo2-ER,coco_0284_336587,21,distance,target-reference,-0.7344260687503983,-6.68119889497757
COCO-2017-val,Molmo2-ER,coco_0284_336587,21,horizontal,target-reference,1.0305929534822265,-0.421847939491272
COCO-2017-val,Molmo2-ER,coco_0284_336587,21,vertical,target-reference,1.099780472665062,10.35918641090393
COCO-2017-val,Molmo2-ER,coco_0285_144798,21,distance,target-reference,0.2890698165811285,-1.680385261774063
COCO-2017-val,Molmo2-ER,coco_0285_144798,21,horizontal,target-reference,1.557766850173705,11.641377449035645
COCO-2017-val,Molmo2-ER,coco_0285_144798,21,vertical,target-reference,-0.7246145176477369,-6.808006644248962
COCO-2017-val,Molmo2-ER,coco_0286_361238,21,distance,target-reference,0.26820802349156203,0.4551899433135993
COCO-2017-val,Molmo2-ER,coco_0286_361238,21,horizontal,target-reference,-1.216105127558475,-14.670079708099365
COCO-2017-val,Molmo2-ER,coco_0286_361238,21,vertical,target-reference,0.6915603419280483,14.03700852394104
COCO-2017-val,Molmo2-ER,coco_0287_345361,21,distance,target-reference,0.7952165578471191,7.790714979171753
COCO-2017-val,Molmo2-ER,coco_0287_345361,21,horizontal,target-reference,-1.221252663364285,-9.570600271224976
COCO-2017-val,Molmo2-ER,coco_0287_345361,21,vertical,target-reference,1.2701323388777126,10.93030834197998
COCO-2017-val,Molmo2-ER,coco_0288_13177,21,distance,target-reference,0.0049276517853694135,-3.2515816688537598
COCO-2017-val,Molmo2-ER,coco_0288_13177,21,horizontal,target-reference,1.1482422706986901,3.640974760055542
COCO-2017-val,Molmo2-ER,coco_0288_13177,21,vertical,target-reference,0.1725370985615574,1.5152702331542969
COCO-2017-val,Molmo2-ER,coco_0289_371699,21,distance,target-reference,-0.0368391609124204,-3.7292539477348328
COCO-2017-val,Molmo2-ER,coco_0289_371699,21,horizontal,target-reference,-1.3466627725749112,-9.088147640228271
COCO-2017-val,Molmo2-ER,coco_0289_371699,21,vertical,target-reference,-0.8871207006988348,-17.173856258392334
COCO-2017-val,Molmo2-ER,coco_0290_206487,21,distance,target-reference,0.5408565466256792,4.477965474128723
COCO-2017-val,Molmo2-ER,coco_0290_206487,21,horizontal,target-reference,1.06802867237825,3.1741626262664795
COCO-2017-val,Molmo2-ER,coco_0290_206487,21,vertical,target-reference,0.43593443276509086,11.282890319824219
COCO-2017-val,Molmo2-ER,coco_0291_50811,21,distance,target-reference,0.3418723944485082,1.62483811378479
COCO-2017-val,Molmo2-ER,coco_0291_50811,21,horizontal,target-reference,1.083801853448472,2.293218970298767
COCO-2017-val,Molmo2-ER,coco_0291_50811,21,vertical,target-reference,0.6126447656990394,11.049318790435791
COCO-2017-val,Molmo2-ER,coco_0292_482978,21,distance,target-reference,-0.3308052305606268,-0.6481466293334961
COCO-2017-val,Molmo2-ER,coco_0292_482978,21,horizontal,target-reference,-0.7748823446131375,-2.623643457889557
COCO-2017-val,Molmo2-ER,coco_0292_482978,21,vertical,target-reference,-0.3994286316142207,-6.0033900141716
COCO-2017-val,Molmo2-ER,coco_0293_111951,21,distance,target-reference,-0.3606537119301062,-4.479050159454346
COCO-2017-val,Molmo2-ER,coco_0293_111951,21,horizontal,target-reference,-1.1751925409009538,-11.327948570251467
COCO-2017-val,Molmo2-ER,coco_0293_111951,21,vertical,target-reference,-0.5505029177405151,-9.020229876041412
COCO-2017-val,Molmo2-ER,coco_0294_427500,21,distance,target-reference,0.6246435388434648,1.2972508668899532
COCO-2017-val,Molmo2-ER,coco_0294_427500,21,horizontal,target-reference,1.1532882012664867,8.299919128417969
COCO-2017-val,Molmo2-ER,coco_0294_427500,21,vertical,target-reference,0.9567797012276336,9.26330018043518
COCO-2017-val,Molmo2-ER,coco_0295_458663,21,distance,target-reference,0.4342015781745286,-8.362279415130615
COCO-2017-val,Molmo2-ER,coco_0295_458663,21,horizontal,target-reference,-1.2509968220680632,-8.059002876281738
COCO-2017-val,Molmo2-ER,coco_0295_458663,21,vertical,target-reference,-0.498021771460314,-12.720029830932617
COCO-2017-val,Molmo2-ER,coco_0296_415727,21,distance,target-reference,-0.5443876714037816,-4.715964704751968
COCO-2017-val,Molmo2-ER,coco_0296_415727,21,horizontal,target-reference,-0.9005995077308712,-2.318846642971039
COCO-2017-val,Molmo2-ER,coco_0296_415727,21,vertical,target-reference,-1.2810055356085033,-5.061500549316406
COCO-2017-val,Molmo2-ER,coco_0297_241326,21,distance,target-reference,-0.122020293159098,-2.6983380317687984
COCO-2017-val,Molmo2-ER,coco_0297_241326,21,horizontal,target-reference,1.1536089271158387,11.081110000610352
COCO-2017-val,Molmo2-ER,coco_0297_241326,21,vertical,target-reference,0.5972567125007897,11.656465530395508
COCO-2017-val,Molmo2-ER,coco_0298_132796,21,distance,target-reference,-0.002315824317929094,2.89922034740448
COCO-2017-val,Molmo2-ER,coco_0298_132796,21,horizontal,target-reference,-1.1823961419566467,-9.166030406951904
COCO-2017-val,Molmo2-ER,coco_0298_132796,21,vertical,target-reference,0.6023652344273944,3.2522779703140263
COCO-2017-val,Molmo2-ER,coco_0299_482275,21,distance,target-reference,0.4504288269933412,-3.605515956878662
COCO-2017-val,Molmo2-ER,coco_0299_482275,21,horizontal,target-reference,1.1109693587736658,10.151252746582031
COCO-2017-val,Molmo2-ER,coco_0299_482275,21,vertical,target-reference,1.0170223232365707,8.35433554649353
COCO-2017-val,Molmo2-ER,coco_0300_368900,21,distance,target-reference,0.6594473709967354,6.572816848754883
COCO-2017-val,Molmo2-ER,coco_0300_368900,21,horizontal,target-reference,1.253497128462905,11.658293724060059
COCO-2017-val,Molmo2-ER,coco_0300_368900,21,vertical,target-reference,0.003896028449625194,7.87669062614441
COCO-2017-val,Molmo2-ER,coco_0301_379441,21,distance,target-reference,-0.423386155730745,-5.230400800704956
COCO-2017-val,Molmo2-ER,coco_0301_379441,21,horizontal,target-reference,1.1439459563487935,12.871417760848999
COCO-2017-val,Molmo2-ER,coco_0301_379441,21,vertical,target-reference,-0.7442008296776894,-6.308222413063049
COCO-2017-val,Molmo2-ER,coco_0302_90108,21,distance,target-reference,-0.1933940988651558,-6.691198885440826
COCO-2017-val,Molmo2-ER,coco_0302_90108,21,horizontal,target-reference,1.2688355816054948,15.12665605545044
COCO-2017-val,Molmo2-ER,coco_0302_90108,21,vertical,target-reference,0.2154211054250088,8.298360109329224
COCO-2017-val,Molmo2-ER,coco_0303_507575,21,distance,target-reference,0.4552119023860828,3.938090324401856
COCO-2017-val,Molmo2-ER,coco_0303_507575,21,horizontal,target-reference,-0.8313847718887679,-6.666226148605347
COCO-2017-val,Molmo2-ER,coco_0303_507575,21,vertical,target-reference,1.309445506527466,14.887084007263184
COCO-2017-val,Molmo2-ER,coco_0304_153632,21,distance,target-reference,-0.12179429540251491,-4.813976407051086
COCO-2017-val,Molmo2-ER,coco_0304_153632,21,horizontal,target-reference,-0.9677338947784802,-5.846306100487709
COCO-2017-val,Molmo2-ER,coco_0304_153632,21,vertical,target-reference,-0.3451681009799694,1.8467263579368591
COCO-2017-val,Molmo2-ER,coco_0305_246968,21,distance,target-reference,-0.4132126865595625,-5.450853586196899
COCO-2017-val,Molmo2-ER,coco_0305_246968,21,horizontal,target-reference,-1.1950530171372278,-6.3971848487854
COCO-2017-val,Molmo2-ER,coco_0305_246968,21,vertical,target-reference,-0.7302808654322682,-9.90083834528923
COCO-2017-val,Molmo2-ER,coco_0306_169076,21,distance,target-reference,0.7501462112729687,2.4913110733032227
COCO-2017-val,Molmo2-ER,coco_0306_169076,21,horizontal,target-reference,0.9069213001372156,5.385081410408021
COCO-2017-val,Molmo2-ER,coco_0306_169076,21,vertical,target-reference,1.0189031163832198,19.016303539276123
COCO-2017-val,Molmo2-ER,coco_0307_449661,21,distance,target-reference,0.1441240973137853,-1.8957735300064087
COCO-2017-val,Molmo2-ER,coco_0307_449661,21,horizontal,target-reference,-1.0632635351530797,-9.84106969833374
COCO-2017-val,Molmo2-ER,coco_0307_449661,21,vertical,target-reference,-0.3856339924470685,-7.399614572525024
COCO-2017-val,Molmo2-ER,coco_0308_437898,21,distance,target-reference,-0.02141561469082842,-3.65869140625
COCO-2017-val,Molmo2-ER,coco_0308_437898,21,horizontal,target-reference,1.107119194214078,11.105480670928955
COCO-2017-val,Molmo2-ER,coco_0308_437898,21,vertical,target-reference,0.1374576229004998,-1.9625561237335203
COCO-2017-val,Molmo2-ER,coco_0309_173371,21,distance,target-reference,-0.1295791990191505,0.41555774211883545
COCO-2017-val,Molmo2-ER,coco_0309_173371,21,horizontal,target-reference,-0.9120319558605281,-8.423676550388336
COCO-2017-val,Molmo2-ER,coco_0309_173371,21,vertical,target-reference,0.6158190900014358,6.988525629043579
COCO-2017-val,Molmo2-ER,coco_0310_311190,21,distance,target-reference,0.27691534836206044,3.635466456413269
COCO-2017-val,Molmo2-ER,coco_0310_311190,21,horizontal,target-reference,0.9096833251895545,2.9079142808914185
COCO-2017-val,Molmo2-ER,coco_0310_311190,21,vertical,target-reference,0.8808445343325553,5.523473024368286
COCO-2017-val,Molmo2-ER,coco_0311_287667,21,distance,target-reference,0.2891394845130566,-1.39225172996521
COCO-2017-val,Molmo2-ER,coco_0311_287667,21,horizontal,target-reference,-0.8719350088204739,-4.879142761230469
COCO-2017-val,Molmo2-ER,coco_0311_287667,21,vertical,target-reference,0.5677983783131312,1.9221017360687256
COCO-2017-val,Molmo2-ER,coco_0312_432468,21,distance,target-reference,-0.4004127294522204,-4.086077570915222
COCO-2017-val,Molmo2-ER,coco_0312_432468,21,horizontal,target-reference,-0.0805600551813254,-1.665359377861023
COCO-2017-val,Molmo2-ER,coco_0312_432468,21,vertical,target-reference,-0.9406203833083968,-4.7325897216796875
COCO-2017-val,Molmo2-ER,coco_0313_231831,21,distance,target-reference,-0.8331766742524601,-5.915988326072693
COCO-2017-val,Molmo2-ER,coco_0313_231831,21,horizontal,target-reference,-0.8692529290850209,-5.249908685684204
COCO-2017-val,Molmo2-ER,coco_0313_231831,21,vertical,target-reference,-1.1523543843101693,-6.262709021568298
COCO-2017-val,Molmo2-ER,coco_0314_1993,21,distance,target-reference,0.047844677000770414,2.0080292224884033
COCO-2017-val,Molmo2-ER,coco_0314_1993,21,horizontal,target-reference,-1.1825496098585595,-12.604119300842285
COCO-2017-val,Molmo2-ER,coco_0314_1993,21,vertical,target-reference,0.09072613280650521,-1.035617470741272
COCO-2017-val,Molmo2-ER,coco_0315_64084,21,distance,target-reference,-0.1191061274667593,-1.906148999929428
COCO-2017-val,Molmo2-ER,coco_0315_64084,21,horizontal,target-reference,1.1089083474222199,6.3929901123046875
COCO-2017-val,Molmo2-ER,coco_0315_64084,21,vertical,target-reference,-0.8119777471843701,-8.52019214630127
COCO-2017-val,Molmo2-ER,coco_0316_40083,21,distance,target-reference,0.1827542439285491,-3.1247376203536987
COCO-2017-val,Molmo2-ER,coco_0316_40083,21,horizontal,target-reference,0.8137790401385366,7.702137231826782
COCO-2017-val,Molmo2-ER,coco_0316_40083,21,vertical,target-reference,-1.2720394736936478,-13.77721357345581
COCO-2017-val,Molmo2-ER,coco_0317_158956,21,distance,target-reference,0.4975127613001385,1.2317691445350647
COCO-2017-val,Molmo2-ER,coco_0317_158956,21,horizontal,target-reference,-1.2393904033306569,-1.1370253562927244
COCO-2017-val,Molmo2-ER,coco_0317_158956,21,vertical,target-reference,-0.19881338021040684,-5.405534505844116
COCO-2017-val,Molmo2-ER,coco_0318_280918,21,distance,target-reference,0.39890514895093526,-0.27455437183380127
COCO-2017-val,Molmo2-ER,coco_0318_280918,21,horizontal,target-reference,1.2239223167811804,6.735881805419922
COCO-2017-val,Molmo2-ER,coco_0318_280918,21,vertical,target-reference,0.6722383352151016,5.787277698516846
COCO-2017-val,Molmo2-ER,coco_0319_393838,21,distance,target-reference,0.2731729986915239,-1.923919916152954
COCO-2017-val,Molmo2-ER,coco_0319_393838,21,horizontal,target-reference,0.9709459322182974,7.5402103662490845
COCO-2017-val,Molmo2-ER,coco_0319_393838,21,vertical,target-reference,0.6722053553606065,5.805240213871002
COCO-2017-val,Molmo2-ER,coco_0320_150224,21,distance,target-reference,-0.16457734752934017,-7.381500005722046
COCO-2017-val,Molmo2-ER,coco_0320_150224,21,horizontal,target-reference,-0.9920327507003563,-5.607004880905152
COCO-2017-val,Molmo2-ER,coco_0320_150224,21,vertical,target-reference,-0.9668359760907353,-14.076165676116943
COCO-2017-val,Molmo2-ER,coco_0321_180383,21,distance,target-reference,0.4635327202137835,0.12124300003051758
COCO-2017-val,Molmo2-ER,coco_0321_180383,21,horizontal,target-reference,1.0781430563619208,11.080454230308533
COCO-2017-val,Molmo2-ER,coco_0321_180383,21,vertical,target-reference,-0.8063426582544913,-5.48499870300293
COCO-2017-val,Molmo2-ER,coco_0322_192964,21,distance,target-reference,-0.2053191235305482,-1.3137493133544922
COCO-2017-val,Molmo2-ER,coco_0322_192964,21,horizontal,target-reference,0.8928828419343047,3.0630242824554443
COCO-2017-val,Molmo2-ER,coco_0322_192964,21,vertical,target-reference,1.0112453681655895,12.403512001037598
COCO-2017-val,Molmo2-ER,coco_0323_532058,21,distance,target-reference,0.3126477482764769,2.7899588346481323
COCO-2017-val,Molmo2-ER,coco_0323_532058,21,horizontal,target-reference,-1.0204114191466906,-7.3217533826828
COCO-2017-val,Molmo2-ER,coco_0323_532058,21,vertical,target-reference,0.3964553171199799,-0.9822794198989868
COCO-2017-val,Molmo2-ER,coco_0324_80340,21,distance,target-reference,0.24672879416438392,-0.8997550010681152
COCO-2017-val,Molmo2-ER,coco_0324_80340,21,horizontal,target-reference,-1.1761874539305748,-11.697068929672241
COCO-2017-val,Molmo2-ER,coco_0324_80340,21,vertical,target-reference,0.1444195224968098,3.2055928707122803
COCO-2017-val,Molmo2-ER,coco_0325_17899,21,distance,target-reference,-0.6870634671045479,-14.456273078918457
COCO-2017-val,Molmo2-ER,coco_0325_17899,21,horizontal,target-reference,0.6437433811454529,3.6433633565902714
COCO-2017-val,Molmo2-ER,coco_0325_17899,21,vertical,target-reference,-1.0089352601498094,-10.719621658325195
COCO-2017-val,Molmo2-ER,coco_0326_51738,21,distance,target-reference,0.3514977891461275,5.579429864883423
COCO-2017-val,Molmo2-ER,coco_0326_51738,21,horizontal,target-reference,1.2045254704925448,7.4320595264434814
COCO-2017-val,Molmo2-ER,coco_0326_51738,21,vertical,target-reference,0.10422797380117377,-2.07753324508667
COCO-2017-val,Molmo2-ER,coco_0327_523194,21,distance,target-reference,0.03453953952657919,-0.08866405487060547
COCO-2017-val,Molmo2-ER,coco_0327_523194,21,horizontal,target-reference,-1.1426755434525342,-13.96717357635498
COCO-2017-val,Molmo2-ER,coco_0327_523194,21,vertical,target-reference,0.7806621446877509,8.988128662109375
COCO-2017-val,Molmo2-ER,coco_0328_216277,21,distance,target-reference,-0.4529684908814156,-4.975559860467911
COCO-2017-val,Molmo2-ER,coco_0328_216277,21,horizontal,target-reference,1.1033472436123373,8.26532769203186
COCO-2017-val,Molmo2-ER,coco_0328_216277,21,vertical,target-reference,-0.7959247150205139,-6.594677686691284
COCO-2017-val,Molmo2-ER,coco_0329_482719,21,distance,target-reference,-0.42605819437905806,-8.636357545852661
COCO-2017-val,Molmo2-ER,coco_0329_482719,21,horizontal,target-reference,0.9301984293508327,4.828105211257935
COCO-2017-val,Molmo2-ER,coco_0329_482719,21,vertical,target-reference,-0.9087162284403372,-9.08761215209961
COCO-2017-val,Molmo2-ER,coco_0330_236592,21,distance,target-reference,0.4483288912520876,0.43119680881500244
COCO-2017-val,Molmo2-ER,coco_0330_236592,21,horizontal,target-reference,-1.0813267587711481,-10.84269380569458
COCO-2017-val,Molmo2-ER,coco_0330_236592,21,vertical,target-reference,0.4411017398187771,6.1652891635894775
COCO-2017-val,Molmo2-ER,coco_0331_520871,21,distance,target-reference,0.1506333594195275,1.2541780471801758
COCO-2017-val,Molmo2-ER,coco_0331_520871,21,horizontal,target-reference,-1.2445126490078542,-12.2333664894104
COCO-2017-val,Molmo2-ER,coco_0331_520871,21,vertical,target-reference,0.6537579230905489,7.667363405227661
COCO-2017-val,Molmo2-ER,coco_0332_547336,21,distance,target-reference,-0.39626445166312374,-1.2799854278564453
COCO-2017-val,Molmo2-ER,coco_0332_547336,21,horizontal,target-reference,-1.1622845373176867,-14.304178237915039
COCO-2017-val,Molmo2-ER,coco_0332_547336,21,vertical,target-reference,0.6934982929091368,4.240689039230347
COCO-2017-val,Molmo2-ER,coco_0333_331352,21,distance,target-reference,0.1287292228964158,0.8403418064117432
COCO-2017-val,Molmo2-ER,coco_0333_331352,21,horizontal,target-reference,0.007856312186775601,-2.746664524078371
COCO-2017-val,Molmo2-ER,coco_0333_331352,21,vertical,target-reference,0.9929921710560217,7.957696557044983
COCO-2017-val,Molmo2-ER,coco_0334_391722,21,distance,target-reference,-0.37529693790137364,-3.31421959400177
COCO-2017-val,Molmo2-ER,coco_0334_391722,21,horizontal,target-reference,-1.077448371062973,-8.25130844116211
COCO-2017-val,Molmo2-ER,coco_0334_391722,21,vertical,target-reference,-0.889861887345551,-10.911213636398315
COCO-2017-val,Molmo2-ER,coco_0335_340175,21,distance,target-reference,0.30323455379570047,8.358119487762451
COCO-2017-val,Molmo2-ER,coco_0335_340175,21,horizontal,target-reference,-1.1096157155974058,-14.943320274353027
COCO-2017-val,Molmo2-ER,coco_0335_340175,21,vertical,target-reference,0.06266083143693658,1.7117819786071777
COCO-2017-val,Molmo2-ER,coco_0336_458223,21,distance,target-reference,0.4719463801297074,5.228016376495361
COCO-2017-val,Molmo2-ER,coco_0336_458223,21,horizontal,target-reference,-1.14862529237942,-10.731488227844238
COCO-2017-val,Molmo2-ER,coco_0336_458223,21,vertical,target-reference,0.3363461463785925,8.986513793468475
COCO-2017-val,Molmo2-ER,coco_0337_353096,21,distance,target-reference,-0.6175461851203399,-5.113982617855072
COCO-2017-val,Molmo2-ER,coco_0337_353096,21,horizontal,target-reference,-0.8691074244901418,-5.355481863021851
COCO-2017-val,Molmo2-ER,coco_0337_353096,21,vertical,target-reference,-0.9694265927030733,-12.767178773880005
COCO-2017-val,Molmo2-ER,coco_0338_182417,21,distance,target-reference,-0.236071340738369,-4.745555639266968
COCO-2017-val,Molmo2-ER,coco_0338_182417,21,horizontal,target-reference,0.8203800201171297,0.6690979897975922
COCO-2017-val,Molmo2-ER,coco_0338_182417,21,vertical,target-reference,-0.8820282125672214,-9.427264213562012
COCO-2017-val,Molmo2-ER,coco_0339_534041,21,distance,target-reference,-0.4982920134403304,-8.07901930809021
COCO-2017-val,Molmo2-ER,coco_0339_534041,21,horizontal,target-reference,0.9959345705264794,2.8481270074844365
COCO-2017-val,Molmo2-ER,coco_0339_534041,21,vertical,target-reference,-1.0974697549768089,-8.429686069488525
COCO-2017-val,Molmo2-ER,coco_0340_108253,21,distance,target-reference,-0.461400987386833,-5.34878334403038
COCO-2017-val,Molmo2-ER,coco_0340_108253,21,horizontal,target-reference,-0.9030425209583223,-5.537997335195541
COCO-2017-val,Molmo2-ER,coco_0340_108253,21,vertical,target-reference,-1.0941129089535515,-10.511420726776125
COCO-2017-val,Molmo2-ER,coco_0341_389684,21,distance,target-reference,0.38367178479453656,3.862725704908371
COCO-2017-val,Molmo2-ER,coco_0341_389684,21,horizontal,target-reference,1.112356445377902,8.491832256317139
COCO-2017-val,Molmo2-ER,coco_0341_389684,21,vertical,target-reference,-0.1909126635063519,-1.9070212841033936
COCO-2017-val,Molmo2-ER,coco_0342_367228,21,distance,target-reference,-0.2253136931363927,-5.41334867477417
COCO-2017-val,Molmo2-ER,coco_0342_367228,21,horizontal,target-reference,-0.4718141454332462,-0.6945883929729462
COCO-2017-val,Molmo2-ER,coco_0342_367228,21,vertical,target-reference,-1.1322852215110515,-11.371394634246826
COCO-2017-val,Molmo2-ER,coco_0343_261161,21,distance,target-reference,-0.1890295159618821,-2.6635079383850098
COCO-2017-val,Molmo2-ER,coco_0343_261161,21,horizontal,target-reference,-1.0178405656189504,-12.750829219818115
COCO-2017-val,Molmo2-ER,coco_0343_261161,21,vertical,target-reference,-0.07267870991359199,-3.8008793592453003
COCO-2017-val,Molmo2-ER,coco_0344_524456,21,distance,target-reference,-0.49654914082730073,-9.174135684967041
COCO-2017-val,Molmo2-ER,coco_0344_524456,21,horizontal,target-reference,-1.0252204499698967,-9.18528413772583
COCO-2017-val,Molmo2-ER,coco_0344_524456,21,vertical,target-reference,-0.9457918152427535,-12.316006183624268
COCO-2017-val,Molmo2-ER,coco_0345_263966,21,distance,target-reference,0.518128767606278,6.12172532081604
COCO-2017-val,Molmo2-ER,coco_0345_263966,21,horizontal,target-reference,-1.1534558727232542,-7.990039825439453
COCO-2017-val,Molmo2-ER,coco_0345_263966,21,vertical,target-reference,0.7347993873108227,-0.9826393127441406
COCO-2017-val,Molmo2-ER,coco_0346_45550,21,distance,target-reference,-0.768476001716335,-3.3647169470787053
COCO-2017-val,Molmo2-ER,coco_0346_45550,21,horizontal,target-reference,0.22410458232545905,-1.1228704452514648
COCO-2017-val,Molmo2-ER,coco_0346_45550,21,vertical,target-reference,-1.6662411479851376,-16.6576566696167
COCO-2017-val,Molmo2-ER,coco_0347_259690,21,distance,target-reference,0.6347699489185774,6.109569311141968
COCO-2017-val,Molmo2-ER,coco_0347_259690,21,horizontal,target-reference,-1.0194007104471698,-11.574620723724365
COCO-2017-val,Molmo2-ER,coco_0347_259690,21,vertical,target-reference,0.8881073594294953,9.992280960083008
COCO-2017-val,Molmo2-ER,coco_0348_195165,21,distance,target-reference,0.2228749530106172,-8.443270921707153
COCO-2017-val,Molmo2-ER,coco_0348_195165,21,horizontal,target-reference,-1.2141368912150228,-11.475354671478271
COCO-2017-val,Molmo2-ER,coco_0348_195165,21,vertical,target-reference,0.40994608921354714,1.999645233154297
COCO-2017-val,Molmo2-ER,coco_0349_218439,21,distance,target-reference,0.7164908128634855,6.378470182418823
COCO-2017-val,Molmo2-ER,coco_0349_218439,21,horizontal,target-reference,1.5873443275300376,10.612051635980604
COCO-2017-val,Molmo2-ER,coco_0349_218439,21,vertical,target-reference,0.37389482675772034,7.611083507537842
COCO-2017-val,Molmo2-ER,coco_0350_175535,21,distance,target-reference,0.5296380857101806,0.6238361597061156
COCO-2017-val,Molmo2-ER,coco_0350_175535,21,horizontal,target-reference,-0.21437500455131,-3.393092155456543
COCO-2017-val,Molmo2-ER,coco_0350_175535,21,vertical,target-reference,0.9356730441506097,1.4627191424369812
COCO-2017-val,Molmo2-ER,coco_0351_570782,21,distance,target-reference,-0.31007667794345556,0.3455039858818054
COCO-2017-val,Molmo2-ER,coco_0351_570782,21,horizontal,target-reference,1.2350406868368227,7.0524561405181885
COCO-2017-val,Molmo2-ER,coco_0351_570782,21,vertical,target-reference,-0.278894441649781,-0.795272946357727
COCO-2017-val,Molmo2-ER,coco_0352_389804,21,distance,target-reference,-0.5032129003037829,-2.9279602766036987
COCO-2017-val,Molmo2-ER,coco_0352_389804,21,horizontal,target-reference,-1.1596082458484458,-11.256610393524172
COCO-2017-val,Molmo2-ER,coco_0352_389804,21,vertical,target-reference,-0.38071760692300904,-8.025929182767868
COCO-2017-val,Molmo2-ER,coco_0353_488166,21,distance,target-reference,-0.6675376274200386,-6.428663492202759
COCO-2017-val,Molmo2-ER,coco_0353_488166,21,horizontal,target-reference,0.670436333040772,5.190540671348572
COCO-2017-val,Molmo2-ER,coco_0353_488166,21,vertical,target-reference,-1.0302414086439549,-15.083245754241943
COCO-2017-val,Molmo2-ER,coco_0354_177714,21,distance,target-reference,0.2168154364592556,-0.8964614272117615
COCO-2017-val,Molmo2-ER,coco_0354_177714,21,horizontal,target-reference,1.2400712001554581,5.88539719581604
COCO-2017-val,Molmo2-ER,coco_0354_177714,21,vertical,target-reference,0.21478572462188028,0.4330782592296599
COCO-2017-val,Molmo2-ER,coco_0355_84241,21,distance,target-reference,-0.015664311698550093,-6.153582692146301
COCO-2017-val,Molmo2-ER,coco_0355_84241,21,horizontal,target-reference,-1.2075746821145994,-3.5656718015670776
COCO-2017-val,Molmo2-ER,coco_0355_84241,21,vertical,target-reference,-0.12216571094142609,-8.118249416351318
COCO-2017-val,Molmo2-ER,coco_0356_32334,21,distance,target-reference,-0.2216980620040504,1.1934864521026611
COCO-2017-val,Molmo2-ER,coco_0356_32334,21,horizontal,target-reference,-1.266394631233754,-12.852462768554688
COCO-2017-val,Molmo2-ER,coco_0356_32334,21,vertical,target-reference,0.24004998498029237,3.828147247433661
COCO-2017-val,Molmo2-ER,coco_0357_6040,21,distance,target-reference,0.6283400786171585,4.355112552642822
COCO-2017-val,Molmo2-ER,coco_0357_6040,21,horizontal,target-reference,1.1145787039500568,7.205747872591019
COCO-2017-val,Molmo2-ER,coco_0357_6040,21,vertical,target-reference,-0.0454728868724521,-1.5878747701644897
COCO-2017-val,Molmo2-ER,coco_0358_550349,21,distance,target-reference,0.2637603256225014,-5.677879959344865
COCO-2017-val,Molmo2-ER,coco_0358_550349,21,horizontal,target-reference,-1.0693605252904392,-9.607431411743164
COCO-2017-val,Molmo2-ER,coco_0358_550349,21,vertical,target-reference,0.7471561124238041,10.774850845336914
COCO-2017-val,Molmo2-ER,coco_0359_14831,21,distance,target-reference,-0.7397843399173962,-4.838880300521851
COCO-2017-val,Molmo2-ER,coco_0359_14831,21,horizontal,target-reference,-0.0042625669775935,4.664757966995239
COCO-2017-val,Molmo2-ER,coco_0359_14831,21,vertical,target-reference,-0.995911485320653,-6.7153416872024545
COCO-2017-val,Molmo2-ER,coco_0360_30828,21,distance,target-reference,0.3241348266327368,0.2072057723999024
COCO-2017-val,Molmo2-ER,coco_0360_30828,21,horizontal,target-reference,1.1939018001811088,10.150887250900269
COCO-2017-val,Molmo2-ER,coco_0360_30828,21,vertical,target-reference,0.0694667806819062,-0.718573123216629
COCO-2017-val,Molmo2-ER,coco_0361_549220,21,distance,target-reference,0.6930863783672392,5.16534399986267
COCO-2017-val,Molmo2-ER,coco_0361_549220,21,horizontal,target-reference,-0.639986177765125,-1.6512446403503414
COCO-2017-val,Molmo2-ER,coco_0361_549220,21,vertical,target-reference,1.1264838030746707,11.697357177734375
COCO-2017-val,Molmo2-ER,coco_0362_32038,21,distance,target-reference,-0.6878517679682439,-7.159156441688538
COCO-2017-val,Molmo2-ER,coco_0362_32038,21,horizontal,target-reference,-0.689947711013708,-2.8034310713410378
COCO-2017-val,Molmo2-ER,coco_0362_32038,21,vertical,target-reference,-0.9913955837038009,-8.688931941986084
COCO-2017-val,Molmo2-ER,coco_0363_297084,21,distance,target-reference,-0.5317455206926995,-2.4794236421585083
COCO-2017-val,Molmo2-ER,coco_0363_297084,21,horizontal,target-reference,-1.2022218258357227,-8.685410499572754
COCO-2017-val,Molmo2-ER,coco_0363_297084,21,vertical,target-reference,-0.7874938793738283,-7.509970784187317
COCO-2017-val,Molmo2-ER,coco_0364_181753,21,distance,target-reference,0.31018871835247364,6.66829252243042
COCO-2017-val,Molmo2-ER,coco_0364_181753,21,horizontal,target-reference,0.9765903049918669,3.3229706287384033
COCO-2017-val,Molmo2-ER,coco_0364_181753,21,vertical,target-reference,1.140276816306026,13.291490077972412
COCO-2017-val,Molmo2-ER,coco_0365_335427,21,distance,target-reference,0.285992115547526,-2.6844632029533386
COCO-2017-val,Molmo2-ER,coco_0365_335427,21,horizontal,target-reference,1.1119242874024922,7.460476040840149
COCO-2017-val,Molmo2-ER,coco_0365_335427,21,vertical,target-reference,-0.3856891352473442,-5.496761202812195
COCO-2017-val,Molmo2-ER,coco_0366_205514,21,distance,target-reference,-0.683105041342876,-8.876567840576172
COCO-2017-val,Molmo2-ER,coco_0366_205514,21,horizontal,target-reference,-1.1819002856639889,4.4065505266189575
COCO-2017-val,Molmo2-ER,coco_0366_205514,21,vertical,target-reference,-0.46938830792620245,-15.009233474731445
COCO-2017-val,Molmo2-ER,coco_0367_251572,21,distance,target-reference,0.1527661557922381,4.609591007232666
COCO-2017-val,Molmo2-ER,coco_0367_251572,21,horizontal,target-reference,1.0564470720226427,0.8758403062820435
COCO-2017-val,Molmo2-ER,coco_0367_251572,21,vertical,target-reference,-0.1349783938147886,2.428374245762825
COCO-2017-val,Molmo2-ER,coco_0368_22892,21,distance,target-reference,-0.736691173559143,-12.477233409881592
COCO-2017-val,Molmo2-ER,coco_0368_22892,21,horizontal,target-reference,-1.1356978067477144,-11.454787015914917
COCO-2017-val,Molmo2-ER,coco_0368_22892,21,vertical,target-reference,-0.7159137128578237,-5.625288367271423
COCO-2017-val,Molmo2-ER,coco_0369_573094,21,distance,target-reference,-0.6336324585777395,-6.634402930736542
COCO-2017-val,Molmo2-ER,coco_0369_573094,21,horizontal,target-reference,-1.2959341626419203,-12.549658298492432
COCO-2017-val,Molmo2-ER,coco_0369_573094,21,vertical,target-reference,-0.7694177089693017,-11.029008150100708
COCO-2017-val,Molmo2-ER,coco_0370_372466,21,distance,target-reference,0.36499827441221755,0.3146719932556148
COCO-2017-val,Molmo2-ER,coco_0370_372466,21,horizontal,target-reference,1.2946340302204513,4.737616539001465
COCO-2017-val,Molmo2-ER,coco_0370_372466,21,vertical,target-reference,0.16536325543921992,-1.0197978019714355
COCO-2017-val,Molmo2-ER,coco_0371_419974,21,distance,target-reference,-0.9158411004523905,-5.383878707885742
COCO-2017-val,Molmo2-ER,coco_0371_419974,21,horizontal,target-reference,-1.0970892003064336,-2.629127860069275
COCO-2017-val,Molmo2-ER,coco_0371_419974,21,vertical,target-reference,-0.9412426284764064,-4.319267749786377
COCO-2017-val,Molmo2-ER,coco_0372_555972,21,distance,target-reference,-0.774541651653254,-8.821738004684448
COCO-2017-val,Molmo2-ER,coco_0372_555972,21,horizontal,target-reference,-1.3715639006325613,-2.2831363677978516
COCO-2017-val,Molmo2-ER,coco_0372_555972,21,vertical,target-reference,-0.7576782250402124,-5.239234566688538
COCO-2017-val,Molmo2-ER,coco_0373_167572,21,distance,target-reference,-0.1965067229996415,-0.016391873359680176
COCO-2017-val,Molmo2-ER,coco_0373_167572,21,horizontal,target-reference,1.0957557835145426,9.296931028366089
COCO-2017-val,Molmo2-ER,coco_0373_167572,21,vertical,target-reference,0.2541865239997,0.2679836750030518
COCO-2017-val,Molmo2-ER,coco_0374_294831,21,distance,target-reference,-0.4864869463161774,-5.8032306432724
COCO-2017-val,Molmo2-ER,coco_0374_294831,21,horizontal,target-reference,0.9446433644875563,4.098040461540222
COCO-2017-val,Molmo2-ER,coco_0374_294831,21,vertical,target-reference,-1.0305296025190385,-7.177191257476807
COCO-2017-val,Molmo2-ER,coco_0375_326082,21,distance,target-reference,-0.16557199034077935,-5.061931133270264
COCO-2017-val,Molmo2-ER,coco_0375_326082,21,horizontal,target-reference,-1.1570217917675543,-10.299204587936401
COCO-2017-val,Molmo2-ER,coco_0375_326082,21,vertical,target-reference,0.600336482169855,2.2987442016601562
COCO-2017-val,Molmo2-ER,coco_0376_253835,21,distance,target-reference,0.1797332865467648,-2.489197939634323
COCO-2017-val,Molmo2-ER,coco_0376_253835,21,horizontal,target-reference,1.2404102001054287,5.6568169593811035
COCO-2017-val,Molmo2-ER,coco_0376_253835,21,vertical,target-reference,-0.1406037106169493,3.794057846069336
COCO-2017-val,Molmo2-ER,coco_0377_248314,21,distance,target-reference,0.6625326617196319,7.7430174350738525
COCO-2017-val,Molmo2-ER,coco_0377_248314,21,horizontal,target-reference,-0.32940733131045163,-11.576705694198608
COCO-2017-val,Molmo2-ER,coco_0377_248314,21,vertical,target-reference,1.611980070028133,18.428670406341553
COCO-2017-val,Molmo2-ER,coco_0378_376365,21,distance,target-reference,0.030911733570942207,-4.1329323053359985
COCO-2017-val,Molmo2-ER,coco_0378_376365,21,horizontal,target-reference,0.9829350539729373,8.327418684959412
COCO-2017-val,Molmo2-ER,coco_0378_376365,21,vertical,target-reference,-0.5161513777212827,-10.845894813537598
COCO-2017-val,Molmo2-ER,coco_0379_327769,21,distance,target-reference,0.26516458054745373,-4.528233885765076
COCO-2017-val,Molmo2-ER,coco_0379_327769,21,horizontal,target-reference,-0.8917952328380011,-7.285756349563599
COCO-2017-val,Molmo2-ER,coco_0379_327769,21,vertical,target-reference,0.8920943077762737,7.305379629135132
COCO-2017-val,Molmo2-ER,coco_0380_306700,21,distance,target-reference,-0.3531046714941255,-3.2063889503479004
COCO-2017-val,Molmo2-ER,coco_0380_306700,21,horizontal,target-reference,-1.0384673739764085,-6.8221845626831055
COCO-2017-val,Molmo2-ER,coco_0380_306700,21,vertical,target-reference,-0.7918491119447155,-12.378244400024414
COCO-2017-val,Molmo2-ER,coco_0381_174123,21,distance,target-reference,-0.5325238836129831,-7.68973445892334
COCO-2017-val,Molmo2-ER,coco_0381_174123,21,horizontal,target-reference,0.8716097410799866,5.987568020820618
COCO-2017-val,Molmo2-ER,coco_0381_174123,21,vertical,target-reference,-1.0195340270279736,-7.356614589691162
COCO-2017-val,Molmo2-ER,coco_0382_201426,21,distance,target-reference,0.683919248928659,6.571445941925049
COCO-2017-val,Molmo2-ER,coco_0382_201426,21,horizontal,target-reference,1.0075486526436255,4.834966540336609
COCO-2017-val,Molmo2-ER,coco_0382_201426,21,vertical,target-reference,0.9805819498472683,9.63897705078125
COCO-2017-val,Molmo2-ER,coco_0383_491213,21,distance,target-reference,-0.6414477276091903,-9.121689081192017
COCO-2017-val,Molmo2-ER,coco_0383_491213,21,horizontal,target-reference,-1.0461774638701056,-8.46586275100708
COCO-2017-val,Molmo2-ER,coco_0383_491213,21,vertical,target-reference,-0.782538583057953,-9.116604089736938
COCO-2017-val,Molmo2-ER,coco_0384_4495,21,distance,target-reference,-0.36031157743688513,-2.205289840698242
COCO-2017-val,Molmo2-ER,coco_0384_4495,21,horizontal,target-reference,-1.1151479840972531,-12.512507438659668
COCO-2017-val,Molmo2-ER,coco_0384_4495,21,vertical,target-reference,-0.2611875078746755,-7.255507230758667
COCO-2017-val,Molmo2-ER,coco_0385_277689,21,distance,target-reference,-0.235816836617609,-4.224175930023193
COCO-2017-val,Molmo2-ER,coco_0385_277689,21,horizontal,target-reference,-1.0651958986295276,-8.517069816589355
COCO-2017-val,Molmo2-ER,coco_0385_277689,21,vertical,target-reference,0.3520932994777157,3.3982791900634766
COCO-2017-val,Molmo2-ER,coco_0386_187236,21,distance,target-reference,-0.1897775394160885,1.519436538219452
COCO-2017-val,Molmo2-ER,coco_0386_187236,21,horizontal,target-reference,-1.2828418426038555,-10.624547004699707
COCO-2017-val,Molmo2-ER,coco_0386_187236,21,vertical,target-reference,-0.029501891617849524,-2.418996572494507
COCO-2017-val,Molmo2-ER,coco_0387_483667,21,distance,target-reference,-0.1934921375774019,-3.303579688072205
COCO-2017-val,Molmo2-ER,coco_0387_483667,21,horizontal,target-reference,-0.6781832619078695,-3.379606246948242
COCO-2017-val,Molmo2-ER,coco_0387_483667,21,vertical,target-reference,0.8517381133650563,5.6800795793533325
COCO-2017-val,Molmo2-ER,coco_0388_251537,21,distance,target-reference,-0.27713490419633635,-1.0509600639343262
COCO-2017-val,Molmo2-ER,coco_0388_251537,21,horizontal,target-reference,-0.6494013228809954,-8.302001595497131
COCO-2017-val,Molmo2-ER,coco_0388_251537,21,vertical,target-reference,-1.1520049631543308,-7.37030029296875
COCO-2017-val,Molmo2-ER,coco_0389_180487,21,distance,target-reference,0.6324611256276991,5.977451801300049
COCO-2017-val,Molmo2-ER,coco_0389_180487,21,horizontal,target-reference,0.6820562151037133,0.4971020221710205
COCO-2017-val,Molmo2-ER,coco_0389_180487,21,vertical,target-reference,1.23178957088826,17.597219467163086
COCO-2017-val,Molmo2-ER,coco_0390_498286,21,distance,target-reference,0.8332489307513731,4.567914962768555
COCO-2017-val,Molmo2-ER,coco_0390_498286,21,horizontal,target-reference,-0.977386862990438,-8.187079429626465
COCO-2017-val,Molmo2-ER,coco_0390_498286,21,vertical,target-reference,-0.5695457845347103,-2.07220721244812
COCO-2017-val,Molmo2-ER,coco_0391_456143,21,distance,target-reference,0.03551068166363089,-7.918969377875328
COCO-2017-val,Molmo2-ER,coco_0391_456143,21,horizontal,target-reference,-1.0525430334812231,-17.883079528808594
COCO-2017-val,Molmo2-ER,coco_0391_456143,21,vertical,target-reference,0.1869975134986975,0.48425030708312944
COCO-2017-val,Molmo2-ER,coco_0392_559543,21,distance,target-reference,-0.1221308770269631,2.0426201820373535
COCO-2017-val,Molmo2-ER,coco_0392_559543,21,horizontal,target-reference,-1.1370017184173336,-11.051637649536133
COCO-2017-val,Molmo2-ER,coco_0392_559543,21,vertical,target-reference,-0.12133196912407912,-3.63901424407959
COCO-2017-val,Molmo2-ER,coco_0393_495448,21,distance,target-reference,0.3305773911312456,-2.220346212387085
COCO-2017-val,Molmo2-ER,coco_0393_495448,21,horizontal,target-reference,-0.6615882591102245,-3.5487371683120728
COCO-2017-val,Molmo2-ER,coco_0393_495448,21,vertical,target-reference,-0.8835765347793492,-9.432081937789917
COCO-2017-val,Molmo2-ER,coco_0394_527427,21,distance,target-reference,-0.2739214388719244,-5.999724626541138
COCO-2017-val,Molmo2-ER,coco_0394_527427,21,horizontal,target-reference,-1.2102118226780607,-5.613641977310181
COCO-2017-val,Molmo2-ER,coco_0394_527427,21,vertical,target-reference,-0.7029693731102955,-9.149113178253174
COCO-2017-val,Molmo2-ER,coco_0395_363840,21,distance,target-reference,-0.7548934692937603,1.516067385673523
COCO-2017-val,Molmo2-ER,coco_0395_363840,21,horizontal,target-reference,1.3221003307265091,5.31635195016861
COCO-2017-val,Molmo2-ER,coco_0395_363840,21,vertical,target-reference,0.1487899528325327,-1.05906343460083
COCO-2017-val,Molmo2-ER,coco_0396_443303,21,distance,target-reference,-0.6846930141029555,-4.974363088607788
COCO-2017-val,Molmo2-ER,coco_0396_443303,21,horizontal,target-reference,0.7653231732886829,0.566188633441925
COCO-2017-val,Molmo2-ER,coco_0396_443303,21,vertical,target-reference,-1.2817120048365367,-8.469610214233398
COCO-2017-val,Molmo2-ER,coco_0397_565776,21,distance,target-reference,0.1383625241739494,2.7138020992279053
COCO-2017-val,Molmo2-ER,coco_0397_565776,21,horizontal,target-reference,-1.1680914136161753,-15.57478380203247
COCO-2017-val,Molmo2-ER,coco_0397_565776,21,vertical,target-reference,0.0814523197382731,-0.1521296501159668
COCO-2017-val,Molmo2-ER,coco_0398_110999,21,distance,target-reference,-0.7615491758731887,-1.7265105247497559
COCO-2017-val,Molmo2-ER,coco_0398_110999,21,horizontal,target-reference,0.49337444645038636,6.734637260437012
COCO-2017-val,Molmo2-ER,coco_0398_110999,21,vertical,target-reference,-0.9976176431663926,-15.317838668823242
COCO-2017-val,Molmo2-ER,coco_0399_569059,21,distance,target-reference,0.6833233164517218,2.845799148082733
COCO-2017-val,Molmo2-ER,coco_0399_569059,21,horizontal,target-reference,0.7058927749713355,-0.9264966249465942
COCO-2017-val,Molmo2-ER,coco_0399_569059,21,vertical,target-reference,1.4146494060315378,17.46223258972168
COCO-2017-val,Molmo2-ER,coco_0400_425226,21,distance,target-reference,0.2445454519180249,5.406109869480133
COCO-2017-val,Molmo2-ER,coco_0400_425226,21,horizontal,target-reference,0.00859361591574509,-1.0985329151153564
COCO-2017-val,Molmo2-ER,coco_0400_425226,21,vertical,target-reference,1.1853636135854602,10.932448118925095
COCO-2017-val,Molmo2-ER,coco_0401_184384,21,distance,target-reference,0.8794585517506845,5.581263780593873
COCO-2017-val,Molmo2-ER,coco_0401_184384,21,horizontal,target-reference,-0.03468396180301808,0.19811487197875977
COCO-2017-val,Molmo2-ER,coco_0401_184384,21,vertical,target-reference,1.6771191431438783,14.613291263580322
COCO-2017-val,Molmo2-ER,coco_0402_186980,21,distance,target-reference,-0.15444692183729258,-0.5581856966018672
COCO-2017-val,Molmo2-ER,coco_0402_186980,21,horizontal,target-reference,-1.611302312858062,-17.797560691833496
COCO-2017-val,Molmo2-ER,coco_0402_186980,21,vertical,target-reference,-0.4197835591271129,-8.278637647628784
COCO-2017-val,Molmo2-ER,coco_0403_284764,21,distance,target-reference,0.017622246260810902,-1.0581047534942627
COCO-2017-val,Molmo2-ER,coco_0403_284764,21,horizontal,target-reference,-1.13777870989442,-5.403638958930969
COCO-2017-val,Molmo2-ER,coco_0403_284764,21,vertical,target-reference,-0.5126319465318765,-6.928523540496826
COCO-2017-val,Molmo2-ER,coco_0404_159791,21,distance,target-reference,0.13063813512165443,-3.9464898109436035
COCO-2017-val,Molmo2-ER,coco_0404_159791,21,horizontal,target-reference,-0.824176106489103,-7.979809284210205
COCO-2017-val,Molmo2-ER,coco_0404_159791,21,vertical,target-reference,0.7692760021414589,8.067725419998169
COCO-2017-val,Molmo2-ER,coco_0405_115885,21,distance,target-reference,0.2961165531800304,-2.484934151172638
COCO-2017-val,Molmo2-ER,coco_0405_115885,21,horizontal,target-reference,-1.2061215861617651,-14.976623535156248
COCO-2017-val,Molmo2-ER,coco_0405_115885,21,vertical,target-reference,0.5264229018313273,3.7924939393997192
COCO-2017-val,Molmo2-ER,coco_0406_230008,21,distance,target-reference,-0.32064864064801535,-5.228798806667328
COCO-2017-val,Molmo2-ER,coco_0406_230008,21,horizontal,target-reference,0.914311677112672,3.992297887802124
COCO-2017-val,Molmo2-ER,coco_0406_230008,21,vertical,target-reference,-0.3138910903582175,-5.272771567106247
COCO-2017-val,Molmo2-ER,coco_0407_248631,21,distance,target-reference,0.2606870901091466,1.0310490131378174
COCO-2017-val,Molmo2-ER,coco_0407_248631,21,horizontal,target-reference,0.9853199669903829,6.874011993408203
COCO-2017-val,Molmo2-ER,coco_0407_248631,21,vertical,target-reference,0.3367417681891478,4.924634099006653
COCO-2017-val,Molmo2-ER,coco_0408_565853,21,distance,target-reference,0.4583025282541899,-0.7392088174819946
COCO-2017-val,Molmo2-ER,coco_0408_565853,21,horizontal,target-reference,-1.0657607940356195,-13.104931354522705
COCO-2017-val,Molmo2-ER,coco_0408_565853,21,vertical,target-reference,0.7439625135412591,13.392098426818848
COCO-2017-val,Molmo2-ER,coco_0409_427256,21,distance,target-reference,-0.1124050090499871,-2.612484097480774
COCO-2017-val,Molmo2-ER,coco_0409_427256,21,horizontal,target-reference,-0.8311302486371668,-10.132050514221191
COCO-2017-val,Molmo2-ER,coco_0409_427256,21,vertical,target-reference,-1.2150963124810656,-12.5332612991333
COCO-2017-val,Molmo2-ER,coco_0410_351609,21,distance,target-reference,-0.5058300186251865,-4.090569257736206
COCO-2017-val,Molmo2-ER,coco_0410_351609,21,horizontal,target-reference,0.9220900966660044,-0.7921487390995026
COCO-2017-val,Molmo2-ER,coco_0410_351609,21,vertical,target-reference,-0.8534611606877733,-4.851867318153381
COCO-2017-val,Molmo2-ER,coco_0411_488075,21,distance,target-reference,-0.8570930875268922,-6.630621194839478
COCO-2017-val,Molmo2-ER,coco_0411_488075,21,horizontal,target-reference,-0.9515560606007185,-7.942095041275024
COCO-2017-val,Molmo2-ER,coco_0411_488075,21,vertical,target-reference,-1.0045044091548478,-9.483255386352539
COCO-2017-val,Molmo2-ER,coco_0412_464824,21,distance,target-reference,-0.7525024412829917,-6.452965646982193
COCO-2017-val,Molmo2-ER,coco_0412_464824,21,horizontal,target-reference,0.2945252836578951,-0.18131804466247559
COCO-2017-val,Molmo2-ER,coco_0412_464824,21,vertical,target-reference,-0.9550390927256449,-9.747416496276855
COCO-2017-val,Molmo2-ER,coco_0413_78420,21,distance,target-reference,-0.4897800838894939,-5.83432149887085
COCO-2017-val,Molmo2-ER,coco_0413_78420,21,horizontal,target-reference,0.9600274086021954,6.573640823364258
COCO-2017-val,Molmo2-ER,coco_0413_78420,21,vertical,target-reference,-0.8219489780785789,-6.327536106109619
COCO-2017-val,Molmo2-ER,coco_0414_193926,21,distance,target-reference,0.116438702490997,-3.967228055000305
COCO-2017-val,Molmo2-ER,coco_0414_193926,21,horizontal,target-reference,-1.2116994508759016,-14.477562904357912
COCO-2017-val,Molmo2-ER,coco_0414_193926,21,vertical,target-reference,-0.3109518298269358,-4.59208869934082
COCO-2017-val,Molmo2-ER,coco_0415_74256,21,distance,target-reference,-0.40049375686076794,1.043047934770584
COCO-2017-val,Molmo2-ER,coco_0415_74256,21,horizontal,target-reference,-1.1739105209478837,-8.425087362527847
COCO-2017-val,Molmo2-ER,coco_0415_74256,21,vertical,target-reference,-0.4347744795161347,-7.9528985023498535
COCO-2017-val,Molmo2-ER,coco_0416_575357,21,distance,target-reference,-0.5108563761803863,-9.727878332138062
COCO-2017-val,Molmo2-ER,coco_0416_575357,21,horizontal,target-reference,-1.0997735038404992,-1.719891369342804
COCO-2017-val,Molmo2-ER,coco_0416_575357,21,vertical,target-reference,-0.4058381780535135,-7.799801826477051
COCO-2017-val,Molmo2-ER,coco_0417_458992,21,distance,target-reference,-0.4694857160561062,-3.846323996782303
COCO-2017-val,Molmo2-ER,coco_0417_458992,21,horizontal,target-reference,-0.09890095359817219,-3.019307017326355
COCO-2017-val,Molmo2-ER,coco_0417_458992,21,vertical,target-reference,-0.8685894358501525,-9.68049144744873
COCO-2017-val,Molmo2-ER,coco_0418_187249,21,distance,target-reference,0.5824928612151303,3.485494375228882
COCO-2017-val,Molmo2-ER,coco_0418_187249,21,horizontal,target-reference,0.9194666673578122,6.229392826557159
COCO-2017-val,Molmo2-ER,coco_0418_187249,21,vertical,target-reference,0.1962619257632881,7.960528135299683
COCO-2017-val,Molmo2-ER,coco_0419_395801,21,distance,target-reference,0.42040408324955036,-2.1442079544067383
COCO-2017-val,Molmo2-ER,coco_0419_395801,21,horizontal,target-reference,-0.6274468988595513,-13.193006992340088
COCO-2017-val,Molmo2-ER,coco_0419_395801,21,vertical,target-reference,1.4220357745562247,19.347936153411865
COCO-2017-val,Molmo2-ER,coco_0420_579970,21,distance,target-reference,0.3625067881627897,-1.1033688187599184
COCO-2017-val,Molmo2-ER,coco_0420_579970,21,horizontal,target-reference,-1.0520951006653139,-11.886811733245851
COCO-2017-val,Molmo2-ER,coco_0420_579970,21,vertical,target-reference,0.790763926245073,3.716632127761841
COCO-2017-val,Molmo2-ER,coco_0421_117425,21,distance,target-reference,0.028946628710585093,-2.3679345846176147
COCO-2017-val,Molmo2-ER,coco_0421_117425,21,horizontal,target-reference,-1.1659158757197574,-7.196176052093506
COCO-2017-val,Molmo2-ER,coco_0421_117425,21,vertical,target-reference,0.020790264780648604,-2.936723351478576
COCO-2017-val,Molmo2-ER,coco_0422_562059,21,distance,target-reference,0.5335360277721891,3.6666091680526733
COCO-2017-val,Molmo2-ER,coco_0422_562059,21,horizontal,target-reference,0.9476482296472009,6.47320032119751
COCO-2017-val,Molmo2-ER,coco_0422_562059,21,vertical,target-reference,0.9406351470374046,14.822615385055544
COCO-2017-val,Molmo2-ER,coco_0423_172571,21,distance,target-reference,-0.2386222312530928,-8.13113284111023
COCO-2017-val,Molmo2-ER,coco_0423_172571,21,horizontal,target-reference,-1.0181110108568887,-9.487650394439697
COCO-2017-val,Molmo2-ER,coco_0423_172571,21,vertical,target-reference,-0.09356674591040681,-2.670478105545044
COCO-2017-val,Molmo2-ER,coco_0424_542856,21,distance,target-reference,0.4402109251818924,2.298267364501953
COCO-2017-val,Molmo2-ER,coco_0424_542856,21,horizontal,target-reference,-0.8289119954885834,-6.63450026512146
COCO-2017-val,Molmo2-ER,coco_0424_542856,21,vertical,target-reference,0.8274856946212994,8.73582649230957
COCO-2017-val,Molmo2-ER,coco_0425_60835,21,distance,target-reference,0.16250552560327278,4.04232120513916
COCO-2017-val,Molmo2-ER,coco_0425_60835,21,horizontal,target-reference,-1.1950475486335597,-12.352579116821289
COCO-2017-val,Molmo2-ER,coco_0425_60835,21,vertical,target-reference,0.04364967415969767,1.1484665870666504
COCO-2017-val,Molmo2-ER,coco_0426_489764,21,distance,target-reference,0.506637310911353,-0.7319605350494385
COCO-2017-val,Molmo2-ER,coco_0426_489764,21,horizontal,target-reference,1.1502159011453137,2.074089229106903
COCO-2017-val,Molmo2-ER,coco_0426_489764,21,vertical,target-reference,0.006597398284650197,-7.632443904876709
COCO-2017-val,Molmo2-ER,coco_0427_334555,21,distance,target-reference,0.5467287261849522,3.3723632097244263
COCO-2017-val,Molmo2-ER,coco_0427_334555,21,horizontal,target-reference,0.9686524354473419,10.465827345848083
COCO-2017-val,Molmo2-ER,coco_0427_334555,21,vertical,target-reference,0.4123281203683681,6.425352096557617
COCO-2017-val,Molmo2-ER,coco_0428_147205,21,distance,target-reference,-0.26501692369210617,1.319709837436676
COCO-2017-val,Molmo2-ER,coco_0428_147205,21,horizontal,target-reference,-0.8671374242751817,-1.1001449599862099
COCO-2017-val,Molmo2-ER,coco_0428_147205,21,vertical,target-reference,-0.29331699748245,1.1083260774612427
COCO-2017-val,Molmo2-ER,coco_0429_36936,21,distance,target-reference,-0.27983128113562117,-2.0905657410621643
COCO-2017-val,Molmo2-ER,coco_0429_36936,21,horizontal,target-reference,-1.1359599163781764,-5.722215414047241
COCO-2017-val,Molmo2-ER,coco_0429_36936,21,vertical,target-reference,-0.6827684669966123,-9.879273414611816
COCO-2017-val,Molmo2-ER,coco_0430_46031,21,distance,target-reference,0.1469587355791207,2.2895409464836125
COCO-2017-val,Molmo2-ER,coco_0430_46031,21,horizontal,target-reference,-1.11236251211934,-12.671582698822021
COCO-2017-val,Molmo2-ER,coco_0430_46031,21,vertical,target-reference,0.3290336841030066,2.8441241979599
COCO-2017-val,Molmo2-ER,coco_0431_157601,21,distance,target-reference,0.3360283927911068,3.9194512367248535
COCO-2017-val,Molmo2-ER,coco_0431_157601,21,horizontal,target-reference,0.6442717371216937,0.49425458908081055
COCO-2017-val,Molmo2-ER,coco_0431_157601,21,vertical,target-reference,1.0370149732741645,11.098728656768799
COCO-2017-val,Molmo2-ER,coco_0432_292024,21,distance,target-reference,-0.4332048711371343,-3.1073708534240723
COCO-2017-val,Molmo2-ER,coco_0432_292024,21,horizontal,target-reference,-0.6298863906522254,-4.037840843200684
COCO-2017-val,Molmo2-ER,coco_0432_292024,21,vertical,target-reference,-1.054895481622187,-10.448230504989624
COCO-2017-val,Molmo2-ER,coco_0433_529762,21,distance,target-reference,-0.1914414957381163,-0.5363359451293945
COCO-2017-val,Molmo2-ER,coco_0433_529762,21,horizontal,target-reference,1.1084783973601813,3.71206533908844
COCO-2017-val,Molmo2-ER,coco_0433_529762,21,vertical,target-reference,-0.4930083051688824,-1.2563750743865967
COCO-2017-val,Molmo2-ER,coco_0434_476119,21,distance,target-reference,-0.8163686203038218,-10.015566349029541
COCO-2017-val,Molmo2-ER,coco_0434_476119,21,horizontal,target-reference,0.6250174630700547,0.5916019678115843
COCO-2017-val,Molmo2-ER,coco_0434_476119,21,vertical,target-reference,-1.4644254007355821,-18.0886287689209
COCO-2017-val,Molmo2-ER,coco_0435_10092,21,distance,target-reference,-0.3531556445072806,-4.996434688568115
COCO-2017-val,Molmo2-ER,coco_0435_10092,21,horizontal,target-reference,-0.970116980055185,-7.481916189193726
COCO-2017-val,Molmo2-ER,coco_0435_10092,21,vertical,target-reference,-0.15544554144289946,-7.780954599380493
COCO-2017-val,Molmo2-ER,coco_0436_422836,21,distance,target-reference,-0.4286759255476524,-3.01633882522583
COCO-2017-val,Molmo2-ER,coco_0436_422836,21,horizontal,target-reference,-1.1867857488672902,-8.422738552093506
COCO-2017-val,Molmo2-ER,coco_0436_422836,21,vertical,target-reference,-0.612780674510377,-12.12281608581543
COCO-2017-val,Molmo2-ER,coco_0437_173383,21,distance,target-reference,-0.6328111006014308,-6.402257442474366
COCO-2017-val,Molmo2-ER,coco_0437_173383,21,horizontal,target-reference,1.0741777954329914,6.309834808111191
COCO-2017-val,Molmo2-ER,coco_0437_173383,21,vertical,target-reference,-0.5863352414588968,-10.654511451721191
COCO-2017-val,Molmo2-ER,coco_0438_181796,21,distance,target-reference,-0.004241623097552404,1.3113057613372803
COCO-2017-val,Molmo2-ER,coco_0438_181796,21,horizontal,target-reference,-1.0018121863789902,-2.737456262111664
COCO-2017-val,Molmo2-ER,coco_0438_181796,21,vertical,target-reference,-0.7448911035737384,-9.900280237197876
COCO-2017-val,Molmo2-ER,coco_0439_470121,21,distance,target-reference,0.023736149021505698,-0.42595231533050537
COCO-2017-val,Molmo2-ER,coco_0439_470121,21,horizontal,target-reference,0.880361091340789,1.5764361023902893
COCO-2017-val,Molmo2-ER,coco_0439_470121,21,vertical,target-reference,0.6051955685846109,6.094479322433472
COCO-2017-val,Molmo2-ER,coco_0440_318114,21,distance,target-reference,-0.232433995300257,-3.8722422122955322
COCO-2017-val,Molmo2-ER,coco_0440_318114,21,horizontal,target-reference,-0.9332492624597911,-10.394604206085205
COCO-2017-val,Molmo2-ER,coco_0440_318114,21,vertical,target-reference,-0.6694295301271846,-11.930838108062744
COCO-2017-val,Molmo2-ER,coco_0441_245026,21,distance,target-reference,-0.5789674562217062,-1.4418269991874695
COCO-2017-val,Molmo2-ER,coco_0441_245026,21,horizontal,target-reference,-0.9445285412167767,-3.1605845689773564
COCO-2017-val,Molmo2-ER,coco_0441_245026,21,vertical,target-reference,-0.9011943528351707,-9.326024055480957
COCO-2017-val,Molmo2-ER,coco_0442_431140,21,distance,target-reference,-0.4121849552998915,-7.104892253875732
COCO-2017-val,Molmo2-ER,coco_0442_431140,21,horizontal,target-reference,-1.0941757152983898,-10.692236185073853
COCO-2017-val,Molmo2-ER,coco_0442_431140,21,vertical,target-reference,-0.11434258021908139,-4.619664907455444
COCO-2017-val,Molmo2-ER,coco_0443_86956,21,distance,target-reference,0.3952977383465315,-1.2919233739376068
COCO-2017-val,Molmo2-ER,coco_0443_86956,21,horizontal,target-reference,-0.629873348477038,-8.64798092842102
COCO-2017-val,Molmo2-ER,coco_0443_86956,21,vertical,target-reference,1.1032579211911941,12.68234920501709
COCO-2017-val,Molmo2-ER,coco_0444_323151,21,distance,target-reference,-0.2663727082166125,-5.099103689193726
COCO-2017-val,Molmo2-ER,coco_0444_323151,21,horizontal,target-reference,0.9372791013836361,3.4066749215126038
COCO-2017-val,Molmo2-ER,coco_0444_323151,21,vertical,target-reference,-0.7846606236999447,-8.835684776306152
COCO-2017-val,Molmo2-ER,coco_0445_393093,21,distance,target-reference,0.3994963391283701,-0.9850878715515137
COCO-2017-val,Molmo2-ER,coco_0445_393093,21,horizontal,target-reference,0.8276190306192129,-1.2403618097305298
COCO-2017-val,Molmo2-ER,coco_0445_393093,21,vertical,target-reference,1.0229016448173127,12.46558952331543
COCO-2017-val,Molmo2-ER,coco_0446_319100,21,distance,target-reference,-0.2966596620510979,-1.1174966990947723
COCO-2017-val,Molmo2-ER,coco_0446_319100,21,horizontal,target-reference,1.2522722345436141,2.560359477996826
COCO-2017-val,Molmo2-ER,coco_0446_319100,21,vertical,target-reference,0.23314898359543368,-3.485879510641098
COCO-2017-val,Molmo2-ER,coco_0447_1503,21,distance,target-reference,-0.1301954861970178,3.0174162387847896
COCO-2017-val,Molmo2-ER,coco_0447_1503,21,horizontal,target-reference,1.192122458012443,10.218717098236086
COCO-2017-val,Molmo2-ER,coco_0447_1503,21,vertical,target-reference,0.01751086160249099,1.658552885055542
COCO-2017-val,Molmo2-ER,coco_0448_300233,21,distance,target-reference,0.015401983873162897,-3.312912881374359
COCO-2017-val,Molmo2-ER,coco_0448_300233,21,horizontal,target-reference,0.9426037644207284,12.065878868103027
COCO-2017-val,Molmo2-ER,coco_0448_300233,21,vertical,target-reference,-0.784061709184745,-9.316485464572906
COCO-2017-val,Molmo2-ER,coco_0449_426253,21,distance,target-reference,0.18965682881958432,2.3254354000091553
COCO-2017-val,Molmo2-ER,coco_0449_426253,21,horizontal,target-reference,-0.919612528069063,-11.014810562133787
COCO-2017-val,Molmo2-ER,coco_0449_426253,21,vertical,target-reference,0.11448632606664219,-2.156566083431244
COCO-2017-val,Molmo2-ER,coco_0450_513688,21,distance,target-reference,-0.332795910642118,-4.189127564430237
COCO-2017-val,Molmo2-ER,coco_0450_513688,21,horizontal,target-reference,-1.0268534112120484,-9.654691696166992
COCO-2017-val,Molmo2-ER,coco_0450_513688,21,vertical,target-reference,-0.2083097837749756,-3.907346248626709
COCO-2017-val,Molmo2-ER,coco_0451_403385,21,distance,target-reference,0.6156508031346057,4.001291394233704
COCO-2017-val,Molmo2-ER,coco_0451_403385,21,horizontal,target-reference,-1.1963551389838216,-19.491313934326172
COCO-2017-val,Molmo2-ER,coco_0451_403385,21,vertical,target-reference,0.040112572874643426,0.27472138404846147
COCO-2017-val,Molmo2-ER,coco_0452_19786,21,distance,target-reference,-0.053044103052428127,0.5657401084899902
COCO-2017-val,Molmo2-ER,coco_0452_19786,21,horizontal,target-reference,-1.1803217064977274,-10.314722776412964
COCO-2017-val,Molmo2-ER,coco_0452_19786,21,vertical,target-reference,0.5009133307839848,1.566402554512024
COCO-2017-val,Molmo2-ER,coco_0453_439773,21,distance,target-reference,0.491653794405567,6.23629355430603
COCO-2017-val,Molmo2-ER,coco_0453_439773,21,horizontal,target-reference,0.7235514449409164,3.9511446356773376
COCO-2017-val,Molmo2-ER,coco_0453_439773,21,vertical,target-reference,1.1978149000165834,13.013235449790955
COCO-2017-val,Molmo2-ER,coco_0454_357888,21,distance,target-reference,0.21292591070449618,3.475513279438019
COCO-2017-val,Molmo2-ER,coco_0454_357888,21,horizontal,target-reference,1.2212689358274225,10.506610631942749
COCO-2017-val,Molmo2-ER,coco_0454_357888,21,vertical,target-reference,0.20989426624540553,7.1663472652435285
COCO-2017-val,Molmo2-ER,coco_0455_378284,21,distance,target-reference,0.24333108603696357,-1.6779587268829346
COCO-2017-val,Molmo2-ER,coco_0455_378284,21,horizontal,target-reference,0.8518256120195535,1.1847418546676636
COCO-2017-val,Molmo2-ER,coco_0455_378284,21,vertical,target-reference,0.3350115107321417,5.415219366550446
COCO-2017-val,Molmo2-ER,coco_0456_545219,21,distance,target-reference,-0.1171875803604044,-6.462559223175049
COCO-2017-val,Molmo2-ER,coco_0456_545219,21,horizontal,target-reference,-1.0373585770673344,-10.501177787780762
COCO-2017-val,Molmo2-ER,coco_0456_545219,21,vertical,target-reference,0.42676571574065053,2.4016332626342773
COCO-2017-val,Molmo2-ER,coco_0457_567640,21,distance,target-reference,0.9492738954981916,3.1725598573684692
COCO-2017-val,Molmo2-ER,coco_0457_567640,21,horizontal,target-reference,0.731514163431225,0.3619526624679563
COCO-2017-val,Molmo2-ER,coco_0457_567640,21,vertical,target-reference,1.3449566716219525,9.910893201828003
COCO-2017-val,Molmo2-ER,coco_0458_463802,21,distance,target-reference,-0.7690960249985013,-5.703450247645378
COCO-2017-val,Molmo2-ER,coco_0458_463802,21,horizontal,target-reference,1.2029491521439233,9.030479192733765
COCO-2017-val,Molmo2-ER,coco_0458_463802,21,vertical,target-reference,-0.28945551890557886,-8.091048240661621
COCO-2017-val,Molmo2-ER,coco_0459_407960,21,distance,target-reference,-0.3159691752482847,-0.5924420356750488
COCO-2017-val,Molmo2-ER,coco_0459_407960,21,horizontal,target-reference,-0.842494529329844,-12.05765962600708
COCO-2017-val,Molmo2-ER,coco_0459_407960,21,vertical,target-reference,0.3604376458155841,5.3965805768966675
COCO-2017-val,Molmo2-ER,coco_0460_307172,21,distance,target-reference,0.29472336299587953,1.8607101440429692
COCO-2017-val,Molmo2-ER,coco_0460_307172,21,horizontal,target-reference,-1.102838124519173,-3.5476452112197885
COCO-2017-val,Molmo2-ER,coco_0460_307172,21,vertical,target-reference,0.5622711307011514,-0.45074176788330034
COCO-2017-val,Molmo2-ER,coco_0461_566282,21,distance,target-reference,-0.3561282713795275,-1.8543212413787846
COCO-2017-val,Molmo2-ER,coco_0461_566282,21,horizontal,target-reference,0.8413888337645888,8.067409753799438
COCO-2017-val,Molmo2-ER,coco_0461_566282,21,vertical,target-reference,-1.1773224091602636,-11.073636531829834
COCO-2017-val,Molmo2-ER,coco_0462_271997,21,distance,target-reference,-0.03359606758720482,-1.4901559352874756
COCO-2017-val,Molmo2-ER,coco_0462_271997,21,horizontal,target-reference,0.1058098473651673,0.05772167444229126
COCO-2017-val,Molmo2-ER,coco_0462_271997,21,vertical,target-reference,-0.888557543464309,-8.368767261505127
COCO-2017-val,Molmo2-ER,coco_0463_105014,21,distance,target-reference,0.30046394246652797,5.091207504272461
COCO-2017-val,Molmo2-ER,coco_0463_105014,21,horizontal,target-reference,0.10448067479986212,-5.035634279251099
COCO-2017-val,Molmo2-ER,coco_0463_105014,21,vertical,target-reference,1.0918811680168528,7.363180160522461
COCO-2017-val,Molmo2-ER,coco_0464_493799,21,distance,target-reference,-0.228224192441526,-1.519063651561737
COCO-2017-val,Molmo2-ER,coco_0464_493799,21,horizontal,target-reference,-0.8321552509585983,-4.148693814873695
COCO-2017-val,Molmo2-ER,coco_0464_493799,21,vertical,target-reference,-0.3852607036157607,-1.3063524961471558
COCO-2017-val,Molmo2-ER,coco_0465_485844,21,distance,target-reference,-0.2164028256059835,1.5029652118682861
COCO-2017-val,Molmo2-ER,coco_0465_485844,21,horizontal,target-reference,-1.079111440774263,-13.521802186965942
COCO-2017-val,Molmo2-ER,coco_0465_485844,21,vertical,target-reference,-0.4428212095769379,-6.22355842590332
COCO-2017-val,Molmo2-ER,coco_0466_16228,21,distance,target-reference,-0.011344609884215706,-4.5634260177612305
COCO-2017-val,Molmo2-ER,coco_0466_16228,21,horizontal,target-reference,1.0786238250811109,4.265475273132324
COCO-2017-val,Molmo2-ER,coco_0466_16228,21,vertical,target-reference,0.15209152088693909,4.468189477920532
COCO-2017-val,Molmo2-ER,coco_0467_306139,21,distance,target-reference,-0.2300549995081516,-6.312677949666977
COCO-2017-val,Molmo2-ER,coco_0467_306139,21,horizontal,target-reference,1.116860618537972,14.717156410217285
COCO-2017-val,Molmo2-ER,coco_0467_306139,21,vertical,target-reference,-0.3019661978049768,-0.9866256713867188
COCO-2017-val,Molmo2-ER,coco_0468_267903,21,distance,target-reference,-0.3204950059993218,0.8049418926239011
COCO-2017-val,Molmo2-ER,coco_0468_267903,21,horizontal,target-reference,-0.6609653975480073,-10.689434051513672
COCO-2017-val,Molmo2-ER,coco_0468_267903,21,vertical,target-reference,-1.0627447037694275,-10.613702297210693
COCO-2017-val,Molmo2-ER,coco_0469_292060,21,distance,target-reference,0.47195614609543335,0.29818248748779297
COCO-2017-val,Molmo2-ER,coco_0469_292060,21,horizontal,target-reference,1.5613444851947504,12.755765914916992
COCO-2017-val,Molmo2-ER,coco_0469_292060,21,vertical,target-reference,-0.15063626068572772,1.9583420753479004
COCO-2017-val,Molmo2-ER,coco_0470_251824,21,distance,target-reference,-0.5852466520726392,-5.485180854797363
COCO-2017-val,Molmo2-ER,coco_0470_251824,21,horizontal,target-reference,1.0635964476138344,-3.7723612785339355
COCO-2017-val,Molmo2-ER,coco_0470_251824,21,vertical,target-reference,-0.6390016468779904,-5.211180210113525
COCO-2017-val,Molmo2-ER,coco_0471_572303,21,distance,target-reference,-0.09680824072645461,-0.04791331291198686
COCO-2017-val,Molmo2-ER,coco_0471_572303,21,horizontal,target-reference,-0.6831109645024716,-7.315938711166382
COCO-2017-val,Molmo2-ER,coco_0471_572303,21,vertical,target-reference,0.37255926344313,-1.6705334782600403
COCO-2017-val,Molmo2-ER,coco_0472_55528,21,distance,target-reference,-0.21975952143631589,-0.510638952255249
COCO-2017-val,Molmo2-ER,coco_0472_55528,21,horizontal,target-reference,0.7802145213538669,10.104573726654053
COCO-2017-val,Molmo2-ER,coco_0472_55528,21,vertical,target-reference,-1.2342211800747804,-7.464740633964539
COCO-2017-val,Molmo2-ER,coco_0473_82696,21,distance,target-reference,0.4891345952924868,2.793433904647827
COCO-2017-val,Molmo2-ER,coco_0473_82696,21,horizontal,target-reference,0.5321001273790065,0.31345421075820923
COCO-2017-val,Molmo2-ER,coco_0473_82696,21,vertical,target-reference,1.0535663409833418,11.525485992431642
COCO-2017-val,Molmo2-ER,coco_0474_296231,21,distance,target-reference,-0.1685837090898353,-3.7976109981536865
COCO-2017-val,Molmo2-ER,coco_0474_296231,21,horizontal,target-reference,1.1059337083609027,5.909812927246094
COCO-2017-val,Molmo2-ER,coco_0474_296231,21,vertical,target-reference,0.256328924102274,2.807234287261963
COCO-2017-val,Molmo2-ER,coco_0475_33221,21,distance,target-reference,-0.5588158402549037,-6.972007751464844
COCO-2017-val,Molmo2-ER,coco_0475_33221,21,horizontal,target-reference,-1.092265440885209,-13.666199684143066
COCO-2017-val,Molmo2-ER,coco_0475_33221,21,vertical,target-reference,0.5893967496972751,1.012998104095459
COCO-2017-val,Molmo2-ER,coco_0476_153669,21,distance,target-reference,-0.7128701089647506,-4.790531873703003
COCO-2017-val,Molmo2-ER,coco_0476_153669,21,horizontal,target-reference,-1.1464974813287898,-6.491145491600037
COCO-2017-val,Molmo2-ER,coco_0476_153669,21,vertical,target-reference,-0.28929651423206604,-5.458517670631409
COCO-2017-val,Molmo2-ER,coco_0477_127182,21,distance,target-reference,0.41937622736051794,1.8651419878005981
COCO-2017-val,Molmo2-ER,coco_0477_127182,21,horizontal,target-reference,-1.0564482102325927,-13.232545852661133
COCO-2017-val,Molmo2-ER,coco_0477_127182,21,vertical,target-reference,-0.7899204410362757,-12.015878677368164
COCO-2017-val,Molmo2-ER,coco_0478_464358,21,distance,target-reference,0.2850313593046174,2.3856072425842285
COCO-2017-val,Molmo2-ER,coco_0478_464358,21,horizontal,target-reference,-0.869819333693832,-15.077098846435547
COCO-2017-val,Molmo2-ER,coco_0478_464358,21,vertical,target-reference,0.951192024562074,12.952500343322754
COCO-2017-val,Molmo2-ER,coco_0479_289960,21,distance,target-reference,-0.1847994580670905,-0.19016122817993164
COCO-2017-val,Molmo2-ER,coco_0479_289960,21,horizontal,target-reference,0.9531193879568389,1.5886157751083374
COCO-2017-val,Molmo2-ER,coco_0479_289960,21,vertical,target-reference,0.9071924501548647,14.05562698841095
COCO-2017-val,Molmo2-ER,coco_0480_520531,21,distance,target-reference,-0.6123010634538801,-5.650274038314819
COCO-2017-val,Molmo2-ER,coco_0480_520531,21,horizontal,target-reference,-0.9799984541743547,-7.975298166275024
COCO-2017-val,Molmo2-ER,coco_0480_520531,21,vertical,target-reference,-0.3243801133056151,-0.9225437641143799
COCO-2017-val,Molmo2-ER,coco_0481_499313,21,distance,target-reference,-0.551391943918543,-5.057459831237794
COCO-2017-val,Molmo2-ER,coco_0481_499313,21,horizontal,target-reference,0.8596694279452285,0.9559735655784606
COCO-2017-val,Molmo2-ER,coco_0481_499313,21,vertical,target-reference,-0.6853516379227741,-7.668557643890381
COCO-2017-val,Molmo2-ER,coco_0482_366141,21,distance,target-reference,0.5759995353775766,4.050147652626038
COCO-2017-val,Molmo2-ER,coco_0482_366141,21,horizontal,target-reference,-1.1690031585375622,-13.34133768081665
COCO-2017-val,Molmo2-ER,coco_0482_366141,21,vertical,target-reference,0.12354194506705321,7.303043607622385
COCO-2017-val,Molmo2-ER,coco_0483_126107,21,distance,target-reference,-0.1834588300940334,-3.4977736473083496
COCO-2017-val,Molmo2-ER,coco_0483_126107,21,horizontal,target-reference,0.6450382827082484,-0.0030395984649658203
COCO-2017-val,Molmo2-ER,coco_0483_126107,21,vertical,target-reference,1.1791914463151216,17.157196521759033
COCO-2017-val,Molmo2-ER,coco_0484_407614,21,distance,target-reference,-0.292570571731123,-6.577754020690918
COCO-2017-val,Molmo2-ER,coco_0484_407614,21,horizontal,target-reference,-0.2739397637227106,0.5759768486022949
COCO-2017-val,Molmo2-ER,coco_0484_407614,21,vertical,target-reference,-1.6285317220466702,-17.857431888580322
COCO-2017-val,Molmo2-ER,coco_0485_447522,21,distance,target-reference,0.3512486001015946,1.4928550720214844
COCO-2017-val,Molmo2-ER,coco_0485_447522,21,horizontal,target-reference,0.8356874631810791,3.196510136127472
COCO-2017-val,Molmo2-ER,coco_0485_447522,21,vertical,target-reference,0.4986441315268128,1.5929877758026123
COCO-2017-val,Molmo2-ER,coco_0486_177015,21,distance,target-reference,-0.19461401306310905,-8.75369930267334
COCO-2017-val,Molmo2-ER,coco_0486_177015,21,horizontal,target-reference,-0.9137383489030888,-3.0507020950317383
COCO-2017-val,Molmo2-ER,coco_0486_177015,21,vertical,target-reference,-0.726146437077875,-6.427166223526001
COCO-2017-val,Molmo2-ER,coco_0487_435081,21,distance,target-reference,-0.3408489374384226,-2.788569211959839
COCO-2017-val,Molmo2-ER,coco_0487_435081,21,horizontal,target-reference,-1.3492473793908262,-7.184981822967529
COCO-2017-val,Molmo2-ER,coco_0487_435081,21,vertical,target-reference,-0.17709377627616174,-3.6493953466415405
COCO-2017-val,Molmo2-ER,coco_0488_521052,21,distance,target-reference,-0.6529971123470605,-7.358939945697784
COCO-2017-val,Molmo2-ER,coco_0488_521052,21,horizontal,target-reference,-0.9564633979960523,-5.791047990322113
COCO-2017-val,Molmo2-ER,coco_0488_521052,21,vertical,target-reference,0.2284792867074719,-0.9953442215919497
COCO-2017-val,Molmo2-ER,coco_0489_424162,21,distance,target-reference,0.2475153190169957,-0.7724279761314392
COCO-2017-val,Molmo2-ER,coco_0489_424162,21,horizontal,target-reference,-1.029202818690932,-10.96093463897705
COCO-2017-val,Molmo2-ER,coco_0489_424162,21,vertical,target-reference,0.7524280016041724,0.9066506326198577
COCO-2017-val,Molmo2-ER,coco_0490_87244,21,distance,target-reference,0.8780408996621315,7.401928901672363
COCO-2017-val,Molmo2-ER,coco_0490_87244,21,horizontal,target-reference,0.1392801642252215,-3.0614413022994995
COCO-2017-val,Molmo2-ER,coco_0490_87244,21,vertical,target-reference,1.1593457382896293,14.691720247268677
COCO-2017-val,Molmo2-ER,coco_0491_80949,21,distance,target-reference,-0.5236808744227762,-10.171574115753174
COCO-2017-val,Molmo2-ER,coco_0491_80949,21,horizontal,target-reference,0.9674325110990458,6.956238508224487
COCO-2017-val,Molmo2-ER,coco_0491_80949,21,vertical,target-reference,-0.7045845859372971,-6.926401615142822
COCO-2017-val,Molmo2-ER,coco_0492_111036,21,distance,target-reference,0.7703229027029384,-0.17045640945434568
COCO-2017-val,Molmo2-ER,coco_0492_111036,21,horizontal,target-reference,-0.7257508443475464,-7.151770710945129
COCO-2017-val,Molmo2-ER,coco_0492_111036,21,vertical,target-reference,0.9009588605869692,9.591516494750977
COCO-2017-val,Molmo2-ER,coco_0493_384808,21,distance,target-reference,-0.5306469556788627,-6.72969713807106
COCO-2017-val,Molmo2-ER,coco_0493_384808,21,horizontal,target-reference,0.6185761959226576,2.819270372390747
COCO-2017-val,Molmo2-ER,coco_0493_384808,21,vertical,target-reference,-0.9347934281756927,-12.437309741973877
COCO-2017-val,Molmo2-ER,coco_0494_64868,21,distance,target-reference,0.20113156265225182,4.475095748901367
COCO-2017-val,Molmo2-ER,coco_0494_64868,21,horizontal,target-reference,-0.9312571115039012,-8.678267478942871
COCO-2017-val,Molmo2-ER,coco_0494_64868,21,vertical,target-reference,0.5222486505397257,1.8121790885925293
COCO-2017-val,Molmo2-ER,coco_0495_551822,21,distance,target-reference,-0.5256000028879299,-8.213135242462158
COCO-2017-val,Molmo2-ER,coco_0495_551822,21,horizontal,target-reference,-0.9723003712435179,-4.120435953140259
COCO-2017-val,Molmo2-ER,coco_0495_551822,21,vertical,target-reference,-1.0322473634625697,-7.9841578006744385
COCO-2017-val,Molmo2-ER,coco_0496_40471,21,distance,target-reference,0.13930542205611818,-4.605541706085205
COCO-2017-val,Molmo2-ER,coco_0496_40471,21,horizontal,target-reference,-1.504209952808831,-16.476011753082275
COCO-2017-val,Molmo2-ER,coco_0496_40471,21,vertical,target-reference,0.43126469456717476,-0.2341632843017578
COCO-2017-val,Molmo2-ER,coco_0497_168974,21,distance,target-reference,0.5959402050264015,1.818189263343811
COCO-2017-val,Molmo2-ER,coco_0497_168974,21,horizontal,target-reference,0.2725083311152036,-0.6072585582733154
COCO-2017-val,Molmo2-ER,coco_0497_168974,21,vertical,target-reference,1.0997547781776218,6.011035740375519
COCO-2017-val,Molmo2-ER,coco_0498_396729,21,distance,target-reference,-0.8655511775588088,-11.473933458328247
COCO-2017-val,Molmo2-ER,coco_0498_396729,21,horizontal,target-reference,0.4691756053657666,2.4413602352142334
COCO-2017-val,Molmo2-ER,coco_0498_396729,21,vertical,target-reference,-1.4552094915669411,-11.364000916481018
COCO-2017-val,Molmo2-ER,coco_0499_139077,21,distance,target-reference,0.09707176819535898,-5.117584228515625
COCO-2017-val,Molmo2-ER,coco_0499_139077,21,horizontal,target-reference,0.15333321409259076,-5.688565015792847
COCO-2017-val,Molmo2-ER,coco_0499_139077,21,vertical,target-reference,1.4905962404066786,13.557644367218018
COCO-2017-val,Molmo2-ER,coco_0500_57232,21,distance,target-reference,-0.3198218491325273,-11.341052532196045
COCO-2017-val,Molmo2-ER,coco_0500_57232,21,horizontal,target-reference,0.8370597019670906,4.936445474624634
COCO-2017-val,Molmo2-ER,coco_0500_57232,21,vertical,target-reference,-0.70949945468563,-7.592406749725342
COCO-2017-val,Molmo2-ER,coco_0501_66635,21,distance,target-reference,0.1283922745463273,2.4510815143585205
COCO-2017-val,Molmo2-ER,coco_0501_66635,21,horizontal,target-reference,0.8929305567217459,5.436143398284912
COCO-2017-val,Molmo2-ER,coco_0501_66635,21,vertical,target-reference,0.7915122261445088,10.805976390838623
COCO-2017-val,Molmo2-ER,coco_0502_57238,21,distance,target-reference,-0.6048071917966749,-7.027285933494567
COCO-2017-val,Molmo2-ER,coco_0502_57238,21,horizontal,target-reference,-1.2561649348382784,-12.784167766571045
COCO-2017-val,Molmo2-ER,coco_0502_57238,21,vertical,target-reference,-0.07572951565980629,-0.2673533260822296
COCO-2017-val,Molmo2-ER,coco_0503_499266,21,distance,target-reference,0.8125834656343789,7.5045928955078125
COCO-2017-val,Molmo2-ER,coco_0503_499266,21,horizontal,target-reference,-0.9246411368201928,-8.61570692062378
COCO-2017-val,Molmo2-ER,coco_0503_499266,21,vertical,target-reference,0.47078083202617016,4.218703389167786
COCO-2017-val,Molmo2-ER,coco_0504_324715,21,distance,target-reference,-0.4735360847556251,2.6312723159790035
COCO-2017-val,Molmo2-ER,coco_0504_324715,21,horizontal,target-reference,0.8715495769803427,6.117737293243408
COCO-2017-val,Molmo2-ER,coco_0504_324715,21,vertical,target-reference,0.3446247929044136,6.038468778133392
COCO-2017-val,Molmo2-ER,coco_0505_416343,21,distance,target-reference,-0.637735178402477,-10.635136842727661
COCO-2017-val,Molmo2-ER,coco_0505_416343,21,horizontal,target-reference,1.2796888890807423,6.92630672454834
COCO-2017-val,Molmo2-ER,coco_0505_416343,21,vertical,target-reference,-0.4669938914163745,-2.846196621656418
COCO-2017-val,Molmo2-ER,coco_0506_339442,21,distance,target-reference,-0.5558150774227855,-6.310729265213013
COCO-2017-val,Molmo2-ER,coco_0506_339442,21,horizontal,target-reference,0.3210794850125398,-1.0410147905349731
COCO-2017-val,Molmo2-ER,coco_0506_339442,21,vertical,target-reference,-1.161771336073152,-10.310574293136597
COCO-2017-val,Molmo2-ER,coco_0507_145665,21,distance,target-reference,-0.3896610465621866,-4.32559460401535
COCO-2017-val,Molmo2-ER,coco_0507_145665,21,horizontal,target-reference,1.4343790796267017,10.002583503723145
COCO-2017-val,Molmo2-ER,coco_0507_145665,21,vertical,target-reference,-0.3888133481276202,-2.14651882648468
COCO-2017-val,Molmo2-ER,coco_0508_479732,21,distance,target-reference,-0.5341367659466671,-2.512042701244354
COCO-2017-val,Molmo2-ER,coco_0508_479732,21,horizontal,target-reference,-0.5863326503001527,-2.661530613899231
COCO-2017-val,Molmo2-ER,coco_0508_479732,21,vertical,target-reference,-1.0897040839748249,-11.401652812957764
COCO-2017-val,Molmo2-ER,coco_0509_77595,21,distance,target-reference,0.4048547342813287,-0.641102433204651
COCO-2017-val,Molmo2-ER,coco_0509_77595,21,horizontal,target-reference,-1.1091336449158458,-8.558423042297363
COCO-2017-val,Molmo2-ER,coco_0509_77595,21,vertical,target-reference,-0.11406690775394698,-3.891285896301269
COCO-2017-val,Molmo2-ER,coco_0510_224200,21,distance,target-reference,0.0488046254736825,-0.3933248519897461
COCO-2017-val,Molmo2-ER,coco_0510_224200,21,horizontal,target-reference,-1.0510010738465725,-11.01209044456482
COCO-2017-val,Molmo2-ER,coco_0510_224200,21,vertical,target-reference,0.3840128845100434,9.374136924743652
COCO-2017-val,Molmo2-ER,coco_0511_309964,21,distance,target-reference,0.250557050507067,1.733846783638001
COCO-2017-val,Molmo2-ER,coco_0511_309964,21,horizontal,target-reference,-0.9146031920790679,-6.537421703338623
COCO-2017-val,Molmo2-ER,coco_0511_309964,21,vertical,target-reference,-0.1915671586733823,0.028851985931396484
COCO-2017-val,Molmo2-ER,coco_0512_565962,21,distance,target-reference,-0.15279389487925432,1.7810744047164917
COCO-2017-val,Molmo2-ER,coco_0512_565962,21,horizontal,target-reference,0.9099966985700556,8.585906505584717
COCO-2017-val,Molmo2-ER,coco_0512_565962,21,vertical,target-reference,-0.15052416732549512,2.6931077241897583
COCO-2017-val,Molmo2-ER,coco_0513_33759,21,distance,target-reference,-0.7271920459621068,-7.96460485458374
COCO-2017-val,Molmo2-ER,coco_0513_33759,21,horizontal,target-reference,0.8933525930483279,2.5263118892908096
COCO-2017-val,Molmo2-ER,coco_0513_33759,21,vertical,target-reference,-0.7033264320527245,-8.817968845367432
COCO-2017-val,Molmo2-ER,coco_0514_116206,21,distance,target-reference,0.511815438315048,6.620207071304321
COCO-2017-val,Molmo2-ER,coco_0514_116206,21,horizontal,target-reference,0.9506632460213055,5.659743070602417
COCO-2017-val,Molmo2-ER,coco_0514_116206,21,vertical,target-reference,0.8232579159046858,14.456241875886917
COCO-2017-val,Molmo2-ER,coco_0515_573258,21,distance,target-reference,-0.08240923922165289,-4.576553106307983
COCO-2017-val,Molmo2-ER,coco_0515_573258,21,horizontal,target-reference,-0.8121470216961572,-1.4289652705192566
COCO-2017-val,Molmo2-ER,coco_0515_573258,21,vertical,target-reference,-1.3035368122452409,-10.79816174507141
COCO-2017-val,Molmo2-ER,coco_0516_166426,21,distance,target-reference,-0.47626147365209504,-8.877346992492676
COCO-2017-val,Molmo2-ER,coco_0516_166426,21,horizontal,target-reference,-0.0332154431579842,-3.9087846279144287
COCO-2017-val,Molmo2-ER,coco_0516_166426,21,vertical,target-reference,-0.9578829083459974,-7.208106517791748
COCO-2017-val,Molmo2-ER,coco_0517_255165,21,distance,target-reference,-0.1957270243908647,-3.5907777547836304
COCO-2017-val,Molmo2-ER,coco_0517_255165,21,horizontal,target-reference,-1.1778356725065786,-14.181138515472412
COCO-2017-val,Molmo2-ER,coco_0517_255165,21,vertical,target-reference,-0.15307795329814883,0.5733802318572998
COCO-2017-val,Molmo2-ER,coco_0518_96001,21,distance,target-reference,-0.1583480816479937,-1.7747293710708618
COCO-2017-val,Molmo2-ER,coco_0518_96001,21,horizontal,target-reference,-0.9680766805721505,-13.90062141418457
COCO-2017-val,Molmo2-ER,coco_0518_96001,21,vertical,target-reference,0.13386089684632307,9.180216550827026
COCO-2017-val,Molmo2-ER,coco_0519_50828,21,distance,target-reference,-0.3580646770164153,-3.241274356842041
COCO-2017-val,Molmo2-ER,coco_0519_50828,21,horizontal,target-reference,0.9589081789272315,10.208516597747803
COCO-2017-val,Molmo2-ER,coco_0519_50828,21,vertical,target-reference,-0.11905482307305437,-5.362053096294404
COCO-2017-val,Molmo2-ER,coco_0520_289415,21,distance,target-reference,0.6172049259448162,2.4131525754928584
COCO-2017-val,Molmo2-ER,coco_0520_289415,21,horizontal,target-reference,-1.0064066921617698,-0.8142418861389162
COCO-2017-val,Molmo2-ER,coco_0520_289415,21,vertical,target-reference,0.8539021777771028,12.087365865707396
COCO-2017-val,Molmo2-ER,coco_0521_202339,21,distance,target-reference,0.44155750862371523,1.6450420022010803
COCO-2017-val,Molmo2-ER,coco_0521_202339,21,horizontal,target-reference,1.4203643692933259,12.71925139427185
COCO-2017-val,Molmo2-ER,coco_0521_202339,21,vertical,target-reference,0.35236335536216534,6.940001130104065
COCO-2017-val,Molmo2-ER,coco_0522_378099,21,distance,target-reference,-0.3071968899115946,-2.8032686710357666
COCO-2017-val,Molmo2-ER,coco_0522_378099,21,horizontal,target-reference,-0.8976757462909284,-9.70518183708191
COCO-2017-val,Molmo2-ER,coco_0522_378099,21,vertical,target-reference,-0.3276722108605064,-6.750676393508911
COCO-2017-val,Molmo2-ER,coco_0523_355257,21,distance,target-reference,-0.05763929071651119,4.544546127319336
COCO-2017-val,Molmo2-ER,coco_0523_355257,21,horizontal,target-reference,0.6401578555710881,-0.42480278015136763
COCO-2017-val,Molmo2-ER,coco_0523_355257,21,vertical,target-reference,1.175364981339094,11.26162600517273
COCO-2017-val,Molmo2-ER,coco_0524_182202,21,distance,target-reference,0.5279675675320762,3.4051859974861145
COCO-2017-val,Molmo2-ER,coco_0524_182202,21,horizontal,target-reference,-0.8685143805863161,-7.976183176040649
COCO-2017-val,Molmo2-ER,coco_0524_182202,21,vertical,target-reference,0.9108575614741095,11.148088693618774
COCO-2017-val,Molmo2-ER,coco_0525_351096,21,distance,target-reference,-0.2897586182507882,1.28132963180542
COCO-2017-val,Molmo2-ER,coco_0525_351096,21,horizontal,target-reference,0.7463778486474941,2.1575901359319687
COCO-2017-val,Molmo2-ER,coco_0525_351096,21,vertical,target-reference,-0.7764523757839724,-4.651733994483948
COCO-2017-val,Molmo2-ER,coco_0526_274687,21,distance,target-reference,0.34118984050484213,-1.295818567276001
COCO-2017-val,Molmo2-ER,coco_0526_274687,21,horizontal,target-reference,-0.9011974984347985,-12.28974199295044
COCO-2017-val,Molmo2-ER,coco_0526_274687,21,vertical,target-reference,0.6665320307957288,-0.47714358568191517
COCO-2017-val,Molmo2-ER,coco_0527_142585,21,distance,target-reference,-0.5928111308853743,-4.673663139343262
COCO-2017-val,Molmo2-ER,coco_0527_142585,21,horizontal,target-reference,1.225617941439369,-1.7943987846374512
COCO-2017-val,Molmo2-ER,coco_0527_142585,21,vertical,target-reference,0.3898286372063263,-4.180411636829376
COCO-2017-val,Molmo2-ER,coco_0528_463199,21,distance,target-reference,-0.2053113476136833,-7.4826260805130005
COCO-2017-val,Molmo2-ER,coco_0528_463199,21,horizontal,target-reference,-1.1476953852462868,-14.856462478637695
COCO-2017-val,Molmo2-ER,coco_0528_463199,21,vertical,target-reference,0.5902794684608021,1.2361500263214111
COCO-2017-val,Molmo2-ER,coco_0529_496571,21,distance,target-reference,0.0423033168063197,-1.9402006268501277
COCO-2017-val,Molmo2-ER,coco_0529_496571,21,horizontal,target-reference,1.657862964803533,11.272046089172363
COCO-2017-val,Molmo2-ER,coco_0529_496571,21,vertical,target-reference,0.14248140418668623,5.91899573802948
COCO-2017-val,Molmo2-ER,coco_0530_435003,21,distance,target-reference,-0.1845111820753652,-7.001340746879578
COCO-2017-val,Molmo2-ER,coco_0530_435003,21,horizontal,target-reference,-1.1173545896801496,-14.077136993408203
COCO-2017-val,Molmo2-ER,coco_0530_435003,21,vertical,target-reference,-0.32379201424719267,-3.6227974891662593
COCO-2017-val,Molmo2-ER,coco_0531_507081,21,distance,target-reference,-0.3165877264320849,-3.7423728704452515
COCO-2017-val,Molmo2-ER,coco_0531_507081,21,horizontal,target-reference,1.1102319961919986,4.781010985374451
COCO-2017-val,Molmo2-ER,coco_0531_507081,21,vertical,target-reference,0.5272741846774976,-2.9400522708892822
COCO-2017-val,Molmo2-ER,coco_0532_140203,21,distance,target-reference,0.6965458793436132,2.742235660552978
COCO-2017-val,Molmo2-ER,coco_0532_140203,21,horizontal,target-reference,-0.8440168476209543,-10.009637117385864
COCO-2017-val,Molmo2-ER,coco_0532_140203,21,vertical,target-reference,0.4551824491616948,-0.5032689571380615
COCO-2017-val,Molmo2-ER,coco_0533_68078,21,distance,target-reference,0.0698943019528486,3.1049951314926147
COCO-2017-val,Molmo2-ER,coco_0533_68078,21,horizontal,target-reference,-1.2465205780928743,-10.255889415740967
COCO-2017-val,Molmo2-ER,coco_0533_68078,21,vertical,target-reference,0.7641671286785324,11.63493824005127
COCO-2017-val,Molmo2-ER,coco_0534_141328,21,distance,target-reference,-0.2355827064129682,-2.7092909812927246
COCO-2017-val,Molmo2-ER,coco_0534_141328,21,horizontal,target-reference,0.6533251805925412,1.9121350646018982
COCO-2017-val,Molmo2-ER,coco_0534_141328,21,vertical,target-reference,-0.7407513015477943,-3.6208348274230957
COCO-2017-val,Molmo2-ER,coco_0535_312213,21,distance,target-reference,-0.2640825340020696,-8.098864078521729
COCO-2017-val,Molmo2-ER,coco_0535_312213,21,horizontal,target-reference,-1.068153508195701,-10.980372905731201
COCO-2017-val,Molmo2-ER,coco_0535_312213,21,vertical,target-reference,-0.1785885833739712,-9.286980628967285
COCO-2017-val,Molmo2-ER,coco_0536_455937,21,distance,target-reference,0.2039405616863469,0.530831515789032
COCO-2017-val,Molmo2-ER,coco_0536_455937,21,horizontal,target-reference,-0.8893101868860702,-13.023082256317139
COCO-2017-val,Molmo2-ER,coco_0536_455937,21,vertical,target-reference,0.9007465046307592,17.336360454559326
COCO-2017-val,Molmo2-ER,coco_0537_554579,21,distance,target-reference,0.036119482081193005,-2.4947667121887207
COCO-2017-val,Molmo2-ER,coco_0537_554579,21,horizontal,target-reference,-1.4564329664500177,-17.49209213256836
COCO-2017-val,Molmo2-ER,coco_0537_554579,21,vertical,target-reference,0.3256879914541902,1.065530240535736
COCO-2017-val,Molmo2-ER,coco_0538_142620,21,distance,target-reference,0.1628914639650989,0.0023851394653320312
COCO-2017-val,Molmo2-ER,coco_0538_142620,21,horizontal,target-reference,-0.9424410957659775,-10.663612365722656
COCO-2017-val,Molmo2-ER,coco_0538_142620,21,vertical,target-reference,0.5132512472301761,5.320951044559479
COCO-2017-val,Molmo2-ER,coco_0539_18837,21,distance,target-reference,-0.6829896126684349,-1.8409614562988281
COCO-2017-val,Molmo2-ER,coco_0539_18837,21,horizontal,target-reference,0.9763234871221758,-2.717831015586853
COCO-2017-val,Molmo2-ER,coco_0539_18837,21,vertical,target-reference,0.005884825659131121,-1.8153334259986877
COCO-2017-val,Molmo2-ER,coco_0540_465822,21,distance,target-reference,0.2085716215655628,0.6656809449195862
COCO-2017-val,Molmo2-ER,coco_0540_465822,21,horizontal,target-reference,0.9904526128823621,5.622323989868164
COCO-2017-val,Molmo2-ER,coco_0540_465822,21,vertical,target-reference,0.8088601128741544,14.259908199310303
COCO-2017-val,Molmo2-ER,coco_0541_4795,21,distance,target-reference,-0.0283501783637242,-2.2005741596221924
COCO-2017-val,Molmo2-ER,coco_0541_4795,21,horizontal,target-reference,0.8688058868144277,7.710178732872009
COCO-2017-val,Molmo2-ER,coco_0541_4795,21,vertical,target-reference,-0.9159066632273546,-10.750455856323242
COCO-2017-val,Molmo2-ER,coco_0542_164883,21,distance,target-reference,0.0962899732628256,-4.164623200893402
COCO-2017-val,Molmo2-ER,coco_0542_164883,21,horizontal,target-reference,0.9710754017446752,5.4244914054870605
COCO-2017-val,Molmo2-ER,coco_0542_164883,21,vertical,target-reference,-0.0055039235415957,-3.424766182899475
COCO-2017-val,Molmo2-ER,coco_0543_329319,21,distance,target-reference,0.4689269281817027,0.21399354934692294
COCO-2017-val,Molmo2-ER,coco_0543_329319,21,horizontal,target-reference,-1.3707097270262967,-8.10434627532959
COCO-2017-val,Molmo2-ER,coco_0543_329319,21,vertical,target-reference,-0.8086518654751156,-8.239320755004883
COCO-2017-val,Molmo2-ER,coco_0544_35062,21,distance,target-reference,0.47577102700067075,2.9981634616851807
COCO-2017-val,Molmo2-ER,coco_0544_35062,21,horizontal,target-reference,0.1288521918317457,0.3027743101119995
COCO-2017-val,Molmo2-ER,coco_0544_35062,21,vertical,target-reference,0.8900284245965588,2.1079697012901306
COCO-2017-val,Molmo2-ER,coco_0545_193181,21,distance,target-reference,-0.0314586644969157,-5.455877780914307
COCO-2017-val,Molmo2-ER,coco_0545_193181,21,horizontal,target-reference,-0.060016529689075795,-1.8553065359592438
COCO-2017-val,Molmo2-ER,coco_0545_193181,21,vertical,target-reference,1.134339443516792,16.8964262008667
COCO-2017-val,Molmo2-ER,coco_0546_286908,21,distance,target-reference,0.29274064243595066,2.144460916519165
COCO-2017-val,Molmo2-ER,coco_0546_286908,21,horizontal,target-reference,1.2602297513105138,3.7799047231674194
COCO-2017-val,Molmo2-ER,coco_0546_286908,21,vertical,target-reference,-0.3097359129306747,-0.9636570811271667
COCO-2017-val,Molmo2-ER,coco_0547_24567,21,distance,target-reference,0.15190291221039293,3.1793925762176514
COCO-2017-val,Molmo2-ER,coco_0547_24567,21,horizontal,target-reference,-0.8599723137962318,2.8429232835769653
COCO-2017-val,Molmo2-ER,coco_0547_24567,21,vertical,target-reference,-0.7544080521985077,-3.9650086164474487
COCO-2017-val,Molmo2-ER,coco_0548_261116,21,distance,target-reference,-0.11183857664186139,-4.42554783821106
COCO-2017-val,Molmo2-ER,coco_0548_261116,21,horizontal,target-reference,0.1529102517310722,-3.201190710067749
COCO-2017-val,Molmo2-ER,coco_0548_261116,21,vertical,target-reference,1.1554083323124074,6.931798458099365
COCO-2017-val,Molmo2-ER,coco_0549_451571,21,distance,target-reference,-0.293420833638199,-2.705835565924644
COCO-2017-val,Molmo2-ER,coco_0549_451571,21,horizontal,target-reference,0.9154145932239706,3.8017005771398544
COCO-2017-val,Molmo2-ER,coco_0549_451571,21,vertical,target-reference,-0.5225640359169081,-2.159977912902832
COCO-2017-val,Molmo2-ER,coco_0550_54593,21,distance,target-reference,-0.017025567739422487,-6.35374391078949
COCO-2017-val,Molmo2-ER,coco_0550_54593,21,horizontal,target-reference,-1.1042873107949411,-7.311723232269287
COCO-2017-val,Molmo2-ER,coco_0550_54593,21,vertical,target-reference,0.2977729875441575,1.2877771854400635
COCO-2017-val,Molmo2-ER,coco_0551_42889,21,distance,target-reference,-0.19252490307387726,-7.04546844959259
COCO-2017-val,Molmo2-ER,coco_0551_42889,21,horizontal,target-reference,-0.1121786220556035,0.4672858715057373
COCO-2017-val,Molmo2-ER,coco_0551_42889,21,vertical,target-reference,-0.9333554997067015,-13.223716259002687
COCO-2017-val,Molmo2-ER,coco_0552_357941,21,distance,target-reference,-0.44321308666679865,-1.7765688896179201
COCO-2017-val,Molmo2-ER,coco_0552_357941,21,horizontal,target-reference,-0.9784540663511605,-8.883161783218384
COCO-2017-val,Molmo2-ER,coco_0552_357941,21,vertical,target-reference,-0.26442918392709247,-2.845548242330551
COCO-2017-val,Molmo2-ER,coco_0553_407825,21,distance,target-reference,0.057831863806252326,-2.1621421575546265
COCO-2017-val,Molmo2-ER,coco_0553_407825,21,horizontal,target-reference,-1.3025208517377442,-13.85371732711792
COCO-2017-val,Molmo2-ER,coco_0553_407825,21,vertical,target-reference,-0.2707054240273273,-9.704166889190674
COCO-2017-val,Molmo2-ER,coco_0554_429623,21,distance,target-reference,0.009080459365009091,-3.218821883201599
COCO-2017-val,Molmo2-ER,coco_0554_429623,21,horizontal,target-reference,0.9676731162679618,1.6710856556892395
COCO-2017-val,Molmo2-ER,coco_0554_429623,21,vertical,target-reference,-0.0427675924851843,1.8304994106292733
COCO-2017-val,Molmo2-ER,coco_0555_482970,21,distance,target-reference,-0.30387854240917916,-2.132763147354126
COCO-2017-val,Molmo2-ER,coco_0555_482970,21,horizontal,target-reference,-0.8450823518366919,-7.172605216503143
COCO-2017-val,Molmo2-ER,coco_0555_482970,21,vertical,target-reference,-0.5885351462740414,-9.13571572303772
COCO-2017-val,Molmo2-ER,coco_0556_176446,21,distance,target-reference,0.0700371743668052,-3.40187680721283
COCO-2017-val,Molmo2-ER,coco_0556_176446,21,horizontal,target-reference,-1.1637236126720767,-13.830334663391113
COCO-2017-val,Molmo2-ER,coco_0556_176446,21,vertical,target-reference,-0.01662574268408029,0.22574388980865479
COCO-2017-val,Molmo2-ER,coco_0557_225757,21,distance,target-reference,-0.49820728213805027,-3.398010730743408
COCO-2017-val,Molmo2-ER,coco_0557_225757,21,horizontal,target-reference,-1.0516770314012078,-11.48893427848816
COCO-2017-val,Molmo2-ER,coco_0557_225757,21,vertical,target-reference,-0.3467959633990769,-8.430164575576782
COCO-2017-val,Molmo2-ER,coco_0558_241319,21,distance,target-reference,0.21717003622740172,5.3564043045043945
COCO-2017-val,Molmo2-ER,coco_0558_241319,21,horizontal,target-reference,0.6215490808639136,2.4399646520614624
COCO-2017-val,Molmo2-ER,coco_0558_241319,21,vertical,target-reference,1.1061502114648818,12.535710334777832
COCO-2017-val,Molmo2-ER,coco_0559_363188,21,distance,target-reference,-0.11876630876722379,0.8810018301010132
COCO-2017-val,Molmo2-ER,coco_0559_363188,21,horizontal,target-reference,1.081827617698772,7.984117031097412
COCO-2017-val,Molmo2-ER,coco_0559_363188,21,vertical,target-reference,0.1174521349547167,-1.5426893830299377
COCO-2017-val,Molmo2-ER,coco_0560_146358,21,distance,target-reference,-0.4907399803830241,-4.465315341949463
COCO-2017-val,Molmo2-ER,coco_0560_146358,21,horizontal,target-reference,0.7940722803365783,1.5622000694274902
COCO-2017-val,Molmo2-ER,coco_0560_146358,21,vertical,target-reference,-0.863325911097947,-3.772810161113739
COCO-2017-val,Molmo2-ER,coco_0561_351331,21,distance,target-reference,0.2506833598813403,0.033589303493499756
COCO-2017-val,Molmo2-ER,coco_0561_351331,21,horizontal,target-reference,-0.9187475184766061,-6.470144838094711
COCO-2017-val,Molmo2-ER,coco_0561_351331,21,vertical,target-reference,0.0894938048405049,2.2838298082351685
COCO-2017-val,Molmo2-ER,coco_0562_515266,21,distance,target-reference,-0.6528001691926615,-2.7824697494506836
COCO-2017-val,Molmo2-ER,coco_0562_515266,21,horizontal,target-reference,0.8340985493770217,-2.7401561737060547
COCO-2017-val,Molmo2-ER,coco_0562_515266,21,vertical,target-reference,-0.7812910129903232,-10.983834028244019
COCO-2017-val,Molmo2-ER,coco_0563_114907,21,distance,target-reference,-0.014308219563146707,2.459029197692871
COCO-2017-val,Molmo2-ER,coco_0563_114907,21,horizontal,target-reference,-0.8200033395964308,-7.805482625961304
COCO-2017-val,Molmo2-ER,coco_0563_114907,21,vertical,target-reference,-0.1965860165976916,1.1770644187927246
COCO-2017-val,Molmo2-ER,coco_0564_265518,21,distance,target-reference,0.2926740669371447,-4.851479232311249
COCO-2017-val,Molmo2-ER,coco_0564_265518,21,horizontal,target-reference,-0.33083885026140336,-4.904029488563538
COCO-2017-val,Molmo2-ER,coco_0564_265518,21,vertical,target-reference,-1.1902970993451287,-15.4607572555542
COCO-2017-val,Molmo2-ER,coco_0565_119828,21,distance,target-reference,0.0052549396694688,5.5083417892456055
COCO-2017-val,Molmo2-ER,coco_0565_119828,21,horizontal,target-reference,1.0387830803610352,8.778984785079956
COCO-2017-val,Molmo2-ER,coco_0565_119828,21,vertical,target-reference,0.223449742223867,10.213740587234497
COCO-2017-val,Molmo2-ER,coco_0566_67616,21,distance,target-reference,0.4670791383596021,1.4910661280155182
COCO-2017-val,Molmo2-ER,coco_0566_67616,21,horizontal,target-reference,-1.1514212372448982,-12.267596244812012
COCO-2017-val,Molmo2-ER,coco_0566_67616,21,vertical,target-reference,0.2044691791811064,2.1465564966201782
COCO-2017-val,Molmo2-ER,coco_0567_322163,21,distance,target-reference,0.13119055615320901,-2.2344439029693604
COCO-2017-val,Molmo2-ER,coco_0567_322163,21,horizontal,target-reference,-0.9884279250784401,-9.53898811340332
COCO-2017-val,Molmo2-ER,coco_0567_322163,21,vertical,target-reference,0.7482110839079847,7.123600006103516
COCO-2017-val,Molmo2-ER,coco_0568_423123,21,distance,target-reference,0.06834042771345533,0.9080793857574472
COCO-2017-val,Molmo2-ER,coco_0568_423123,21,horizontal,target-reference,-0.977468773125852,-14.697905540466309
COCO-2017-val,Molmo2-ER,coco_0568_423123,21,vertical,target-reference,-0.6070874935460873,-2.9266701340675354
COCO-2017-val,Molmo2-ER,coco_0569_135410,21,distance,target-reference,-0.7732723896221131,-6.85112452507019
COCO-2017-val,Molmo2-ER,coco_0569_135410,21,horizontal,target-reference,0.7630556526549109,0.943647712469101
COCO-2017-val,Molmo2-ER,coco_0569_135410,21,vertical,target-reference,-0.9812866373449988,-13.633286952972412
COCO-2017-val,Molmo2-ER,coco_0570_98392,21,distance,target-reference,-0.1787909012523324,-4.245002269744873
COCO-2017-val,Molmo2-ER,coco_0570_98392,21,horizontal,target-reference,-0.5418117357372159,-8.4937424659729
COCO-2017-val,Molmo2-ER,coco_0570_98392,21,vertical,target-reference,-0.8943154311394552,-8.231466293334961
COCO-2017-val,Molmo2-ER,coco_0571_263969,21,distance,target-reference,0.5037267326547318,0.7036656141281128
COCO-2017-val,Molmo2-ER,coco_0571_263969,21,horizontal,target-reference,-0.849561160851539,-5.767624139785767
COCO-2017-val,Molmo2-ER,coco_0571_263969,21,vertical,target-reference,0.9842110036063529,1.5856831669807434
COCO-2017-val,Molmo2-ER,coco_0572_259571,21,distance,target-reference,0.38282150225458,5.335045099258423
COCO-2017-val,Molmo2-ER,coco_0572_259571,21,horizontal,target-reference,0.8418173907089335,5.4426950216293335
COCO-2017-val,Molmo2-ER,coco_0572_259571,21,vertical,target-reference,0.0904713859629433,-1.6039041876792908
COCO-2017-val,Molmo2-ER,coco_0573_435208,21,distance,target-reference,-0.6767410147099893,-3.6476446390151978
COCO-2017-val,Molmo2-ER,coco_0573_435208,21,horizontal,target-reference,1.1482130650085254,7.286744832992554
COCO-2017-val,Molmo2-ER,coco_0573_435208,21,vertical,target-reference,-0.7688665514796241,-11.722783327102661
COCO-2017-val,Molmo2-ER,coco_0574_151938,21,distance,target-reference,-0.29902007024136823,-10.03235387802124
COCO-2017-val,Molmo2-ER,coco_0574_151938,21,horizontal,target-reference,0.2800741782518532,6.501377105712891
COCO-2017-val,Molmo2-ER,coco_0574_151938,21,vertical,target-reference,-1.0791374606717794,-16.178351402282715
COCO-2017-val,Molmo2-ER,coco_0575_13923,21,distance,target-reference,0.63063937464542,9.867370128631592
COCO-2017-val,Molmo2-ER,coco_0575_13923,21,horizontal,target-reference,0.965615056246647,9.55965656042099
COCO-2017-val,Molmo2-ER,coco_0575_13923,21,vertical,target-reference,0.5690952843577491,5.10071587562561
COCO-2017-val,Molmo2-ER,coco_0576_368684,21,distance,target-reference,-0.2081841173090985,-3.618110179901124
COCO-2017-val,Molmo2-ER,coco_0576_368684,21,horizontal,target-reference,0.9625777471033758,4.690226435661316
COCO-2017-val,Molmo2-ER,coco_0576_368684,21,vertical,target-reference,0.19146835925753702,3.5063724517822266
COCO-2017-val,Molmo2-ER,coco_0577_127394,21,distance,target-reference,0.7336443213381998,4.935400009155273
COCO-2017-val,Molmo2-ER,coco_0577_127394,21,horizontal,target-reference,0.073188680642576,1.401629209518434
COCO-2017-val,Molmo2-ER,coco_0577_127394,21,vertical,target-reference,1.0492677692920023,7.270242214202881
COCO-2017-val,Molmo2-ER,coco_0578_172595,21,distance,target-reference,0.0275581122415052,-2.203461527824402
COCO-2017-val,Molmo2-ER,coco_0578_172595,21,horizontal,target-reference,-0.9770239105513123,-1.8328032493591309
COCO-2017-val,Molmo2-ER,coco_0578_172595,21,vertical,target-reference,0.6092859919636462,3.9408109188079834
COCO-2017-val,Molmo2-ER,coco_0579_243204,21,distance,target-reference,-0.2219094952523342,-4.540725827217102
COCO-2017-val,Molmo2-ER,coco_0579_243204,21,horizontal,target-reference,-1.222652745283327,-6.31148648262024
COCO-2017-val,Molmo2-ER,coco_0579_243204,21,vertical,target-reference,0.3744528852802658,4.673896312713623
COCO-2017-val,Molmo2-ER,coco_0580_66771,21,distance,target-reference,0.503842104705074,-3.713306725025177
COCO-2017-val,Molmo2-ER,coco_0580_66771,21,horizontal,target-reference,-0.9032064598163325,-8.719501972198486
COCO-2017-val,Molmo2-ER,coco_0580_66771,21,vertical,target-reference,0.8871287933871878,10.739629745483398
COCO-2017-val,Molmo2-ER,coco_0581_446206,21,distance,target-reference,0.24575046468535539,1.503536224365234
COCO-2017-val,Molmo2-ER,coco_0581_446206,21,horizontal,target-reference,-0.9557427782444532,-13.669641494750977
COCO-2017-val,Molmo2-ER,coco_0581_446206,21,vertical,target-reference,0.690360082717606,12.978110790252686
COCO-2017-val,Molmo2-ER,coco_0582_568584,21,distance,target-reference,0.297142022477145,-0.7967749983072282
COCO-2017-val,Molmo2-ER,coco_0582_568584,21,horizontal,target-reference,-0.9666627936724459,-15.18395185470581
COCO-2017-val,Molmo2-ER,coco_0582_568584,21,vertical,target-reference,0.10886176519843052,3.0359658002853394
COCO-2017-val,Molmo2-ER,coco_0583_305609,21,distance,target-reference,-0.6161763710600978,-6.852207660675049
COCO-2017-val,Molmo2-ER,coco_0583_305609,21,horizontal,target-reference,0.5606943518529094,-0.505862593650818
COCO-2017-val,Molmo2-ER,coco_0583_305609,21,vertical,target-reference,-1.1873733532584376,-10.77028226852417
COCO-2017-val,Molmo2-ER,coco_0584_514586,21,distance,target-reference,0.883321787758343,3.681485295295715
COCO-2017-val,Molmo2-ER,coco_0584_514586,21,horizontal,target-reference,-1.6393451752440824,-6.318054676055908
COCO-2017-val,Molmo2-ER,coco_0584_514586,21,vertical,target-reference,-0.2449686188850967,1.0344190597534184
COCO-2017-val,Molmo2-ER,coco_0585_236412,21,distance,target-reference,0.47457653227281027,7.261700630187988
COCO-2017-val,Molmo2-ER,coco_0585_236412,21,horizontal,target-reference,-0.7656838361001383,-2.694568157196045
COCO-2017-val,Molmo2-ER,coco_0585_236412,21,vertical,target-reference,0.6426865466736792,2.622911036014557
COCO-2017-val,Molmo2-ER,coco_0586_51610,21,distance,target-reference,-0.2148005466837109,1.000518798828125
COCO-2017-val,Molmo2-ER,coco_0586_51610,21,horizontal,target-reference,1.0657547871513833,2.894440531730652
COCO-2017-val,Molmo2-ER,coco_0586_51610,21,vertical,target-reference,-0.270832385954181,1.3017512559890747
COCO-2017-val,Molmo2-ER,coco_0587_88040,21,distance,target-reference,-0.07882856192366061,-5.9515790939331055
COCO-2017-val,Molmo2-ER,coco_0587_88040,21,horizontal,target-reference,-0.8847057759410788,-9.636049062013626
COCO-2017-val,Molmo2-ER,coco_0587_88040,21,vertical,target-reference,-0.4632165328468397,-3.4713099002838144
COCO-2017-val,Molmo2-ER,coco_0588_213086,21,distance,target-reference,0.37486302101576247,5.227686524391174
COCO-2017-val,Molmo2-ER,coco_0588_213086,21,horizontal,target-reference,-1.1722257121216562,-10.19891357421875
COCO-2017-val,Molmo2-ER,coco_0588_213086,21,vertical,target-reference,0.5735253760316592,5.243683934211731
COCO-2017-val,Molmo2-ER,coco_0589_566758,21,distance,target-reference,-0.232606404935949,-5.128961622714996
COCO-2017-val,Molmo2-ER,coco_0589_566758,21,horizontal,target-reference,0.9561233323272741,-1.5287283211946487
COCO-2017-val,Molmo2-ER,coco_0589_566758,21,vertical,target-reference,-0.1256653032536316,-3.667183816432953
COCO-2017-val,Molmo2-ER,coco_0590_489611,21,distance,target-reference,-0.6223226905341508,-7.467818737030029
COCO-2017-val,Molmo2-ER,coco_0590_489611,21,horizontal,target-reference,1.1561477130791045,6.1713268756866455
COCO-2017-val,Molmo2-ER,coco_0590_489611,21,vertical,target-reference,-0.6332850830158399,-5.553985238075256
COCO-2017-val,Molmo2-ER,coco_0591_515025,21,distance,target-reference,-0.1877474321402089,-5.424609184265137
COCO-2017-val,Molmo2-ER,coco_0591_515025,21,horizontal,target-reference,-1.0149554493211537,-9.664531230926514
COCO-2017-val,Molmo2-ER,coco_0591_515025,21,vertical,target-reference,0.003067537256737529,-4.773791700601578
COCO-2017-val,Molmo2-ER,coco_0592_446005,21,distance,target-reference,-0.04138046208151569,-3.195873498916626
COCO-2017-val,Molmo2-ER,coco_0592_446005,21,horizontal,target-reference,-0.997199559198096,-16.827505588531494
COCO-2017-val,Molmo2-ER,coco_0592_446005,21,vertical,target-reference,0.5293501802030784,6.995342254638672
COCO-2017-val,Molmo2-ER,coco_0593_27768,21,distance,target-reference,-0.5479025358598302,-5.551201522350311
COCO-2017-val,Molmo2-ER,coco_0593_27768,21,horizontal,target-reference,1.0248178583489256,-2.4210352897644043
COCO-2017-val,Molmo2-ER,coco_0593_27768,21,vertical,target-reference,0.11829490449028748,-2.768263876438141
COCO-2017-val,Molmo2-ER,coco_0594_462576,21,distance,target-reference,0.7474083677265349,8.606227397918701
COCO-2017-val,Molmo2-ER,coco_0594_462576,21,horizontal,target-reference,0.5924881421912229,1.2838236093521118
COCO-2017-val,Molmo2-ER,coco_0594_462576,21,vertical,target-reference,1.2142346173670646,7.4718077182769775
COCO-2017-val,Molmo2-ER,coco_0595_361506,21,distance,target-reference,-0.08402326611268879,-2.3374064564704895
COCO-2017-val,Molmo2-ER,coco_0595_361506,21,horizontal,target-reference,0.8459399487384888,2.560887932777405
COCO-2017-val,Molmo2-ER,coco_0595_361506,21,vertical,target-reference,0.8553574898479674,9.479224920272827
COCO-2017-val,Molmo2-ER,coco_0596_321214,21,distance,target-reference,0.7717830782197237,2.0672762989997864
COCO-2017-val,Molmo2-ER,coco_0596_321214,21,horizontal,target-reference,-0.517178720901678,-0.6909086704254153
COCO-2017-val,Molmo2-ER,coco_0596_321214,21,vertical,target-reference,1.200811360250749,-1.2455449104309082
COCO-2017-val,Molmo2-ER,coco_0597_438774,21,distance,target-reference,-0.8860625078636744,-13.041298866271973
COCO-2017-val,Molmo2-ER,coco_0597_438774,21,horizontal,target-reference,-0.6993902885438731,-9.575672149658203
COCO-2017-val,Molmo2-ER,coco_0597_438774,21,vertical,target-reference,-1.1378839695250185,-17.473276615142822
COCO-2017-val,Molmo2-ER,coco_0598_491497,21,distance,target-reference,-0.2792773030767672,-3.8502326011657715
COCO-2017-val,Molmo2-ER,coco_0598_491497,21,horizontal,target-reference,1.1023328950813076,10.501140594482422
COCO-2017-val,Molmo2-ER,coco_0598_491497,21,vertical,target-reference,0.4833593649319468,6.978459596633911
COCO-2017-val,Molmo2-ER,coco_0599_357816,21,distance,target-reference,-0.039613996029023324,0.24310779571533203
COCO-2017-val,Molmo2-ER,coco_0599_357816,21,horizontal,target-reference,1.174536297364134,9.524375200271606
COCO-2017-val,Molmo2-ER,coco_0599_357816,21,vertical,target-reference,0.25076104468179283,6.094015955924988
COCO-2017-val,Molmo2-ER,coco_0600_240023,21,distance,target-reference,0.928413704091917,0.9109193682670593
COCO-2017-val,Molmo2-ER,coco_0600_240023,21,horizontal,target-reference,-0.930977678480355,-11.56617283821106
COCO-2017-val,Molmo2-ER,coco_0600_240023,21,vertical,target-reference,0.9242526251390533,5.804008990526199
COCO-2017-val,Molmo2-ER,coco_0601_153217,21,distance,target-reference,-0.2772542515225676,-4.026133120059967
COCO-2017-val,Molmo2-ER,coco_0601_153217,21,horizontal,target-reference,0.6818164702572451,5.055955052375794
COCO-2017-val,Molmo2-ER,coco_0601_153217,21,vertical,target-reference,-0.7309386306246206,-13.072191238403319
COCO-2017-val,Molmo2-ER,coco_0602_350019,21,distance,target-reference,-0.48270586878980787,-5.5255690813064575
COCO-2017-val,Molmo2-ER,coco_0602_350019,21,horizontal,target-reference,-0.05369752069006689,-3.6999171972274785
COCO-2017-val,Molmo2-ER,coco_0602_350019,21,vertical,target-reference,-0.8548173342408457,-7.01678729057312
COCO-2017-val,Molmo2-ER,coco_0603_170099,21,distance,target-reference,0.3154571533541538,3.2738159894943237
COCO-2017-val,Molmo2-ER,coco_0603_170099,21,horizontal,target-reference,-0.9005962666906107,-8.913785934448242
COCO-2017-val,Molmo2-ER,coco_0603_170099,21,vertical,target-reference,-0.24443044642142975,-6.486382246017457
COCO-2017-val,Molmo2-ER,coco_0604_403817,21,distance,target-reference,-0.1737574110759384,-4.772757649421692
COCO-2017-val,Molmo2-ER,coco_0604_403817,21,horizontal,target-reference,0.8067968515562529,4.037085175514221
COCO-2017-val,Molmo2-ER,coco_0604_403817,21,vertical,target-reference,-0.0340750696962146,-4.466713190078735
COCO-2017-val,Molmo2-ER,coco_0605_10363,21,distance,target-reference,-0.7304889510734591,-12.780058860778809
COCO-2017-val,Molmo2-ER,coco_0605_10363,21,horizontal,target-reference,0.4564051149577233,1.232628583908081
COCO-2017-val,Molmo2-ER,coco_0605_10363,21,vertical,target-reference,-1.2002584959689888,-12.3895902633667
COCO-2017-val,Molmo2-ER,coco_0606_303305,21,distance,target-reference,-0.3478072779835118,-5.78463077545166
COCO-2017-val,Molmo2-ER,coco_0606_303305,21,horizontal,target-reference,0.8466215645709826,-2.5915920734405513
COCO-2017-val,Molmo2-ER,coco_0606_303305,21,vertical,target-reference,0.07908124414196681,-1.3266502022743225
COCO-2017-val,Molmo2-ER,coco_0607_565391,21,distance,target-reference,0.4749980437148163,1.3623903989791866
COCO-2017-val,Molmo2-ER,coco_0607_565391,21,horizontal,target-reference,-0.9428970728806189,-5.84389853477478
COCO-2017-val,Molmo2-ER,coco_0607_565391,21,vertical,target-reference,0.8815489096745328,0.5639959573745728
COCO-2017-val,Molmo2-ER,coco_0608_578922,21,distance,target-reference,-0.10258581547522301,-3.3668079376220703
COCO-2017-val,Molmo2-ER,coco_0608_578922,21,horizontal,target-reference,0.9403365127664294,10.130243301391602
COCO-2017-val,Molmo2-ER,coco_0608_578922,21,vertical,target-reference,-0.8282392902805686,-5.629290342330933
COCO-2017-val,Molmo2-ER,coco_0609_553788,21,distance,target-reference,-0.35064873634175653,-3.102039337158203
COCO-2017-val,Molmo2-ER,coco_0609_553788,21,horizontal,target-reference,-0.7835865073293838,-6.288499712944031
COCO-2017-val,Molmo2-ER,coco_0609_553788,21,vertical,target-reference,-0.4786903284466049,-2.905784845352173
COCO-2017-val,Molmo2-ER,coco_0610_309173,21,distance,target-reference,-0.16318735196863937,-8.344614148139954
COCO-2017-val,Molmo2-ER,coco_0610_309173,21,horizontal,target-reference,-0.5492058180015412,-2.6708621978759766
COCO-2017-val,Molmo2-ER,coco_0610_309173,21,vertical,target-reference,0.8000252987634398,4.469392538070679
COCO-2017-val,Molmo2-ER,coco_0611_21839,21,distance,target-reference,-0.057233544127572006,-0.7282087802886963
COCO-2017-val,Molmo2-ER,coco_0611_21839,21,horizontal,target-reference,-1.0716957047725562,-13.232465744018555
COCO-2017-val,Molmo2-ER,coco_0611_21839,21,vertical,target-reference,0.798814924563058,9.33260977268219
COCO-2017-val,Molmo2-ER,coco_0612_468925,21,distance,target-reference,-0.5206719305742658,-7.347347319126129
COCO-2017-val,Molmo2-ER,coco_0612_468925,21,horizontal,target-reference,-0.5892010543071249,-6.430474758148193
COCO-2017-val,Molmo2-ER,coco_0612_468925,21,vertical,target-reference,-0.9163992864034785,-12.16747522354126
COCO-2017-val,Molmo2-ER,coco_0613_405432,21,distance,target-reference,0.413073714292185,2.848926544189453
COCO-2017-val,Molmo2-ER,coco_0613_405432,21,horizontal,target-reference,-0.3310862303011843,-7.216881513595581
COCO-2017-val,Molmo2-ER,coco_0613_405432,21,vertical,target-reference,0.948344603213459,8.562676906585693
COCO-2017-val,Molmo2-ER,coco_0614_30785,21,distance,target-reference,0.06363991103100852,3.961318016052246
COCO-2017-val,Molmo2-ER,coco_0614_30785,21,horizontal,target-reference,-0.8427810607369641,-15.335264205932617
COCO-2017-val,Molmo2-ER,coco_0614_30785,21,vertical,target-reference,0.44283884879077495,7.21013879776001
COCO-2017-val,Molmo2-ER,coco_0615_492362,21,distance,target-reference,0.053550160237010896,3.5652109384536743
COCO-2017-val,Molmo2-ER,coco_0615_492362,21,horizontal,target-reference,0.12259737829634719,1.0682369470596313
COCO-2017-val,Molmo2-ER,coco_0615_492362,21,vertical,target-reference,1.0228750348689706,11.5634183883667
COCO-2017-val,Molmo2-ER,coco_0616_353051,21,distance,target-reference,-0.12338775286772119,-2.100015640258789
COCO-2017-val,Molmo2-ER,coco_0616_353051,21,horizontal,target-reference,-0.9349049002500833,-12.233376026153564
COCO-2017-val,Molmo2-ER,coco_0616_353051,21,vertical,target-reference,0.3844891017299697,3.713916540145874
COCO-2017-val,Molmo2-ER,coco_0617_232684,21,distance,target-reference,-0.003018216439879297,-2.9459191113710403
COCO-2017-val,Molmo2-ER,coco_0617_232684,21,horizontal,target-reference,0.9039813560279849,2.875189840793609
COCO-2017-val,Molmo2-ER,coco_0617_232684,21,vertical,target-reference,-0.10008277834435633,-4.6651551723480225
COCO-2017-val,Molmo2-ER,coco_0618_139260,21,distance,target-reference,0.0670394140540185,-2.0390040278434753
COCO-2017-val,Molmo2-ER,coco_0618_139260,21,horizontal,target-reference,-0.6695261599456955,-0.037532538175582886
COCO-2017-val,Molmo2-ER,coco_0618_139260,21,vertical,target-reference,-0.5831686372723474,-1.9608537554740906
COCO-2017-val,Molmo2-ER,coco_0619_108026,21,distance,target-reference,-0.2498543394680583,-4.882156610488892
COCO-2017-val,Molmo2-ER,coco_0619_108026,21,horizontal,target-reference,1.092344685181383,6.54142713546753
COCO-2017-val,Molmo2-ER,coco_0619_108026,21,vertical,target-reference,-0.46841427223947046,-5.501111268997192
COCO-2017-val,Molmo2-ER,coco_0620_453341,21,distance,target-reference,-0.6962882405735057,-2.8719442784786224
COCO-2017-val,Molmo2-ER,coco_0620_453341,21,horizontal,target-reference,-0.7875748275187944,-8.32199740409851
COCO-2017-val,Molmo2-ER,coco_0620_453341,21,vertical,target-reference,-0.40379269367968385,-1.7493715286254883
COCO-2017-val,Molmo2-ER,coco_0621_359833,21,distance,target-reference,0.29099550188277046,2.130968570709229
COCO-2017-val,Molmo2-ER,coco_0621_359833,21,horizontal,target-reference,0.31792631778596836,2.3153504133224483
COCO-2017-val,Molmo2-ER,coco_0621_359833,21,vertical,target-reference,1.009143706419442,1.2155243754386902
COCO-2017-val,Molmo2-ER,coco_0622_567825,21,distance,target-reference,-0.4067170664185102,-7.727044224739074
COCO-2017-val,Molmo2-ER,coco_0622_567825,21,horizontal,target-reference,0.744086127511801,6.857819676399231
COCO-2017-val,Molmo2-ER,coco_0622_567825,21,vertical,target-reference,-0.8565234889462516,-7.721394062042237
COCO-2017-val,Molmo2-ER,coco_0623_2431,21,distance,target-reference,0.2793564177042776,0.7778074741363525
COCO-2017-val,Molmo2-ER,coco_0623_2431,21,horizontal,target-reference,-0.5316972628284944,-7.719701766967773
COCO-2017-val,Molmo2-ER,coco_0623_2431,21,vertical,target-reference,0.833140021523815,11.67354166507721
COCO-2017-val,Molmo2-ER,coco_0624_428454,21,distance,target-reference,0.4686428464871721,6.527336359024048
COCO-2017-val,Molmo2-ER,coco_0624_428454,21,horizontal,target-reference,0.4653999066832564,-0.8495432138442993
COCO-2017-val,Molmo2-ER,coco_0624_428454,21,vertical,target-reference,1.4051122643261817,25.54576826095581
COCO-2017-val,Molmo2-ER,coco_0625_481386,21,distance,target-reference,0.4244083067716995,0.17729476094245905
COCO-2017-val,Molmo2-ER,coco_0625_481386,21,horizontal,target-reference,0.8268011370239496,2.5750467777252197
COCO-2017-val,Molmo2-ER,coco_0625_481386,21,vertical,target-reference,0.7090016012051367,10.7589852809906
COCO-2017-val,Molmo2-ER,coco_0626_27620,21,distance,target-reference,0.30118331013613264,3.1037560403347015
COCO-2017-val,Molmo2-ER,coco_0626_27620,21,horizontal,target-reference,0.8802714641389768,5.043973207473755
COCO-2017-val,Molmo2-ER,coco_0626_27620,21,vertical,target-reference,0.7128221987847227,9.340805530548096
COCO-2017-val,Molmo2-ER,coco_0627_114770,21,distance,target-reference,0.6549734657976475,5.4518290758132935
COCO-2017-val,Molmo2-ER,coco_0627_114770,21,horizontal,target-reference,-0.7390951476130445,-14.610891819000246
COCO-2017-val,Molmo2-ER,coco_0627_114770,21,vertical,target-reference,1.1233229473947333,18.79720640182495
COCO-2017-val,Molmo2-ER,coco_0628_322959,21,distance,target-reference,-0.2205245013819625,0.636078417301178
COCO-2017-val,Molmo2-ER,coco_0628_322959,21,horizontal,target-reference,-0.8041075639708223,-6.24462628364563
COCO-2017-val,Molmo2-ER,coco_0628_322959,21,vertical,target-reference,0.5448353784000194,0.5204467177391053
COCO-2017-val,Molmo2-ER,coco_0629_151962,21,distance,target-reference,-0.36373547506039783,-4.227320730686188
COCO-2017-val,Molmo2-ER,coco_0629_151962,21,horizontal,target-reference,1.0172496760352474,7.392058372497559
COCO-2017-val,Molmo2-ER,coco_0629_151962,21,vertical,target-reference,-0.6175877304799757,-2.8699779510498047
COCO-2017-val,Molmo2-ER,coco_0630_521540,21,distance,target-reference,0.0880026449350201,0.7074434161186218
COCO-2017-val,Molmo2-ER,coco_0630_521540,21,horizontal,target-reference,-0.5836052522076026,-5.262113571166992
COCO-2017-val,Molmo2-ER,coco_0630_521540,21,vertical,target-reference,0.5735615099583683,1.1613872051239011
COCO-2017-val,Molmo2-ER,coco_0631_136600,21,distance,target-reference,0.3379430445222875,3.1602002382278442
COCO-2017-val,Molmo2-ER,coco_0631_136600,21,horizontal,target-reference,-1.0871309987452795,-6.81201171875
COCO-2017-val,Molmo2-ER,coco_0631_136600,21,vertical,target-reference,0.28018212683115223,-3.2041342258453365
COCO-2017-val,Molmo2-ER,coco_0632_134096,21,distance,target-reference,0.5413166055556403,1.1327629089355469
COCO-2017-val,Molmo2-ER,coco_0632_134096,21,horizontal,target-reference,0.8477508463081138,-0.26382744312286377
COCO-2017-val,Molmo2-ER,coco_0632_134096,21,vertical,target-reference,-0.6224263316696754,-4.17868185043335
COCO-2017-val,Molmo2-ER,coco_0633_400815,21,distance,target-reference,-0.39928451233159407,-1.2944648265838623
COCO-2017-val,Molmo2-ER,coco_0633_400815,21,horizontal,target-reference,0.8878993228916903,4.308132529258728
COCO-2017-val,Molmo2-ER,coco_0633_400815,21,vertical,target-reference,-0.49784581773750786,-9.853485882282257
COCO-2017-val,Molmo2-ER,coco_0634_394199,21,distance,target-reference,0.2594274393326906,0.4017946720123291
COCO-2017-val,Molmo2-ER,coco_0634_394199,21,horizontal,target-reference,0.996214060543876,2.3614755868911743
COCO-2017-val,Molmo2-ER,coco_0634_394199,21,vertical,target-reference,-0.13719930434510672,-5.462910294532776
COCO-2017-val,Molmo2-ER,coco_0635_38576,21,distance,target-reference,-0.29430437964799855,-6.987978458404541
COCO-2017-val,Molmo2-ER,coco_0635_38576,21,horizontal,target-reference,-0.23032493326936782,-0.26282334327697754
COCO-2017-val,Molmo2-ER,coco_0635_38576,21,vertical,target-reference,-0.8904578149389983,-12.029444694519043
COCO-2017-val,Molmo2-ER,coco_0636_508917,21,distance,target-reference,0.4866390332379526,-3.6874263286590576
COCO-2017-val,Molmo2-ER,coco_0636_508917,21,horizontal,target-reference,0.9306936310644738,2.2727652192115784
COCO-2017-val,Molmo2-ER,coco_0636_508917,21,vertical,target-reference,-0.7348587643670107,-6.785516262054443
COCO-2017-val,Molmo2-ER,coco_0637_495146,21,distance,target-reference,-0.788354626172276,-4.692286968231201
COCO-2017-val,Molmo2-ER,coco_0637_495146,21,horizontal,target-reference,0.9642195913816572,8.476622402668
COCO-2017-val,Molmo2-ER,coco_0637_495146,21,vertical,target-reference,-0.44797783714366046,-12.13650369644165
COCO-2017-val,Molmo2-ER,coco_0638_347335,21,distance,target-reference,0.45854544810469366,1.4683963060379028
COCO-2017-val,Molmo2-ER,coco_0638_347335,21,horizontal,target-reference,-0.09506564088978339,-3.4314701557159424
COCO-2017-val,Molmo2-ER,coco_0638_347335,21,vertical,target-reference,0.764510063079126,7.895359039306641
COCO-2017-val,Molmo2-ER,coco_0639_177935,21,distance,target-reference,-0.16644928112885268,0.2808936834335327
COCO-2017-val,Molmo2-ER,coco_0639_177935,21,horizontal,target-reference,0.3034932593447821,0.7680647373199463
COCO-2017-val,Molmo2-ER,coco_0639_177935,21,vertical,target-reference,-0.8697324049083401,-11.069456100463867
COCO-2017-val,Molmo2-ER,coco_0640_529568,21,distance,target-reference,0.3080390761398458,1.2029268741607666
COCO-2017-val,Molmo2-ER,coco_0640_529568,21,horizontal,target-reference,-1.4118396795005008,-12.71964645385742
COCO-2017-val,Molmo2-ER,coco_0640_529568,21,vertical,target-reference,-0.04419289959272993,-1.7531502246856687
COCO-2017-val,Molmo2-ER,coco_0641_1425,21,distance,target-reference,-0.1678687611967336,-5.263412833213806
COCO-2017-val,Molmo2-ER,coco_0641_1425,21,horizontal,target-reference,0.9921454718744784,5.258731007575989
COCO-2017-val,Molmo2-ER,coco_0641_1425,21,vertical,target-reference,-0.0966480519454251,-0.10835564136505127
COCO-2017-val,Molmo2-ER,coco_0642_321118,21,distance,target-reference,0.0991949331732182,-1.8988351821899414
COCO-2017-val,Molmo2-ER,coco_0642_321118,21,horizontal,target-reference,-0.7528379945840082,-7.689129590988159
COCO-2017-val,Molmo2-ER,coco_0642_321118,21,vertical,target-reference,-0.5482036474335703,-4.113691329956055
COCO-2017-val,Molmo2-ER,coco_0643_283038,21,distance,target-reference,0.8403225240465575,4.60256028175354
COCO-2017-val,Molmo2-ER,coco_0643_283038,21,horizontal,target-reference,0.8221161362972416,8.183690547943115
COCO-2017-val,Molmo2-ER,coco_0643_283038,21,vertical,target-reference,-0.49198524422547874,-6.6202980279922485
COCO-2017-val,Molmo2-ER,coco_0644_36494,21,distance,target-reference,0.006109449664875033,2.6606826782226562
COCO-2017-val,Molmo2-ER,coco_0644_36494,21,horizontal,target-reference,0.9569670149782704,10.233083724975586
COCO-2017-val,Molmo2-ER,coco_0644_36494,21,vertical,target-reference,-0.3434373365819393,-3.3647389411926265
COCO-2017-val,Molmo2-ER,coco_0645_335658,21,distance,target-reference,0.2640461629516394,0.698814868927002
COCO-2017-val,Molmo2-ER,coco_0645_335658,21,horizontal,target-reference,0.8391803745113577,11.0925931930542
COCO-2017-val,Molmo2-ER,coco_0645_335658,21,vertical,target-reference,0.6185999031868858,7.8346619606018075
COCO-2017-val,Molmo2-ER,coco_0646_93353,21,distance,target-reference,-0.3779683415283803,-1.804125189781189
COCO-2017-val,Molmo2-ER,coco_0646_93353,21,horizontal,target-reference,1.07974321055931,-0.6228088736534119
COCO-2017-val,Molmo2-ER,coco_0646_93353,21,vertical,target-reference,0.44165426595914914,2.8536494970321655
COCO-2017-val,Molmo2-ER,coco_0647_89670,21,distance,target-reference,-0.3435953935675504,-7.738476753234863
COCO-2017-val,Molmo2-ER,coco_0647_89670,21,horizontal,target-reference,-0.8996681981756214,-7.595346808433533
COCO-2017-val,Molmo2-ER,coco_0647_89670,21,vertical,target-reference,-0.03597724676436981,-2.1076903343200684
COCO-2017-val,Molmo2-ER,coco_0648_91654,21,distance,target-reference,0.0852187089180046,-1.5010545253753662
COCO-2017-val,Molmo2-ER,coco_0648_91654,21,horizontal,target-reference,-0.6918885380179762,-4.221727132797241
COCO-2017-val,Molmo2-ER,coco_0648_91654,21,vertical,target-reference,-0.4489799243554411,-1.27850067615509
COCO-2017-val,Molmo2-ER,coco_0649_157418,21,distance,target-reference,-0.44050875154108127,-4.836260437965393
COCO-2017-val,Molmo2-ER,coco_0649_157418,21,horizontal,target-reference,-0.2632638580974184,-0.05508822202682495
COCO-2017-val,Molmo2-ER,coco_0649_157418,21,vertical,target-reference,-1.1566190089670836,-10.81462812423706
COCO-2017-val,Molmo2-ER,coco_0650_270908,21,distance,target-reference,-0.288966613917664,-3.5490593910217285
COCO-2017-val,Molmo2-ER,coco_0650_270908,21,horizontal,target-reference,-0.901426792035985,-6.463073134422302
COCO-2017-val,Molmo2-ER,coco_0650_270908,21,vertical,target-reference,-0.6390755867046469,-6.109050869941711
COCO-2017-val,Molmo2-ER,coco_0651_561465,21,distance,target-reference,-0.5367258503737355,-1.800574660301209
COCO-2017-val,Molmo2-ER,coco_0651_561465,21,horizontal,target-reference,-1.102765332397026,-2.5401211977005005
COCO-2017-val,Molmo2-ER,coco_0651_561465,21,vertical,target-reference,-0.33734174307848863,-1.3780100345611568
COCO-2017-val,Molmo2-ER,coco_0652_66841,21,distance,target-reference,-0.475025275201825,-10.355973720550537
COCO-2017-val,Molmo2-ER,coco_0652_66841,21,horizontal,target-reference,-0.7619959482743981,-6.043739318847656
COCO-2017-val,Molmo2-ER,coco_0652_66841,21,vertical,target-reference,-0.666655453072492,-7.185573101043701
COCO-2017-val,Molmo2-ER,coco_0653_417632,21,distance,target-reference,-0.2526520253095853,-0.16142380237579346
COCO-2017-val,Molmo2-ER,coco_0653_417632,21,horizontal,target-reference,0.48706494368739317,3.7885489463806152
COCO-2017-val,Molmo2-ER,coco_0653_417632,21,vertical,target-reference,-1.3087438737062917,-7.6368061006069174
COCO-2017-val,Molmo2-ER,coco_0654_479155,21,distance,target-reference,-0.5802537619869386,-7.745244026184082
COCO-2017-val,Molmo2-ER,coco_0654_479155,21,horizontal,target-reference,0.688175052624333,6.315671443939209
COCO-2017-val,Molmo2-ER,coco_0654_479155,21,vertical,target-reference,-1.0939296235639446,-15.113715648651123
COCO-2017-val,Molmo2-ER,coco_0655_447465,21,distance,target-reference,0.2899828830445151,1.356101632118225
COCO-2017-val,Molmo2-ER,coco_0655_447465,21,horizontal,target-reference,0.8587620976629653,-1.1236001253128052
COCO-2017-val,Molmo2-ER,coco_0655_447465,21,vertical,target-reference,0.8002599741817271,0.5411629676818848
COCO-2017-val,Molmo2-ER,coco_0656_439525,21,distance,target-reference,-0.3588173387464615,-4.651806950569153
COCO-2017-val,Molmo2-ER,coco_0656_439525,21,horizontal,target-reference,0.8400804501575271,2.3291617035865784
COCO-2017-val,Molmo2-ER,coco_0656_439525,21,vertical,target-reference,-0.7410502570988104,-9.172098875045776
COCO-2017-val,Molmo2-ER,coco_0657_125472,21,distance,target-reference,-0.015415406503105383,-2.969696953892708
COCO-2017-val,Molmo2-ER,coco_0657_125472,21,horizontal,target-reference,0.4137172360504726,0.1225148439407348
COCO-2017-val,Molmo2-ER,coco_0657_125472,21,vertical,target-reference,-0.8027585493615195,-9.049871683120728
COCO-2017-val,Molmo2-ER,coco_0658_70048,21,distance,target-reference,-0.14824219319562673,-0.20201683044433594
COCO-2017-val,Molmo2-ER,coco_0658_70048,21,horizontal,target-reference,0.9410927243872595,14.822704315185547
COCO-2017-val,Molmo2-ER,coco_0658_70048,21,vertical,target-reference,-0.1540694539923131,-1.9701271057128906
COCO-2017-val,Molmo2-ER,coco_0659_227985,21,distance,target-reference,0.06621943605146369,-2.110595941543579
COCO-2017-val,Molmo2-ER,coco_0659_227985,21,horizontal,target-reference,-0.853565166648289,-8.429270207881927
COCO-2017-val,Molmo2-ER,coco_0659_227985,21,vertical,target-reference,0.5868524889408852,4.967677563428879
COCO-2017-val,Molmo2-ER,coco_0660_479248,21,distance,target-reference,-0.5717829965885179,-0.10835528373718262
COCO-2017-val,Molmo2-ER,coco_0660_479248,21,horizontal,target-reference,0.8073637665642543,8.929709017276764
COCO-2017-val,Molmo2-ER,coco_0660_479248,21,vertical,target-reference,-0.7999274017574547,-11.625130653381348
COCO-2017-val,Molmo2-ER,coco_0661_100582,21,distance,target-reference,0.5949183937005467,0.026245340704917894
COCO-2017-val,Molmo2-ER,coco_0661_100582,21,horizontal,target-reference,-0.4777333289810285,-3.346261739730835
COCO-2017-val,Molmo2-ER,coco_0661_100582,21,vertical,target-reference,0.9426195839695997,2.714641749858856
COCO-2017-val,Molmo2-ER,coco_0662_206994,21,distance,target-reference,0.0111183763015347,3.403874456882477
COCO-2017-val,Molmo2-ER,coco_0662_206994,21,horizontal,target-reference,0.9304565168629022,4.255569875240326
COCO-2017-val,Molmo2-ER,coco_0662_206994,21,vertical,target-reference,-0.16400953739682622,-3.4106951355934143
COCO-2017-val,Molmo2-ER,coco_0663_3845,21,distance,target-reference,-0.2588288694475417,-4.677753567695618
COCO-2017-val,Molmo2-ER,coco_0663_3845,21,horizontal,target-reference,-0.4001164387397995,-3.0487595796585087
COCO-2017-val,Molmo2-ER,coco_0663_3845,21,vertical,target-reference,-0.8646313706751936,-7.817068815231323
COCO-2017-val,Molmo2-ER,coco_0664_226903,21,distance,target-reference,-0.4844593291697059,-7.684508889913559
COCO-2017-val,Molmo2-ER,coco_0664_226903,21,horizontal,target-reference,0.6969884457747473,3.7493783235549927
COCO-2017-val,Molmo2-ER,coco_0664_226903,21,vertical,target-reference,-0.3895144303615691,-7.199372172355652
COCO-2017-val,Molmo2-ER,coco_0665_564091,21,distance,target-reference,0.058147072985932996,-2.1926416158676147
COCO-2017-val,Molmo2-ER,coco_0665_564091,21,horizontal,target-reference,0.9474166553063472,3.521940171718598
COCO-2017-val,Molmo2-ER,coco_0665_564091,21,vertical,target-reference,0.4936476885008363,8.939667701721191
COCO-2017-val,Molmo2-ER,coco_0666_210032,21,distance,target-reference,-0.232574356424924,-4.7043337225914
COCO-2017-val,Molmo2-ER,coco_0666_210032,21,horizontal,target-reference,-0.7821640143830234,-9.432842254638672
COCO-2017-val,Molmo2-ER,coco_0666_210032,21,vertical,target-reference,-0.4054391640100144,-3.4768457412719727
COCO-2017-val,Molmo2-ER,coco_0667_42528,21,distance,target-reference,0.20941694828355478,0.4175126552581787
COCO-2017-val,Molmo2-ER,coco_0667_42528,21,horizontal,target-reference,0.992850843524407,10.199316501617432
COCO-2017-val,Molmo2-ER,coco_0667_42528,21,vertical,target-reference,0.1831860347438323,-2.61407208442688
COCO-2017-val,Molmo2-ER,coco_0668_289343,21,distance,target-reference,0.6520311016422431,6.594785451889038
COCO-2017-val,Molmo2-ER,coco_0668_289343,21,horizontal,target-reference,-1.248075167441762,-10.485178470611572
COCO-2017-val,Molmo2-ER,coco_0668_289343,21,vertical,target-reference,0.3761864934846571,3.263977527618408
COCO-2017-val,Molmo2-ER,coco_0669_104666,21,distance,target-reference,0.7000818356604486,6.894479870796204
COCO-2017-val,Molmo2-ER,coco_0669_104666,21,horizontal,target-reference,0.9507553514578351,10.738986492156982
COCO-2017-val,Molmo2-ER,coco_0669_104666,21,vertical,target-reference,0.2695929284303269,3.234517812728882
COCO-2017-val,Molmo2-ER,coco_0670_460929,21,distance,target-reference,0.1850048674993747,4.184865117073059
COCO-2017-val,Molmo2-ER,coco_0670_460929,21,horizontal,target-reference,-0.4550148278649051,-11.765998601913452
COCO-2017-val,Molmo2-ER,coco_0670_460929,21,vertical,target-reference,0.8634050129402191,13.23653507232666
COCO-2017-val,Molmo2-ER,coco_0671_215072,21,distance,target-reference,-0.2109320816750216,-3.4173309803009033
COCO-2017-val,Molmo2-ER,coco_0671_215072,21,horizontal,target-reference,0.5768722851674926,6.817441463470459
COCO-2017-val,Molmo2-ER,coco_0671_215072,21,vertical,target-reference,-1.3447917741714484,-15.180512428283691
COCO-2017-val,Molmo2-ER,coco_0672_70229,21,distance,target-reference,0.8893514933139407,5.87387490272522
COCO-2017-val,Molmo2-ER,coco_0672_70229,21,horizontal,target-reference,-1.202769465788585,-6.177942633628845
COCO-2017-val,Molmo2-ER,coco_0672_70229,21,vertical,target-reference,0.37960927022144286,4.240857839584351
COCO-2017-val,Molmo2-ER,coco_0673_151820,21,distance,target-reference,-0.1757822560657904,0.7092618942260742
COCO-2017-val,Molmo2-ER,coco_0673_151820,21,horizontal,target-reference,-0.9762293564952754,-7.157882571220398
COCO-2017-val,Molmo2-ER,coco_0673_151820,21,vertical,target-reference,-0.49034610555476427,-5.119947612285614
COCO-2017-val,Molmo2-ER,coco_0674_81061,21,distance,target-reference,0.3141762943882552,2.195020318031311
COCO-2017-val,Molmo2-ER,coco_0674_81061,21,horizontal,target-reference,0.9197999898863118,10.530050039291382
COCO-2017-val,Molmo2-ER,coco_0674_81061,21,vertical,target-reference,0.5590010583636915,12.490440130233765
COCO-2017-val,Molmo2-ER,coco_0675_416885,21,distance,target-reference,-0.8511226799534581,-8.844196319580078
COCO-2017-val,Molmo2-ER,coco_0675_416885,21,horizontal,target-reference,-0.20146318201708252,1.1191998720169065
COCO-2017-val,Molmo2-ER,coco_0675_416885,21,vertical,target-reference,-1.2125299322532355,-13.215355873107908
COCO-2017-val,Molmo2-ER,coco_0676_201646,21,distance,target-reference,0.1771433673136481,3.0308180153369904
COCO-2017-val,Molmo2-ER,coco_0676_201646,21,horizontal,target-reference,-0.7774847872192829,-3.0822523832321167
COCO-2017-val,Molmo2-ER,coco_0676_201646,21,vertical,target-reference,-0.6408746969654704,-9.228235602378845
COCO-2017-val,Molmo2-ER,coco_0677_213445,21,distance,target-reference,-0.6045724774530157,-7.460923671722412
COCO-2017-val,Molmo2-ER,coco_0677_213445,21,horizontal,target-reference,0.5897166028522743,5.547381877899171
COCO-2017-val,Molmo2-ER,coco_0677_213445,21,vertical,target-reference,-0.9351019718679046,-5.2732696533203125
COCO-2017-val,Molmo2-ER,coco_0678_579655,21,distance,target-reference,-0.6729121076356994,-8.351033210754395
COCO-2017-val,Molmo2-ER,coco_0678_579655,21,horizontal,target-reference,-0.6589990902591825,-7.719095468521118
COCO-2017-val,Molmo2-ER,coco_0678_579655,21,vertical,target-reference,-0.8799260093837752,-4.758571982383728
COCO-2017-val,Molmo2-ER,coco_0679_54931,21,distance,target-reference,-0.0068315397642554065,1.0717361569404602
COCO-2017-val,Molmo2-ER,coco_0679_54931,21,horizontal,target-reference,1.0797484386900753,2.1558470726013184
COCO-2017-val,Molmo2-ER,coco_0679_54931,21,vertical,target-reference,0.6469589134089029,6.109018802642822
COCO-2017-val,Molmo2-ER,coco_0680_227399,21,distance,target-reference,-0.026262609741664396,2.9171569347381596
COCO-2017-val,Molmo2-ER,coco_0680_227399,21,horizontal,target-reference,-0.8436061129750684,-6.42756462097168
COCO-2017-val,Molmo2-ER,coco_0680_227399,21,vertical,target-reference,-0.07631202489451458,-3.9657766819000244
COCO-2017-val,Molmo2-ER,coco_0681_78170,21,distance,target-reference,-0.20058785642291088,-6.8985435962677
COCO-2017-val,Molmo2-ER,coco_0681_78170,21,horizontal,target-reference,0.8566121071534226,2.8612148761749268
COCO-2017-val,Molmo2-ER,coco_0681_78170,21,vertical,target-reference,0.2195504799838325,1.6497983932495117
COCO-2017-val,Molmo2-ER,coco_0682_181499,21,distance,target-reference,-0.4058739523314457,-6.299328088760376
COCO-2017-val,Molmo2-ER,coco_0682_181499,21,horizontal,target-reference,0.7253353864130994,-0.09774065017700195
COCO-2017-val,Molmo2-ER,coco_0682_181499,21,vertical,target-reference,-0.8416907072600126,-6.538695335388184
COCO-2017-val,Molmo2-ER,coco_0683_407298,21,distance,target-reference,-0.2678279196460843,-5.350636184215546
COCO-2017-val,Molmo2-ER,coco_0683_407298,21,horizontal,target-reference,-0.8155935676798525,-6.101017236709595
COCO-2017-val,Molmo2-ER,coco_0683_407298,21,vertical,target-reference,-0.3156706139108817,-5.784716367721558
COCO-2017-val,Molmo2-ER,coco_0684_113589,21,distance,target-reference,-0.1191950118271265,1.623827040195465
COCO-2017-val,Molmo2-ER,coco_0684_113589,21,horizontal,target-reference,-0.9091351045653999,0.7240242958068843
COCO-2017-val,Molmo2-ER,coco_0684_113589,21,vertical,target-reference,-0.5431801383222228,-7.173421859741211
COCO-2017-val,Molmo2-ER,coco_0685_452784,21,distance,target-reference,-0.022068711347967812,-4.331660270690918
COCO-2017-val,Molmo2-ER,coco_0685_452784,21,horizontal,target-reference,0.14665036786835392,-2.108997941017151
COCO-2017-val,Molmo2-ER,coco_0685_452784,21,vertical,target-reference,-0.8279754949371789,-9.62477445602417
COCO-2017-val,Molmo2-ER,coco_0686_231527,21,distance,target-reference,-0.3791009697461907,-4.080096006393433
COCO-2017-val,Molmo2-ER,coco_0686_231527,21,horizontal,target-reference,0.04737598881825,-0.8446402549743652
COCO-2017-val,Molmo2-ER,coco_0686_231527,21,vertical,target-reference,-0.6834570746991893,-5.309067487716675
COCO-2017-val,Molmo2-ER,coco_0687_243867,21,distance,target-reference,0.18287571729321148,-2.2306202948093414
COCO-2017-val,Molmo2-ER,coco_0687_243867,21,horizontal,target-reference,-0.9405588147331171,-5.161210417747498
COCO-2017-val,Molmo2-ER,coco_0687_243867,21,vertical,target-reference,0.231343505534855,4.787364900112152
COCO-2017-val,Molmo2-ER,coco_0688_291791,21,distance,target-reference,-0.2024475460048815,-3.5755401849746704
COCO-2017-val,Molmo2-ER,coco_0688_291791,21,horizontal,target-reference,0.9318289378643186,0.8885287046432495
COCO-2017-val,Molmo2-ER,coco_0688_291791,21,vertical,target-reference,-0.15277078976351502,2.351725816726685
COCO-2017-val,Molmo2-ER,coco_0689_60449,21,distance,target-reference,0.05636716171380263,-2.7375099658966064
COCO-2017-val,Molmo2-ER,coco_0689_60449,21,horizontal,target-reference,1.148533336523625,4.791254997253418
COCO-2017-val,Molmo2-ER,coco_0689_60449,21,vertical,target-reference,0.5735416154061828,9.552863121032715
COCO-2017-val,Molmo2-ER,coco_0690_476514,21,distance,target-reference,-0.1676478478010216,-6.218587398529053
COCO-2017-val,Molmo2-ER,coco_0690_476514,21,horizontal,target-reference,-0.029333770381560598,1.9884565472602844
COCO-2017-val,Molmo2-ER,coco_0690_476514,21,vertical,target-reference,-1.0052100819555343,-13.155009746551514
COCO-2017-val,Molmo2-ER,coco_0691_570471,21,distance,target-reference,0.5340431392326641,6.39635968208313
COCO-2017-val,Molmo2-ER,coco_0691_570471,21,horizontal,target-reference,0.4290962541576222,-0.5383319854736328
COCO-2017-val,Molmo2-ER,coco_0691_570471,21,vertical,target-reference,0.9036409376202773,3.3557318449020386
COCO-2017-val,Molmo2-ER,coco_0692_84431,21,distance,target-reference,0.5338949889251233,7.111060619354248
COCO-2017-val,Molmo2-ER,coco_0692_84431,21,horizontal,target-reference,0.0766626757380775,-1.9957561492919924
COCO-2017-val,Molmo2-ER,coco_0692_84431,21,vertical,target-reference,0.751985261018798,15.683040857315063
COCO-2017-val,Molmo2-ER,coco_0693_175438,21,distance,target-reference,0.17140949930727842,-0.8791821002960205
COCO-2017-val,Molmo2-ER,coco_0693_175438,21,horizontal,target-reference,0.9199705873226728,8.441356658935547
COCO-2017-val,Molmo2-ER,coco_0693_175438,21,vertical,target-reference,-0.7546068942892901,-8.15559697151184
COCO-2017-val,Molmo2-ER,coco_0694_469067,21,distance,target-reference,-0.055868841932408,-2.275874376296997
COCO-2017-val,Molmo2-ER,coco_0694_469067,21,horizontal,target-reference,0.9326150311496507,3.957255899906159
COCO-2017-val,Molmo2-ER,coco_0694_469067,21,vertical,target-reference,0.4365660427247962,5.034889101982117
COCO-2017-val,Molmo2-ER,coco_0695_72813,21,distance,target-reference,0.6265137900196402,8.886581420898438
COCO-2017-val,Molmo2-ER,coco_0695_72813,21,horizontal,target-reference,0.8432276029106517,1.3614175915718079
COCO-2017-val,Molmo2-ER,coco_0695_72813,21,vertical,target-reference,1.1066025720802874,17.979573249816895
COCO-2017-val,Molmo2-ER,coco_0696_279714,21,distance,target-reference,-0.8732408970566137,-3.3496150374412546
COCO-2017-val,Molmo2-ER,coco_0696_279714,21,horizontal,target-reference,0.22231682461466257,3.706645369529724
COCO-2017-val,Molmo2-ER,coco_0696_279714,21,vertical,target-reference,-0.8301141161644079,-9.896023035049438
COCO-2017-val,Molmo2-ER,coco_0697_569030,21,distance,target-reference,0.4708932628479876,1.3473345041275027
COCO-2017-val,Molmo2-ER,coco_0697_569030,21,horizontal,target-reference,0.8951746930161897,7.451596021652222
COCO-2017-val,Molmo2-ER,coco_0697_569030,21,vertical,target-reference,0.7388111817852849,2.963261902332306
COCO-2017-val,Molmo2-ER,coco_0698_370208,21,distance,target-reference,0.0518299683539348,1.8077828884124756
COCO-2017-val,Molmo2-ER,coco_0698_370208,21,horizontal,target-reference,0.886957427400632,3.0854342579841614
COCO-2017-val,Molmo2-ER,coco_0698_370208,21,vertical,target-reference,0.03425094909116291,1.457166314125061
COCO-2017-val,Molmo2-ER,coco_0699_156076,21,distance,target-reference,-0.333499841885205,-6.5496253967285165
COCO-2017-val,Molmo2-ER,coco_0699_156076,21,horizontal,target-reference,0.8067631598038829,-1.6787485182285304
COCO-2017-val,Molmo2-ER,coco_0699_156076,21,vertical,target-reference,-0.47705622076693377,-0.9092189073562622
COCO-2017-val,Molmo2-ER,coco_0700_450488,21,distance,target-reference,0.4234439081171003,3.013542652130127
COCO-2017-val,Molmo2-ER,coco_0700_450488,21,horizontal,target-reference,-1.0525516544311073,-16.907947540283203
COCO-2017-val,Molmo2-ER,coco_0700_450488,21,vertical,target-reference,0.6778353380768525,9.279500961303711
COCO-2017-val,Molmo2-ER,coco_0701_35682,21,distance,target-reference,0.5137442668471557,7.345761775970459
COCO-2017-val,Molmo2-ER,coco_0701_35682,21,horizontal,target-reference,-0.6166448055155489,-8.877197027206421
COCO-2017-val,Molmo2-ER,coco_0701_35682,21,vertical,target-reference,0.7569852917202667,7.753763675689697
COCO-2017-val,Molmo2-ER,coco_0702_385029,21,distance,target-reference,0.462302676767442,-3.773619055747986
COCO-2017-val,Molmo2-ER,coco_0702_385029,21,horizontal,target-reference,-0.6283121146463998,-2.394223690032959
COCO-2017-val,Molmo2-ER,coco_0702_385029,21,vertical,target-reference,0.6560251799814901,0.37420499324798584
COCO-2017-val,Molmo2-ER,coco_0703_102820,21,distance,target-reference,-0.4273585208162351,-4.966949701309204
COCO-2017-val,Molmo2-ER,coco_0703_102820,21,horizontal,target-reference,0.3643163119598163,0.1330002546310427
COCO-2017-val,Molmo2-ER,coco_0703_102820,21,vertical,target-reference,-0.6905915401614794,-9.932397603988647
COCO-2017-val,Molmo2-ER,coco_0704_575081,21,distance,target-reference,-0.3032862373965,-0.4545741081237793
COCO-2017-val,Molmo2-ER,coco_0704_575081,21,horizontal,target-reference,-0.9327337324356677,-9.974663972854614
COCO-2017-val,Molmo2-ER,coco_0704_575081,21,vertical,target-reference,0.3999794037311761,5.070607423782349
COCO-2017-val,Molmo2-ER,coco_0705_377368,21,distance,target-reference,-0.4804124234629072,-2.5210224390029907
COCO-2017-val,Molmo2-ER,coco_0705_377368,21,horizontal,target-reference,0.17692883656121167,1.807900846004487
COCO-2017-val,Molmo2-ER,coco_0705_377368,21,vertical,target-reference,-1.0124846223664945,-8.27007246017456
COCO-2017-val,Molmo2-ER,coco_0706_355325,21,distance,target-reference,-0.06187839707622539,0.5663614273071285
COCO-2017-val,Molmo2-ER,coco_0706_355325,21,horizontal,target-reference,1.267544543157308,2.678797483444214
COCO-2017-val,Molmo2-ER,coco_0706_355325,21,vertical,target-reference,-0.3543403218125689,-2.00999116897583
COCO-2017-val,Molmo2-ER,coco_0707_503755,21,distance,target-reference,-0.3162514621153511,-5.112145900726318
COCO-2017-val,Molmo2-ER,coco_0707_503755,21,horizontal,target-reference,-0.8590028987877746,-4.066020429134369
COCO-2017-val,Molmo2-ER,coco_0707_503755,21,vertical,target-reference,0.28298166062334446,4.957130432128906
COCO-2017-val,Molmo2-ER,coco_0708_301061,21,distance,target-reference,0.13539708287078178,1.0594909191131592
COCO-2017-val,Molmo2-ER,coco_0708_301061,21,horizontal,target-reference,0.9151069908123808,5.463470816612244
COCO-2017-val,Molmo2-ER,coco_0708_301061,21,vertical,target-reference,-0.3598228201075826,-5.288435220718384
COCO-2017-val,Molmo2-ER,coco_0709_530975,21,distance,target-reference,0.061471398466346194,2.611447811126709
COCO-2017-val,Molmo2-ER,coco_0709_530975,21,horizontal,target-reference,-0.9866916681143884,-11.360279083251953
COCO-2017-val,Molmo2-ER,coco_0709_530975,21,vertical,target-reference,0.5207427094853313,16.003028631210327
COCO-2017-val,Molmo2-ER,coco_0710_527784,21,distance,target-reference,-0.26059023790435515,-4.0483145117759705
COCO-2017-val,Molmo2-ER,coco_0710_527784,21,horizontal,target-reference,-0.8890622825963725,-6.6283493638038635
COCO-2017-val,Molmo2-ER,coco_0710_527784,21,vertical,target-reference,-0.5810265300765689,-2.90071451663971
COCO-2017-val,Molmo2-ER,coco_0711_116208,21,distance,target-reference,-0.40480540117904046,-7.886220693588257
COCO-2017-val,Molmo2-ER,coco_0711_116208,21,horizontal,target-reference,-0.8316892272472918,-5.157105445861816
COCO-2017-val,Molmo2-ER,coco_0711_116208,21,vertical,target-reference,-1.1191987201771485,-8.933301210403442
COCO-2017-val,Molmo2-ER,coco_0712_1675,21,distance,target-reference,0.2152249649313131,1.3946924209594727
COCO-2017-val,Molmo2-ER,coco_0712_1675,21,horizontal,target-reference,0.030978679276935997,-1.6597630381584167
COCO-2017-val,Molmo2-ER,coco_0712_1675,21,vertical,target-reference,0.9997472613767144,13.982226848602295
COCO-2017-val,Molmo2-ER,coco_0713_294162,21,distance,target-reference,-0.4212473025537594,-6.298397660255432
COCO-2017-val,Molmo2-ER,coco_0713_294162,21,horizontal,target-reference,-0.7254281822057622,-8.813337564468384
COCO-2017-val,Molmo2-ER,coco_0713_294162,21,vertical,target-reference,-0.649486005993172,-8.379112005233765
COCO-2017-val,Molmo2-ER,coco_0714_159458,21,distance,target-reference,-0.2598925515183931,-4.250126838684082
COCO-2017-val,Molmo2-ER,coco_0714_159458,21,horizontal,target-reference,-1.002122249861485,-8.527103662490845
COCO-2017-val,Molmo2-ER,coco_0714_159458,21,vertical,target-reference,-0.5208392362977372,-6.092013716697693
COCO-2017-val,Molmo2-ER,coco_0715_189475,21,distance,target-reference,-0.770336992865267,-6.353147506713867
COCO-2017-val,Molmo2-ER,coco_0715_189475,21,horizontal,target-reference,0.39046955045507903,7.6670756340026855
COCO-2017-val,Molmo2-ER,coco_0715_189475,21,vertical,target-reference,-1.3259676870112358,-10.75643014907837
COCO-2017-val,Molmo2-ER,coco_0716_51008,21,distance,target-reference,0.237575110109234,2.3259733319282536
COCO-2017-val,Molmo2-ER,coco_0716_51008,21,horizontal,target-reference,-0.9042251388915403,-8.53598427772522
COCO-2017-val,Molmo2-ER,coco_0716_51008,21,vertical,target-reference,0.3471014206932277,5.2118717432022095
COCO-2017-val,Molmo2-ER,coco_0717_192871,21,distance,target-reference,-0.4336821214918895,-5.072890281677246
COCO-2017-val,Molmo2-ER,coco_0717_192871,21,horizontal,target-reference,-0.7942441094282177,-4.563938498497009
COCO-2017-val,Molmo2-ER,coco_0717_192871,21,vertical,target-reference,0.42267172631651034,1.6527249217033386
COCO-2017-val,Molmo2-ER,coco_0718_17207,21,distance,target-reference,-0.4263331651803568,-6.854001998901367
COCO-2017-val,Molmo2-ER,coco_0718_17207,21,horizontal,target-reference,-0.8145100790439918,-8.999211966991425
COCO-2017-val,Molmo2-ER,coco_0718_17207,21,vertical,target-reference,0.3731339940723478,9.222678184509277
COCO-2017-val,Molmo2-ER,coco_0719_195754,21,distance,target-reference,-0.0374080792429522,-4.724265456199646
COCO-2017-val,Molmo2-ER,coco_0719_195754,21,horizontal,target-reference,0.9272383050695503,11.619546890258789
COCO-2017-val,Molmo2-ER,coco_0719_195754,21,vertical,target-reference,-0.327895919456129,-9.519028663635254
COCO-2017-val,Molmo2-ER,coco_0720_546219,21,distance,target-reference,-0.1790889934230478,-6.892041206359863
COCO-2017-val,Molmo2-ER,coco_0720_546219,21,horizontal,target-reference,0.9825681350114416,0.12680482864379883
COCO-2017-val,Molmo2-ER,coco_0720_546219,21,vertical,target-reference,0.15552317238808588,1.4662280082702637
COCO-2017-val,Molmo2-ER,coco_0721_335177,21,distance,target-reference,0.08897722025230187,5.014857053756714
COCO-2017-val,Molmo2-ER,coco_0721_335177,21,horizontal,target-reference,-1.0269811649136142,-10.696883201599121
COCO-2017-val,Molmo2-ER,coco_0721_335177,21,vertical,target-reference,0.0662854463539273,-1.0399638414382935
COCO-2017-val,Molmo2-ER,coco_0722_219578,21,distance,target-reference,0.2169374152950228,3.0812312364578247
COCO-2017-val,Molmo2-ER,coco_0722_219578,21,horizontal,target-reference,-0.8232591374130714,-9.686257362365723
COCO-2017-val,Molmo2-ER,coco_0722_219578,21,vertical,target-reference,0.0115123553809258,0.20302385091781616
COCO-2017-val,Molmo2-ER,coco_0723_310980,21,distance,target-reference,-0.3832189507192037,-2.416887044906616
COCO-2017-val,Molmo2-ER,coco_0723_310980,21,horizontal,target-reference,-0.9117865832783622,-9.552604675292969
COCO-2017-val,Molmo2-ER,coco_0723_310980,21,vertical,target-reference,0.38204269867700963,2.090951919555664
COCO-2017-val,Molmo2-ER,coco_0724_552775,21,distance,target-reference,-0.4502378092153019,-3.63014554977417
COCO-2017-val,Molmo2-ER,coco_0724_552775,21,horizontal,target-reference,1.3346769854958846,5.082000374794006
COCO-2017-val,Molmo2-ER,coco_0724_552775,21,vertical,target-reference,0.0382167628891565,1.3646130561828613
COCO-2017-val,Molmo2-ER,coco_0725_47112,21,distance,target-reference,0.6493881587498083,4.433205842971802
COCO-2017-val,Molmo2-ER,coco_0725_47112,21,horizontal,target-reference,-0.5459056448942535,-5.752528190612793
COCO-2017-val,Molmo2-ER,coco_0725_47112,21,vertical,target-reference,0.7753866106891484,6.006969451904297
COCO-2017-val,Molmo2-ER,coco_0726_99182,21,distance,target-reference,-0.39986500332090935,-6.16452294588089
COCO-2017-val,Molmo2-ER,coco_0726_99182,21,horizontal,target-reference,0.8905295713507186,7.7330193519592285
COCO-2017-val,Molmo2-ER,coco_0726_99182,21,vertical,target-reference,0.05958730457745065,5.664003610610962
COCO-2017-val,Molmo2-ER,coco_0727_530466,21,distance,target-reference,0.33405410916385464,-8.026320934295654
COCO-2017-val,Molmo2-ER,coco_0727_530466,21,horizontal,target-reference,-0.5969469471796982,-8.963403701782227
COCO-2017-val,Molmo2-ER,coco_0727_530466,21,vertical,target-reference,-0.2703305609440808,-2.6631257534027104
COCO-2017-val,Molmo2-ER,coco_0728_367680,21,distance,target-reference,0.2114259393959121,9.068953275680542
COCO-2017-val,Molmo2-ER,coco_0728_367680,21,horizontal,target-reference,0.9870766394728431,7.773958921432495
COCO-2017-val,Molmo2-ER,coco_0728_367680,21,vertical,target-reference,0.2502395570049219,12.731603622436523
COCO-2017-val,Molmo2-ER,coco_0729_126110,21,distance,target-reference,0.6446047988863453,4.52463436126709
COCO-2017-val,Molmo2-ER,coco_0729_126110,21,horizontal,target-reference,-0.8750491476213822,-4.2673357129096985
COCO-2017-val,Molmo2-ER,coco_0729_126110,21,vertical,target-reference,-0.1478401344523548,-2.1830496788024902
COCO-2017-val,Molmo2-ER,coco_0730_198510,21,distance,target-reference,-0.6003414762944221,-4.5356457233428955
COCO-2017-val,Molmo2-ER,coco_0730_198510,21,horizontal,target-reference,-0.8558910383398528,-5.372567176818848
COCO-2017-val,Molmo2-ER,coco_0730_198510,21,vertical,target-reference,-0.5703396791448702,-9.325785636901855
COCO-2017-val,Molmo2-ER,coco_0731_157756,21,distance,target-reference,0.025387474454623388,2.755841612815857
COCO-2017-val,Molmo2-ER,coco_0731_157756,21,horizontal,target-reference,-0.5216401691029915,-5.182814180850983
COCO-2017-val,Molmo2-ER,coco_0731_157756,21,vertical,target-reference,-0.9545436491533122,-11.33939504623413
COCO-2017-val,Molmo2-ER,coco_0732_209142,21,distance,target-reference,-0.2264751009620526,1.234431266784668
COCO-2017-val,Molmo2-ER,coco_0732_209142,21,horizontal,target-reference,0.8818490606235523,-7.555409669876099
COCO-2017-val,Molmo2-ER,coco_0732_209142,21,vertical,target-reference,-0.8170308597896121,-0.10081571340560913
COCO-2017-val,Molmo2-ER,coco_0733_305343,21,distance,target-reference,-0.0016841119351918565,-0.20009374618530273
COCO-2017-val,Molmo2-ER,coco_0733_305343,21,horizontal,target-reference,-0.8305157188160425,-5.908792734146118
COCO-2017-val,Molmo2-ER,coco_0733_305343,21,vertical,target-reference,-0.017309441200166004,-4.569821834564209
COCO-2017-val,Molmo2-ER,coco_0734_426372,21,distance,target-reference,-0.4538594189559929,-7.844165086746216
COCO-2017-val,Molmo2-ER,coco_0734_426372,21,horizontal,target-reference,-0.8238869091296344,-6.6684733629226685
COCO-2017-val,Molmo2-ER,coco_0734_426372,21,vertical,target-reference,0.1335110370802785,3.861869752407074
COCO-2017-val,Molmo2-ER,coco_0735_117525,21,distance,target-reference,-0.26533679296457346,-2.8026089668273926
COCO-2017-val,Molmo2-ER,coco_0735_117525,21,horizontal,target-reference,0.7868965982088358,5.975694894790649
COCO-2017-val,Molmo2-ER,coco_0735_117525,21,vertical,target-reference,-0.37675947123889597,-13.792670249938965
COCO-2017-val,Molmo2-ER,coco_0736_542776,21,distance,target-reference,-0.5664532107374503,-6.439009219408035
COCO-2017-val,Molmo2-ER,coco_0736_542776,21,horizontal,target-reference,0.5563988640493609,7.098042964935303
COCO-2017-val,Molmo2-ER,coco_0736_542776,21,vertical,target-reference,-1.099915633105276,-2.510053515434265
COCO-2017-val,Molmo2-ER,coco_0737_528705,21,distance,target-reference,0.0036299236073950025,-2.9890130758285522
COCO-2017-val,Molmo2-ER,coco_0737_528705,21,horizontal,target-reference,0.9783730549721161,-0.751331090927124
COCO-2017-val,Molmo2-ER,coco_0737_528705,21,vertical,target-reference,0.6137461011993905,-1.8178624510765076
COCO-2017-val,Molmo2-ER,coco_0738_574315,21,distance,target-reference,0.4247051045732802,1.379865288734436
COCO-2017-val,Molmo2-ER,coco_0738_574315,21,horizontal,target-reference,-0.7445841993980136,-7.659401178359985
COCO-2017-val,Molmo2-ER,coco_0738_574315,21,vertical,target-reference,1.0283024916214676,9.648276805877686
COCO-2017-val,Molmo2-ER,coco_0739_246436,21,distance,target-reference,0.1536482976963832,3.6196237206459045
COCO-2017-val,Molmo2-ER,coco_0739_246436,21,horizontal,target-reference,-0.9317121495111278,-4.004794239997864
COCO-2017-val,Molmo2-ER,coco_0739_246436,21,vertical,target-reference,-0.6663622492006296,-4.072922229766846
COCO-2017-val,Molmo2-ER,coco_0740_37777,21,distance,target-reference,-0.2464128139130952,-8.382103204727173
COCO-2017-val,Molmo2-ER,coco_0740_37777,21,horizontal,target-reference,-0.9204018086748956,-13.007269859313965
COCO-2017-val,Molmo2-ER,coco_0740_37777,21,vertical,target-reference,0.05173202741668548,-3.5368274450302124
COCO-2017-val,Molmo2-ER,coco_0741_15597,21,distance,target-reference,0.20631317400250498,4.304912745952606
COCO-2017-val,Molmo2-ER,coco_0741_15597,21,horizontal,target-reference,-1.1772398856919488,-7.633743762969971
COCO-2017-val,Molmo2-ER,coco_0741_15597,21,vertical,target-reference,-0.5703036366383388,-9.15518569946289
COCO-2017-val,Molmo2-ER,coco_0742_10583,21,distance,target-reference,0.1213787966499739,-3.3436403274536133
COCO-2017-val,Molmo2-ER,coco_0742_10583,21,horizontal,target-reference,-0.7890392315912471,-6.1158627569675446
COCO-2017-val,Molmo2-ER,coco_0742_10583,21,vertical,target-reference,0.2994595961656878,-4.626010894775391
COCO-2017-val,Molmo2-ER,coco_0743_99053,21,distance,target-reference,-0.11643336546191199,-3.496211528778076
COCO-2017-val,Molmo2-ER,coco_0743_99053,21,horizontal,target-reference,-0.6013782391761042,-5.452095046639442
COCO-2017-val,Molmo2-ER,coco_0743_99053,21,vertical,target-reference,0.4373607646703511,5.050431936979294
COCO-2017-val,Molmo2-ER,coco_0744_92091,21,distance,target-reference,0.5745230441087447,6.17107754945755
COCO-2017-val,Molmo2-ER,coco_0744_92091,21,horizontal,target-reference,0.8612186817599214,7.216651678085327
COCO-2017-val,Molmo2-ER,coco_0744_92091,21,vertical,target-reference,0.5896269682897415,15.60797452926636
COCO-2017-val,Molmo2-ER,coco_0745_544565,21,distance,target-reference,0.031178389118375005,-3.969239741563797
COCO-2017-val,Molmo2-ER,coco_0745_544565,21,horizontal,target-reference,-0.7861215511970807,-3.326681613922119
COCO-2017-val,Molmo2-ER,coco_0745_544565,21,vertical,target-reference,-0.5486200634036021,-5.607211351394653
COCO-2017-val,Molmo2-ER,coco_0746_402774,21,distance,target-reference,0.17185687080882261,-1.582143068313599
COCO-2017-val,Molmo2-ER,coco_0746_402774,21,horizontal,target-reference,0.1974531443966156,1.44045689702034
COCO-2017-val,Molmo2-ER,coco_0746_402774,21,vertical,target-reference,-0.7656400096483664,-7.625603675842285
COCO-2017-val,Molmo2-ER,coco_0747_271728,21,distance,target-reference,-0.13249627218795618,-8.53638243675232
COCO-2017-val,Molmo2-ER,coco_0747_271728,21,horizontal,target-reference,0.9334436273100724,12.806082725524902
COCO-2017-val,Molmo2-ER,coco_0747_271728,21,vertical,target-reference,-0.40958877351647777,-7.8132230043411255
COCO-2017-val,Molmo2-ER,coco_0748_30504,21,distance,target-reference,0.032707704050092795,-0.37629497051239014
COCO-2017-val,Molmo2-ER,coco_0748_30504,21,horizontal,target-reference,-0.5622177036314056,-8.520540714263916
COCO-2017-val,Molmo2-ER,coco_0748_30504,21,vertical,target-reference,0.9327210377943955,9.522307872772217
COCO-2017-val,Molmo2-ER,coco_0749_128748,21,distance,target-reference,-0.1277024965782967,2.2615067958831787
COCO-2017-val,Molmo2-ER,coco_0749_128748,21,horizontal,target-reference,1.26110067058397,14.221245765686035
COCO-2017-val,Molmo2-ER,coco_0749_128748,21,vertical,target-reference,0.47708517279051565,-0.03487515449523926
COCO-2017-val,Molmo2-ER,coco_0750_543581,21,distance,target-reference,0.6652732057055641,5.890526056289673
COCO-2017-val,Molmo2-ER,coco_0750_543581,21,horizontal,target-reference,0.7330375313150047,2.728805422782898
COCO-2017-val,Molmo2-ER,coco_0750_543581,21,vertical,target-reference,0.8150603783361405,14.792201519012451
COCO-2017-val,Molmo2-ER,coco_0751_565877,21,distance,target-reference,0.44826420165842584,-1.504626214504242
COCO-2017-val,Molmo2-ER,coco_0751_565877,21,horizontal,target-reference,0.3942242106800477,0.1438782811164856
COCO-2017-val,Molmo2-ER,coco_0751_565877,21,vertical,target-reference,0.7284796854981688,6.431179642677307
COCO-2017-val,Molmo2-ER,coco_0752_140640,21,distance,target-reference,-0.6354393529411835,-7.4054800271987915
COCO-2017-val,Molmo2-ER,coco_0752_140640,21,horizontal,target-reference,-0.14766672435686856,1.7626277208328247
COCO-2017-val,Molmo2-ER,coco_0752_140640,21,vertical,target-reference,-1.516366465776704,-15.191294670104979
COCO-2017-val,Molmo2-ER,coco_0753_437514,21,distance,target-reference,0.31704527693438855,-0.03238105773925781
COCO-2017-val,Molmo2-ER,coco_0753_437514,21,horizontal,target-reference,0.819803801163774,6.327512979507446
COCO-2017-val,Molmo2-ER,coco_0753_437514,21,vertical,target-reference,-0.25977567395345813,-3.610647678375244
COCO-2017-val,Molmo2-ER,coco_0754_130586,21,distance,target-reference,0.5514660033738827,3.231027126312256
COCO-2017-val,Molmo2-ER,coco_0754_130586,21,horizontal,target-reference,0.68026956527534,-1.0426046252250671
COCO-2017-val,Molmo2-ER,coco_0754_130586,21,vertical,target-reference,0.8208531507041743,12.375245571136475
COCO-2017-val,Molmo2-ER,coco_0755_537672,21,distance,target-reference,0.7394365152360969,3.7689396142959595
COCO-2017-val,Molmo2-ER,coco_0755_537672,21,horizontal,target-reference,1.146435067950704,9.64203143119812
COCO-2017-val,Molmo2-ER,coco_0755_537672,21,vertical,target-reference,-0.005037987457099304,-2.272099494934082
COCO-2017-val,Molmo2-ER,coco_0756_562843,21,distance,target-reference,0.035802707965868014,-1.9092773795127869
COCO-2017-val,Molmo2-ER,coco_0756_562843,21,horizontal,target-reference,0.711643494182266,7.033343195915222
COCO-2017-val,Molmo2-ER,coco_0756_562843,21,vertical,target-reference,-0.5415209951830986,-6.315183162689209
COCO-2017-val,Molmo2-ER,coco_0757_243199,21,distance,target-reference,0.3180257038594744,-0.03774881362915039
COCO-2017-val,Molmo2-ER,coco_0757_243199,21,horizontal,target-reference,0.8549152441039078,1.808372437953949
COCO-2017-val,Molmo2-ER,coco_0757_243199,21,vertical,target-reference,-0.1697263965279323,-0.86260986328125
COCO-2017-val,Molmo2-ER,coco_0758_385205,21,distance,target-reference,0.09793167517252431,-2.1076087951660156
COCO-2017-val,Molmo2-ER,coco_0758_385205,21,horizontal,target-reference,-0.6462666960240148,-0.9551964998245239
COCO-2017-val,Molmo2-ER,coco_0758_385205,21,vertical,target-reference,0.5268879421563705,7.912318229675293
COCO-2017-val,Molmo2-ER,coco_0759_222299,21,distance,target-reference,0.042965904433012,-1.9468631744384766
COCO-2017-val,Molmo2-ER,coco_0759_222299,21,horizontal,target-reference,-0.7114160366176502,-4.29511034488678
COCO-2017-val,Molmo2-ER,coco_0759_222299,21,vertical,target-reference,0.0793572995412542,-0.7119253873825075
COCO-2017-val,Molmo2-ER,coco_0760_401991,21,distance,target-reference,0.23648516383102589,3.7374939918518066
COCO-2017-val,Molmo2-ER,coco_0760_401991,21,horizontal,target-reference,0.6524835747532115,6.381455063819885
COCO-2017-val,Molmo2-ER,coco_0760_401991,21,vertical,target-reference,0.5050082554978935,5.089786648750305
COCO-2017-val,Molmo2-ER,coco_0761_353180,21,distance,target-reference,0.3273225933183315,-2.687465190887451
COCO-2017-val,Molmo2-ER,coco_0761_353180,21,horizontal,target-reference,0.949059082796924,-4.222046613693237
COCO-2017-val,Molmo2-ER,coco_0761_353180,21,vertical,target-reference,0.10643800017487079,8.59798526763916
COCO-2017-val,Molmo2-ER,coco_0762_365387,21,distance,target-reference,-0.4766251788819539,-4.747891008853912
COCO-2017-val,Molmo2-ER,coco_0762_365387,21,horizontal,target-reference,-0.9005417755779681,-10.71951675415039
COCO-2017-val,Molmo2-ER,coco_0762_365387,21,vertical,target-reference,-0.12965612739051258,-3.502312660217285
COCO-2017-val,Molmo2-ER,coco_0763_311789,21,distance,target-reference,-0.10794537710763649,-5.235607147216797
COCO-2017-val,Molmo2-ER,coco_0763_311789,21,horizontal,target-reference,-0.8803561507754984,-7.065165042877197
COCO-2017-val,Molmo2-ER,coco_0763_311789,21,vertical,target-reference,0.3406694783470121,1.2038146257400513
COCO-2017-val,Molmo2-ER,coco_0764_122046,21,distance,target-reference,0.23897974739116212,-2.2965055108070374
COCO-2017-val,Molmo2-ER,coco_0764_122046,21,horizontal,target-reference,0.5230592090907493,4.270670771598816
COCO-2017-val,Molmo2-ER,coco_0764_122046,21,vertical,target-reference,-0.9866615125069325,-12.35745620727539
COCO-2017-val,Molmo2-ER,coco_0765_166478,21,distance,target-reference,0.1992773063135844,0.4269130825996399
COCO-2017-val,Molmo2-ER,coco_0765_166478,21,horizontal,target-reference,-0.9585339403856734,-13.689643383026123
COCO-2017-val,Molmo2-ER,coco_0765_166478,21,vertical,target-reference,-0.025886825291081106,-0.7451381683349614
COCO-2017-val,Molmo2-ER,coco_0766_341828,21,distance,target-reference,-0.2901565425363076,-3.9731297492980957
COCO-2017-val,Molmo2-ER,coco_0766_341828,21,horizontal,target-reference,0.5749520700700173,3.530934691429138
COCO-2017-val,Molmo2-ER,coco_0766_341828,21,vertical,target-reference,-0.4996019986687288,-9.629204511642456
COCO-2017-val,Molmo2-ER,coco_0767_577932,21,distance,target-reference,0.660931512340395,1.925853371620178
COCO-2017-val,Molmo2-ER,coco_0767_577932,21,horizontal,target-reference,0.7157721611630636,3.7389219999313354
COCO-2017-val,Molmo2-ER,coco_0767_577932,21,vertical,target-reference,0.9770174852132083,11.241292476654053
COCO-2017-val,Molmo2-ER,coco_0768_215778,21,distance,target-reference,0.0398540996020034,-3.9679421186447144
COCO-2017-val,Molmo2-ER,coco_0768_215778,21,horizontal,target-reference,-0.9635767843090036,-9.88734245300293
COCO-2017-val,Molmo2-ER,coco_0768_215778,21,vertical,target-reference,-0.1706850732351399,-7.9217846393585205
COCO-2017-val,Molmo2-ER,coco_0769_279278,21,distance,target-reference,-0.3324178312785384,-4.567484021186829
COCO-2017-val,Molmo2-ER,coco_0769_279278,21,horizontal,target-reference,-0.7299092416005926,-6.5650269985198975
COCO-2017-val,Molmo2-ER,coco_0769_279278,21,vertical,target-reference,0.937973021796349,10.172777652740479
COCO-2017-val,Molmo2-ER,coco_0770_359219,21,distance,target-reference,-0.08049039544385679,-6.903512954711914
COCO-2017-val,Molmo2-ER,coco_0770_359219,21,horizontal,target-reference,-0.749724339123392,-8.062090277671814
COCO-2017-val,Molmo2-ER,coco_0770_359219,21,vertical,target-reference,0.1892859992790936,-1.1552052199840546
COCO-2017-val,Molmo2-ER,coco_0771_154718,21,distance,target-reference,-0.4008121077687188,-3.8330671489238735
COCO-2017-val,Molmo2-ER,coco_0771_154718,21,horizontal,target-reference,-0.10996894617568671,-0.9631978273391724
COCO-2017-val,Molmo2-ER,coco_0771_154718,21,vertical,target-reference,-0.9454454687563416,-1.4456850290298464
COCO-2017-val,Molmo2-ER,coco_0772_394940,21,distance,target-reference,0.2669718978147003,1.3679797649383543
COCO-2017-val,Molmo2-ER,coco_0772_394940,21,horizontal,target-reference,0.0808878491210907,-2.2540327310562134
COCO-2017-val,Molmo2-ER,coco_0772_394940,21,vertical,target-reference,0.7323448220962339,8.365642070770264
COCO-2017-val,Molmo2-ER,coco_0773_312406,21,distance,target-reference,-0.07540373212255941,-2.0742452144622803
COCO-2017-val,Molmo2-ER,coco_0773_312406,21,horizontal,target-reference,-1.0330279405222966,-10.903690814971924
COCO-2017-val,Molmo2-ER,coco_0773_312406,21,vertical,target-reference,-0.09708419164201561,-4.082542657852173
COCO-2017-val,Molmo2-ER,coco_0774_112798,21,distance,target-reference,0.2950999030523158,5.2734692096710205
COCO-2017-val,Molmo2-ER,coco_0774_112798,21,horizontal,target-reference,0.7030235116936671,6.788234829902649
COCO-2017-val,Molmo2-ER,coco_0774_112798,21,vertical,target-reference,0.4567540534031499,6.550462961196899
COCO-2017-val,Molmo2-ER,coco_0775_422998,21,distance,target-reference,-0.4129591962992787,-3.469083607196808
COCO-2017-val,Molmo2-ER,coco_0775_422998,21,horizontal,target-reference,0.2236250598259287,5.0242838859558105
COCO-2017-val,Molmo2-ER,coco_0775_422998,21,vertical,target-reference,-1.2947672216731503,-11.723066806793213
COCO-2017-val,Molmo2-ER,coco_0776_499775,21,distance,target-reference,0.2845305208494376,3.3723224401474
COCO-2017-val,Molmo2-ER,coco_0776_499775,21,horizontal,target-reference,-0.9391576040308101,-8.028553485870361
COCO-2017-val,Molmo2-ER,coco_0776_499775,21,vertical,target-reference,-0.16073246639984506,-6.395587146282196
COCO-2017-val,Molmo2-ER,coco_0777_62808,21,distance,target-reference,-0.2854049608363868,-3.730999708175659
COCO-2017-val,Molmo2-ER,coco_0777_62808,21,horizontal,target-reference,0.6119512055847995,0.9240630567073822
COCO-2017-val,Molmo2-ER,coco_0777_62808,21,vertical,target-reference,-0.8984035941616968,-8.189199447631836
COCO-2017-val,Molmo2-ER,coco_0778_92416,21,distance,target-reference,0.9049978256955564,5.509812593460085
COCO-2017-val,Molmo2-ER,coco_0778_92416,21,horizontal,target-reference,0.7387907643344962,3.0565011501312256
COCO-2017-val,Molmo2-ER,coco_0778_92416,21,vertical,target-reference,0.8133649287789604,11.243387222290039
COCO-2017-val,Molmo2-ER,coco_0779_200421,21,distance,target-reference,-0.25954038539598245,-6.235926032066345
COCO-2017-val,Molmo2-ER,coco_0779_200421,21,horizontal,target-reference,-1.1633388775794797,-11.515480041503906
COCO-2017-val,Molmo2-ER,coco_0779_200421,21,vertical,target-reference,0.057104017407502594,0.9818371534347533
COCO-2017-val,Molmo2-ER,coco_0780_221502,21,distance,target-reference,-0.008833292880457033,-0.4192969799041748
COCO-2017-val,Molmo2-ER,coco_0780_221502,21,horizontal,target-reference,0.7547379827868389,2.188553810119629
COCO-2017-val,Molmo2-ER,coco_0780_221502,21,vertical,target-reference,-0.4460306207207364,-3.0450331568717957
COCO-2017-val,Molmo2-ER,coco_0781_293858,21,distance,target-reference,-0.39111953353849793,-3.45091113448143
COCO-2017-val,Molmo2-ER,coco_0781_293858,21,horizontal,target-reference,0.627569778545555,8.460065364837646
COCO-2017-val,Molmo2-ER,coco_0781_293858,21,vertical,target-reference,-0.7522321620100337,-4.9235053062438965
COCO-2017-val,Molmo2-ER,coco_0782_203931,21,distance,target-reference,0.332048266719374,1.1516540050506592
COCO-2017-val,Molmo2-ER,coco_0782_203931,21,horizontal,target-reference,0.7954117310547438,0.0782201886177063
COCO-2017-val,Molmo2-ER,coco_0782_203931,21,vertical,target-reference,-0.8485156176125506,-8.494461059570312
COCO-2017-val,Molmo2-ER,coco_0783_61584,21,distance,target-reference,0.2314512244482131,2.7917297780513763
COCO-2017-val,Molmo2-ER,coco_0783_61584,21,horizontal,target-reference,1.0070123520618,8.927785396575928
COCO-2017-val,Molmo2-ER,coco_0783_61584,21,vertical,target-reference,0.1292219281580777,4.341556072235107
COCO-2017-val,Molmo2-ER,coco_0784_61268,21,distance,target-reference,0.1787940125266808,4.7884098291397095
COCO-2017-val,Molmo2-ER,coco_0784_61268,21,horizontal,target-reference,0.9123510830414807,5.077545642852784
COCO-2017-val,Molmo2-ER,coco_0784_61268,21,vertical,target-reference,-0.2888550110783043,-5.382672309875488
COCO-2017-val,Molmo2-ER,coco_0785_189820,21,distance,target-reference,0.0515072640808812,2.170575618743897
COCO-2017-val,Molmo2-ER,coco_0785_189820,21,horizontal,target-reference,0.8459987480667966,9.953493118286133
COCO-2017-val,Molmo2-ER,coco_0785_189820,21,vertical,target-reference,0.4262180460915513,5.417244911193848
COCO-2017-val,Molmo2-ER,coco_0786_492937,21,distance,target-reference,0.522633218684821,2.382830560207367
COCO-2017-val,Molmo2-ER,coco_0786_492937,21,horizontal,target-reference,-0.8455456761020987,-10.431798458099365
COCO-2017-val,Molmo2-ER,coco_0786_492937,21,vertical,target-reference,0.4917442918720239,7.10198187828064
COCO-2017-val,Molmo2-ER,coco_0787_275727,21,distance,target-reference,-0.25364180592299757,-8.192021131515503
COCO-2017-val,Molmo2-ER,coco_0787_275727,21,horizontal,target-reference,-1.028248555201599,-8.542301654815674
COCO-2017-val,Molmo2-ER,coco_0787_275727,21,vertical,target-reference,-0.2010579894418379,-7.063920736312865
COCO-2017-val,Molmo2-ER,coco_0788_262682,21,distance,target-reference,-0.18040742344379251,-6.551405429840087
COCO-2017-val,Molmo2-ER,coco_0788_262682,21,horizontal,target-reference,-1.406248832826079,-12.734745502471924
COCO-2017-val,Molmo2-ER,coco_0788_262682,21,vertical,target-reference,0.1492925447533351,-0.1240394115447998
COCO-2017-val,Molmo2-ER,coco_0789_7574,21,distance,target-reference,-0.1458231544062373,-2.2437134385108948
COCO-2017-val,Molmo2-ER,coco_0789_7574,21,horizontal,target-reference,-0.8984935901507237,-13.201250553131104
COCO-2017-val,Molmo2-ER,coco_0789_7574,21,vertical,target-reference,0.420455263881719,6.7913196086883545
COCO-2017-val,Molmo2-ER,coco_0790_426241,21,distance,target-reference,-0.13754565961974718,-2.337228536605835
COCO-2017-val,Molmo2-ER,coco_0790_426241,21,horizontal,target-reference,-0.9146100661968364,-19.890873432159424
COCO-2017-val,Molmo2-ER,coco_0790_426241,21,vertical,target-reference,0.40884495275695876,10.441633939743042
COCO-2017-val,Molmo2-ER,coco_0791_357459,21,distance,target-reference,0.44265717683427486,0.5174224376678467
COCO-2017-val,Molmo2-ER,coco_0791_357459,21,horizontal,target-reference,-0.8786986478908625,-5.0045695304870605
COCO-2017-val,Molmo2-ER,coco_0791_357459,21,vertical,target-reference,-0.00438100528888051,-5.220570802688599
COCO-2017-val,Molmo2-ER,coco_0792_173004,21,distance,target-reference,0.3139045642806553,3.479337453842163
COCO-2017-val,Molmo2-ER,coco_0792_173004,21,horizontal,target-reference,0.44294637972127876,0.7771170139312742
COCO-2017-val,Molmo2-ER,coco_0792_173004,21,vertical,target-reference,0.9686067314326683,10.183263540267944
COCO-2017-val,Molmo2-ER,coco_0793_273420,21,distance,target-reference,-0.03689844900539413,1.8382934033870697
COCO-2017-val,Molmo2-ER,coco_0793_273420,21,horizontal,target-reference,-0.9897366527244599,-8.126108527183533
COCO-2017-val,Molmo2-ER,coco_0793_273420,21,vertical,target-reference,0.2652909528447831,1.9483256936073303
COCO-2017-val,Molmo2-ER,coco_0794_525247,21,distance,target-reference,-0.4004744100666085,-8.284123420715332
COCO-2017-val,Molmo2-ER,coco_0794_525247,21,horizontal,target-reference,0.8720388984702594,5.987807989120483
COCO-2017-val,Molmo2-ER,coco_0794_525247,21,vertical,target-reference,-0.22263031853128837,-9.703885316848755
COCO-2017-val,Molmo2-ER,coco_0795_475572,21,distance,target-reference,-0.293922778136224,-2.3297592401504517
COCO-2017-val,Molmo2-ER,coco_0795_475572,21,horizontal,target-reference,-0.38936805823242787,-2.3499823212623596
COCO-2017-val,Molmo2-ER,coco_0795_475572,21,vertical,target-reference,-1.0428628992769275,-6.999216139316559
COCO-2017-val,Molmo2-ER,coco_0796_449909,21,distance,target-reference,-0.7113155825357584,-10.526991367340088
COCO-2017-val,Molmo2-ER,coco_0796_449909,21,horizontal,target-reference,0.7914696437828344,8.328887939453125
COCO-2017-val,Molmo2-ER,coco_0796_449909,21,vertical,target-reference,-0.36465143783042964,-7.954300880432129
COCO-2017-val,Molmo2-ER,coco_0797_32861,21,distance,target-reference,-0.270193796936378,-0.5749260187149048
COCO-2017-val,Molmo2-ER,coco_0797_32861,21,horizontal,target-reference,0.007953193801239399,-2.1520144939422607
COCO-2017-val,Molmo2-ER,coco_0797_32861,21,vertical,target-reference,0.9160014113754462,6.9999237060546875
COCO-2017-val,Molmo2-ER,coco_0798_213605,21,distance,target-reference,0.42006685998152876,-0.5876340866088867
COCO-2017-val,Molmo2-ER,coco_0798_213605,21,horizontal,target-reference,1.0493940703105653,4.211905628442764
COCO-2017-val,Molmo2-ER,coco_0798_213605,21,vertical,target-reference,0.4713038850211687,4.345544099807739
COCO-2017-val,Molmo2-ER,coco_0799_297830,21,distance,target-reference,-0.2699869499202466,-0.6842969655990601
COCO-2017-val,Molmo2-ER,coco_0799_297830,21,horizontal,target-reference,0.5862945207613703,1.1915968060493467
COCO-2017-val,Molmo2-ER,coco_0799_297830,21,vertical,target-reference,-0.6328285707625421,-4.936885833740234
COCO-2017-val,Molmo2-ER,coco_0800_319935,21,distance,target-reference,-0.13047668692726366,0.32912683486938477
COCO-2017-val,Molmo2-ER,coco_0800_319935,21,horizontal,target-reference,1.0107287182564815,11.267802476882935
COCO-2017-val,Molmo2-ER,coco_0800_319935,21,vertical,target-reference,-0.11868889468796341,-0.3482140302658081
COCO-2017-val,Molmo2-ER,coco_0801_73946,21,distance,target-reference,0.116992387427186,4.5716540813446045
COCO-2017-val,Molmo2-ER,coco_0801_73946,21,horizontal,target-reference,0.8825971729067584,5.162799715995789
COCO-2017-val,Molmo2-ER,coco_0801_73946,21,vertical,target-reference,-0.10732932372736449,-5.59474778175354
COCO-2017-val,Molmo2-ER,coco_0802_395343,21,distance,target-reference,0.038628494071960694,4.641743183135986
COCO-2017-val,Molmo2-ER,coco_0802_395343,21,horizontal,target-reference,1.1273406804689743,5.743063032627106
COCO-2017-val,Molmo2-ER,coco_0802_395343,21,vertical,target-reference,0.2070044068507435,0.9664249420166016
COCO-2017-val,Molmo2-ER,coco_0803_142790,21,distance,target-reference,0.12411664634217211,0.7918274402618408
COCO-2017-val,Molmo2-ER,coco_0803_142790,21,horizontal,target-reference,-0.9731138793213421,-3.0908296704292297
COCO-2017-val,Molmo2-ER,coco_0803_142790,21,vertical,target-reference,0.17370181570778587,-2.082474708557129
COCO-2017-val,Molmo2-ER,coco_0804_414510,21,distance,target-reference,0.3772307077124629,-2.0094535052776337
COCO-2017-val,Molmo2-ER,coco_0804_414510,21,horizontal,target-reference,-0.41141292523772865,-5.763159990310669
COCO-2017-val,Molmo2-ER,coco_0804_414510,21,vertical,target-reference,0.8901957081025188,18.596450805664062
COCO-2017-val,Molmo2-ER,coco_0805_47819,21,distance,target-reference,-0.1564010094990462,-4.378763407468797
COCO-2017-val,Molmo2-ER,coco_0805_47819,21,horizontal,target-reference,-0.9331960867103317,-7.316504001617432
COCO-2017-val,Molmo2-ER,coco_0805_47819,21,vertical,target-reference,-0.031661757448775,-1.439510703086853
COCO-2017-val,Molmo2-ER,coco_0806_371749,21,distance,target-reference,-0.20287537027411578,-2.1055198907852173
COCO-2017-val,Molmo2-ER,coco_0806_371749,21,horizontal,target-reference,0.06950586126824898,-0.25920152664184615
COCO-2017-val,Molmo2-ER,coco_0806_371749,21,vertical,target-reference,-1.2174685537440635,-14.646961212158203
COCO-2017-val,Molmo2-ER,coco_0807_557916,21,distance,target-reference,0.19273674612137703,0.24053382873535156
COCO-2017-val,Molmo2-ER,coco_0807_557916,21,horizontal,target-reference,-0.9104927596275252,-11.921072483062744
COCO-2017-val,Molmo2-ER,coco_0807_557916,21,vertical,target-reference,0.4861769395836298,6.676554203033447
COCO-2017-val,Molmo2-ER,coco_0808_279769,21,distance,target-reference,0.1426665984980382,1.897891879081726
COCO-2017-val,Molmo2-ER,coco_0808_279769,21,horizontal,target-reference,0.8897617438582142,1.436272531747818
COCO-2017-val,Molmo2-ER,coco_0808_279769,21,vertical,target-reference,0.4315357741700564,6.37952733039856
COCO-2017-val,Molmo2-ER,coco_0809_101762,21,distance,target-reference,-0.06715494068355632,0.018604815006256104
COCO-2017-val,Molmo2-ER,coco_0809_101762,21,horizontal,target-reference,-0.7516491431831749,-6.3859522342681885
COCO-2017-val,Molmo2-ER,coco_0809_101762,21,vertical,target-reference,-0.2673122426545305,-11.072615146636963
COCO-2017-val,Molmo2-ER,coco_0810_209222,21,distance,target-reference,0.915714851797063,7.030245304107666
COCO-2017-val,Molmo2-ER,coco_0810_209222,21,horizontal,target-reference,0.6778813060924157,2.3553402423858643
COCO-2017-val,Molmo2-ER,coco_0810_209222,21,vertical,target-reference,1.0508251151410513,14.741711139678955
COCO-2017-val,Molmo2-ER,coco_0811_464786,21,distance,target-reference,0.152009843927286,2.4436340034008026
COCO-2017-val,Molmo2-ER,coco_0811_464786,21,horizontal,target-reference,0.9072415085555557,0.9237501621246338
COCO-2017-val,Molmo2-ER,coco_0811_464786,21,vertical,target-reference,-0.1618472540973375,1.1199793219566343
COCO-2017-val,Molmo2-ER,coco_0812_397327,21,distance,target-reference,-0.06579450859914779,0.7902140617370605
COCO-2017-val,Molmo2-ER,coco_0812_397327,21,horizontal,target-reference,0.733314070859117,10.154916286468506
COCO-2017-val,Molmo2-ER,coco_0812_397327,21,vertical,target-reference,-0.6326572534449832,-6.355970740318298
COCO-2017-val,Molmo2-ER,coco_0813_553669,21,distance,target-reference,-0.4512041103688993,-4.31987464427948
COCO-2017-val,Molmo2-ER,coco_0813_553669,21,horizontal,target-reference,0.8102684788507399,8.544899940490723
COCO-2017-val,Molmo2-ER,coco_0813_553669,21,vertical,target-reference,-0.7036497728639272,-10.152022361755371
COCO-2017-val,Molmo2-ER,coco_0814_376625,21,distance,target-reference,0.0307569298532772,3.4402976036071777
COCO-2017-val,Molmo2-ER,coco_0814_376625,21,horizontal,target-reference,-0.8181938850056477,-8.495886981487274
COCO-2017-val,Molmo2-ER,coco_0814_376625,21,vertical,target-reference,0.1824268688057727,3.1699252128601074
COCO-2017-val,Molmo2-ER,coco_0815_341058,21,distance,target-reference,0.1265650406550926,5.02123099565506
COCO-2017-val,Molmo2-ER,coco_0815_341058,21,horizontal,target-reference,0.25195828982102797,-4.827859044075012
COCO-2017-val,Molmo2-ER,coco_0815_341058,21,vertical,target-reference,0.7893372327331869,13.547348022460938
COCO-2017-val,Molmo2-ER,coco_0816_269632,21,distance,target-reference,0.3744549726357338,3.8753936886787415
COCO-2017-val,Molmo2-ER,coco_0816_269632,21,horizontal,target-reference,0.8074819967011779,3.8615459203720093
COCO-2017-val,Molmo2-ER,coco_0816_269632,21,vertical,target-reference,-0.23935198036217523,-4.549500942230225
COCO-2017-val,Molmo2-ER,coco_0817_275749,21,distance,target-reference,0.8445624377141485,-1.6678636074066164
COCO-2017-val,Molmo2-ER,coco_0817_275749,21,horizontal,target-reference,-0.9178673681220227,-10.61856460571289
COCO-2017-val,Molmo2-ER,coco_0817_275749,21,vertical,target-reference,0.5233613696953802,-8.026421070098877
COCO-2017-val,Molmo2-ER,coco_0818_89078,21,distance,target-reference,-0.12129061229992788,-3.4412871599197388
COCO-2017-val,Molmo2-ER,coco_0818_89078,21,horizontal,target-reference,-0.03519407577073799,-3.0486377477645874
COCO-2017-val,Molmo2-ER,coco_0818_89078,21,vertical,target-reference,-0.8341492139698079,-8.846079349517822
COCO-2017-val,Molmo2-ER,coco_0819_89045,21,distance,target-reference,0.2721322868361522,-2.4020385742187496
COCO-2017-val,Molmo2-ER,coco_0819_89045,21,horizontal,target-reference,-0.9687313773344652,-2.6502717733383183
COCO-2017-val,Molmo2-ER,coco_0819_89045,21,vertical,target-reference,0.3527775447473841,-3.103600263595581
COCO-2017-val,Molmo2-ER,coco_0820_297396,21,distance,target-reference,0.5992956150224857,-0.08806765079498291
COCO-2017-val,Molmo2-ER,coco_0820_297396,21,horizontal,target-reference,0.2771262635780604,-0.3183896541595459
COCO-2017-val,Molmo2-ER,coco_0820_297396,21,vertical,target-reference,1.3401091302486445,6.191508769989014
COCO-2017-val,Molmo2-ER,coco_0821_20553,21,distance,target-reference,0.2748158684972258,9.644781112670898
COCO-2017-val,Molmo2-ER,coco_0821_20553,21,horizontal,target-reference,0.980568668418069,7.935011148452759
COCO-2017-val,Molmo2-ER,coco_0821_20553,21,vertical,target-reference,-0.031140677513354,9.356788158416748
COCO-2017-val,Molmo2-ER,coco_0822_63965,21,distance,target-reference,0.3984415975571316,-0.5379677414894104
COCO-2017-val,Molmo2-ER,coco_0822_63965,21,horizontal,target-reference,-0.6777370985677079,-6.551355004310608
COCO-2017-val,Molmo2-ER,coco_0822_63965,21,vertical,target-reference,0.0290888871347779,1.0558671951293945
COCO-2017-val,Molmo2-ER,coco_0823_375430,21,distance,target-reference,0.4651350892545158,5.770134687423706
COCO-2017-val,Molmo2-ER,coco_0823_375430,21,horizontal,target-reference,0.6185908911104714,0.4193873405456543
COCO-2017-val,Molmo2-ER,coco_0823_375430,21,vertical,target-reference,0.4633194309480307,8.00372838973999
COCO-2017-val,Molmo2-ER,coco_0824_7386,21,distance,target-reference,0.2542046156425489,1.7980389595031738
COCO-2017-val,Molmo2-ER,coco_0824_7386,21,horizontal,target-reference,-0.8805763379951175,-12.200581073760986
COCO-2017-val,Molmo2-ER,coco_0824_7386,21,vertical,target-reference,0.5101668803376301,10.63719129562378
COCO-2017-val,Molmo2-ER,coco_0825_56288,21,distance,target-reference,0.2650153023224725,5.096657395362854
COCO-2017-val,Molmo2-ER,coco_0825_56288,21,horizontal,target-reference,-0.8921941514344816,-7.099499702453613
COCO-2017-val,Molmo2-ER,coco_0825_56288,21,vertical,target-reference,-0.11373244794147301,1.3630466759204862
COCO-2017-val,Molmo2-ER,coco_0826_239041,21,distance,target-reference,-0.28090080028663167,3.743322968482971
COCO-2017-val,Molmo2-ER,coco_0826_239041,21,horizontal,target-reference,-0.8732496844917942,-11.153517246246338
COCO-2017-val,Molmo2-ER,coco_0826_239041,21,vertical,target-reference,0.5414430280949337,13.009639739990234
COCO-2017-val,Molmo2-ER,coco_0827_213255,21,distance,target-reference,-0.1197106715765181,-3.931110769510269
COCO-2017-val,Molmo2-ER,coco_0827_213255,21,horizontal,target-reference,-1.1160857795036616,-7.095606327056885
COCO-2017-val,Molmo2-ER,coco_0827_213255,21,vertical,target-reference,-0.3018643666658441,-6.7410054206848145
COCO-2017-val,Molmo2-ER,coco_0828_342367,21,distance,target-reference,-0.2209379340811355,-5.894998908042908
COCO-2017-val,Molmo2-ER,coco_0828_342367,21,horizontal,target-reference,-0.563311141058794,-2.6496341228485107
COCO-2017-val,Molmo2-ER,coco_0828_342367,21,vertical,target-reference,0.49513398617825166,2.988260567188263
COCO-2017-val,Molmo2-ER,coco_0829_376264,21,distance,target-reference,0.21392501390694418,-1.3586993217468262
COCO-2017-val,Molmo2-ER,coco_0829_376264,21,horizontal,target-reference,0.8990171432286046,12.18749189376831
COCO-2017-val,Molmo2-ER,coco_0829_376264,21,vertical,target-reference,-0.32749634849292103,-4.260772228240968
COCO-2017-val,Molmo2-ER,coco_0830_45728,21,distance,target-reference,0.022739574024675302,0.5268366932868958
COCO-2017-val,Molmo2-ER,coco_0830_45728,21,horizontal,target-reference,-0.8002314115788044,-4.6321704387664795
COCO-2017-val,Molmo2-ER,coco_0830_45728,21,vertical,target-reference,-0.019507844748249847,-0.002460479736328125
COCO-2017-val,Molmo2-ER,coco_0831_474854,21,distance,target-reference,0.6361428042626149,3.7820461988449106
COCO-2017-val,Molmo2-ER,coco_0831_474854,21,horizontal,target-reference,0.1310160526560668,-2.5546560287475586
COCO-2017-val,Molmo2-ER,coco_0831_474854,21,vertical,target-reference,0.6343510660309815,9.49446988105774
COCO-2017-val,Molmo2-ER,coco_0832_49269,21,distance,target-reference,-0.06695582424344651,-5.243558406829834
COCO-2017-val,Molmo2-ER,coco_0832_49269,21,horizontal,target-reference,0.6597842138095964,7.236295700073242
COCO-2017-val,Molmo2-ER,coco_0832_49269,21,vertical,target-reference,-0.8256054612916618,-15.267561912536621
COCO-2017-val,Molmo2-ER,coco_0833_426795,21,distance,target-reference,-0.1610770802805768,-0.8048208951950073
COCO-2017-val,Molmo2-ER,coco_0833_426795,21,horizontal,target-reference,-0.7209343879039196,-2.9645252227783203
COCO-2017-val,Molmo2-ER,coco_0833_426795,21,vertical,target-reference,-0.5653580399681495,-10.222314357757568
COCO-2017-val,Molmo2-ER,coco_0834_272049,21,distance,target-reference,0.6424343616648611,7.685659885406494
COCO-2017-val,Molmo2-ER,coco_0834_272049,21,horizontal,target-reference,0.7172307272535685,0.4323384165763856
COCO-2017-val,Molmo2-ER,coco_0834_272049,21,vertical,target-reference,0.7547219568288652,16.356668949127197
COCO-2017-val,Molmo2-ER,coco_0835_25424,21,distance,target-reference,-0.3484377232298222,-4.774738192558289
COCO-2017-val,Molmo2-ER,coco_0835_25424,21,horizontal,target-reference,0.7317907398558755,3.366161555051803
COCO-2017-val,Molmo2-ER,coco_0835_25424,21,vertical,target-reference,-0.9130758972639154,-6.754547119140625
COCO-2017-val,Molmo2-ER,coco_0836_48396,21,distance,target-reference,-0.0583531157440072,-3.5011692047119136
COCO-2017-val,Molmo2-ER,coco_0836_48396,21,horizontal,target-reference,0.8229660775483952,5.544210433959961
COCO-2017-val,Molmo2-ER,coco_0836_48396,21,vertical,target-reference,0.7880493403475451,5.771193623542786
COCO-2017-val,Molmo2-ER,coco_0837_186449,21,distance,target-reference,-0.4764544790574745,-4.8445499539375305
COCO-2017-val,Molmo2-ER,coco_0837_186449,21,horizontal,target-reference,1.1715647883775888,-0.684636116027832
COCO-2017-val,Molmo2-ER,coco_0837_186449,21,vertical,target-reference,-0.5319046650460204,1.7578709125518799
COCO-2017-val,Molmo2-ER,coco_0838_364636,21,distance,target-reference,0.674928825929417,3.4479336738586426
COCO-2017-val,Molmo2-ER,coco_0838_364636,21,horizontal,target-reference,-0.2817246111488827,-10.532746791839601
COCO-2017-val,Molmo2-ER,coco_0838_364636,21,vertical,target-reference,0.85629740814967,7.297132164239883
COCO-2017-val,Molmo2-ER,coco_0839_486112,21,distance,target-reference,0.296637146565869,0.9199444651603699
COCO-2017-val,Molmo2-ER,coco_0839_486112,21,horizontal,target-reference,0.668967190399263,1.4799141883850098
COCO-2017-val,Molmo2-ER,coco_0839_486112,21,vertical,target-reference,0.5712128396585852,3.166426718235016
COCO-2017-val,Molmo2-ER,coco_0840_179898,21,distance,target-reference,0.049005711312552824,2.1211836338043213
COCO-2017-val,Molmo2-ER,coco_0840_179898,21,horizontal,target-reference,-0.983318783152658,-8.944730758666992
COCO-2017-val,Molmo2-ER,coco_0840_179898,21,vertical,target-reference,0.40069846128479597,1.5563459396362305
COCO-2017-val,Molmo2-ER,coco_0841_519491,21,distance,target-reference,-0.4184811672693287,-7.278138041496277
COCO-2017-val,Molmo2-ER,coco_0841_519491,21,horizontal,target-reference,0.0631876560224835,5.170302152633667
COCO-2017-val,Molmo2-ER,coco_0841_519491,21,vertical,target-reference,-0.9597477050982985,-12.626229763031006
COCO-2017-val,Molmo2-ER,coco_0842_232538,21,distance,target-reference,0.0516512982328447,2.4388675689697266
COCO-2017-val,Molmo2-ER,coco_0842_232538,21,horizontal,target-reference,-0.9707400892388518,-8.220733165740967
COCO-2017-val,Molmo2-ER,coco_0842_232538,21,vertical,target-reference,-0.1765436632229651,-6.191891729831696
COCO-2017-val,Molmo2-ER,coco_0843_253695,21,distance,target-reference,-0.0598872914295038,-5.6948055028915405
COCO-2017-val,Molmo2-ER,coco_0843_253695,21,horizontal,target-reference,0.4807203019176759,3.443905085325241
COCO-2017-val,Molmo2-ER,coco_0843_253695,21,vertical,target-reference,-0.7688731799835626,-0.9951160848140717
COCO-2017-val,Molmo2-ER,coco_0844_422886,21,distance,target-reference,0.43798873355532897,4.481703519821167
COCO-2017-val,Molmo2-ER,coco_0844_422886,21,horizontal,target-reference,0.6940187535331788,2.182315945625305
COCO-2017-val,Molmo2-ER,coco_0844_422886,21,vertical,target-reference,-0.7541499482011104,-8.551612854003906
COCO-2017-val,Molmo2-ER,coco_0845_27696,21,distance,target-reference,-0.4479847652440875,-6.3127281665802
COCO-2017-val,Molmo2-ER,coco_0845_27696,21,horizontal,target-reference,-0.5285174864495478,-1.0609040260314944
COCO-2017-val,Molmo2-ER,coco_0845_27696,21,vertical,target-reference,-0.8984671655685106,-10.023066997528076
COCO-2017-val,Molmo2-ER,coco_0846_259597,21,distance,target-reference,-0.3555527586041535,-5.723311752080917
COCO-2017-val,Molmo2-ER,coco_0846_259597,21,horizontal,target-reference,0.7350032759309202,4.044259607791901
COCO-2017-val,Molmo2-ER,coco_0846_259597,21,vertical,target-reference,0.5345631879632767,5.668388605117798
COCO-2017-val,Molmo2-ER,coco_0847_417285,21,distance,target-reference,-0.09387028586434809,-3.6169049739837646
COCO-2017-val,Molmo2-ER,coco_0847_417285,21,horizontal,target-reference,-0.8678389696942403,-10.102327108383179
COCO-2017-val,Molmo2-ER,coco_0847_417285,21,vertical,target-reference,-0.30640327910332854,-9.14859676361084
COCO-2017-val,Molmo2-ER,coco_0848_26564,21,distance,target-reference,0.43083907133594446,0.38044404983520497
COCO-2017-val,Molmo2-ER,coco_0848_26564,21,horizontal,target-reference,0.7880023533920755,5.0030717849731445
COCO-2017-val,Molmo2-ER,coco_0848_26564,21,vertical,target-reference,0.6310010093849283,10.876740455627441
COCO-2017-val,Molmo2-ER,coco_0849_360951,21,distance,target-reference,0.1830937623747489,1.402639627456665
COCO-2017-val,Molmo2-ER,coco_0849_360951,21,horizontal,target-reference,0.8025493597354691,7.828778505325317
COCO-2017-val,Molmo2-ER,coco_0849_360951,21,vertical,target-reference,0.5103957061876011,10.857921600341797
COCO-2017-val,Molmo2-ER,coco_0850_176606,21,distance,target-reference,0.06524032460652279,-0.978942483663559
COCO-2017-val,Molmo2-ER,coco_0850_176606,21,horizontal,target-reference,0.898539031855602,6.033808946609497
COCO-2017-val,Molmo2-ER,coco_0850_176606,21,vertical,target-reference,-0.1505086908772487,-0.2558283805847166
COCO-2017-val,Molmo2-ER,coco_0851_312192,21,distance,target-reference,0.6296213380269969,2.384446620941162
COCO-2017-val,Molmo2-ER,coco_0851_312192,21,horizontal,target-reference,-0.0608266919918021,-2.1881114840507507
COCO-2017-val,Molmo2-ER,coco_0851_312192,21,vertical,target-reference,1.105163250947482,-0.24459266662597634
COCO-2017-val,Molmo2-ER,coco_0852_132544,21,distance,target-reference,-0.324481631137761,-8.265832662582397
COCO-2017-val,Molmo2-ER,coco_0852_132544,21,horizontal,target-reference,-0.8427184294289528,-7.803438901901245
COCO-2017-val,Molmo2-ER,coco_0852_132544,21,vertical,target-reference,-0.03432017774322361,-4.077974379062653
COCO-2017-val,Molmo2-ER,coco_0853_20992,21,distance,target-reference,-0.149097481862699,-3.6123787760734554
COCO-2017-val,Molmo2-ER,coco_0853_20992,21,horizontal,target-reference,0.7622940636738015,2.561350107192993
COCO-2017-val,Molmo2-ER,coco_0853_20992,21,vertical,target-reference,-0.41931154380184266,-6.302570343017578
COCO-2017-val,Molmo2-ER,coco_0854_102411,21,distance,target-reference,-0.16803938162151108,-3.3928903341293335
COCO-2017-val,Molmo2-ER,coco_0854_102411,21,horizontal,target-reference,-0.8944935313269966,-6.881696939468384
COCO-2017-val,Molmo2-ER,coco_0854_102411,21,vertical,target-reference,-0.1522150186355398,-3.63138747215271
COCO-2017-val,Molmo2-ER,coco_0855_180135,21,distance,target-reference,0.29790672563803416,-1.1896874904632564
COCO-2017-val,Molmo2-ER,coco_0855_180135,21,horizontal,target-reference,0.11829905547526978,2.3310858011245728
COCO-2017-val,Molmo2-ER,coco_0855_180135,21,vertical,target-reference,0.7702340630489627,11.795257568359375
COCO-2017-val,Molmo2-ER,coco_0856_155179,21,distance,target-reference,-0.1191325202738181,-4.5530030727386475
COCO-2017-val,Molmo2-ER,coco_0856_155179,21,horizontal,target-reference,-0.059713155529803094,-2.3070619106292725
COCO-2017-val,Molmo2-ER,coco_0856_155179,21,vertical,target-reference,0.9955497290891995,6.114444971084595
COCO-2017-val,Molmo2-ER,coco_0857_154644,21,distance,target-reference,0.4511211436964005,-2.5600268840789795
COCO-2017-val,Molmo2-ER,coco_0857_154644,21,horizontal,target-reference,1.0061709990235295,8.189081907272339
COCO-2017-val,Molmo2-ER,coco_0857_154644,21,vertical,target-reference,-0.1502897043107384,-3.9351680874824524
COCO-2017-val,Molmo2-ER,coco_0858_362716,21,distance,target-reference,-0.04136617814955701,-4.356345772743225
COCO-2017-val,Molmo2-ER,coco_0858_362716,21,horizontal,target-reference,0.8461782987326116,4.741965532302856
COCO-2017-val,Molmo2-ER,coco_0858_362716,21,vertical,target-reference,0.5564261434872477,7.136826425790787
COCO-2017-val,Molmo2-ER,coco_0859_211120,21,distance,target-reference,0.4733777158789813,-2.60849928855896
COCO-2017-val,Molmo2-ER,coco_0859_211120,21,horizontal,target-reference,0.5223599991801887,1.7881344556808472
COCO-2017-val,Molmo2-ER,coco_0859_211120,21,vertical,target-reference,1.0713993296222801,20.22935914993286
COCO-2017-val,Molmo2-ER,coco_0860_465549,21,distance,target-reference,0.47930041037169346,5.977071046829224
COCO-2017-val,Molmo2-ER,coco_0860_465549,21,horizontal,target-reference,-0.8458693735185883,-11.31421947479248
COCO-2017-val,Molmo2-ER,coco_0860_465549,21,vertical,target-reference,0.34893124247711316,0.938643217086792
COCO-2017-val,Molmo2-ER,coco_0861_286182,21,distance,target-reference,0.23235896272852608,2.5116374492645264
COCO-2017-val,Molmo2-ER,coco_0861_286182,21,horizontal,target-reference,0.6080065474629788,-4.167908668518066
COCO-2017-val,Molmo2-ER,coco_0861_286182,21,vertical,target-reference,0.7874908902838758,13.156573295593263
COCO-2017-val,Molmo2-ER,coco_0862_527750,21,distance,target-reference,-0.2258336179432821,-0.7678281068801882
COCO-2017-val,Molmo2-ER,coco_0862_527750,21,horizontal,target-reference,1.1098461536133866,12.754092693328857
COCO-2017-val,Molmo2-ER,coco_0862_527750,21,vertical,target-reference,-0.2165885459142779,-3.5362590551376343
COCO-2017-val,Molmo2-ER,coco_0863_388056,21,distance,target-reference,-0.14149118519196852,-0.5766229629516602
COCO-2017-val,Molmo2-ER,coco_0863_388056,21,horizontal,target-reference,-0.6624808593314693,-6.664626836776733
COCO-2017-val,Molmo2-ER,coco_0863_388056,21,vertical,target-reference,-1.048526997185566,-10.751577854156494
COCO-2017-val,Molmo2-ER,coco_0864_554735,21,distance,target-reference,-0.5840094340315181,-3.3990518450737
COCO-2017-val,Molmo2-ER,coco_0864_554735,21,horizontal,target-reference,0.8492392798978698,2.8704128861427307
COCO-2017-val,Molmo2-ER,coco_0864_554735,21,vertical,target-reference,-0.4813683777346791,-1.6960443258285522
COCO-2017-val,Molmo2-ER,coco_0865_120853,21,distance,target-reference,0.27380935226942993,2.0696925818920144
COCO-2017-val,Molmo2-ER,coco_0865_120853,21,horizontal,target-reference,0.6768729128329642,3.74802964925766
COCO-2017-val,Molmo2-ER,coco_0865_120853,21,vertical,target-reference,0.6858945629595009,16.70507824420929
COCO-2017-val,Molmo2-ER,coco_0866_426836,21,distance,target-reference,-0.009345653295446815,2.5298922061920166
COCO-2017-val,Molmo2-ER,coco_0866_426836,21,horizontal,target-reference,0.3667002908415049,1.1284663677215576
COCO-2017-val,Molmo2-ER,coco_0866_426836,21,vertical,target-reference,1.0576813913926981,16.994184732437134
COCO-2017-val,Molmo2-ER,coco_0867_546626,21,distance,target-reference,-0.22425275799673428,-7.534745216369629
COCO-2017-val,Molmo2-ER,coco_0867_546626,21,horizontal,target-reference,-0.404660134839828,-2.7814619541168213
COCO-2017-val,Molmo2-ER,coco_0867_546626,21,vertical,target-reference,-0.7141748510453274,-6.477004051208496
COCO-2017-val,Molmo2-ER,coco_0868_308476,21,distance,target-reference,0.34043410927105067,-0.2312941551208496
COCO-2017-val,Molmo2-ER,coco_0868_308476,21,horizontal,target-reference,-0.6850973927214333,-7.836282014846802
COCO-2017-val,Molmo2-ER,coco_0868_308476,21,vertical,target-reference,-0.0745870102282516,-0.1409810483455658
COCO-2017-val,Molmo2-ER,coco_0869_463174,21,distance,target-reference,-0.164000972653053,-3.4788002967834473
COCO-2017-val,Molmo2-ER,coco_0869_463174,21,horizontal,target-reference,0.7137598171422408,2.1455600261688232
COCO-2017-val,Molmo2-ER,coco_0869_463174,21,vertical,target-reference,-0.2250529804773041,-3.807099938392639
COCO-2017-val,Molmo2-ER,coco_0870_263463,21,distance,target-reference,-0.3216666440865623,-5.419087886810303
COCO-2017-val,Molmo2-ER,coco_0870_263463,21,horizontal,target-reference,0.6303491362901216,1.339812994003296
COCO-2017-val,Molmo2-ER,coco_0870_263463,21,vertical,target-reference,0.6620750279673078,3.7185475826263428
COCO-2017-val,Molmo2-ER,coco_0871_325031,21,distance,target-reference,-0.8833323029887306,-3.7874284982681274
COCO-2017-val,Molmo2-ER,coco_0871_325031,21,horizontal,target-reference,0.818018419159894,-1.0846617370843887
COCO-2017-val,Molmo2-ER,coco_0871_325031,21,vertical,target-reference,-0.2714275963999508,8.875418186187744
COCO-2017-val,Molmo2-ER,coco_0872_192607,21,distance,target-reference,-0.319970517794708,-5.219059884548187
COCO-2017-val,Molmo2-ER,coco_0872_192607,21,horizontal,target-reference,0.8279401413545118,4.987877011299133
COCO-2017-val,Molmo2-ER,coco_0872_192607,21,vertical,target-reference,-0.0741462512909048,-0.8405713737010956
COCO-2017-val,Molmo2-ER,coco_0873_9914,21,distance,target-reference,0.5766625714013601,1.09419184923172
COCO-2017-val,Molmo2-ER,coco_0873_9914,21,horizontal,target-reference,-0.20580716493593676,-0.2967146337032318
COCO-2017-val,Molmo2-ER,coco_0873_9914,21,vertical,target-reference,1.4630359180578951,3.898455828428269
COCO-2017-val,Molmo2-ER,coco_0874_20333,21,distance,target-reference,0.24905931907462892,-1.9241254329681396
COCO-2017-val,Molmo2-ER,coco_0874_20333,21,horizontal,target-reference,-0.4067169903381769,-5.593221664428711
COCO-2017-val,Molmo2-ER,coco_0874_20333,21,vertical,target-reference,0.7012944271320105,8.828754901885986
COCO-2017-val,Molmo2-ER,coco_0875_277051,21,distance,target-reference,-0.3648650262949578,-9.69487851858139
COCO-2017-val,Molmo2-ER,coco_0875_277051,21,horizontal,target-reference,-0.7002786395256677,-3.4885696172714233
COCO-2017-val,Molmo2-ER,coco_0875_277051,21,vertical,target-reference,-1.1526509256348256,-16.363106727600098
COCO-2017-val,Molmo2-ER,coco_0876_146667,21,distance,target-reference,-0.4060407490486386,-6.541340589523315
COCO-2017-val,Molmo2-ER,coco_0876_146667,21,horizontal,target-reference,-0.18471676279209198,-2.7080798000097275
COCO-2017-val,Molmo2-ER,coco_0876_146667,21,vertical,target-reference,-1.1137914324794214,-4.743642330169678
COCO-2017-val,Molmo2-ER,coco_0877_434479,21,distance,target-reference,-0.22228029652868653,-4.34190559387207
COCO-2017-val,Molmo2-ER,coco_0877_434479,21,horizontal,target-reference,0.8009156210670922,-2.3263956904411316
COCO-2017-val,Molmo2-ER,coco_0877_434479,21,vertical,target-reference,0.07362804289569991,-5.441624760627747
COCO-2017-val,Molmo2-ER,coco_0878_569917,21,distance,target-reference,-0.348153716659328,1.8709535598754883
COCO-2017-val,Molmo2-ER,coco_0878_569917,21,horizontal,target-reference,0.9440938815043634,7.664181590080261
COCO-2017-val,Molmo2-ER,coco_0878_569917,21,vertical,target-reference,-0.3989177174602086,-2.1184797286987314
COCO-2017-val,Molmo2-ER,coco_0879_133567,21,distance,target-reference,0.6557552719519175,-1.5754828453063965
COCO-2017-val,Molmo2-ER,coco_0879_133567,21,horizontal,target-reference,-0.7358792072421627,-6.717745065689087
COCO-2017-val,Molmo2-ER,coco_0879_133567,21,vertical,target-reference,0.6143442996899948,10.783960819244385
COCO-2017-val,Molmo2-ER,coco_0880_116362,21,distance,target-reference,-0.06084589232652429,-3.909775972366333
COCO-2017-val,Molmo2-ER,coco_0880_116362,21,horizontal,target-reference,-0.5234043260303866,-0.6643061637878418
COCO-2017-val,Molmo2-ER,coco_0880_116362,21,vertical,target-reference,-1.0586385874613597,-5.576944589614868
COCO-2017-val,Molmo2-ER,coco_0881_153527,21,distance,target-reference,-0.6952029114771602,-7.600049257278442
COCO-2017-val,Molmo2-ER,coco_0881_153527,21,horizontal,target-reference,0.21169566719115798,4.046567499637605
COCO-2017-val,Molmo2-ER,coco_0881_153527,21,vertical,target-reference,-1.2647675699976426,-11.654507637023924
COCO-2017-val,Molmo2-ER,coco_0882_171382,21,distance,target-reference,0.589201516815065,6.235216379165649
COCO-2017-val,Molmo2-ER,coco_0882_171382,21,horizontal,target-reference,-0.8452250296102617,-5.166022539138794
COCO-2017-val,Molmo2-ER,coco_0882_171382,21,vertical,target-reference,0.4552700275428682,6.865390121936798
COCO-2017-val,Molmo2-ER,coco_0883_246308,21,distance,target-reference,-0.6972847625836269,-3.081613421440125
COCO-2017-val,Molmo2-ER,coco_0883_246308,21,horizontal,target-reference,1.0168030796073793,5.9144593477249146
COCO-2017-val,Molmo2-ER,coco_0883_246308,21,vertical,target-reference,-0.5392385442048233,-9.927484840154648
COCO-2017-val,Molmo2-ER,coco_0884_180751,21,distance,target-reference,0.5014623357875907,5.469266414642334
COCO-2017-val,Molmo2-ER,coco_0884_180751,21,horizontal,target-reference,-0.4635360511247109,-5.9406150579452515
COCO-2017-val,Molmo2-ER,coco_0884_180751,21,vertical,target-reference,0.5706679540490686,5.991041779518127
COCO-2017-val,Molmo2-ER,coco_0885_237864,21,distance,target-reference,0.05338128854726161,-0.5379741191864009
COCO-2017-val,Molmo2-ER,coco_0885_237864,21,horizontal,target-reference,0.8477393622776841,7.206878185272217
COCO-2017-val,Molmo2-ER,coco_0885_237864,21,vertical,target-reference,0.3660629828995685,9.167804718017578
COCO-2017-val,Molmo2-ER,coco_0886_206411,21,distance,target-reference,-0.5965740855442117,-4.786810457706451
COCO-2017-val,Molmo2-ER,coco_0886_206411,21,horizontal,target-reference,0.7977778158903382,1.90573388338089
COCO-2017-val,Molmo2-ER,coco_0886_206411,21,vertical,target-reference,-0.41714527623780256,-1.88655886054039
COCO-2017-val,Molmo2-ER,coco_0887_177213,21,distance,target-reference,-0.2187190526075392,-5.500366568565369
COCO-2017-val,Molmo2-ER,coco_0887_177213,21,horizontal,target-reference,0.5879624510999787,2.2734080851078033
COCO-2017-val,Molmo2-ER,coco_0887_177213,21,vertical,target-reference,-0.5138743552702696,-3.9109073877334595
COCO-2017-val,Molmo2-ER,coco_0888_542625,21,distance,target-reference,0.33884595599413037,-4.185327768325806
COCO-2017-val,Molmo2-ER,coco_0888_542625,21,horizontal,target-reference,0.6757820733636302,5.7746453285217285
COCO-2017-val,Molmo2-ER,coco_0888_542625,21,vertical,target-reference,0.7580056695243858,7.421833634376526
COCO-2017-val,Molmo2-ER,coco_0889_26690,21,distance,target-reference,0.1088131342225977,1.600865125656128
COCO-2017-val,Molmo2-ER,coco_0889_26690,21,horizontal,target-reference,-0.2645461305968495,-5.5921356081962585
COCO-2017-val,Molmo2-ER,coco_0889_26690,21,vertical,target-reference,-0.8987447976906242,-2.6954197883605957
COCO-2017-val,Molmo2-ER,coco_0890_237517,21,distance,target-reference,0.0703021940648777,-3.6306519508361808
COCO-2017-val,Molmo2-ER,coco_0890_237517,21,horizontal,target-reference,-0.6922396108504264,-2.756580889225006
COCO-2017-val,Molmo2-ER,coco_0890_237517,21,vertical,target-reference,-0.3953965450907658,-6.904822111129761
COCO-2017-val,Molmo2-ER,coco_0891_78426,21,distance,target-reference,0.6984585765403325,5.771141052246094
COCO-2017-val,Molmo2-ER,coco_0891_78426,21,horizontal,target-reference,-0.7346008560579527,-3.6119227409362793
COCO-2017-val,Molmo2-ER,coco_0891_78426,21,vertical,target-reference,0.5190752835869644,6.841009616851807
COCO-2017-val,Molmo2-ER,coco_0892_347370,21,distance,target-reference,0.039137813211975396,0.33308577537536666
COCO-2017-val,Molmo2-ER,coco_0892_347370,21,horizontal,target-reference,0.7929618986321781,1.1817560195922852
COCO-2017-val,Molmo2-ER,coco_0892_347370,21,vertical,target-reference,-0.231565777617934,0.7083789110183725
COCO-2017-val,Molmo2-ER,coco_0893_213422,21,distance,target-reference,-0.48226877927541917,-9.742273807525635
COCO-2017-val,Molmo2-ER,coco_0893_213422,21,horizontal,target-reference,-0.6715441136381435,-8.12040913105011
COCO-2017-val,Molmo2-ER,coco_0893_213422,21,vertical,target-reference,-0.5261199651924954,-6.481280565261841
COCO-2017-val,Molmo2-ER,coco_0894_365886,21,distance,target-reference,0.2398835131218925,-0.05998063087463379
COCO-2017-val,Molmo2-ER,coco_0894_365886,21,horizontal,target-reference,-0.5182108761279998,-5.218304872512817
COCO-2017-val,Molmo2-ER,coco_0894_365886,21,vertical,target-reference,0.2676906000918396,-0.7457873225212097
COCO-2017-val,Molmo2-ER,coco_0895_371677,21,distance,target-reference,0.250040690818293,-1.9918017387390137
COCO-2017-val,Molmo2-ER,coco_0895_371677,21,horizontal,target-reference,-0.8522601111602817,-12.592308044433594
COCO-2017-val,Molmo2-ER,coco_0895_371677,21,vertical,target-reference,0.6895295746385413,13.875898480415344
COCO-2017-val,Molmo2-ER,coco_0896_215723,21,distance,target-reference,-0.3766528886930196,-5.2344396114349365
COCO-2017-val,Molmo2-ER,coco_0896_215723,21,horizontal,target-reference,0.6445467247783502,6.2166757583618155
COCO-2017-val,Molmo2-ER,coco_0896_215723,21,vertical,target-reference,-1.1341258003796049,-12.722402572631836
COCO-2017-val,Molmo2-ER,coco_0897_262895,21,distance,target-reference,-0.0073785709197995986,-3.3456029891967773
COCO-2017-val,Molmo2-ER,coco_0897_262895,21,horizontal,target-reference,-0.3243853101357297,-3.132786750793457
COCO-2017-val,Molmo2-ER,coco_0897_262895,21,vertical,target-reference,-0.5117884501657772,-8.285102844238281
COCO-2017-val,Molmo2-ER,coco_0898_363461,21,distance,target-reference,0.18896168570427888,0.6184344291687012
COCO-2017-val,Molmo2-ER,coco_0898_363461,21,horizontal,target-reference,0.8627676810583829,4.408292293548584
COCO-2017-val,Molmo2-ER,coco_0898_363461,21,vertical,target-reference,0.11326015273090934,-1.1868021488189697
COCO-2017-val,Molmo2-ER,coco_0899_415748,21,distance,target-reference,-0.2264672015768577,-3.9497012123465542
COCO-2017-val,Molmo2-ER,coco_0899_415748,21,horizontal,target-reference,-0.0793707995076113,0.09122717380523682
COCO-2017-val,Molmo2-ER,coco_0899_415748,21,vertical,target-reference,-0.7407181926244026,-7.22395122051239
COCO-2017-val,Molmo2-ER,coco_0900_579635,21,distance,target-reference,-0.48951662181703537,-8.743605136871338
COCO-2017-val,Molmo2-ER,coco_0900_579635,21,horizontal,target-reference,-0.7367867847888436,-5.770323157310486
COCO-2017-val,Molmo2-ER,coco_0900_579635,21,vertical,target-reference,-0.751480067516356,-13.802621841430664
COCO-2017-val,Molmo2-ER,coco_0901_293625,21,distance,target-reference,0.7289107076751564,2.1111536026000977
COCO-2017-val,Molmo2-ER,coco_0901_293625,21,horizontal,target-reference,-0.16192194858201303,-8.500661611557007
COCO-2017-val,Molmo2-ER,coco_0901_293625,21,vertical,target-reference,1.1960555675994669,20.648196697235107
COCO-2017-val,Molmo2-ER,coco_0902_84664,21,distance,target-reference,0.7599355833816163,-0.9129159450531006
COCO-2017-val,Molmo2-ER,coco_0902_84664,21,horizontal,target-reference,0.2084651784576941,-0.5143140554428101
COCO-2017-val,Molmo2-ER,coco_0902_84664,21,vertical,target-reference,1.1623259237931185,2.5507566630840297
COCO-2017-val,Molmo2-ER,coco_0903_175364,21,distance,target-reference,-0.1541320876078695,-6.46821165084839
COCO-2017-val,Molmo2-ER,coco_0903_175364,21,horizontal,target-reference,-0.916400989549782,-4.756623089313508
COCO-2017-val,Molmo2-ER,coco_0903_175364,21,vertical,target-reference,-0.4305359740588149,-8.317913293838501
COCO-2017-val,Molmo2-ER,coco_0904_254516,21,distance,target-reference,0.7317674245946303,0.9789828658103943
COCO-2017-val,Molmo2-ER,coco_0904_254516,21,horizontal,target-reference,0.5290883300812488,-3.6461997628211975
COCO-2017-val,Molmo2-ER,coco_0904_254516,21,vertical,target-reference,-1.1264619772424251,-5.888018608093262
COCO-2017-val,Molmo2-ER,coco_0905_163562,21,distance,target-reference,0.10845586442569291,-1.128909707069397
COCO-2017-val,Molmo2-ER,coco_0905_163562,21,horizontal,target-reference,0.5921196852197188,4.527330935001373
COCO-2017-val,Molmo2-ER,coco_0905_163562,21,vertical,target-reference,-0.667691539475453,-9.782574892044067
COCO-2017-val,Molmo2-ER,coco_0906_244181,21,distance,target-reference,0.061752188056022006,-1.031310260295868
COCO-2017-val,Molmo2-ER,coco_0906_244181,21,horizontal,target-reference,1.0745562177174213,-0.8882875144481657
COCO-2017-val,Molmo2-ER,coco_0906_244181,21,vertical,target-reference,0.9816400455552206,5.801366925239563
COCO-2017-val,Molmo2-ER,coco_0907_54654,21,distance,target-reference,-0.4523223043439429,-1.2544169425964355
COCO-2017-val,Molmo2-ER,coco_0907_54654,21,horizontal,target-reference,0.7649106411696536,1.9064052104949951
COCO-2017-val,Molmo2-ER,coco_0907_54654,21,vertical,target-reference,-0.6109950337188687,-7.345087051391602
COCO-2017-val,Molmo2-ER,coco_0908_68765,21,distance,target-reference,-0.1273882183880797,-6.350602626800537
COCO-2017-val,Molmo2-ER,coco_0908_68765,21,horizontal,target-reference,-0.6148035232398904,-6.813608348369598
COCO-2017-val,Molmo2-ER,coco_0908_68765,21,vertical,target-reference,-0.5460656385234886,-6.435531854629517
COCO-2017-val,Molmo2-ER,coco_0909_536073,21,distance,target-reference,0.2714002691773022,5.623138189315796
COCO-2017-val,Molmo2-ER,coco_0909_536073,21,horizontal,target-reference,1.0231183120164755,8.23378300666809
COCO-2017-val,Molmo2-ER,coco_0909_536073,21,vertical,target-reference,0.31110340182251894,5.7069456577301025
COCO-2017-val,Molmo2-ER,coco_0910_133343,21,distance,target-reference,0.10803897502478571,-0.7661590576171875
COCO-2017-val,Molmo2-ER,coco_0910_133343,21,horizontal,target-reference,0.1113680182698899,1.7650068998336792
COCO-2017-val,Molmo2-ER,coco_0910_133343,21,vertical,target-reference,-0.5137017859008919,-10.345940113067627
COCO-2017-val,Molmo2-ER,coco_0911_454067,21,distance,target-reference,0.630177908398504,3.133918046951294
COCO-2017-val,Molmo2-ER,coco_0911_454067,21,horizontal,target-reference,0.7190873873245514,4.44117945432663
COCO-2017-val,Molmo2-ER,coco_0911_454067,21,vertical,target-reference,0.3734229660831817,7.084461092948914
COCO-2017-val,Molmo2-ER,coco_0912_341094,21,distance,target-reference,-0.599409529577914,-4.480897426605225
COCO-2017-val,Molmo2-ER,coco_0912_341094,21,horizontal,target-reference,0.9290445677642127,6.314843416213989
COCO-2017-val,Molmo2-ER,coco_0912_341094,21,vertical,target-reference,0.0650606926513697,3.6460866928100586
COCO-2017-val,Molmo2-ER,coco_0913_53529,21,distance,target-reference,0.1732001094027216,1.6414989233016968
COCO-2017-val,Molmo2-ER,coco_0913_53529,21,horizontal,target-reference,0.4823704032438662,4.57975572347641
COCO-2017-val,Molmo2-ER,coco_0913_53529,21,vertical,target-reference,-0.0106991183318525,-0.03636029362678528
COCO-2017-val,Molmo2-ER,coco_0914_435205,21,distance,target-reference,-0.03813747152682312,-2.620819926261902
COCO-2017-val,Molmo2-ER,coco_0914_435205,21,horizontal,target-reference,0.8979906741242467,6.194911837577821
COCO-2017-val,Molmo2-ER,coco_0914_435205,21,vertical,target-reference,-0.2558810229599328,-4.363801956176758
COCO-2017-val,Molmo2-ER,coco_0915_170893,21,distance,target-reference,0.0432378460064059,-4.332516252994537
COCO-2017-val,Molmo2-ER,coco_0915_170893,21,horizontal,target-reference,-0.5893795712028342,-5.980681657791138
COCO-2017-val,Molmo2-ER,coco_0915_170893,21,vertical,target-reference,0.38959185969941906,-1.9717450141906738
COCO-2017-val,Molmo2-ER,coco_0916_123213,21,distance,target-reference,-0.8340868520657122,-5.4813666343688965
COCO-2017-val,Molmo2-ER,coco_0916_123213,21,horizontal,target-reference,0.6671759392741059,1.0667845010757446
COCO-2017-val,Molmo2-ER,coco_0916_123213,21,vertical,target-reference,-0.9852663080361468,-10.811339378356934
COCO-2017-val,Molmo2-ER,coco_0917_377946,21,distance,target-reference,0.5702146398035619,5.027932167053224
COCO-2017-val,Molmo2-ER,coco_0917_377946,21,horizontal,target-reference,0.7697082185104998,6.083211719989777
COCO-2017-val,Molmo2-ER,coco_0917_377946,21,vertical,target-reference,0.2002411378305086,2.436427354812622
COCO-2017-val,Molmo2-ER,coco_0918_84674,21,distance,target-reference,-0.6755383528612633,-5.984966337680817
COCO-2017-val,Molmo2-ER,coco_0918_84674,21,horizontal,target-reference,1.0697439984103263,8.787531852722168
COCO-2017-val,Molmo2-ER,coco_0918_84674,21,vertical,target-reference,-0.5093604975602573,-8.14977478981018
COCO-2017-val,Molmo2-ER,coco_0919_211825,21,distance,target-reference,-0.4932729551746881,-11.198156356811523
COCO-2017-val,Molmo2-ER,coco_0919_211825,21,horizontal,target-reference,0.7431114209782698,4.882295548915863
COCO-2017-val,Molmo2-ER,coco_0919_211825,21,vertical,target-reference,-0.4610360459022368,-10.163476467132568
COCO-2017-val,Molmo2-ER,coco_0920_221693,21,distance,target-reference,0.1482903495142695,-4.041901111602783
COCO-2017-val,Molmo2-ER,coco_0920_221693,21,horizontal,target-reference,0.6951593951071382,3.0988153219223022
COCO-2017-val,Molmo2-ER,coco_0920_221693,21,vertical,target-reference,0.28878523567628567,-0.5825337171554565
COCO-2017-val,Molmo2-ER,coco_0921_386912,21,distance,target-reference,-0.6482158350904008,-1.5082172751426697
COCO-2017-val,Molmo2-ER,coco_0921_386912,21,horizontal,target-reference,0.876530835897316,6.646508097648621
COCO-2017-val,Molmo2-ER,coco_0921_386912,21,vertical,target-reference,-0.02687346068233487,1.990128755569458
COCO-2017-val,Molmo2-ER,coco_0922_157138,21,distance,target-reference,0.3100441868531723,-0.19180834293365456
COCO-2017-val,Molmo2-ER,coco_0922_157138,21,horizontal,target-reference,0.6326480695911922,-0.1624396592378617
COCO-2017-val,Molmo2-ER,coco_0922_157138,21,vertical,target-reference,0.7151431654928044,8.354393005371094
COCO-2017-val,Molmo2-ER,coco_0923_16598,21,distance,target-reference,-0.047582166410994664,-3.8522433042526245
COCO-2017-val,Molmo2-ER,coco_0923_16598,21,horizontal,target-reference,-0.3484801503174326,-5.653223216533661
COCO-2017-val,Molmo2-ER,coco_0923_16598,21,vertical,target-reference,0.9098712825370661,13.736571550369263
COCO-2017-val,Molmo2-ER,coco_0924_257370,21,distance,target-reference,0.1830686829598343,0.15890204906463623
COCO-2017-val,Molmo2-ER,coco_0924_257370,21,horizontal,target-reference,-0.4015807791289001,-6.832102417945862
COCO-2017-val,Molmo2-ER,coco_0924_257370,21,vertical,target-reference,0.8569115788683714,9.336616516113283
COCO-2017-val,Molmo2-ER,coco_0925_554156,21,distance,target-reference,0.2936706624376084,-1.2536258697509761
COCO-2017-val,Molmo2-ER,coco_0925_554156,21,horizontal,target-reference,-0.6184945961735869,-7.3413941860198975
COCO-2017-val,Molmo2-ER,coco_0925_554156,21,vertical,target-reference,0.929002708387282,6.569348573684692
COCO-2017-val,Molmo2-ER,coco_0926_358525,21,distance,target-reference,0.3066825722583072,-1.0740959644317627
COCO-2017-val,Molmo2-ER,coco_0926_358525,21,horizontal,target-reference,0.7156232692429706,3.3364531993865962
COCO-2017-val,Molmo2-ER,coco_0926_358525,21,vertical,target-reference,0.5685756796072958,2.5200300216674805
COCO-2017-val,Molmo2-ER,coco_0927_121417,21,distance,target-reference,-0.18495480293568262,-2.1874555945396423
COCO-2017-val,Molmo2-ER,coco_0927_121417,21,horizontal,target-reference,0.4769829974426478,-1.6670992374420166
COCO-2017-val,Molmo2-ER,coco_0927_121417,21,vertical,target-reference,0.8969689485745291,12.753630638122559
COCO-2017-val,Molmo2-ER,coco_0928_99810,21,distance,target-reference,0.27600445109448074,0.5181536674499507
COCO-2017-val,Molmo2-ER,coco_0928_99810,21,horizontal,target-reference,0.7313589692730855,1.3775038123130798
COCO-2017-val,Molmo2-ER,coco_0928_99810,21,vertical,target-reference,0.7114450330852724,8.112555503845215
COCO-2017-val,Molmo2-ER,coco_0929_46463,21,distance,target-reference,-0.6172324113241789,-7.7399187088012695
COCO-2017-val,Molmo2-ER,coco_0929_46463,21,horizontal,target-reference,1.0170254968001653,1.9180617332458496
COCO-2017-val,Molmo2-ER,coco_0929_46463,21,vertical,target-reference,-0.6812257616719302,-4.995703220367432
COCO-2017-val,Molmo2-ER,coco_0930_127270,21,distance,target-reference,-0.04232325426441408,0.9427201747894292
COCO-2017-val,Molmo2-ER,coco_0930_127270,21,horizontal,target-reference,-1.3717904493802304,-13.651194095611572
COCO-2017-val,Molmo2-ER,coco_0930_127270,21,vertical,target-reference,-0.0026663909026916066,-4.046205759048462
COCO-2017-val,Molmo2-ER,coco_0931_158744,21,distance,target-reference,-0.0565234210052705,-2.3689358234405518
COCO-2017-val,Molmo2-ER,coco_0931_158744,21,horizontal,target-reference,-0.8059432623431491,-12.07495641708374
COCO-2017-val,Molmo2-ER,coco_0931_158744,21,vertical,target-reference,0.0925191942602657,-0.8503744900226593
COCO-2017-val,Molmo2-ER,coco_0932_350002,21,distance,target-reference,0.0416483451449052,0.392146497964859
COCO-2017-val,Molmo2-ER,coco_0932_350002,21,horizontal,target-reference,0.6562486032470661,4.636136293411255
COCO-2017-val,Molmo2-ER,coco_0932_350002,21,vertical,target-reference,0.764710125787935,3.3909958600997925
COCO-2017-val,Molmo2-ER,coco_0933_34139,21,distance,target-reference,0.33881036182388513,0.28983163833618164
COCO-2017-val,Molmo2-ER,coco_0933_34139,21,horizontal,target-reference,-0.7413295938073599,-4.135562539100647
COCO-2017-val,Molmo2-ER,coco_0933_34139,21,vertical,target-reference,0.1577270580279953,0.9210660159587862
COCO-2017-val,Molmo2-ER,coco_0934_364297,21,distance,target-reference,-0.3116810797746208,-6.993200302124023
COCO-2017-val,Molmo2-ER,coco_0934_364297,21,horizontal,target-reference,-0.06401796995908332,-1.1814589500427242
COCO-2017-val,Molmo2-ER,coco_0934_364297,21,vertical,target-reference,-1.1908047127624208,-15.623355865478516
COCO-2017-val,Molmo2-ER,coco_0935_431876,21,distance,target-reference,-0.19903460391606287,-1.0507311820983887
COCO-2017-val,Molmo2-ER,coco_0935_431876,21,horizontal,target-reference,-1.2592924128744538,-8.895268440246582
COCO-2017-val,Molmo2-ER,coco_0935_431876,21,vertical,target-reference,-0.36543757606221927,-10.652388095855713
COCO-2017-val,Molmo2-ER,coco_0936_281754,21,distance,target-reference,-0.020766868722167986,-0.8138801455497742
COCO-2017-val,Molmo2-ER,coco_0936_281754,21,horizontal,target-reference,1.0604119772868947,10.924772024154663
COCO-2017-val,Molmo2-ER,coco_0936_281754,21,vertical,target-reference,-0.5622527616419966,-7.547491908073425
COCO-2017-val,Molmo2-ER,coco_0937_323202,21,distance,target-reference,-0.39740774710450777,-4.721395671367645
COCO-2017-val,Molmo2-ER,coco_0937_323202,21,horizontal,target-reference,-0.9230593831068937,-9.720328569412231
COCO-2017-val,Molmo2-ER,coco_0937_323202,21,vertical,target-reference,0.20632702440010608,2.571938395500183
COCO-2017-val,Molmo2-ER,coco_0938_473237,21,distance,target-reference,0.632920930586343,3.2216479778289795
COCO-2017-val,Molmo2-ER,coco_0938_473237,21,horizontal,target-reference,-0.8486837974383548,-4.4088218212127686
COCO-2017-val,Molmo2-ER,coco_0938_473237,21,vertical,target-reference,0.2645685876975213,-2.232985496520996
COCO-2017-val,Molmo2-ER,coco_0939_63740,21,distance,target-reference,0.0791728181536131,1.7068150043487549
COCO-2017-val,Molmo2-ER,coco_0939_63740,21,horizontal,target-reference,-0.7290897650210618,-12.488151788711548
COCO-2017-val,Molmo2-ER,coco_0939_63740,21,vertical,target-reference,0.6616583838664383,10.158984184265137
COCO-2017-val,Molmo2-ER,coco_0940_177539,21,distance,target-reference,0.3803710947284452,5.536774575710297
COCO-2017-val,Molmo2-ER,coco_0940_177539,21,horizontal,target-reference,-0.7157375657738138,-6.437697172164917
COCO-2017-val,Molmo2-ER,coco_0940_177539,21,vertical,target-reference,0.258770372543123,5.801774621009827
COCO-2017-val,Molmo2-ER,coco_0941_119677,21,distance,target-reference,0.13187579886341189,1.4660795331001282
COCO-2017-val,Molmo2-ER,coco_0941_119677,21,horizontal,target-reference,0.7764368233312525,3.441428482532501
COCO-2017-val,Molmo2-ER,coco_0941_119677,21,vertical,target-reference,0.614380401754979,7.39417028427124
COCO-2017-val,Molmo2-ER,coco_0942_193717,21,distance,target-reference,-0.8151986413963785,-9.215599298477173
COCO-2017-val,Molmo2-ER,coco_0942_193717,21,horizontal,target-reference,0.9387613008129396,3.2731443047523503
COCO-2017-val,Molmo2-ER,coco_0942_193717,21,vertical,target-reference,-0.4448912018556621,-7.664203643798828
COCO-2017-val,Molmo2-ER,coco_0943_309678,21,distance,target-reference,0.1275407628537743,-1.4071000218391418
COCO-2017-val,Molmo2-ER,coco_0943_309678,21,horizontal,target-reference,-0.7550328264980618,-3.9271994829177856
COCO-2017-val,Molmo2-ER,coco_0943_309678,21,vertical,target-reference,-0.15813187143197419,-3.2829784154891968
COCO-2017-val,Molmo2-ER,coco_0944_357737,21,distance,target-reference,-0.5322202873566304,-3.5240352153778076
COCO-2017-val,Molmo2-ER,coco_0944_357737,21,horizontal,target-reference,-0.8463903085518825,-8.197118520736694
COCO-2017-val,Molmo2-ER,coco_0944_357737,21,vertical,target-reference,-0.7137114055723346,-7.314359545707703
COCO-2017-val,Molmo2-ER,coco_0945_2157,21,distance,target-reference,-0.21336431138085682,-4.124287128448487
COCO-2017-val,Molmo2-ER,coco_0945_2157,21,horizontal,target-reference,0.5703744239646646,4.980591177940369
COCO-2017-val,Molmo2-ER,coco_0945_2157,21,vertical,target-reference,-0.1384242914171086,-3.590046167373657
COCO-2017-val,Molmo2-ER,coco_0946_112378,21,distance,target-reference,-0.7042817727448965,-8.825654029846191
COCO-2017-val,Molmo2-ER,coco_0946_112378,21,horizontal,target-reference,0.49257053495514064,-4.210310339927673
COCO-2017-val,Molmo2-ER,coco_0946_112378,21,vertical,target-reference,-1.1566263520893785,-12.228159189224243
COCO-2017-val,Molmo2-ER,coco_0947_173091,21,distance,target-reference,-0.3210891038906272,1.7017602920532227
COCO-2017-val,Molmo2-ER,coco_0947_173091,21,horizontal,target-reference,-0.8248148975418896,-14.509661674499512
COCO-2017-val,Molmo2-ER,coco_0947_173091,21,vertical,target-reference,0.06238231281925799,1.8751117885112762
COCO-2017-val,Molmo2-ER,coco_0948_481573,21,distance,target-reference,0.6212766290530013,3.9498971700668335
COCO-2017-val,Molmo2-ER,coco_0948_481573,21,horizontal,target-reference,-0.7757430308825897,-7.507746696472168
COCO-2017-val,Molmo2-ER,coco_0948_481573,21,vertical,target-reference,0.27363682258940547,6.252288341522217
COCO-2017-val,Molmo2-ER,coco_0949_139872,21,distance,target-reference,-0.1660056106905773,-1.310095191001892
COCO-2017-val,Molmo2-ER,coco_0949_139872,21,horizontal,target-reference,-0.6585980917440033,-5.421316385269165
COCO-2017-val,Molmo2-ER,coco_0949_139872,21,vertical,target-reference,-0.889501834483791,-7.318977773189545
COCO-2017-val,Molmo2-ER,coco_0950_295478,21,distance,target-reference,-0.014066473194156104,-1.1834930181503296
COCO-2017-val,Molmo2-ER,coco_0950_295478,21,horizontal,target-reference,-0.7697884260313328,-4.972912549972534
COCO-2017-val,Molmo2-ER,coco_0950_295478,21,vertical,target-reference,0.7093594009588567,8.591183185577393
COCO-2017-val,Molmo2-ER,coco_0951_45070,21,distance,target-reference,0.1875927322180925,-4.697468996047974
COCO-2017-val,Molmo2-ER,coco_0951_45070,21,horizontal,target-reference,0.0943859377513099,-0.21321988105773926
COCO-2017-val,Molmo2-ER,coco_0951_45070,21,vertical,target-reference,0.7554820730828599,6.5283355712890625
COCO-2017-val,Molmo2-ER,coco_0952_203294,21,distance,target-reference,0.07611658703013979,2.6027313470840454
COCO-2017-val,Molmo2-ER,coco_0952_203294,21,horizontal,target-reference,-0.7211442713021433,-4.6086345911026
COCO-2017-val,Molmo2-ER,coco_0952_203294,21,vertical,target-reference,-0.18325971180618258,-4.4443347454071045
COCO-2017-val,Molmo2-ER,coco_0953_322574,21,distance,target-reference,-0.6218245997530994,-6.788675546646119
COCO-2017-val,Molmo2-ER,coco_0953_322574,21,horizontal,target-reference,-0.6240540586278907,-1.6543175876140597
COCO-2017-val,Molmo2-ER,coco_0953_322574,21,vertical,target-reference,-0.7519259212619945,-8.123775720596313
COCO-2017-val,Molmo2-ER,coco_0954_802,21,distance,target-reference,0.03033602938059088,5.609569787979126
COCO-2017-val,Molmo2-ER,coco_0954_802,21,horizontal,target-reference,1.0750853720824458,13.631075859069824
COCO-2017-val,Molmo2-ER,coco_0954_802,21,vertical,target-reference,-0.12568990618317288,0.8030610084533691
COCO-2017-val,Molmo2-ER,coco_0955_560279,21,distance,target-reference,-0.0559283823233416,-5.377199172973633
COCO-2017-val,Molmo2-ER,coco_0955_560279,21,horizontal,target-reference,0.141925782681637,1.2345064878463745
COCO-2017-val,Molmo2-ER,coco_0955_560279,21,vertical,target-reference,-0.8149890810958204,-5.599349498748779
COCO-2017-val,Molmo2-ER,coco_0956_9483,21,distance,target-reference,0.1255380716418025,-0.466738224029541
COCO-2017-val,Molmo2-ER,coco_0956_9483,21,horizontal,target-reference,0.8078329808911748,3.1101750135421753
COCO-2017-val,Molmo2-ER,coco_0956_9483,21,vertical,target-reference,0.27893031297131665,6.038436651229858
COCO-2017-val,Molmo2-ER,coco_0957_406997,21,distance,target-reference,-0.4075065912249585,-6.663313031196594
COCO-2017-val,Molmo2-ER,coco_0957_406997,21,horizontal,target-reference,0.4542360681793558,2.260867863893509
COCO-2017-val,Molmo2-ER,coco_0957_406997,21,vertical,target-reference,-0.7197244240752597,-8.582530498504639
COCO-2017-val,Molmo2-ER,coco_0958_322844,21,distance,target-reference,-0.023937990674660292,0.4541395902633667
COCO-2017-val,Molmo2-ER,coco_0958_322844,21,horizontal,target-reference,0.050260440258628206,1.6544374823570251
COCO-2017-val,Molmo2-ER,coco_0958_322844,21,vertical,target-reference,0.9796793309040224,10.114059209823608
COCO-2017-val,Molmo2-ER,coco_0959_181542,21,distance,target-reference,0.017824741725744497,-3.109942734241485
COCO-2017-val,Molmo2-ER,coco_0959_181542,21,horizontal,target-reference,-0.9896017537940212,-7.177492618560791
COCO-2017-val,Molmo2-ER,coco_0959_181542,21,vertical,target-reference,-0.04892764206384781,-5.165059566497803
COCO-2017-val,Molmo2-ER,coco_0960_368752,21,distance,target-reference,-0.01245351803495559,-0.9881463050842281
COCO-2017-val,Molmo2-ER,coco_0960_368752,21,horizontal,target-reference,-0.944952691412054,-6.063616752624512
COCO-2017-val,Molmo2-ER,coco_0960_368752,21,vertical,target-reference,-0.4143264276164003,-5.708446264266968
COCO-2017-val,Molmo2-ER,coco_0961_500716,21,distance,target-reference,-0.12190507980012369,-5.231741666793823
COCO-2017-val,Molmo2-ER,coco_0961_500716,21,horizontal,target-reference,0.5912011823378145,6.135282874107361
COCO-2017-val,Molmo2-ER,coco_0961_500716,21,vertical,target-reference,0.47741780751812646,-3.842467784881592
COCO-2017-val,Molmo2-ER,coco_0962_476787,21,distance,target-reference,0.4615669689357158,4.406712293624878
COCO-2017-val,Molmo2-ER,coco_0962_476787,21,horizontal,target-reference,0.40002825110710727,7.305252552032471
COCO-2017-val,Molmo2-ER,coco_0962_476787,21,vertical,target-reference,0.9194268555542964,15.86951208114624
COCO-2017-val,Molmo2-ER,coco_0963_549674,21,distance,target-reference,-0.1577400038079817,-1.216480016708374
COCO-2017-val,Molmo2-ER,coco_0963_549674,21,horizontal,target-reference,-0.906504019147399,-9.18170166015625
COCO-2017-val,Molmo2-ER,coco_0963_549674,21,vertical,target-reference,-0.13796043847036366,-0.5660405158996582
COCO-2017-val,Molmo2-ER,coco_0964_67534,21,distance,target-reference,0.4120740792226013,0.8793462514877319
COCO-2017-val,Molmo2-ER,coco_0964_67534,21,horizontal,target-reference,-0.9637313047485491,-5.649026036262512
COCO-2017-val,Molmo2-ER,coco_0964_67534,21,vertical,target-reference,-0.22574214825745487,-8.523421287536621
COCO-2017-val,Molmo2-ER,coco_0965_226154,21,distance,target-reference,-0.2238821078818462,-8.807190418243408
COCO-2017-val,Molmo2-ER,coco_0965_226154,21,horizontal,target-reference,-0.7334233125259593,-7.663517713546753
COCO-2017-val,Molmo2-ER,coco_0965_226154,21,vertical,target-reference,0.3198062813849115,4.2398951053619385
COCO-2017-val,Molmo2-ER,coco_0966_97278,21,distance,target-reference,0.010000329000886793,-3.5302748680114755
COCO-2017-val,Molmo2-ER,coco_0966_97278,21,horizontal,target-reference,0.10212883953051399,-1.0003468990325926
COCO-2017-val,Molmo2-ER,coco_0966_97278,21,vertical,target-reference,-0.7340463900681344,-9.966615915298462
COCO-2017-val,Molmo2-ER,coco_0967_346968,21,distance,target-reference,0.21424974479865372,-0.671514630317688
COCO-2017-val,Molmo2-ER,coco_0967_346968,21,horizontal,target-reference,0.6996951733033696,4.505856275558472
COCO-2017-val,Molmo2-ER,coco_0967_346968,21,vertical,target-reference,-0.26368277681704116,-7.965240716934204
COCO-2017-val,Molmo2-ER,coco_0968_378605,21,distance,target-reference,0.2593011679217907,2.415924280881882
COCO-2017-val,Molmo2-ER,coco_0968_378605,21,horizontal,target-reference,-0.8911352068863212,-11.08057951927185
COCO-2017-val,Molmo2-ER,coco_0968_378605,21,vertical,target-reference,0.5411220385464518,9.970613956451416
COCO-2017-val,Molmo2-ER,coco_0969_200839,21,distance,target-reference,-0.0960805770433496,-4.07719624042511
COCO-2017-val,Molmo2-ER,coco_0969_200839,21,horizontal,target-reference,-0.7751987887659174,-5.9671424478292465
COCO-2017-val,Molmo2-ER,coco_0969_200839,21,vertical,target-reference,0.0432806778855697,-0.4297641217708587
COCO-2017-val,Molmo2-ER,coco_0970_148999,21,distance,target-reference,-0.3225213496250221,-6.226838529109955
COCO-2017-val,Molmo2-ER,coco_0970_148999,21,horizontal,target-reference,-0.7582712378260141,-7.234255433082581
COCO-2017-val,Molmo2-ER,coco_0970_148999,21,vertical,target-reference,-0.5694592957170923,-9.828994274139404
COCO-2017-val,Molmo2-ER,coco_0971_509131,21,distance,target-reference,0.6398302579690647,2.386980652809143
COCO-2017-val,Molmo2-ER,coco_0971_509131,21,horizontal,target-reference,0.5292835112738218,-2.4786252975463867
COCO-2017-val,Molmo2-ER,coco_0971_509131,21,vertical,target-reference,0.6944579263960523,16.217164039611816
COCO-2017-val,Molmo2-ER,coco_0972_191013,21,distance,target-reference,0.1259913545163905,-4.63771565258503
COCO-2017-val,Molmo2-ER,coco_0972_191013,21,horizontal,target-reference,-0.1157154927281522,-2.4854784011840825
COCO-2017-val,Molmo2-ER,coco_0972_191013,21,vertical,target-reference,0.7704125878149473,8.967559337615967
COCO-2017-val,Molmo2-ER,coco_0973_406129,21,distance,target-reference,-0.051071773978583285,-4.823544502258301
COCO-2017-val,Molmo2-ER,coco_0973_406129,21,horizontal,target-reference,-0.0314711489643113,-1.437134861946106
COCO-2017-val,Molmo2-ER,coco_0973_406129,21,vertical,target-reference,-0.8681203109644071,-7.872091054916383
COCO-2017-val,Molmo2-ER,coco_0974_512564,21,distance,target-reference,-0.2053831644358449,0.23838233947753906
COCO-2017-val,Molmo2-ER,coco_0974_512564,21,horizontal,target-reference,0.842229177947547,14.346643447875977
COCO-2017-val,Molmo2-ER,coco_0974_512564,21,vertical,target-reference,-0.27621240866466357,-6.179618835449219
COCO-2017-val,Molmo2-ER,coco_0975_460229,21,distance,target-reference,-0.6726068361622684,-8.33296024799347
COCO-2017-val,Molmo2-ER,coco_0975_460229,21,horizontal,target-reference,0.7440288499346877,-2.0760682821273804
COCO-2017-val,Molmo2-ER,coco_0975_460229,21,vertical,target-reference,0.6051535827637268,8.442949771881104
COCO-2017-val,Molmo2-ER,coco_0976_461751,21,distance,target-reference,0.05205337975295343,-2.094394028186798
COCO-2017-val,Molmo2-ER,coco_0976_461751,21,horizontal,target-reference,-0.9113601906475417,-7.277375221252441
COCO-2017-val,Molmo2-ER,coco_0976_461751,21,vertical,target-reference,0.3783997197835127,9.943761348724365
COCO-2017-val,Molmo2-ER,coco_0977_218091,21,distance,target-reference,-0.173584105085758,-0.8750154972076416
COCO-2017-val,Molmo2-ER,coco_0977_218091,21,horizontal,target-reference,-0.7508537274753546,-10.138327717781065
COCO-2017-val,Molmo2-ER,coco_0977_218091,21,vertical,target-reference,-0.0323571584615954,-3.6987613439559937
COCO-2017-val,Molmo2-ER,coco_0978_184611,21,distance,target-reference,-0.3489910199924001,-3.1652793288230896
COCO-2017-val,Molmo2-ER,coco_0978_184611,21,horizontal,target-reference,-0.728943231871773,-5.374583005905151
COCO-2017-val,Molmo2-ER,coco_0978_184611,21,vertical,target-reference,-0.5217172822960544,-3.35488697886467
COCO-2017-val,Molmo2-ER,coco_0979_198641,21,distance,target-reference,0.3694697406479642,1.3342247009277344
COCO-2017-val,Molmo2-ER,coco_0979_198641,21,horizontal,target-reference,-0.7460311126220232,-14.291033744812012
COCO-2017-val,Molmo2-ER,coco_0979_198641,21,vertical,target-reference,0.4460996450380146,2.5432662963867188
COCO-2017-val,Molmo2-ER,coco_0980_293044,21,distance,target-reference,-0.16930407041779721,-5.873188883066177
COCO-2017-val,Molmo2-ER,coco_0980_293044,21,horizontal,target-reference,-0.601572369508287,-5.847932577133179
COCO-2017-val,Molmo2-ER,coco_0980_293044,21,vertical,target-reference,-0.46481896550850826,-8.674390316009521
COCO-2017-val,Molmo2-ER,coco_0981_241668,21,distance,target-reference,0.22908814643269693,2.0958552956581116
COCO-2017-val,Molmo2-ER,coco_0981_241668,21,horizontal,target-reference,1.2311920837881187,1.2683907747268677
COCO-2017-val,Molmo2-ER,coco_0981_241668,21,vertical,target-reference,-0.08760624845910825,-6.227603733539581
COCO-2017-val,Molmo2-ER,coco_0982_533536,21,distance,target-reference,0.053393737671919496,-3.2586784958839417
COCO-2017-val,Molmo2-ER,coco_0982_533536,21,horizontal,target-reference,0.5070833221903293,4.496279954910278
COCO-2017-val,Molmo2-ER,coco_0982_533536,21,vertical,target-reference,-0.8982715784627986,-13.368148803710938
COCO-2017-val,Molmo2-ER,coco_0983_202001,21,distance,target-reference,0.1439315269625853,4.720224142074585
COCO-2017-val,Molmo2-ER,coco_0983_202001,21,horizontal,target-reference,-0.5479212321205615,-3.025088787078858
COCO-2017-val,Molmo2-ER,coco_0983_202001,21,vertical,target-reference,-0.5230861087992421,-5.636826157569885
COCO-2017-val,Molmo2-ER,coco_0984_222825,21,distance,target-reference,0.025593011698591406,-3.6020875573158264
COCO-2017-val,Molmo2-ER,coco_0984_222825,21,horizontal,target-reference,1.068831975870587,13.02099084854126
COCO-2017-val,Molmo2-ER,coco_0984_222825,21,vertical,target-reference,0.15644622279497855,1.4678610563278198
COCO-2017-val,Molmo2-ER,coco_0985_61471,21,distance,target-reference,-0.3667398485934052,-9.568718910217283
COCO-2017-val,Molmo2-ER,coco_0985_61471,21,horizontal,target-reference,-0.4910472743189429,-4.410894483327866
COCO-2017-val,Molmo2-ER,coco_0985_61471,21,vertical,target-reference,-0.861357279342565,-13.851638793945312
COCO-2017-val,Molmo2-ER,coco_0986_398377,21,distance,target-reference,0.19569370739819988,0.3350611627101898
COCO-2017-val,Molmo2-ER,coco_0986_398377,21,horizontal,target-reference,-0.7358444974254313,-8.17264473438263
COCO-2017-val,Molmo2-ER,coco_0986_398377,21,vertical,target-reference,0.027514394503492995,-0.9701927900314331
COCO-2017-val,Molmo2-ER,coco_0987_568290,21,distance,target-reference,0.3013552204836776,6.080941677093506
COCO-2017-val,Molmo2-ER,coco_0987_568290,21,horizontal,target-reference,-0.8110235124474011,-8.017802774906158
COCO-2017-val,Molmo2-ER,coco_0987_568290,21,vertical,target-reference,0.067472961540916,4.123529613018036
COCO-2017-val,Molmo2-ER,coco_0988_520009,21,distance,target-reference,-0.3402978110131995,-2.4045004844665527
COCO-2017-val,Molmo2-ER,coco_0988_520009,21,horizontal,target-reference,0.8620538171642809,9.310230135917664
COCO-2017-val,Molmo2-ER,coco_0988_520009,21,vertical,target-reference,-0.1910773805644872,-4.482228517532349
COCO-2017-val,Molmo2-ER,coco_0989_347544,21,distance,target-reference,0.6975112043458433,8.242836475372314
COCO-2017-val,Molmo2-ER,coco_0989_347544,21,horizontal,target-reference,0.7361619895587991,5.738472640514374
COCO-2017-val,Molmo2-ER,coco_0989_347544,21,vertical,target-reference,-0.021141757496262,0.7028148174285889
COCO-2017-val,Molmo2-ER,coco_0990_167898,21,distance,target-reference,0.07439453257739198,0.831006646156311
COCO-2017-val,Molmo2-ER,coco_0990_167898,21,horizontal,target-reference,0.2219368514664981,-2.1137478351593018
COCO-2017-val,Molmo2-ER,coco_0990_167898,21,vertical,target-reference,1.0833840758908748,17.001392364501953
COCO-2017-val,Molmo2-ER,coco_0991_256518,21,distance,target-reference,-0.3822139438909044,-4.096153140068054
COCO-2017-val,Molmo2-ER,coco_0991_256518,21,horizontal,target-reference,0.1538424938589899,-2.0332956314086914
COCO-2017-val,Molmo2-ER,coco_0991_256518,21,vertical,target-reference,-0.8661146418048494,-0.44292885065078735
COCO-2017-val,Molmo2-ER,coco_0992_82807,21,distance,target-reference,0.540778300933551,-0.18139433860778809
COCO-2017-val,Molmo2-ER,coco_0992_82807,21,horizontal,target-reference,0.20968236674360588,2.0402451753616333
COCO-2017-val,Molmo2-ER,coco_0992_82807,21,vertical,target-reference,0.8700543988980842,8.36607837677002
COCO-2017-val,Molmo2-ER,coco_0993_134886,21,distance,target-reference,0.1086056574700748,3.8181027472019196
COCO-2017-val,Molmo2-ER,coco_0993_134886,21,horizontal,target-reference,0.5899831662359465,0.6364925503730776
COCO-2017-val,Molmo2-ER,coco_0993_134886,21,vertical,target-reference,0.7582771323005698,17.090632438659668
COCO-2017-val,Molmo2-ER,coco_0994_225946,21,distance,target-reference,-0.1960745835089751,-2.0843732357025146
COCO-2017-val,Molmo2-ER,coco_0994_225946,21,horizontal,target-reference,0.6996483372151032,3.654146909713745
COCO-2017-val,Molmo2-ER,coco_0994_225946,21,vertical,target-reference,-0.0160944440558164,-1.7531994879245758
COCO-2017-val,Molmo2-ER,coco_0995_190853,21,distance,target-reference,0.1305613396356356,-0.6732646226882935
COCO-2017-val,Molmo2-ER,coco_0995_190853,21,horizontal,target-reference,0.4350678097752116,1.1762157082557678
COCO-2017-val,Molmo2-ER,coco_0995_190853,21,vertical,target-reference,-0.6139330830693637,-1.1594435572624207
COCO-2017-val,Molmo2-ER,coco_0996_339823,21,distance,target-reference,0.4017815416815652,-0.5094448924064638
COCO-2017-val,Molmo2-ER,coco_0996_339823,21,horizontal,target-reference,-0.1802993000125592,-1.6707921028137205
COCO-2017-val,Molmo2-ER,coco_0996_339823,21,vertical,target-reference,0.8170329387462367,7.8222620487213135
COCO-2017-val,Molmo2-ER,coco_0997_194716,21,distance,target-reference,0.8911009017895104,2.4857165813446045
COCO-2017-val,Molmo2-ER,coco_0997_194716,21,horizontal,target-reference,-0.5998888918736132,-1.9770838022232056
COCO-2017-val,Molmo2-ER,coco_0997_194716,21,vertical,target-reference,0.9637732585059974,9.377988070249557
COCO-2017-val,Molmo2-ER,coco_0998_267300,21,distance,target-reference,0.4356751781560308,2.515261650085449
COCO-2017-val,Molmo2-ER,coco_0998_267300,21,horizontal,target-reference,0.670354796406057,1.0203394889831543
COCO-2017-val,Molmo2-ER,coco_0998_267300,21,vertical,target-reference,0.6147040552138018,12.740477234125139
COCO-2017-val,Molmo2-ER,coco_0999_240250,21,distance,target-reference,0.21309434429625218,0.38818359375
COCO-2017-val,Molmo2-ER,coco_0999_240250,21,horizontal,target-reference,0.9935831694101797,8.233502626419067
COCO-2017-val,Molmo2-ER,coco_0999_240250,21,vertical,target-reference,0.10461005989573449,-1.498097538948059
COCO-2017-val,Molmo2-ER,coco_1000_29640,21,distance,target-reference,0.0530675169693129,3.9946313500404362
COCO-2017-val,Molmo2-ER,coco_1000_29640,21,horizontal,target-reference,0.3208851741252721,2.5733503103256226
COCO-2017-val,Molmo2-ER,coco_1000_29640,21,vertical,target-reference,-0.9047967728681992,-0.1592360138893127
COCO-2017-val,Molmo2-ER,coco_1001_501005,21,distance,target-reference,-0.07070839619251551,-4.976752400398254
COCO-2017-val,Molmo2-ER,coco_1001_501005,21,horizontal,target-reference,0.7520047426738867,6.097030878067017
COCO-2017-val,Molmo2-ER,coco_1001_501005,21,vertical,target-reference,0.6924263702568859,8.390650272369385
COCO-2017-val,Molmo2-ER,coco_1002_328601,21,distance,target-reference,-0.5327339021353024,-5.105177402496338
COCO-2017-val,Molmo2-ER,coco_1002_328601,21,horizontal,target-reference,1.2719217916969139,6.001080572605133
COCO-2017-val,Molmo2-ER,coco_1002_328601,21,vertical,target-reference,0.34536232826773794,4.949676871299744
COCO-2017-val,Molmo2-ER,coco_1003_345397,21,distance,target-reference,0.5426657804159113,2.0947537422180176
COCO-2017-val,Molmo2-ER,coco_1003_345397,21,horizontal,target-reference,0.718112336471924,7.793991565704346
COCO-2017-val,Molmo2-ER,coco_1003_345397,21,vertical,target-reference,-0.5074693590875403,-8.2695472240448
COCO-2017-val,Molmo2-ER,coco_1004_147338,21,distance,target-reference,0.8072456967894872,3.0082485899329185
COCO-2017-val,Molmo2-ER,coco_1004_147338,21,horizontal,target-reference,0.6536141277151442,-3.2202924489974976
COCO-2017-val,Molmo2-ER,coco_1004_147338,21,vertical,target-reference,0.5552577031054283,7.036508798599243
COCO-2017-val,Molmo2-ER,coco_1005_327592,21,distance,target-reference,-0.30500926421748986,-3.781199663877487
COCO-2017-val,Molmo2-ER,coco_1005_327592,21,horizontal,target-reference,-0.4862103010146711,-3.700369119644165
COCO-2017-val,Molmo2-ER,coco_1005_327592,21,vertical,target-reference,-0.4618391408257437,-8.28588318824768
COCO-2017-val,Molmo2-ER,coco_1006_265777,21,distance,target-reference,-0.2789047639717996,-6.706502199172974
COCO-2017-val,Molmo2-ER,coco_1006_265777,21,horizontal,target-reference,-0.0937341117837629,-1.4870864152908334
COCO-2017-val,Molmo2-ER,coco_1006_265777,21,vertical,target-reference,-0.6483858890167986,-8.65282654762268
COCO-2017-val,Molmo2-ER,coco_1007_101420,21,distance,target-reference,0.2722971760796512,-3.154754757881165
COCO-2017-val,Molmo2-ER,coco_1007_101420,21,horizontal,target-reference,0.2574544328824469,0.5973153114318848
COCO-2017-val,Molmo2-ER,coco_1007_101420,21,vertical,target-reference,0.7872820101917177,11.096231937408447
COCO-2017-val,Molmo2-ER,coco_1008_117744,21,distance,target-reference,-0.011836360508303306,-3.255418300628662
COCO-2017-val,Molmo2-ER,coco_1008_117744,21,horizontal,target-reference,-0.12006804782617239,-4.6375038623809814
COCO-2017-val,Molmo2-ER,coco_1008_117744,21,vertical,target-reference,-0.7589436306182278,-8.17723536491394
COCO-2017-val,Molmo2-ER,coco_1009_243344,21,distance,target-reference,0.4496151398885709,3.3535454273223877
COCO-2017-val,Molmo2-ER,coco_1009_243344,21,horizontal,target-reference,0.3585705902340554,0.8062258958816533
COCO-2017-val,Molmo2-ER,coco_1009_243344,21,vertical,target-reference,0.6809281029538604,12.07653522491455
COCO-2017-val,Molmo2-ER,coco_1010_384468,21,distance,target-reference,0.4765708419730058,0.8313465118408203
COCO-2017-val,Molmo2-ER,coco_1010_384468,21,horizontal,target-reference,0.8724828795223971,9.026535511016846
COCO-2017-val,Molmo2-ER,coco_1010_384468,21,vertical,target-reference,0.06695496698003711,0.6351734101772308
COCO-2017-val,Molmo2-ER,coco_1011_409358,21,distance,target-reference,-0.22969581785138132,-7.695554494857788
COCO-2017-val,Molmo2-ER,coco_1011_409358,21,horizontal,target-reference,-0.9057528305425311,-13.80943489074707
COCO-2017-val,Molmo2-ER,coco_1011_409358,21,vertical,target-reference,0.3842227388561048,-0.03058624267578125
COCO-2017-val,Molmo2-ER,coco_1012_540962,21,distance,target-reference,0.07586214918911283,-1.6880614161491394
COCO-2017-val,Molmo2-ER,coco_1012_540962,21,horizontal,target-reference,0.8813372991837788,13.303964614868164
COCO-2017-val,Molmo2-ER,coco_1012_540962,21,vertical,target-reference,-0.06867344448736701,-6.00553297996521
COCO-2017-val,Molmo2-ER,coco_1013_507223,21,distance,target-reference,0.27470885688841934,-1.4295252859592438
COCO-2017-val,Molmo2-ER,coco_1013_507223,21,horizontal,target-reference,0.9442035424471732,7.917339086532593
COCO-2017-val,Molmo2-ER,coco_1013_507223,21,vertical,target-reference,0.554372325966673,11.000967979431152
COCO-2017-val,Molmo2-ER,coco_1014_116825,21,distance,target-reference,-0.4125513873823814,-6.147118806838989
COCO-2017-val,Molmo2-ER,coco_1014_116825,21,horizontal,target-reference,-0.9813194330266721,-9.385965824127197
COCO-2017-val,Molmo2-ER,coco_1014_116825,21,vertical,target-reference,-0.2812358703759006,-3.281426429748535
COCO-2017-val,Molmo2-ER,coco_1015_150265,21,distance,target-reference,0.21826360422973556,-0.4928576946258545
COCO-2017-val,Molmo2-ER,coco_1015_150265,21,horizontal,target-reference,-0.2479293632281206,-8.489993333816528
COCO-2017-val,Molmo2-ER,coco_1015_150265,21,vertical,target-reference,0.8806706339557635,13.170169353485107
COCO-2017-val,Molmo2-ER,coco_1016_318238,21,distance,target-reference,0.3085307003516309,3.807410717010498
COCO-2017-val,Molmo2-ER,coco_1016_318238,21,horizontal,target-reference,-0.3013731484431384,1.6354514062404633
COCO-2017-val,Molmo2-ER,coco_1016_318238,21,vertical,target-reference,0.7360748768654859,3.269229769706726
COCO-2017-val,Molmo2-ER,coco_1017_236721,21,distance,target-reference,0.031734785603851595,3.0587425231933594
COCO-2017-val,Molmo2-ER,coco_1017_236721,21,horizontal,target-reference,0.827539771949623,11.18381404876709
COCO-2017-val,Molmo2-ER,coco_1017_236721,21,vertical,target-reference,0.1815658374629966,8.444411396980286
COCO-2017-val,Molmo2-ER,coco_1018_340015,21,distance,target-reference,0.5680940686700802,1.2450996041297913
COCO-2017-val,Molmo2-ER,coco_1018_340015,21,horizontal,target-reference,-0.2918229251801656,0.9298282861709595
COCO-2017-val,Molmo2-ER,coco_1018_340015,21,vertical,target-reference,0.8695614299283648,-1.1748057603836066
COCO-2017-val,Molmo2-ER,coco_1019_313588,21,distance,target-reference,-0.6367464335893553,-6.578510284423828
COCO-2017-val,Molmo2-ER,coco_1019_313588,21,horizontal,target-reference,-1.1551571646207337,-8.063409090042114
COCO-2017-val,Molmo2-ER,coco_1019_313588,21,vertical,target-reference,-0.1991255008556438,-9.11857795715332
COCO-2017-val,Molmo2-ER,coco_1020_29397,21,distance,target-reference,-0.07393680212053691,-1.4511075019836426
COCO-2017-val,Molmo2-ER,coco_1020_29397,21,horizontal,target-reference,-0.4283250997004336,-6.378394961357117
COCO-2017-val,Molmo2-ER,coco_1020_29397,21,vertical,target-reference,0.7118055526515052,12.937687873840334
COCO-2017-val,Molmo2-ER,coco_1021_468332,21,distance,target-reference,0.2942264579416627,4.105051517486572
COCO-2017-val,Molmo2-ER,coco_1021_468332,21,horizontal,target-reference,0.7902139688993313,1.6307149827480316
COCO-2017-val,Molmo2-ER,coco_1021_468332,21,vertical,target-reference,0.33579019671252963,1.259072184562683
COCO-2017-val,Molmo2-ER,coco_1022_563267,21,distance,target-reference,0.3886918370371396,3.386423707008361
COCO-2017-val,Molmo2-ER,coco_1022_563267,21,horizontal,target-reference,-0.38935325893559225,-3.1286078095436087
COCO-2017-val,Molmo2-ER,coco_1022_563267,21,vertical,target-reference,0.7300397209533029,14.880735397338869
COCO-2017-val,Molmo2-ER,coco_1023_196141,21,distance,target-reference,0.2179045504848547,-4.857150316238403
COCO-2017-val,Molmo2-ER,coco_1023_196141,21,horizontal,target-reference,0.8529675692695217,6.407727003097534
COCO-2017-val,Molmo2-ER,coco_1023_196141,21,vertical,target-reference,0.2918150025984477,8.106818675994873
COCO-2017-val,Molmo2-ER,coco_1024_329542,21,distance,target-reference,0.3607917865883744,-1.827632486820221
COCO-2017-val,Molmo2-ER,coco_1024_329542,21,horizontal,target-reference,-0.8647459511890196,-0.9032210409641266
COCO-2017-val,Molmo2-ER,coco_1024_329542,21,vertical,target-reference,-0.05852116469288049,-6.132411956787109
COCO-2017-val,Molmo2-ER,coco_1025_474164,21,distance,target-reference,0.7253482387348588,5.690740942955017
COCO-2017-val,Molmo2-ER,coco_1025_474164,21,horizontal,target-reference,0.742115786158549,-1.1818327903747565
COCO-2017-val,Molmo2-ER,coco_1025_474164,21,vertical,target-reference,0.31270849386418553,1.9111216068267822
COCO-2017-val,Molmo2-ER,coco_1026_72281,21,distance,target-reference,0.1521190063759059,-0.5047426223754883
COCO-2017-val,Molmo2-ER,coco_1026_72281,21,horizontal,target-reference,0.020104566418837094,-0.6030251979827879
COCO-2017-val,Molmo2-ER,coco_1026_72281,21,vertical,target-reference,0.7101112930994057,10.909738063812256
COCO-2017-val,Molmo2-ER,coco_1027_116439,21,distance,target-reference,-0.35597306581129984,-2.680438995361328
COCO-2017-val,Molmo2-ER,coco_1027_116439,21,horizontal,target-reference,1.0763831051864277,-0.7661653757095337
COCO-2017-val,Molmo2-ER,coco_1027_116439,21,vertical,target-reference,-0.11514810885237631,0.4874441623687744
COCO-2017-val,Molmo2-ER,coco_1028_186282,21,distance,target-reference,-0.5398637630863596,-5.906341075897217
COCO-2017-val,Molmo2-ER,coco_1028_186282,21,horizontal,target-reference,-0.04000704753778159,-1.2442474365234375
COCO-2017-val,Molmo2-ER,coco_1028_186282,21,vertical,target-reference,-1.0771624059807725,-14.818845272064209
COCO-2017-val,Molmo2-ER,coco_1029_138492,21,distance,target-reference,-0.05605654377521552,-0.4310568571090696
COCO-2017-val,Molmo2-ER,coco_1029_138492,21,horizontal,target-reference,0.42576870738036265,-0.025200963020324707
COCO-2017-val,Molmo2-ER,coco_1029_138492,21,vertical,target-reference,0.5733429795117674,7.190969407558441
COCO-2017-val,Molmo2-ER,coco_1030_278463,21,distance,target-reference,-0.4369898897310951,-3.5777107477188106
COCO-2017-val,Molmo2-ER,coco_1030_278463,21,horizontal,target-reference,0.830609704933544,4.530117034912109
COCO-2017-val,Molmo2-ER,coco_1030_278463,21,vertical,target-reference,-0.06190159998497702,-5.997595429420471
COCO-2017-val,Molmo2-ER,coco_1031_239318,21,distance,target-reference,0.10390845530272079,-2.018049716949463
COCO-2017-val,Molmo2-ER,coco_1031_239318,21,horizontal,target-reference,-0.8126025886880905,-3.932840883731842
COCO-2017-val,Molmo2-ER,coco_1031_239318,21,vertical,target-reference,0.11812204729721881,-3.188195586204529
COCO-2017-val,Molmo2-ER,coco_1032_248111,21,distance,target-reference,-0.20895678186551597,-7.663259983062745
COCO-2017-val,Molmo2-ER,coco_1032_248111,21,horizontal,target-reference,-0.7795490837141832,-19.11151885986328
COCO-2017-val,Molmo2-ER,coco_1032_248111,21,vertical,target-reference,-0.1519816080962091,-1.0214980244636536
COCO-2017-val,Molmo2-ER,coco_1033_210394,21,distance,target-reference,-0.1116881055764631,-6.751886427402496
COCO-2017-val,Molmo2-ER,coco_1033_210394,21,horizontal,target-reference,0.7848997184158943,3.821743369102478
COCO-2017-val,Molmo2-ER,coco_1033_210394,21,vertical,target-reference,0.2701781707816278,8.340262413024902
COCO-2017-val,Molmo2-ER,coco_1034_42102,21,distance,target-reference,0.263758767629121,-3.9519712924957275
COCO-2017-val,Molmo2-ER,coco_1034_42102,21,horizontal,target-reference,-0.7574809318212085,-4.159384489059448
COCO-2017-val,Molmo2-ER,coco_1034_42102,21,vertical,target-reference,0.6003552116116225,5.5254387855529785
COCO-2017-val,Molmo2-ER,coco_1035_489924,21,distance,target-reference,0.11708926340416317,-2.348676025867462
COCO-2017-val,Molmo2-ER,coco_1035_489924,21,horizontal,target-reference,-0.42661272593868815,-4.487186193466187
COCO-2017-val,Molmo2-ER,coco_1035_489924,21,vertical,target-reference,-1.0552295913673801,-11.870317459106445
COCO-2017-val,Molmo2-ER,coco_1036_199055,21,distance,target-reference,0.05309781551118223,-2.3647776842117314
COCO-2017-val,Molmo2-ER,coco_1036_199055,21,horizontal,target-reference,0.0476819910311746,1.577008068561554
COCO-2017-val,Molmo2-ER,coco_1036_199055,21,vertical,target-reference,0.8407198648899322,11.486474514007568
COCO-2017-val,Molmo2-ER,coco_1037_369037,21,distance,target-reference,-0.199799623021953,-2.3438279032707223
COCO-2017-val,Molmo2-ER,coco_1037_369037,21,horizontal,target-reference,0.436282382514961,2.907370567321778
COCO-2017-val,Molmo2-ER,coco_1037_369037,21,vertical,target-reference,0.9432560071340991,8.201058387756348
COCO-2017-val,Molmo2-ER,coco_1038_183965,21,distance,target-reference,0.010212489252506396,-1.7287836670875558
COCO-2017-val,Molmo2-ER,coco_1038_183965,21,horizontal,target-reference,-0.6890169269268888,-12.03489065170288
COCO-2017-val,Molmo2-ER,coco_1038_183965,21,vertical,target-reference,-0.4812869751692248,-11.871450901031494
COCO-2017-val,Molmo2-ER,coco_1039_255824,21,distance,target-reference,0.1930492793608213,-0.7996910214424133
COCO-2017-val,Molmo2-ER,coco_1039_255824,21,horizontal,target-reference,-0.3408956517000128,-5.750693440437317
COCO-2017-val,Molmo2-ER,coco_1039_255824,21,vertical,target-reference,0.7064653023376544,8.591844439506533
COCO-2017-val,Molmo2-ER,coco_1040_366884,21,distance,target-reference,0.2371710256759086,7.001587390899658
COCO-2017-val,Molmo2-ER,coco_1040_366884,21,horizontal,target-reference,-0.29693347589280195,-7.373742341995239
COCO-2017-val,Molmo2-ER,coco_1040_366884,21,vertical,target-reference,1.0172650513369736,17.113475799560547
COCO-2017-val,Molmo2-ER,coco_1041_319607,21,distance,target-reference,-0.04274783676758659,-2.7653114795684814
COCO-2017-val,Molmo2-ER,coco_1041_319607,21,horizontal,target-reference,0.7293622804317299,7.506175994873047
COCO-2017-val,Molmo2-ER,coco_1041_319607,21,vertical,target-reference,-0.6534036951242176,-9.171932697296143
COCO-2017-val,Molmo2-ER,coco_1042_213547,21,distance,target-reference,-0.7509861241961753,-5.269449353218079
COCO-2017-val,Molmo2-ER,coco_1042_213547,21,horizontal,target-reference,-0.6613871793529343,-10.365492343902588
COCO-2017-val,Molmo2-ER,coco_1042_213547,21,vertical,target-reference,-0.6449272737499347,-5.329617232084274
COCO-2017-val,Molmo2-ER,coco_1043_6471,21,distance,target-reference,0.15782274253343642,-5.075533151626587
COCO-2017-val,Molmo2-ER,coco_1043_6471,21,horizontal,target-reference,-0.4295500015908877,-6.752450466156006
COCO-2017-val,Molmo2-ER,coco_1043_6471,21,vertical,target-reference,1.1186101625504725,16.190663814544678
COCO-2017-val,Molmo2-ER,coco_1044_501523,21,distance,target-reference,-0.1418766094338825,-5.965948224067688
COCO-2017-val,Molmo2-ER,coco_1044_501523,21,horizontal,target-reference,-0.1040704742526093,-4.141653776168823
COCO-2017-val,Molmo2-ER,coco_1044_501523,21,vertical,target-reference,-0.9020151020080613,-4.631553530693054
COCO-2017-val,Molmo2-ER,coco_1045_168337,21,distance,target-reference,-0.012101774164544402,-4.967973828315735
COCO-2017-val,Molmo2-ER,coco_1045_168337,21,horizontal,target-reference,-0.8590016664096729,-6.732573866844177
COCO-2017-val,Molmo2-ER,coco_1045_168337,21,vertical,target-reference,0.036628030281684154,3.8687443733215336
COCO-2017-val,Molmo2-ER,coco_1046_85376,21,distance,target-reference,0.5250103467190108,5.923422574996948
COCO-2017-val,Molmo2-ER,coco_1046_85376,21,horizontal,target-reference,0.8511255540521929,2.7758736610412598
COCO-2017-val,Molmo2-ER,coco_1046_85376,21,vertical,target-reference,0.583473214865085,5.3181750774383545
COCO-2017-val,Molmo2-ER,coco_1047_442480,21,distance,target-reference,0.011887328141641118,-2.840889811515808
COCO-2017-val,Molmo2-ER,coco_1047_442480,21,horizontal,target-reference,0.8030100301148069,8.694205522537231
COCO-2017-val,Molmo2-ER,coco_1047_442480,21,vertical,target-reference,-0.2094701126570599,-6.971982479095459
COCO-2017-val,Molmo2-ER,coco_1048_312421,21,distance,target-reference,0.2969508360160023,4.23983895778656
COCO-2017-val,Molmo2-ER,coco_1048_312421,21,horizontal,target-reference,0.6717201133707802,7.760973572731018
COCO-2017-val,Molmo2-ER,coco_1048_312421,21,vertical,target-reference,0.238349549250505,5.170932292938232
COCO-2017-val,Molmo2-ER,coco_1049_158660,21,distance,target-reference,0.40681354685849536,8.398821711540222
COCO-2017-val,Molmo2-ER,coco_1049_158660,21,horizontal,target-reference,-0.8768906215584977,-9.036109566688538
COCO-2017-val,Molmo2-ER,coco_1049_158660,21,vertical,target-reference,0.1802208501015527,5.813149452209472
COCO-2017-val,Molmo2-ER,coco_1050_15497,21,distance,target-reference,-0.3528416872149281,-5.370472192764282
COCO-2017-val,Molmo2-ER,coco_1050_15497,21,horizontal,target-reference,0.4533568990599735,5.006599187850953
COCO-2017-val,Molmo2-ER,coco_1050_15497,21,vertical,target-reference,-0.6206370880279555,-4.8624314069747925
COCO-2017-val,Molmo2-ER,coco_1051_57672,21,distance,target-reference,0.4731030171517187,4.753012537956238
COCO-2017-val,Molmo2-ER,coco_1051_57672,21,horizontal,target-reference,0.5589516235086303,4.229844748973846
COCO-2017-val,Molmo2-ER,coco_1051_57672,21,vertical,target-reference,0.8568459957459962,9.125866889953613
COCO-2017-val,Molmo2-ER,coco_1052_347930,21,distance,target-reference,0.3114273828168098,1.4980909228324886
COCO-2017-val,Molmo2-ER,coco_1052_347930,21,horizontal,target-reference,0.3075304731902588,0.9164161384105682
COCO-2017-val,Molmo2-ER,coco_1052_347930,21,vertical,target-reference,0.8117202775839101,10.687074899673464
COCO-2017-val,Molmo2-ER,coco_1053_193348,21,distance,target-reference,0.2080673392594517,1.9063324928283691
COCO-2017-val,Molmo2-ER,coco_1053_193348,21,horizontal,target-reference,0.7530975510072406,1.8750433921813965
COCO-2017-val,Molmo2-ER,coco_1053_193348,21,vertical,target-reference,0.2893012415798091,-0.10842180252075195
COCO-2017-val,Molmo2-ER,coco_1054_43581,21,distance,target-reference,-0.19260509602963288,-4.08855676651001
COCO-2017-val,Molmo2-ER,coco_1054_43581,21,horizontal,target-reference,0.5118879000169595,0.8650728464126587
COCO-2017-val,Molmo2-ER,coco_1054_43581,21,vertical,target-reference,-0.3782954273319531,-0.21954262256622337
COCO-2017-val,Molmo2-ER,coco_1055_492878,21,distance,target-reference,0.08851801668166429,-4.070125579833984
COCO-2017-val,Molmo2-ER,coco_1055_492878,21,horizontal,target-reference,-0.8119652817570118,-3.936349391937256
COCO-2017-val,Molmo2-ER,coco_1055_492878,21,vertical,target-reference,-0.2587680945135029,-4.527644217014313
COCO-2017-val,Molmo2-ER,coco_1056_310200,21,distance,target-reference,0.5966752357860821,6.565086126327515
COCO-2017-val,Molmo2-ER,coco_1056_310200,21,horizontal,target-reference,0.058906959463335,-1.725909352302551
COCO-2017-val,Molmo2-ER,coco_1056_310200,21,vertical,target-reference,0.9116511030048539,10.07813674211502
COCO-2017-val,Molmo2-ER,coco_1057_238410,21,distance,target-reference,0.379022303102333,8.769481182098389
COCO-2017-val,Molmo2-ER,coco_1057_238410,21,horizontal,target-reference,-0.22548527792838902,-9.350802779197693
COCO-2017-val,Molmo2-ER,coco_1057_238410,21,vertical,target-reference,1.0863281683535124,19.344207763671875
COCO-2017-val,Molmo2-ER,coco_1058_480122,21,distance,target-reference,0.4650023384070815,7.092448890209198
COCO-2017-val,Molmo2-ER,coco_1058_480122,21,horizontal,target-reference,0.6501635896681518,4.232792139053345
COCO-2017-val,Molmo2-ER,coco_1058_480122,21,vertical,target-reference,0.4285319192645192,6.418003082275391
COCO-2017-val,Molmo2-ER,coco_1059_375278,21,distance,target-reference,0.4279203608451932,1.9075233936309814
COCO-2017-val,Molmo2-ER,coco_1059_375278,21,horizontal,target-reference,-0.5250092260534548,-4.32324481010437
COCO-2017-val,Molmo2-ER,coco_1059_375278,21,vertical,target-reference,-0.9063168359107174,-4.574143886566162
COCO-2017-val,Molmo2-ER,coco_1060_473406,21,distance,target-reference,-0.2617068734529875,-2.5482189655303955
COCO-2017-val,Molmo2-ER,coco_1060_473406,21,horizontal,target-reference,-0.7471444671373518,-4.208297967910767
COCO-2017-val,Molmo2-ER,coco_1060_473406,21,vertical,target-reference,-0.5108440372285175,-4.071563005447388
COCO-2017-val,Molmo2-ER,coco_1061_134882,21,distance,target-reference,0.2575587989850195,3.5568363666534424
COCO-2017-val,Molmo2-ER,coco_1061_134882,21,horizontal,target-reference,0.9355782456995585,7.642545700073242
COCO-2017-val,Molmo2-ER,coco_1061_134882,21,vertical,target-reference,0.3582466965376938,7.900567531585693
COCO-2017-val,Molmo2-ER,coco_1062_345466,21,distance,target-reference,0.6077716315760111,4.964111626148224
COCO-2017-val,Molmo2-ER,coco_1062_345466,21,horizontal,target-reference,0.8106025116102356,3.9263890981674194
COCO-2017-val,Molmo2-ER,coco_1062_345466,21,vertical,target-reference,0.32493088288987415,9.0532066822052
COCO-2017-val,Molmo2-ER,coco_1063_369310,21,distance,target-reference,-0.8246787790455513,-5.750608325004578
COCO-2017-val,Molmo2-ER,coco_1063_369310,21,horizontal,target-reference,0.8641415103453933,5.479631185531616
COCO-2017-val,Molmo2-ER,coco_1063_369310,21,vertical,target-reference,-0.37437673870671556,-5.854048252105713
COCO-2017-val,Molmo2-ER,coco_1064_440617,21,distance,target-reference,0.4286989229397093,-2.577160596847534
COCO-2017-val,Molmo2-ER,coco_1064_440617,21,horizontal,target-reference,-0.8356031099019533,-5.017259359359741
COCO-2017-val,Molmo2-ER,coco_1064_440617,21,vertical,target-reference,-0.3973292662677499,-3.5447953939437866
COCO-2017-val,Molmo2-ER,coco_1065_327601,21,distance,target-reference,0.1489892866499772,-5.590221881866455
COCO-2017-val,Molmo2-ER,coco_1065_327601,21,horizontal,target-reference,-0.5324388351274213,-2.6989431381225586
COCO-2017-val,Molmo2-ER,coco_1065_327601,21,vertical,target-reference,0.5794225375737069,7.135707378387453
COCO-2017-val,Molmo2-ER,coco_1066_405691,21,distance,target-reference,-0.2043435463227219,-5.742665529251099
COCO-2017-val,Molmo2-ER,coco_1066_405691,21,horizontal,target-reference,0.2492825113638937,1.5691072940826416
COCO-2017-val,Molmo2-ER,coco_1066_405691,21,vertical,target-reference,-0.8192458774095299,-7.686501502990723
COCO-2017-val,Molmo2-ER,coco_1067_354072,21,distance,target-reference,-0.5535930300833934,-11.940655589103699
COCO-2017-val,Molmo2-ER,coco_1067_354072,21,horizontal,target-reference,-0.36568210095153453,-3.6734147667884827
COCO-2017-val,Molmo2-ER,coco_1067_354072,21,vertical,target-reference,-0.6892023346223333,-8.349729776382446
COCO-2017-val,Molmo2-ER,coco_1068_231237,21,distance,target-reference,0.2694372074241625,-3.0179455280303955
COCO-2017-val,Molmo2-ER,coco_1068_231237,21,horizontal,target-reference,-0.015426543144101697,-0.15292096138000488
COCO-2017-val,Molmo2-ER,coco_1068_231237,21,vertical,target-reference,0.7178094968955357,3.489965379238129
COCO-2017-val,Molmo2-ER,coco_1069_389381,21,distance,target-reference,-0.4415901880432132,-8.067458152770996
COCO-2017-val,Molmo2-ER,coco_1069_389381,21,horizontal,target-reference,-0.7147649368145326,-10.870101690292358
COCO-2017-val,Molmo2-ER,coco_1069_389381,21,vertical,target-reference,-0.5504069424621658,-11.43175482749939
COCO-2017-val,Molmo2-ER,coco_1070_186632,21,distance,target-reference,-0.34090218002917627,-3.8290971517562866
COCO-2017-val,Molmo2-ER,coco_1070_186632,21,horizontal,target-reference,-0.8799112068059476,-9.601559162139893
COCO-2017-val,Molmo2-ER,coco_1070_186632,21,vertical,target-reference,-0.446928666988385,-11.438528060913086
COCO-2017-val,Molmo2-ER,coco_1071_294855,21,distance,target-reference,0.34342758035942,2.34431254863739
COCO-2017-val,Molmo2-ER,coco_1071_294855,21,horizontal,target-reference,-0.6583075540221577,-11.799540042877197
COCO-2017-val,Molmo2-ER,coco_1071_294855,21,vertical,target-reference,-0.552099078296324,-6.218653202056885
COCO-2017-val,Molmo2-ER,coco_1072_189436,21,distance,target-reference,0.0700837638760361,-0.24529743194580123
COCO-2017-val,Molmo2-ER,coco_1072_189436,21,horizontal,target-reference,-0.3119775001670871,-1.3530497550964355
COCO-2017-val,Molmo2-ER,coco_1072_189436,21,vertical,target-reference,-0.6022611218427154,-4.299029231071472
COCO-2017-val,Molmo2-ER,coco_1073_344621,21,distance,target-reference,-0.3569082602374951,-0.520183563232422
COCO-2017-val,Molmo2-ER,coco_1073_344621,21,horizontal,target-reference,-0.7426097788581387,-8.910331964492798
COCO-2017-val,Molmo2-ER,coco_1073_344621,21,vertical,target-reference,-0.23086436432111013,-6.251030206680299
COCO-2017-val,Molmo2-ER,coco_1074_290081,21,distance,target-reference,-0.17875172255004723,-2.1492762565612793
COCO-2017-val,Molmo2-ER,coco_1074_290081,21,horizontal,target-reference,0.0254157202280638,1.1105139255523682
COCO-2017-val,Molmo2-ER,coco_1074_290081,21,vertical,target-reference,-0.5487811865261087,-3.0116740465164185
COCO-2017-val,Molmo2-ER,coco_1075_443426,21,distance,target-reference,-0.23427471752769707,-1.2225011587142949
COCO-2017-val,Molmo2-ER,coco_1075_443426,21,horizontal,target-reference,0.1706540341408302,1.7259306311607359
COCO-2017-val,Molmo2-ER,coco_1075_443426,21,vertical,target-reference,-0.44419504352630224,-8.093860507011414
COCO-2017-val,Molmo2-ER,coco_1076_337055,21,distance,target-reference,0.32384044968860504,-0.9488747119903569
COCO-2017-val,Molmo2-ER,coco_1076_337055,21,horizontal,target-reference,0.3299379376514737,2.711243510246277
COCO-2017-val,Molmo2-ER,coco_1076_337055,21,vertical,target-reference,0.6335613012256043,7.62491512298584
COCO-2017-val,Molmo2-ER,coco_1077_150417,21,distance,target-reference,0.3408109841699672,5.914141416549683
COCO-2017-val,Molmo2-ER,coco_1077_150417,21,horizontal,target-reference,-0.17444760024785438,-6.1658395528793335
COCO-2017-val,Molmo2-ER,coco_1077_150417,21,vertical,target-reference,0.9969322191661036,11.262725114822388
COCO-2017-val,Molmo2-ER,coco_1078_480936,21,distance,target-reference,0.1757751008644418,0.6012152433395386
COCO-2017-val,Molmo2-ER,coco_1078_480936,21,horizontal,target-reference,-0.8399982522300671,-7.315647006034851
COCO-2017-val,Molmo2-ER,coco_1078_480936,21,vertical,target-reference,0.1306845611424356,0.3904280662536621
COCO-2017-val,Molmo2-ER,coco_1079_492992,21,distance,target-reference,-0.2343758882745394,-5.110377669334412
COCO-2017-val,Molmo2-ER,coco_1079_492992,21,horizontal,target-reference,0.09321494299463791,3.498199224472046
COCO-2017-val,Molmo2-ER,coco_1079_492992,21,vertical,target-reference,-0.6933954296299403,-10.552529335021973
COCO-2017-val,Molmo2-ER,coco_1080_490515,21,distance,target-reference,-0.008565582625280677,2.051119565963745
COCO-2017-val,Molmo2-ER,coco_1080_490515,21,horizontal,target-reference,0.7878250696310641,8.246482849121094
COCO-2017-val,Molmo2-ER,coco_1080_490515,21,vertical,target-reference,0.43304399272246163,6.301072597503662
COCO-2017-val,Molmo2-ER,coco_1081_152214,21,distance,target-reference,0.0922984441928893,-1.5211095809936523
COCO-2017-val,Molmo2-ER,coco_1081_152214,21,horizontal,target-reference,-0.1070355022199783,-1.8225873112678528
COCO-2017-val,Molmo2-ER,coco_1081_152214,21,vertical,target-reference,0.4737105244285804,4.4406667947769165
COCO-2017-val,Molmo2-ER,coco_1082_289222,21,distance,target-reference,-0.3026631403869689,-2.372072398662567
COCO-2017-val,Molmo2-ER,coco_1082_289222,21,horizontal,target-reference,-0.8054013366517713,-8.246142864227295
COCO-2017-val,Molmo2-ER,coco_1082_289222,21,vertical,target-reference,-0.0645354965349676,-2.070011138916016
COCO-2017-val,Molmo2-ER,coco_1083_540502,21,distance,target-reference,0.1428541400009568,4.298259615898132
COCO-2017-val,Molmo2-ER,coco_1083_540502,21,horizontal,target-reference,-0.6959490151391305,-13.18273115158081
COCO-2017-val,Molmo2-ER,coco_1083_540502,21,vertical,target-reference,0.3274135123981634,10.877105236053465
COCO-2017-val,Molmo2-ER,coco_1084_237928,21,distance,target-reference,0.1395549799683693,7.5758585929870605
COCO-2017-val,Molmo2-ER,coco_1084_237928,21,horizontal,target-reference,0.9799166945164208,11.767231464385986
COCO-2017-val,Molmo2-ER,coco_1084_237928,21,vertical,target-reference,0.1188925158034341,11.335629940032957
COCO-2017-val,Molmo2-ER,coco_1085_13659,21,distance,target-reference,-0.5785369959643817,-5.241217255592346
COCO-2017-val,Molmo2-ER,coco_1085_13659,21,horizontal,target-reference,0.3431938508482653,0.837498903274537
COCO-2017-val,Molmo2-ER,coco_1085_13659,21,vertical,target-reference,-1.0256149618327297,-10.403100967407227
COCO-2017-val,Molmo2-ER,coco_1086_453001,21,distance,target-reference,-0.18905713568849608,-5.32004714012146
COCO-2017-val,Molmo2-ER,coco_1086_453001,21,horizontal,target-reference,-0.794400671461615,-6.7887122631073
COCO-2017-val,Molmo2-ER,coco_1086_453001,21,vertical,target-reference,-0.21051768095603257,-3.7480995655059814
COCO-2017-val,Molmo2-ER,coco_1087_166166,21,distance,target-reference,0.09691220986168736,-6.987435340881348
COCO-2017-val,Molmo2-ER,coco_1087_166166,21,horizontal,target-reference,-0.7873242553325557,-6.439838409423828
COCO-2017-val,Molmo2-ER,coco_1087_166166,21,vertical,target-reference,-0.10575562052457832,-10.737656593322754
COCO-2017-val,Molmo2-ER,coco_1088_485972,21,distance,target-reference,0.13343225948542273,1.2942864894866941
COCO-2017-val,Molmo2-ER,coco_1088_485972,21,horizontal,target-reference,0.6809734865464712,0.9469687342643736
COCO-2017-val,Molmo2-ER,coco_1088_485972,21,vertical,target-reference,0.2811304410887707,2.9838465452194214
COCO-2017-val,Molmo2-ER,coco_1089_109118,21,distance,target-reference,0.3817227717986383,-1.9142600893974304
COCO-2017-val,Molmo2-ER,coco_1089_109118,21,horizontal,target-reference,0.8767677952752728,7.181906700134277
COCO-2017-val,Molmo2-ER,coco_1089_109118,21,vertical,target-reference,-0.42879004143166877,-2.0965893268585205
COCO-2017-val,Molmo2-ER,coco_1090_580410,21,distance,target-reference,0.37243400832714346,2.5960360765457153
COCO-2017-val,Molmo2-ER,coco_1090_580410,21,horizontal,target-reference,-1.014164568144772,-15.885382175445557
COCO-2017-val,Molmo2-ER,coco_1090_580410,21,vertical,target-reference,0.32304915527784395,8.671462774276733
COCO-2017-val,Molmo2-ER,coco_1091_180101,21,distance,target-reference,-0.1497727711062106,-8.664491653442383
COCO-2017-val,Molmo2-ER,coco_1091_180101,21,horizontal,target-reference,-0.5542522537805498,-1.4081609249114986
COCO-2017-val,Molmo2-ER,coco_1091_180101,21,vertical,target-reference,-0.4146235790136801,-1.3517167568206787
COCO-2017-val,Molmo2-ER,coco_1092_221708,21,distance,target-reference,0.07208606865359035,0.6965558528900146
COCO-2017-val,Molmo2-ER,coco_1092_221708,21,horizontal,target-reference,-1.0567930293928933,-13.0439932346344
COCO-2017-val,Molmo2-ER,coco_1092_221708,21,vertical,target-reference,0.0223855875992168,0.6512072086334229
COCO-2017-val,Molmo2-ER,coco_1093_13729,21,distance,target-reference,-0.8154824419444886,-10.530911922454834
COCO-2017-val,Molmo2-ER,coco_1093_13729,21,horizontal,target-reference,-0.6980042556949934,-7.589509010314941
COCO-2017-val,Molmo2-ER,coco_1093_13729,21,vertical,target-reference,-0.6858935223202145,-9.245297372341156
COCO-2017-val,Molmo2-ER,coco_1094_186422,21,distance,target-reference,0.3501727693472323,-1.8932889997959137
COCO-2017-val,Molmo2-ER,coco_1094_186422,21,horizontal,target-reference,0.6351874152619043,5.219914197921753
COCO-2017-val,Molmo2-ER,coco_1094_186422,21,vertical,target-reference,0.5054359827514034,6.51324725151062
COCO-2017-val,Molmo2-ER,coco_1095_579158,21,distance,target-reference,0.3902219660668919,-3.521393060684204
COCO-2017-val,Molmo2-ER,coco_1095_579158,21,horizontal,target-reference,0.8573209334918456,6.29458886384964
COCO-2017-val,Molmo2-ER,coco_1095_579158,21,vertical,target-reference,0.22223468077375658,-8.971412897109985
COCO-2017-val,Molmo2-ER,coco_1096_269932,21,distance,target-reference,-0.0994140995637455,-6.809086501598358
COCO-2017-val,Molmo2-ER,coco_1096_269932,21,horizontal,target-reference,0.5137776511723973,3.9429388642311096
COCO-2017-val,Molmo2-ER,coco_1096_269932,21,vertical,target-reference,-0.5587677184762438,-0.35667455196380615
COCO-2017-val,Molmo2-ER,coco_1097_301421,21,distance,target-reference,0.5808602506565974,-2.0683095455169678
COCO-2017-val,Molmo2-ER,coco_1097_301421,21,horizontal,target-reference,0.056930242487552185,-11.153059005737305
COCO-2017-val,Molmo2-ER,coco_1097_301421,21,vertical,target-reference,1.0852465998354952,13.244737386703491
COCO-2017-val,Molmo2-ER,coco_1098_162092,21,distance,target-reference,-0.2309251430665098,0.9582818150520325
COCO-2017-val,Molmo2-ER,coco_1098_162092,21,horizontal,target-reference,0.04497339567697678,1.4044642448425289
COCO-2017-val,Molmo2-ER,coco_1098_162092,21,vertical,target-reference,-0.96122224212823,-0.4274634122848511
COCO-2017-val,Molmo2-ER,coco_1099_22192,21,distance,target-reference,-0.2797590744225433,-1.2120609283447266
COCO-2017-val,Molmo2-ER,coco_1099_22192,21,horizontal,target-reference,-0.6237626581820999,-4.430548906326294
COCO-2017-val,Molmo2-ER,coco_1099_22192,21,vertical,target-reference,-0.5485660929505294,-4.376623570919037
COCO-2017-val,Molmo2-ER,coco_1100_579321,21,distance,target-reference,-0.2975811928660525,-7.599042654037476
COCO-2017-val,Molmo2-ER,coco_1100_579321,21,horizontal,target-reference,-0.5939395332119521,-2.070374011993408
COCO-2017-val,Molmo2-ER,coco_1100_579321,21,vertical,target-reference,-0.5122122022887998,-13.856278419494629
COCO-2017-val,Molmo2-ER,coco_1101_131444,21,distance,target-reference,0.017855421842615793,-2.997566819190979
COCO-2017-val,Molmo2-ER,coco_1101_131444,21,horizontal,target-reference,-0.19927524025792093,-4.178740501403809
COCO-2017-val,Molmo2-ER,coco_1101_131444,21,vertical,target-reference,0.4519769638264571,4.52563238143921
COCO-2017-val,Molmo2-ER,coco_1102_109313,21,distance,target-reference,0.07393069288743129,2.800960421562195
COCO-2017-val,Molmo2-ER,coco_1102_109313,21,horizontal,target-reference,0.5563886168924601,6.024145007133484
COCO-2017-val,Molmo2-ER,coco_1102_109313,21,vertical,target-reference,-0.4797691164856554,-5.737306714057922
COCO-2017-val,Molmo2-ER,coco_1103_363875,21,distance,target-reference,-0.6758875908774599,-8.1703782081604
COCO-2017-val,Molmo2-ER,coco_1103_363875,21,horizontal,target-reference,0.005984827053292702,0.7160939127206803
COCO-2017-val,Molmo2-ER,coco_1103_363875,21,vertical,target-reference,-0.9107484931640335,-11.620769500732422
COCO-2017-val,Molmo2-ER,coco_1104_365766,21,distance,target-reference,0.21566755664295612,2.067903757095337
COCO-2017-val,Molmo2-ER,coco_1104_365766,21,horizontal,target-reference,-0.7759815821127152,-11.114368200302124
COCO-2017-val,Molmo2-ER,coco_1104_365766,21,vertical,target-reference,-0.3663167300691127,-8.480066895484924
COCO-2017-val,Molmo2-ER,coco_1105_306136,21,distance,target-reference,-0.3377609599893705,-7.538411974906921
COCO-2017-val,Molmo2-ER,coco_1105_306136,21,horizontal,target-reference,-1.017204553785047,-6.6726233959198
COCO-2017-val,Molmo2-ER,coco_1105_306136,21,vertical,target-reference,0.13584771600483814,0.7591276168823242
COCO-2017-val,Molmo2-ER,coco_1106_111609,21,distance,target-reference,0.336374551339695,-4.306445121765137
COCO-2017-val,Molmo2-ER,coco_1106_111609,21,horizontal,target-reference,0.4592022745309725,2.9643189311027527
COCO-2017-val,Molmo2-ER,coco_1106_111609,21,vertical,target-reference,0.9224461773380864,3.5232827663421626
COCO-2017-val,Molmo2-ER,coco_1107_468505,21,distance,target-reference,-0.7016820099135261,-10.995710849761963
COCO-2017-val,Molmo2-ER,coco_1107_468505,21,horizontal,target-reference,0.37023709694504225,1.5111459493637085
COCO-2017-val,Molmo2-ER,coco_1107_468505,21,vertical,target-reference,-0.8231597686248266,-9.01015019416809
COCO-2017-val,Molmo2-ER,coco_1108_301718,21,distance,target-reference,-0.1008628079691135,-0.645179271697998
COCO-2017-val,Molmo2-ER,coco_1108_301718,21,horizontal,target-reference,0.6684007377231972,4.159702777862549
COCO-2017-val,Molmo2-ER,coco_1108_301718,21,vertical,target-reference,0.09567065382913359,1.5857705473899841
COCO-2017-val,Molmo2-ER,coco_1109_125778,21,distance,target-reference,0.6281195707916611,4.764088749885559
COCO-2017-val,Molmo2-ER,coco_1109_125778,21,horizontal,target-reference,-0.6517784083967594,-11.772123336791992
COCO-2017-val,Molmo2-ER,coco_1109_125778,21,vertical,target-reference,0.4355884380953461,7.810075998306274
COCO-2017-val,Molmo2-ER,coco_1110_66817,21,distance,target-reference,-0.626450308371544,-2.0005550384521484
COCO-2017-val,Molmo2-ER,coco_1110_66817,21,horizontal,target-reference,0.44273194876369926,2.6422877311706543
COCO-2017-val,Molmo2-ER,coco_1110_66817,21,vertical,target-reference,-0.9494689268588541,-6.092428743839264
COCO-2017-val,Molmo2-ER,coco_1111_308394,21,distance,target-reference,0.0952241929252948,-3.403249979019165
COCO-2017-val,Molmo2-ER,coco_1111_308394,21,horizontal,target-reference,-0.6991111249591578,-6.431911468505859
COCO-2017-val,Molmo2-ER,coco_1111_308394,21,vertical,target-reference,-0.05623429973857297,-5.757691472768784
COCO-2017-val,Molmo2-ER,coco_1112_550471,21,distance,target-reference,0.31889808598069286,4.69786274433136
COCO-2017-val,Molmo2-ER,coco_1112_550471,21,horizontal,target-reference,0.4755923120881956,1.668921619653702
COCO-2017-val,Molmo2-ER,coco_1112_550471,21,vertical,target-reference,0.7216681918068704,8.211975574493408
COCO-2017-val,Molmo2-ER,coco_1113_557172,21,distance,target-reference,-0.20085260964235468,-9.99470853805542
COCO-2017-val,Molmo2-ER,coco_1113_557172,21,horizontal,target-reference,0.7510405066949525,4.023204028606415
COCO-2017-val,Molmo2-ER,coco_1113_557172,21,vertical,target-reference,-0.020609447199794628,0.6595592498779297
COCO-2017-val,Molmo2-ER,coco_1114_143931,21,distance,target-reference,-0.255275947068551,-3.76608806848526
COCO-2017-val,Molmo2-ER,coco_1114_143931,21,horizontal,target-reference,0.7298719992919627,-0.31436407566070557
COCO-2017-val,Molmo2-ER,coco_1114_143931,21,vertical,target-reference,-0.008278876721997501,-2.183951854705811
COCO-2017-val,Molmo2-ER,coco_1115_166747,21,distance,target-reference,-0.2433153624702465,-3.7099408358335495
COCO-2017-val,Molmo2-ER,coco_1115_166747,21,horizontal,target-reference,0.8217871901440209,6.387720823287964
COCO-2017-val,Molmo2-ER,coco_1115_166747,21,vertical,target-reference,-0.5766581976974992,-6.451220512390137
COCO-2017-val,Molmo2-ER,coco_1116_143998,21,distance,target-reference,-0.1125526024220748,-2.660601556301117
COCO-2017-val,Molmo2-ER,coco_1116_143998,21,horizontal,target-reference,-0.5587320748497464,-7.705926775932312
COCO-2017-val,Molmo2-ER,coco_1116_143998,21,vertical,target-reference,0.3024193856349287,2.0238828659057617
COCO-2017-val,Molmo2-ER,coco_1117_285047,21,distance,target-reference,-0.19320676598505881,-5.022148311138153
COCO-2017-val,Molmo2-ER,coco_1117_285047,21,horizontal,target-reference,-0.8165696225387638,-2.229813873767853
COCO-2017-val,Molmo2-ER,coco_1117_285047,21,vertical,target-reference,-0.26526832417149177,-2.7402287125587472
COCO-2017-val,Molmo2-ER,coco_1118_270677,21,distance,target-reference,0.08524086817827331,-2.4623584747314453
COCO-2017-val,Molmo2-ER,coco_1118_270677,21,horizontal,target-reference,0.4791969516809671,3.7147376835346226
COCO-2017-val,Molmo2-ER,coco_1118_270677,21,vertical,target-reference,0.5228532624131332,7.2279253005981445
COCO-2017-val,Molmo2-ER,coco_1119_128051,21,distance,target-reference,-0.2524625804591807,-10.401318073272705
COCO-2017-val,Molmo2-ER,coco_1119_128051,21,horizontal,target-reference,-0.6531759015759604,-4.417559266090393
COCO-2017-val,Molmo2-ER,coco_1119_128051,21,vertical,target-reference,-0.39265176867407914,-8.69996440410614
COCO-2017-val,Molmo2-ER,coco_1120_432553,21,distance,target-reference,0.663812689175803,7.814436435699463
COCO-2017-val,Molmo2-ER,coco_1120_432553,21,horizontal,target-reference,1.1531629662175715,3.4453749656677246
COCO-2017-val,Molmo2-ER,coco_1120_432553,21,vertical,target-reference,0.025975008439725,6.333435773849487
COCO-2017-val,Molmo2-ER,coco_1121_537812,21,distance,target-reference,0.1315851971942778,-3.132668375968934
COCO-2017-val,Molmo2-ER,coco_1121_537812,21,horizontal,target-reference,-0.6418704668126323,-11.044606685638428
COCO-2017-val,Molmo2-ER,coco_1121_537812,21,vertical,target-reference,-0.3186113216612656,-2.17952036857605
COCO-2017-val,Molmo2-ER,coco_1122_158945,21,distance,target-reference,-0.33117558251800006,-2.481081008911133
COCO-2017-val,Molmo2-ER,coco_1122_158945,21,horizontal,target-reference,0.22308925268407892,-1.5845891237258918
COCO-2017-val,Molmo2-ER,coco_1122_158945,21,vertical,target-reference,-0.6449870353847116,-5.743505477905273
COCO-2017-val,Molmo2-ER,coco_1123_235241,21,distance,target-reference,-0.6528516819326503,-8.575340270996094
COCO-2017-val,Molmo2-ER,coco_1123_235241,21,horizontal,target-reference,-0.191874794640218,0.9893505573272705
COCO-2017-val,Molmo2-ER,coco_1123_235241,21,vertical,target-reference,1.0682577184381439,8.0625079870224
COCO-2017-val,Molmo2-ER,coco_1124_381971,21,distance,target-reference,0.1167933066580836,-0.4989192485809322
COCO-2017-val,Molmo2-ER,coco_1124_381971,21,horizontal,target-reference,0.7730120403707335,0.9168253540992737
COCO-2017-val,Molmo2-ER,coco_1124_381971,21,vertical,target-reference,0.17111097822396015,2.915418803691864
COCO-2017-val,Molmo2-ER,coco_1125_475904,21,distance,target-reference,-0.5501684779245815,-8.371145009994509
COCO-2017-val,Molmo2-ER,coco_1125_475904,21,horizontal,target-reference,-0.1885011903471741,-1.2544081211090088
COCO-2017-val,Molmo2-ER,coco_1125_475904,21,vertical,target-reference,-1.1208945424914898,-12.219894886016846
COCO-2017-val,Molmo2-ER,coco_1126_250766,21,distance,target-reference,-0.08799262969547081,-6.068479776382446
COCO-2017-val,Molmo2-ER,coco_1126_250766,21,horizontal,target-reference,-0.6703576946662948,2.41563081741333
COCO-2017-val,Molmo2-ER,coco_1126_250766,21,vertical,target-reference,-0.6308383402039578,-7.296434640884399
COCO-2017-val,Molmo2-ER,coco_1127_328683,21,distance,target-reference,-0.5159383364996418,-4.877179443836212
COCO-2017-val,Molmo2-ER,coco_1127_328683,21,horizontal,target-reference,-0.1536680339869389,-4.3635125160217285
COCO-2017-val,Molmo2-ER,coco_1127_328683,21,vertical,target-reference,0.824795910581992,0.0761947333812713
COCO-2017-val,Molmo2-ER,coco_1128_209753,21,distance,target-reference,-0.6762232022650082,-8.251522064208984
COCO-2017-val,Molmo2-ER,coco_1128_209753,21,horizontal,target-reference,0.8675418198322536,2.6563700735568996
COCO-2017-val,Molmo2-ER,coco_1128_209753,21,vertical,target-reference,-0.008105418007714194,0.38126960396766674
COCO-2017-val,Molmo2-ER,coco_1129_38678,21,distance,target-reference,-0.3830845065694408,-0.6310369968414302
COCO-2017-val,Molmo2-ER,coco_1129_38678,21,horizontal,target-reference,-0.5333190803508214,-1.8535257279872894
COCO-2017-val,Molmo2-ER,coco_1129_38678,21,vertical,target-reference,-0.6592767747125057,-3.003587245941163
COCO-2017-val,Molmo2-ER,coco_1130_441543,21,distance,target-reference,-0.28702800179544097,-5.456842362880707
COCO-2017-val,Molmo2-ER,coco_1130_441543,21,horizontal,target-reference,-0.46761843395667324,-11.357999086380005
COCO-2017-val,Molmo2-ER,coco_1130_441543,21,vertical,target-reference,0.8668707883290915,12.241143226623535
COCO-2017-val,Molmo2-ER,coco_1131_568690,21,distance,target-reference,-0.3418420342187133,-2.254081726074219
COCO-2017-val,Molmo2-ER,coco_1131_568690,21,horizontal,target-reference,-0.152158504432405,-2.9073140621185303
COCO-2017-val,Molmo2-ER,coco_1131_568690,21,vertical,target-reference,-0.6183439552560839,-4.2337939739227295
COCO-2017-val,Molmo2-ER,coco_1132_174231,21,distance,target-reference,-0.4019924949824902,-3.7413326501846313
COCO-2017-val,Molmo2-ER,coco_1132_174231,21,horizontal,target-reference,-0.9417704918197842,-9.912321090698242
COCO-2017-val,Molmo2-ER,coco_1132_174231,21,vertical,target-reference,0.21544483008290732,7.462912082672119
COCO-2017-val,Molmo2-ER,coco_1133_134112,21,distance,target-reference,-0.5040055664512495,-4.560808718204498
COCO-2017-val,Molmo2-ER,coco_1133_134112,21,horizontal,target-reference,0.7481728217153809,3.468516707420349
COCO-2017-val,Molmo2-ER,coco_1133_134112,21,vertical,target-reference,-0.3457043925992991,1.680271863937378
COCO-2017-val,Molmo2-ER,coco_1134_521956,21,distance,target-reference,-0.06369912408263523,-0.1801939606666565
COCO-2017-val,Molmo2-ER,coco_1134_521956,21,horizontal,target-reference,0.41325292836267785,3.8142277002334595
COCO-2017-val,Molmo2-ER,coco_1134_521956,21,vertical,target-reference,0.8700110159744423,3.84130859375
COCO-2017-val,Molmo2-ER,coco_1135_154425,21,distance,target-reference,0.2121119884417046,-4.221319854259491
COCO-2017-val,Molmo2-ER,coco_1135_154425,21,horizontal,target-reference,0.654784435237196,5.548511624336243
COCO-2017-val,Molmo2-ER,coco_1135_154425,21,vertical,target-reference,0.12162152447474579,-0.8496851921081541
COCO-2017-val,Molmo2-ER,coco_1136_579070,21,distance,target-reference,-0.6956081818264805,-2.3020395040512085
COCO-2017-val,Molmo2-ER,coco_1136_579070,21,horizontal,target-reference,0.6773559451420148,5.800366401672363
COCO-2017-val,Molmo2-ER,coco_1136_579070,21,vertical,target-reference,-0.63226030609255,-1.562425583600998
COCO-2017-val,Molmo2-ER,coco_1137_290843,21,distance,target-reference,0.3626476664231998,-1.310155212879181
COCO-2017-val,Molmo2-ER,coco_1137_290843,21,horizontal,target-reference,0.792823234127825,7.798476696014404
COCO-2017-val,Molmo2-ER,coco_1137_290843,21,vertical,target-reference,-0.289728499453335,-6.998958587646484
COCO-2017-val,Molmo2-ER,coco_1138_451879,21,distance,target-reference,-0.1404874725740624,-2.5204644203186035
COCO-2017-val,Molmo2-ER,coco_1138_451879,21,horizontal,target-reference,-0.7015933474407025,-6.081266403198242
COCO-2017-val,Molmo2-ER,coco_1138_451879,21,vertical,target-reference,0.5951948913582412,12.64990735054016
COCO-2017-val,Molmo2-ER,coco_1139_345027,21,distance,target-reference,0.0968855377068989,-3.0718114376068124
COCO-2017-val,Molmo2-ER,coco_1139_345027,21,horizontal,target-reference,-0.7515642192743213,-11.09530782699585
COCO-2017-val,Molmo2-ER,coco_1139_345027,21,vertical,target-reference,0.015274802964154288,-1.747901439666748
COCO-2017-val,Molmo2-ER,coco_1140_182021,21,distance,target-reference,0.3844569865392746,-3.0761196613311768
COCO-2017-val,Molmo2-ER,coco_1140_182021,21,horizontal,target-reference,0.013003130423002829,-1.5828003883361816
COCO-2017-val,Molmo2-ER,coco_1140_182021,21,vertical,target-reference,1.362749628158267,15.562043190002441
COCO-2017-val,Molmo2-ER,coco_1141_51314,21,distance,target-reference,0.022524305431382306,-3.4474563002586374
COCO-2017-val,Molmo2-ER,coco_1141_51314,21,horizontal,target-reference,0.6452971591163522,2.4677497148513794
COCO-2017-val,Molmo2-ER,coco_1141_51314,21,vertical,target-reference,-0.4356980603231292,-6.988160133361816
COCO-2017-val,Molmo2-ER,coco_1142_296222,21,distance,target-reference,-0.4491194445033021,-3.6767874658107758
COCO-2017-val,Molmo2-ER,coco_1142_296222,21,horizontal,target-reference,0.2961726609247107,3.5933756828308114
COCO-2017-val,Molmo2-ER,coco_1142_296222,21,vertical,target-reference,-1.0123984665639658,-14.483212471008299
COCO-2017-val,Molmo2-ER,coco_1143_171190,21,distance,target-reference,0.3848161998346704,3.711127519607544
COCO-2017-val,Molmo2-ER,coco_1143_171190,21,horizontal,target-reference,-0.618401126158338,-3.1169309616088867
COCO-2017-val,Molmo2-ER,coco_1143_171190,21,vertical,target-reference,0.24982686364854706,-1.638456106185913
COCO-2017-val,Molmo2-ER,coco_1144_102707,21,distance,target-reference,-0.140230071561686,-5.398678302764893
COCO-2017-val,Molmo2-ER,coco_1144_102707,21,horizontal,target-reference,-1.1478295244581633,-4.028669118881226
COCO-2017-val,Molmo2-ER,coco_1144_102707,21,vertical,target-reference,0.14322879345921868,0.30716943740844727
COCO-2017-val,Molmo2-ER,coco_1145_175443,21,distance,target-reference,-0.8717492185803832,-5.065472066402435
COCO-2017-val,Molmo2-ER,coco_1145_175443,21,horizontal,target-reference,-0.9099200604193889,-6.9737831354141235
COCO-2017-val,Molmo2-ER,coco_1145_175443,21,vertical,target-reference,0.20753473018303303,-0.8282264173030852
COCO-2017-val,Molmo2-ER,coco_1146_302452,21,distance,target-reference,0.2654414898154211,0.23418313264846802
COCO-2017-val,Molmo2-ER,coco_1146_302452,21,horizontal,target-reference,-0.0800506604158609,-2.199976623058319
COCO-2017-val,Molmo2-ER,coco_1146_302452,21,vertical,target-reference,0.9001351299232225,3.406031489372254
COCO-2017-val,Molmo2-ER,coco_1147_50380,21,distance,target-reference,-0.009543952988998794,-2.381191611289978
COCO-2017-val,Molmo2-ER,coco_1147_50380,21,horizontal,target-reference,0.6796202956289471,6.650195598602295
COCO-2017-val,Molmo2-ER,coco_1147_50380,21,vertical,target-reference,-0.2391097421072173,-4.1349334716796875
COCO-2017-val,Molmo2-ER,coco_1148_488251,21,distance,target-reference,-0.6596806631437779,-6.781077861785889
COCO-2017-val,Molmo2-ER,coco_1148_488251,21,horizontal,target-reference,-0.606853244071485,-4.2659687995910645
COCO-2017-val,Molmo2-ER,coco_1148_488251,21,vertical,target-reference,-0.0809634906970227,-6.0026631355285645
COCO-2017-val,Molmo2-ER,coco_1149_235399,21,distance,target-reference,-0.1711134338999775,-2.6441734433174133
COCO-2017-val,Molmo2-ER,coco_1149_235399,21,horizontal,target-reference,0.3910171874061965,2.225654661655426
COCO-2017-val,Molmo2-ER,coco_1149_235399,21,vertical,target-reference,-0.48056746034423614,-5.4878129959106445
COCO-2017-val,Molmo2-ER,coco_1150_297353,21,distance,target-reference,-0.1204670567859969,-3.901044726371765
COCO-2017-val,Molmo2-ER,coco_1150_297353,21,horizontal,target-reference,-0.6460113990899174,-9.312018394470215
COCO-2017-val,Molmo2-ER,coco_1150_297353,21,vertical,target-reference,0.4936802038017428,7.029945373535156
COCO-2017-val,Molmo2-ER,coco_1151_55002,21,distance,target-reference,0.1355709226265187,0.7866955995559692
COCO-2017-val,Molmo2-ER,coco_1151_55002,21,horizontal,target-reference,0.004320168421948906,0.896691083908081
COCO-2017-val,Molmo2-ER,coco_1151_55002,21,vertical,target-reference,-0.939383843364277,-4.42035973072052
COCO-2017-val,Molmo2-ER,coco_1152_452793,21,distance,target-reference,-0.3918305988878485,-11.913020849227905
COCO-2017-val,Molmo2-ER,coco_1152_452793,21,horizontal,target-reference,-0.603254130504978,-10.353649854660034
COCO-2017-val,Molmo2-ER,coco_1152_452793,21,vertical,target-reference,-0.09723154296350049,-2.6231369376182556
COCO-2017-val,Molmo2-ER,coco_1153_273642,21,distance,target-reference,-0.0396716351485965,-5.693246841430664
COCO-2017-val,Molmo2-ER,coco_1153_273642,21,horizontal,target-reference,0.5502332119259744,1.8206422328948975
COCO-2017-val,Molmo2-ER,coco_1153_273642,21,vertical,target-reference,-0.3370626077404509,-4.240402162075043
COCO-2017-val,Molmo2-ER,coco_1154_370375,21,distance,target-reference,-0.7887843497243592,-10.954811096191406
COCO-2017-val,Molmo2-ER,coco_1154_370375,21,horizontal,target-reference,1.1454266732351936,6.328403353691101
COCO-2017-val,Molmo2-ER,coco_1154_370375,21,vertical,target-reference,0.3213838770755134,2.5354606807231903
COCO-2017-val,Molmo2-ER,coco_1155_500477,21,distance,target-reference,0.1184179732859687,-4.884215593338013
COCO-2017-val,Molmo2-ER,coco_1155_500477,21,horizontal,target-reference,0.30517606444430273,2.3542743921279907
COCO-2017-val,Molmo2-ER,coco_1155_500477,21,vertical,target-reference,0.7568465522924784,4.226503968238831
COCO-2017-val,Molmo2-ER,coco_1156_415716,21,distance,target-reference,-0.5172783241565924,-2.72074556350708
COCO-2017-val,Molmo2-ER,coco_1156_415716,21,horizontal,target-reference,0.6424851333245112,4.916763365268707
COCO-2017-val,Molmo2-ER,coco_1156_415716,21,vertical,target-reference,-0.7456838889109854,-7.461095333099365
COCO-2017-val,Molmo2-ER,coco_1157_536947,21,distance,target-reference,-0.32733755576227586,-2.9226089119911194
COCO-2017-val,Molmo2-ER,coco_1157_536947,21,horizontal,target-reference,0.7612284909063839,1.9732517004013062
COCO-2017-val,Molmo2-ER,coco_1157_536947,21,vertical,target-reference,-0.047272477301701296,-4.114710450172424
COCO-2017-val,Molmo2-ER,coco_1158_62025,21,distance,target-reference,-0.06535679590951327,3.965113341808319
COCO-2017-val,Molmo2-ER,coco_1158_62025,21,horizontal,target-reference,0.6641604014142162,8.522802591323853
COCO-2017-val,Molmo2-ER,coco_1158_62025,21,vertical,target-reference,-0.565100932130342,-8.56670492887497
COCO-2017-val,Molmo2-ER,coco_1159_102356,21,distance,target-reference,-0.179099175456033,-5.225209951400757
COCO-2017-val,Molmo2-ER,coco_1159_102356,21,horizontal,target-reference,0.3225888556107035,-2.882906913757324
COCO-2017-val,Molmo2-ER,coco_1159_102356,21,vertical,target-reference,-0.455236817276172,-7.545571804046631
COCO-2017-val,Molmo2-ER,coco_1160_519688,21,distance,target-reference,-0.12209137663229969,-2.611083984375
COCO-2017-val,Molmo2-ER,coco_1160_519688,21,horizontal,target-reference,0.6486479968035319,-0.9823546409606937
COCO-2017-val,Molmo2-ER,coco_1160_519688,21,vertical,target-reference,-0.3894713964539745,-8.870210647583008
COCO-2017-val,Molmo2-ER,coco_1161_8532,21,distance,target-reference,0.14210964339334187,-1.4010214805603027
COCO-2017-val,Molmo2-ER,coco_1161_8532,21,horizontal,target-reference,0.10956964986238593,-0.8389235138893127
COCO-2017-val,Molmo2-ER,coco_1161_8532,21,vertical,target-reference,0.7284603104674277,5.33667129278183
COCO-2017-val,Molmo2-ER,coco_1162_167159,21,distance,target-reference,0.16874735845528158,0.3522319793701172
COCO-2017-val,Molmo2-ER,coco_1162_167159,21,horizontal,target-reference,-0.2934186965089376,-3.8760201930999756
COCO-2017-val,Molmo2-ER,coco_1162_167159,21,vertical,target-reference,0.45509779243013737,-2.4495368599891663
COCO-2017-val,Molmo2-ER,coco_1163_433980,21,distance,target-reference,0.3133050693116283,0.11065340042114302
COCO-2017-val,Molmo2-ER,coco_1163_433980,21,horizontal,target-reference,-0.36320419484439287,-4.316568613052368
COCO-2017-val,Molmo2-ER,coco_1163_433980,21,vertical,target-reference,0.3381748908182709,1.958303689956665
COCO-2017-val,Molmo2-ER,coco_1164_201148,21,distance,target-reference,-0.1519513565529333,-5.201805591583252
COCO-2017-val,Molmo2-ER,coco_1164_201148,21,horizontal,target-reference,-0.6487566229169417,-5.848546981811523
COCO-2017-val,Molmo2-ER,coco_1164_201148,21,vertical,target-reference,0.2417988056654384,1.9486872255802155
COCO-2017-val,Molmo2-ER,coco_1165_313454,21,distance,target-reference,0.020883755929506302,1.9280464053153992
COCO-2017-val,Molmo2-ER,coco_1165_313454,21,horizontal,target-reference,-0.685646879039821,-1.1676652431488037
COCO-2017-val,Molmo2-ER,coco_1165_313454,21,vertical,target-reference,-0.32459435281518323,-11.672189712524414
COCO-2017-val,Molmo2-ER,coco_1166_445722,21,distance,target-reference,-0.03721688947787599,0.3284521102905278
COCO-2017-val,Molmo2-ER,coco_1166_445722,21,horizontal,target-reference,0.1072312377488076,-2.0291829109191895
COCO-2017-val,Molmo2-ER,coco_1166_445722,21,vertical,target-reference,0.44026125934762766,4.396483659744263
COCO-2017-val,Molmo2-ER,coco_1167_61747,21,distance,target-reference,0.10513225684582042,-2.6285043954849243
COCO-2017-val,Molmo2-ER,coco_1167_61747,21,horizontal,target-reference,-0.2179178658652724,-4.906263828277588
COCO-2017-val,Molmo2-ER,coco_1167_61747,21,vertical,target-reference,0.8860728846205483,8.444921493530273
COCO-2017-val,Molmo2-ER,coco_1168_570539,21,distance,target-reference,-0.0913807767359328,-6.806877851486206
COCO-2017-val,Molmo2-ER,coco_1168_570539,21,horizontal,target-reference,-0.6168770207845031,-6.6301188468933105
COCO-2017-val,Molmo2-ER,coco_1168_570539,21,vertical,target-reference,0.0499540066541384,3.2996034771204
COCO-2017-val,Molmo2-ER,coco_1169_519208,21,distance,target-reference,0.1009355519920222,2.910771131515503
COCO-2017-val,Molmo2-ER,coco_1169_519208,21,horizontal,target-reference,0.6028954577497496,1.9274098873138428
COCO-2017-val,Molmo2-ER,coco_1169_519208,21,vertical,target-reference,0.31455245802993437,4.494647562503815
COCO-2017-val,Molmo2-ER,coco_1170_255664,21,distance,target-reference,0.11363410652457867,-0.06982338428497292
COCO-2017-val,Molmo2-ER,coco_1170_255664,21,horizontal,target-reference,-0.5437697164754586,-6.515895247459412
COCO-2017-val,Molmo2-ER,coco_1170_255664,21,vertical,target-reference,0.5937883658137195,9.416085720062256
COCO-2017-val,Molmo2-ER,coco_1171_64462,21,distance,target-reference,-0.18672976386031928,-2.3766236305236816
COCO-2017-val,Molmo2-ER,coco_1171_64462,21,horizontal,target-reference,-0.0709982035089512,0.6947188973426819
COCO-2017-val,Molmo2-ER,coco_1171_64462,21,vertical,target-reference,-1.0248291342607614,-14.266849994659422
COCO-2017-val,Molmo2-ER,coco_1172_506656,21,distance,target-reference,-0.35164276333762273,-5.188369035720825
COCO-2017-val,Molmo2-ER,coco_1172_506656,21,horizontal,target-reference,0.7878185383138181,2.5346972942352295
COCO-2017-val,Molmo2-ER,coco_1172_506656,21,vertical,target-reference,0.04938359143202997,-2.8278892040252686
COCO-2017-val,Molmo2-ER,coco_1173_326128,21,distance,target-reference,0.10150745100801728,4.545623302459717
COCO-2017-val,Molmo2-ER,coco_1173_326128,21,horizontal,target-reference,-0.14003720349563048,-2.798230588436127
COCO-2017-val,Molmo2-ER,coco_1173_326128,21,vertical,target-reference,0.8578653645337396,8.972370147705078
COCO-2017-val,Molmo2-ER,coco_1174_453634,21,distance,target-reference,0.6694700313570706,6.365769624710083
COCO-2017-val,Molmo2-ER,coco_1174_453634,21,horizontal,target-reference,0.8661799924678274,6.527563810348511
COCO-2017-val,Molmo2-ER,coco_1174_453634,21,vertical,target-reference,0.3752366251875354,5.937817454338074
COCO-2017-val,Molmo2-ER,coco_1175_444142,21,distance,target-reference,0.08960723227261799,0.5917026400566101
COCO-2017-val,Molmo2-ER,coco_1175_444142,21,horizontal,target-reference,0.2879607251566564,2.334860742092133
COCO-2017-val,Molmo2-ER,coco_1175_444142,21,vertical,target-reference,0.7707810366130151,5.166527271270752
COCO-2017-val,Molmo2-ER,coco_1176_498463,21,distance,target-reference,-0.3226942884883724,-5.956408262252808
COCO-2017-val,Molmo2-ER,coco_1176_498463,21,horizontal,target-reference,0.589577469362372,4.304329812526703
COCO-2017-val,Molmo2-ER,coco_1176_498463,21,vertical,target-reference,-0.10000080293455685,0.5494375824928286
COCO-2017-val,Molmo2-ER,coco_1177_491216,21,distance,target-reference,-0.22275180636221809,-6.259886026382446
COCO-2017-val,Molmo2-ER,coco_1177_491216,21,horizontal,target-reference,0.7758712264871448,8.130769193172455
COCO-2017-val,Molmo2-ER,coco_1177_491216,21,vertical,target-reference,0.3630370784928732,6.311517000198364
COCO-2017-val,Molmo2-ER,coco_1178_462371,21,distance,target-reference,0.4563693036152966,1.734752893447876
COCO-2017-val,Molmo2-ER,coco_1178_462371,21,horizontal,target-reference,0.6473847002203582,3.0654327869415283
COCO-2017-val,Molmo2-ER,coco_1178_462371,21,vertical,target-reference,0.7395396499706812,4.657933294773102
COCO-2017-val,Molmo2-ER,coco_1179_187585,21,distance,target-reference,-0.022492195692019296,-0.9903136491775515
COCO-2017-val,Molmo2-ER,coco_1179_187585,21,horizontal,target-reference,-0.6045634861964855,-2.3023309111595154
COCO-2017-val,Molmo2-ER,coco_1179_187585,21,vertical,target-reference,0.07381412716279409,1.7693387866020203
COCO-2017-val,Molmo2-ER,coco_1180_149222,21,distance,target-reference,-0.13866363948874508,-4.197448015213013
COCO-2017-val,Molmo2-ER,coco_1180_149222,21,horizontal,target-reference,0.6383918676113556,7.86564040184021
COCO-2017-val,Molmo2-ER,coco_1180_149222,21,vertical,target-reference,-0.20622626641630482,-3.2460317611694336
COCO-2017-val,Molmo2-ER,coco_1181_386352,21,distance,target-reference,0.45422501754899536,1.0118620097637177
COCO-2017-val,Molmo2-ER,coco_1181_386352,21,horizontal,target-reference,0.5576970578744563,4.070266693830489
COCO-2017-val,Molmo2-ER,coco_1181_386352,21,vertical,target-reference,-1.0481422711721642,-8.315490245819092
COCO-2017-val,Molmo2-ER,coco_1182_129135,21,distance,target-reference,0.4561207730735111,0.5575144290924077
COCO-2017-val,Molmo2-ER,coco_1182_129135,21,horizontal,target-reference,0.3259373349057254,0.8995696604251862
COCO-2017-val,Molmo2-ER,coco_1182_129135,21,vertical,target-reference,0.6289999837481883,13.483827114105225
COCO-2017-val,Molmo2-ER,coco_1183_458255,21,distance,target-reference,-0.1306093607192363,-5.675048589706421
COCO-2017-val,Molmo2-ER,coco_1183_458255,21,horizontal,target-reference,-0.7335669109143748,-9.114692211151123
COCO-2017-val,Molmo2-ER,coco_1183_458255,21,vertical,target-reference,-0.025715871815065905,-3.1174689531326294
COCO-2017-val,Molmo2-ER,coco_1184_112298,21,distance,target-reference,0.6595920815037579,3.202151298522949
COCO-2017-val,Molmo2-ER,coco_1184_112298,21,horizontal,target-reference,0.11059291581575598,-1.323884278535843
COCO-2017-val,Molmo2-ER,coco_1184_112298,21,vertical,target-reference,1.085609615168322,8.964354246854782
COCO-2017-val,Molmo2-ER,coco_1185_16249,21,distance,target-reference,0.1493777273183755,6.836902379989624
COCO-2017-val,Molmo2-ER,coco_1185_16249,21,horizontal,target-reference,0.6700828607543696,-7.665497779846191
COCO-2017-val,Molmo2-ER,coco_1185_16249,21,vertical,target-reference,0.5373296394359172,7.476012229919434
COCO-2017-val,Molmo2-ER,coco_1186_12280,21,distance,target-reference,0.1017420190745087,4.006717681884766
COCO-2017-val,Molmo2-ER,coco_1186_12280,21,horizontal,target-reference,0.7144855293951498,6.1021047830581665
COCO-2017-val,Molmo2-ER,coco_1186_12280,21,vertical,target-reference,0.5715049580357502,18.980077266693115
COCO-2017-val,Molmo2-ER,coco_1187_79229,21,distance,target-reference,0.008153322865322804,0.5998806953430177
COCO-2017-val,Molmo2-ER,coco_1187_79229,21,horizontal,target-reference,0.6228622534471786,1.961747646331787
COCO-2017-val,Molmo2-ER,coco_1187_79229,21,vertical,target-reference,-0.5758228971027749,-9.868129253387451
COCO-2017-val,Molmo2-ER,coco_1188_489091,21,distance,target-reference,0.3484226883844722,6.815003395080566
COCO-2017-val,Molmo2-ER,coco_1188_489091,21,horizontal,target-reference,0.916288128353713,8.367229700088501
COCO-2017-val,Molmo2-ER,coco_1188_489091,21,vertical,target-reference,-0.11625641777210577,1.2555527687072754
COCO-2017-val,Molmo2-ER,coco_1189_500464,21,distance,target-reference,0.1896127759198121,6.257421016693115
COCO-2017-val,Molmo2-ER,coco_1189_500464,21,horizontal,target-reference,-0.2272543429719992,-1.2881782054901123
COCO-2017-val,Molmo2-ER,coco_1189_500464,21,vertical,target-reference,0.7016357498175559,14.234201073646545
COCO-2017-val,Molmo2-ER,coco_1190_456559,21,distance,target-reference,0.017029484234522108,-0.9582304954528807
COCO-2017-val,Molmo2-ER,coco_1190_456559,21,horizontal,target-reference,0.0408543639266338,-1.6666958332061768
COCO-2017-val,Molmo2-ER,coco_1190_456559,21,vertical,target-reference,-0.5756099186571574,-11.142040729522705
COCO-2017-val,Molmo2-ER,coco_1191_394677,21,distance,target-reference,-0.43119022465546764,0.7769716680049896
COCO-2017-val,Molmo2-ER,coco_1191_394677,21,horizontal,target-reference,-0.8905406413543167,-6.006969690322876
COCO-2017-val,Molmo2-ER,coco_1191_394677,21,vertical,target-reference,-0.7786882239562867,-6.454017162322998
COCO-2017-val,Molmo2-ER,coco_1192_176778,21,distance,target-reference,0.0497516731925254,-1.1771063804626465
COCO-2017-val,Molmo2-ER,coco_1192_176778,21,horizontal,target-reference,0.6424271381982497,6.308590054512024
COCO-2017-val,Molmo2-ER,coco_1192_176778,21,vertical,target-reference,0.4347554307789492,6.326353311538697
COCO-2017-val,Molmo2-ER,coco_1193_462756,21,distance,target-reference,0.4345562871426823,6.659823179244995
COCO-2017-val,Molmo2-ER,coco_1193_462756,21,horizontal,target-reference,0.6006376152656363,5.912550628185272
COCO-2017-val,Molmo2-ER,coco_1193_462756,21,vertical,target-reference,0.3077237210089685,9.77790093421936
COCO-2017-val,Molmo2-ER,coco_1194_135872,21,distance,target-reference,-0.23804090764998623,-1.8663136959075926
COCO-2017-val,Molmo2-ER,coco_1194_135872,21,horizontal,target-reference,0.7185022739695168,10.824884176254272
COCO-2017-val,Molmo2-ER,coco_1194_135872,21,vertical,target-reference,0.11014943949294231,-0.5855607986450195
COCO-2017-val,Molmo2-ER,coco_1195_48564,21,distance,target-reference,-0.1858739042964915,-3.3495399951934823
COCO-2017-val,Molmo2-ER,coco_1195_48564,21,horizontal,target-reference,-0.4718471967392575,-4.352449834346771
COCO-2017-val,Molmo2-ER,coco_1195_48564,21,vertical,target-reference,-0.4478324521104265,-0.04993575811386114
COCO-2017-val,Molmo2-ER,coco_1196_199310,21,distance,target-reference,0.3316206984878204,-0.7118752002716067
COCO-2017-val,Molmo2-ER,coco_1196_199310,21,horizontal,target-reference,0.7050971877991495,0.9496094584465027
COCO-2017-val,Molmo2-ER,coco_1196_199310,21,vertical,target-reference,0.4301067064030782,2.727851629257202
COCO-2017-val,Molmo2-ER,coco_1197_172617,21,distance,target-reference,0.0781730394708666,-5.394363164901733
COCO-2017-val,Molmo2-ER,coco_1197_172617,21,horizontal,target-reference,-0.904756561740077,-6.160931468009949
COCO-2017-val,Molmo2-ER,coco_1197_172617,21,vertical,target-reference,0.2753885504604957,5.804468750953674
COCO-2017-val,Molmo2-ER,coco_1198_188296,21,distance,target-reference,0.25932248112827627,0.5124654769897461
COCO-2017-val,Molmo2-ER,coco_1198_188296,21,horizontal,target-reference,-0.29448418327074716,-4.519314348697662
COCO-2017-val,Molmo2-ER,coco_1198_188296,21,vertical,target-reference,-0.8576927444979664,-3.8918281197547913
COCO-2017-val,Molmo2-ER,coco_1199_377239,21,distance,target-reference,-0.024572599098215187,-5.4145777225494385
COCO-2017-val,Molmo2-ER,coco_1199_377239,21,horizontal,target-reference,0.07006809702027761,-9.814923286437988
COCO-2017-val,Molmo2-ER,coco_1199_377239,21,vertical,target-reference,1.0278674520962745,11.132394552230837
COCO-2017-val,Molmo2-ER,coco_1200_474095,21,distance,target-reference,-0.17728164544623132,-5.7936713099479675
COCO-2017-val,Molmo2-ER,coco_1200_474095,21,horizontal,target-reference,-0.1054638655983208,-1.3693177700042725
COCO-2017-val,Molmo2-ER,coco_1200_474095,21,vertical,target-reference,0.5989493217520565,2.8631606101989746
COCO-2017-val,Molmo2-ER,coco_1201_216516,21,distance,target-reference,-0.08434250068883453,-1.0096815824508667
COCO-2017-val,Molmo2-ER,coco_1201_216516,21,horizontal,target-reference,-0.12053115718305948,0.7368760108947755
COCO-2017-val,Molmo2-ER,coco_1201_216516,21,vertical,target-reference,-0.710130437062328,-13.001315593719482
COCO-2017-val,Molmo2-ER,coco_1202_9448,21,distance,target-reference,-0.10938580995676209,-5.033852458000183
COCO-2017-val,Molmo2-ER,coco_1202_9448,21,horizontal,target-reference,0.1279792644765831,1.694737374782563
COCO-2017-val,Molmo2-ER,coco_1202_9448,21,vertical,target-reference,-0.6415767885617002,-7.9267802238464355
COCO-2017-val,Molmo2-ER,coco_1203_223959,21,distance,target-reference,0.10049667986863497,-1.6093026995658875
COCO-2017-val,Molmo2-ER,coco_1203_223959,21,horizontal,target-reference,0.3134654096972066,1.8801071643829346
COCO-2017-val,Molmo2-ER,coco_1203_223959,21,vertical,target-reference,0.6627398331206066,5.246781587600708
COCO-2017-val,Molmo2-ER,coco_1204_185802,21,distance,target-reference,-0.005846739311474891,-1.808550596237183
COCO-2017-val,Molmo2-ER,coco_1204_185802,21,horizontal,target-reference,0.7364302014278432,7.945881128311157
COCO-2017-val,Molmo2-ER,coco_1204_185802,21,vertical,target-reference,0.5288909433063322,3.6078436374664307
COCO-2017-val,Molmo2-ER,coco_1205_460683,21,distance,target-reference,-0.690389256371603,-5.313427209854126
COCO-2017-val,Molmo2-ER,coco_1205_460683,21,horizontal,target-reference,0.8838928538575744,1.3952797055244446
COCO-2017-val,Molmo2-ER,coco_1205_460683,21,vertical,target-reference,0.1322564144840253,0.9853129684925082
COCO-2017-val,Molmo2-ER,coco_1206_319617,21,distance,target-reference,-0.017127858642193794,-4.94173938035965
COCO-2017-val,Molmo2-ER,coco_1206_319617,21,horizontal,target-reference,-0.4018010928095957,-6.990998148918152
COCO-2017-val,Molmo2-ER,coco_1206_319617,21,vertical,target-reference,0.1674863473840148,-1.4944837987422943
COCO-2017-val,Molmo2-ER,coco_1207_369771,21,distance,target-reference,0.43017987225207643,3.3827202320098877
COCO-2017-val,Molmo2-ER,coco_1207_369771,21,horizontal,target-reference,-0.6266934266740034,-3.5865381956100464
COCO-2017-val,Molmo2-ER,coco_1207_369771,21,vertical,target-reference,-0.4675013208897611,-4.789202690124512
COCO-2017-val,Molmo2-ER,coco_1208_283037,21,distance,target-reference,-0.1578405470488844,-2.770106077194214
COCO-2017-val,Molmo2-ER,coco_1208_283037,21,horizontal,target-reference,0.7887678637186152,7.098507642745972
COCO-2017-val,Molmo2-ER,coco_1208_283037,21,vertical,target-reference,-0.512690797541236,-10.687162637710571
COCO-2017-val,Molmo2-ER,coco_1209_96493,21,distance,target-reference,0.16470305576542527,1.547311544418335
COCO-2017-val,Molmo2-ER,coco_1209_96493,21,horizontal,target-reference,-0.5242838022215323,-0.8289398550987244
COCO-2017-val,Molmo2-ER,coco_1209_96493,21,vertical,target-reference,0.5240827048688995,6.525835037231445
COCO-2017-val,Molmo2-ER,coco_1210_497628,21,distance,target-reference,-0.6856143211285359,-1.7208788394927979
COCO-2017-val,Molmo2-ER,coco_1210_497628,21,horizontal,target-reference,0.06281897899386919,2.010972023010254
COCO-2017-val,Molmo2-ER,coco_1210_497628,21,vertical,target-reference,-0.7226796463394652,-9.716548681259155
COCO-2017-val,Molmo2-ER,coco_1211_284623,21,distance,target-reference,0.002954442539969293,-2.9738311767578125
COCO-2017-val,Molmo2-ER,coco_1211_284623,21,horizontal,target-reference,-0.10136301456602381,4.791084170341492
COCO-2017-val,Molmo2-ER,coco_1211_284623,21,vertical,target-reference,0.592589541912296,2.3399311304092407
COCO-2017-val,Molmo2-ER,coco_1212_199681,21,distance,target-reference,-0.2788465758270987,-6.478547096252441
COCO-2017-val,Molmo2-ER,coco_1212_199681,21,horizontal,target-reference,-0.3656487235324716,-1.5958646535873413
COCO-2017-val,Molmo2-ER,coco_1212_199681,21,vertical,target-reference,-0.37386340764585035,-1.6012578010559082
COCO-2017-val,Molmo2-ER,coco_1213_244750,21,distance,target-reference,-0.1351778787381098,-3.6335963010787964
COCO-2017-val,Molmo2-ER,coco_1213_244750,21,horizontal,target-reference,-0.723847062746661,-2.16893208026886
COCO-2017-val,Molmo2-ER,coco_1213_244750,21,vertical,target-reference,-0.27530549047504077,-2.9124770164489746
COCO-2017-val,Molmo2-ER,coco_1214_226408,21,distance,target-reference,-0.45729569321968,3.717558741569519
COCO-2017-val,Molmo2-ER,coco_1214_226408,21,horizontal,target-reference,-0.31273339595498684,7.830000519752502
COCO-2017-val,Molmo2-ER,coco_1214_226408,21,vertical,target-reference,0.9002168619970383,8.739746332168579
COCO-2017-val,Molmo2-ER,coco_1215_88269,21,distance,target-reference,-0.055020243564314106,1.4189714193344116
COCO-2017-val,Molmo2-ER,coco_1215_88269,21,horizontal,target-reference,-0.5983413205086818,-6.375627040863038
COCO-2017-val,Molmo2-ER,coco_1215_88269,21,vertical,target-reference,0.2649905518420969,1.7510089874267578
COCO-2017-val,Molmo2-ER,coco_1216_279145,21,distance,target-reference,-0.11047666001345802,-1.6516828536987305
COCO-2017-val,Molmo2-ER,coco_1216_279145,21,horizontal,target-reference,0.5536613200824922,5.626268625259399
COCO-2017-val,Molmo2-ER,coco_1216_279145,21,vertical,target-reference,-0.6232984703789054,-11.928898811340334
COCO-2017-val,Molmo2-ER,coco_1217_390826,21,distance,target-reference,0.0699285198304056,2.2547478973865505
COCO-2017-val,Molmo2-ER,coco_1217_390826,21,horizontal,target-reference,0.6908511670023063,2.4279009103775024
COCO-2017-val,Molmo2-ER,coco_1217_390826,21,vertical,target-reference,-0.3655862439519823,-5.2937843799591064
COCO-2017-val,Molmo2-ER,coco_1218_79031,21,distance,target-reference,0.012949244660367898,1.6390495300292969
COCO-2017-val,Molmo2-ER,coco_1218_79031,21,horizontal,target-reference,0.17353519362261377,0.5394752025604248
COCO-2017-val,Molmo2-ER,coco_1218_79031,21,vertical,target-reference,0.9737651126327603,8.513798713684082
COCO-2017-val,Molmo2-ER,coco_1219_433915,21,distance,target-reference,0.19472462860041193,-2.989793300628661
COCO-2017-val,Molmo2-ER,coco_1219_433915,21,horizontal,target-reference,-0.1100074600125687,-6.5972301959991455
COCO-2017-val,Molmo2-ER,coco_1219_433915,21,vertical,target-reference,0.5985891445056615,4.748849868774414
COCO-2017-val,Molmo2-ER,coco_1220_560178,21,distance,target-reference,-0.3965650577622853,-2.2694151401519775
COCO-2017-val,Molmo2-ER,coco_1220_560178,21,horizontal,target-reference,-0.6420999118703029,-3.3327314853668213
COCO-2017-val,Molmo2-ER,coco_1220_560178,21,vertical,target-reference,0.2605079543085853,0.032901883125305176
COCO-2017-val,Molmo2-ER,coco_1221_326462,21,distance,target-reference,-0.020934819993442266,-4.106887102127075
COCO-2017-val,Molmo2-ER,coco_1221_326462,21,horizontal,target-reference,-0.31547915518635905,-0.9375324249267578
COCO-2017-val,Molmo2-ER,coco_1221_326462,21,vertical,target-reference,0.7829699805782881,7.177179574966431
COCO-2017-val,Molmo2-ER,coco_1222_494188,21,distance,target-reference,0.8232798373070055,4.740036904811859
COCO-2017-val,Molmo2-ER,coco_1222_494188,21,horizontal,target-reference,-0.06517689562037471,0.4897841215133667
COCO-2017-val,Molmo2-ER,coco_1222_494188,21,vertical,target-reference,0.6838592836723459,3.7350423336029053
COCO-2017-val,Molmo2-ER,coco_1223_85772,21,distance,target-reference,-0.13708110927174288,-1.4355041980743408
COCO-2017-val,Molmo2-ER,coco_1223_85772,21,horizontal,target-reference,0.5899365372900855,1.9319244623184204
COCO-2017-val,Molmo2-ER,coco_1223_85772,21,vertical,target-reference,0.7275177138383169,5.078739881515503
COCO-2017-val,Molmo2-ER,coco_1224_19924,21,distance,target-reference,0.020837945419561403,0.46471571922302246
COCO-2017-val,Molmo2-ER,coco_1224_19924,21,horizontal,target-reference,-0.022506950393036202,-3.1348679065704346
COCO-2017-val,Molmo2-ER,coco_1224_19924,21,vertical,target-reference,0.4260308597283369,3.8919073343276978
COCO-2017-val,Molmo2-ER,coco_1225_192904,21,distance,target-reference,-0.057513931940040904,-1.6735721230506897
COCO-2017-val,Molmo2-ER,coco_1225_192904,21,horizontal,target-reference,0.2923995109772513,3.0614507794380192
COCO-2017-val,Molmo2-ER,coco_1225_192904,21,vertical,target-reference,-0.4668704004687851,-2.220520317554474
COCO-2017-val,Molmo2-ER,coco_1226_236166,21,distance,target-reference,0.19162948747060102,-0.9766323566436763
COCO-2017-val,Molmo2-ER,coco_1226_236166,21,horizontal,target-reference,-0.3868993763170369,-0.4191019535064697
COCO-2017-val,Molmo2-ER,coco_1226_236166,21,vertical,target-reference,0.4691163487121915,8.916481971740723
COCO-2017-val,Molmo2-ER,coco_1227_578871,21,distance,target-reference,0.36950120826609106,4.919897556304932
COCO-2017-val,Molmo2-ER,coco_1227_578871,21,horizontal,target-reference,-0.7978517720737268,-7.617474794387817
COCO-2017-val,Molmo2-ER,coco_1227_578871,21,vertical,target-reference,0.377198558926214,4.611595392227173
COCO-2017-val,Molmo2-ER,coco_1228_420916,21,distance,target-reference,-0.043555694453889404,2.5692421197891235
COCO-2017-val,Molmo2-ER,coco_1228_420916,21,horizontal,target-reference,0.6348838394300869,7.614072740077972
COCO-2017-val,Molmo2-ER,coco_1228_420916,21,vertical,target-reference,-0.24500633904329816,-3.002969980239868
COCO-2017-val,Molmo2-ER,coco_1229_313130,21,distance,target-reference,0.4280224053291588,2.2746176123619084
COCO-2017-val,Molmo2-ER,coco_1229_313130,21,horizontal,target-reference,-0.5474444597216567,-13.534284591674806
COCO-2017-val,Molmo2-ER,coco_1229_313130,21,vertical,target-reference,0.3810405699237241,6.418253660202026
COCO-2017-val,Molmo2-ER,coco_1230_286523,21,distance,target-reference,0.002124027232300707,-2.9927470684051514
COCO-2017-val,Molmo2-ER,coco_1230_286523,21,horizontal,target-reference,-0.4061998268012203,-3.6223732233047485
COCO-2017-val,Molmo2-ER,coco_1230_286523,21,vertical,target-reference,-0.09973224256771124,-6.265925645828247
COCO-2017-val,Molmo2-ER,coco_1231_117914,21,distance,target-reference,-0.5564489921204656,-0.605064332485199
COCO-2017-val,Molmo2-ER,coco_1231_117914,21,horizontal,target-reference,-0.8606849876980813,-2.8255642652511597
COCO-2017-val,Molmo2-ER,coco_1231_117914,21,vertical,target-reference,-0.29838340770075567,-2.5408849716186523
COCO-2017-val,Molmo2-ER,coco_1232_194940,21,distance,target-reference,-0.1529887869112652,-0.45381641387939453
COCO-2017-val,Molmo2-ER,coco_1232_194940,21,horizontal,target-reference,0.264250356458574,-6.731321096420287
COCO-2017-val,Molmo2-ER,coco_1232_194940,21,vertical,target-reference,0.8206653097925742,4.085140705108643
COCO-2017-val,Molmo2-ER,coco_1233_568814,21,distance,target-reference,0.5212069778544898,3.3396387100219727
COCO-2017-val,Molmo2-ER,coco_1233_568814,21,horizontal,target-reference,0.7499567685795205,2.9823054671287537
COCO-2017-val,Molmo2-ER,coco_1233_568814,21,vertical,target-reference,-0.21599366124337993,-5.402941703796387
COCO-2017-val,Molmo2-ER,coco_1234_237984,21,distance,target-reference,-0.3021596466245024,-4.476301193237305
COCO-2017-val,Molmo2-ER,coco_1234_237984,21,horizontal,target-reference,-0.4701030686604204,-8.023324251174927
COCO-2017-val,Molmo2-ER,coco_1234_237984,21,vertical,target-reference,-0.38700886561853454,-5.715375185012817
COCO-2017-val,Molmo2-ER,coco_1235_262227,21,distance,target-reference,-0.3800603676595959,-4.694919109344482
COCO-2017-val,Molmo2-ER,coco_1235_262227,21,horizontal,target-reference,0.7796458121734782,5.367863357067108
COCO-2017-val,Molmo2-ER,coco_1235_262227,21,vertical,target-reference,0.08983401814365329,3.34017550945282
COCO-2017-val,Molmo2-ER,coco_1236_210855,21,distance,target-reference,0.03794566466809174,7.774266481399536
COCO-2017-val,Molmo2-ER,coco_1236_210855,21,horizontal,target-reference,0.6945615328689582,9.27799654006958
COCO-2017-val,Molmo2-ER,coco_1236_210855,21,vertical,target-reference,-0.1718891474650528,4.799679100513458
COCO-2017-val,Molmo2-ER,coco_1237_110721,21,distance,target-reference,0.032055730861604806,-1.5866721272468567
COCO-2017-val,Molmo2-ER,coco_1237_110721,21,horizontal,target-reference,-0.2233392866018819,-2.989210158586502
COCO-2017-val,Molmo2-ER,coco_1237_110721,21,vertical,target-reference,0.817473703741279,9.014559984207153
COCO-2017-val,Molmo2-ER,coco_1238_449312,21,distance,target-reference,0.1045196652039731,1.7299360036849982
COCO-2017-val,Molmo2-ER,coco_1238_449312,21,horizontal,target-reference,-0.6821735700263134,-1.475413203239441
COCO-2017-val,Molmo2-ER,coco_1238_449312,21,vertical,target-reference,0.3976945290110186,1.367304801940918
COCO-2017-val,Molmo2-ER,coco_1239_367818,21,distance,target-reference,0.0498089569740566,-1.4443578720092773
COCO-2017-val,Molmo2-ER,coco_1239_367818,21,horizontal,target-reference,0.6477276931732636,6.519364833831787
COCO-2017-val,Molmo2-ER,coco_1239_367818,21,vertical,target-reference,-0.043524983816641,-1.8245136737823486
COCO-2017-val,Molmo2-ER,coco_1240_176232,21,distance,target-reference,0.4579931595175163,-0.6329563856124871
COCO-2017-val,Molmo2-ER,coco_1240_176232,21,horizontal,target-reference,-0.9697348436813917,1.3889677524566644
COCO-2017-val,Molmo2-ER,coco_1240_176232,21,vertical,target-reference,-0.007073155642117079,-2.9070063829421997
COCO-2017-val,Molmo2-ER,coco_1241_139684,21,distance,target-reference,-0.8187881325841931,-7.0423970222473145
COCO-2017-val,Molmo2-ER,coco_1241_139684,21,horizontal,target-reference,-0.022681183355355794,0.5623548030853271
COCO-2017-val,Molmo2-ER,coco_1241_139684,21,vertical,target-reference,-1.002545975828524,-15.273836612701416
COCO-2017-val,Molmo2-ER,coco_1242_60052,21,distance,target-reference,-0.544133335245521,-5.945521593093872
COCO-2017-val,Molmo2-ER,coco_1242_60052,21,horizontal,target-reference,0.7300150817965332,4.996045351028442
COCO-2017-val,Molmo2-ER,coco_1242_60052,21,vertical,target-reference,-0.4229254992309458,-5.958230972290039
COCO-2017-val,Molmo2-ER,coco_1243_56127,21,distance,target-reference,0.02212957361856821,-0.8875982761383053
COCO-2017-val,Molmo2-ER,coco_1243_56127,21,horizontal,target-reference,0.7293734952077982,10.654581785202026
COCO-2017-val,Molmo2-ER,coco_1243_56127,21,vertical,target-reference,-0.2543227703514202,1.833566129207611
COCO-2017-val,Molmo2-ER,coco_1244_227044,21,distance,target-reference,0.1154440945288255,-1.3233611583709712
COCO-2017-val,Molmo2-ER,coco_1244_227044,21,horizontal,target-reference,0.3787787205933283,-0.9531666040420532
COCO-2017-val,Molmo2-ER,coco_1244_227044,21,vertical,target-reference,-0.5787001266193845,-3.296491250395775
COCO-2017-val,Molmo2-ER,coco_1245_71226,21,distance,target-reference,-0.2777916043844761,-4.901335000991821
COCO-2017-val,Molmo2-ER,coco_1245_71226,21,horizontal,target-reference,0.2573177495067099,3.2943310737609863
COCO-2017-val,Molmo2-ER,coco_1245_71226,21,vertical,target-reference,-0.6712875335736626,-4.457580775022507
COCO-2017-val,Molmo2-ER,coco_1246_159977,21,distance,target-reference,0.13087083548698608,4.933445334434509
COCO-2017-val,Molmo2-ER,coco_1246_159977,21,horizontal,target-reference,0.7038806179956826,6.73986291885376
COCO-2017-val,Molmo2-ER,coco_1246_159977,21,vertical,target-reference,-0.2897561642138419,-8.744418382644653
COCO-2017-val,Molmo2-ER,coco_1247_107094,21,distance,target-reference,-0.017424050205649966,-4.318704843521118
COCO-2017-val,Molmo2-ER,coco_1247_107094,21,horizontal,target-reference,0.5321500626354281,0.5460703969001772
COCO-2017-val,Molmo2-ER,coco_1247_107094,21,vertical,target-reference,-0.8410860940289628,-8.57238483428955
COCO-2017-val,Molmo2-ER,coco_1248_214720,21,distance,target-reference,0.2708530589079853,3.5713701248168945
COCO-2017-val,Molmo2-ER,coco_1248_214720,21,horizontal,target-reference,0.1427097762948839,-2.526371121406555
COCO-2017-val,Molmo2-ER,coco_1248_214720,21,vertical,target-reference,0.4891394204750741,10.295169353485107
COCO-2017-val,Molmo2-ER,coco_1249_98839,21,distance,target-reference,-0.45106934567311685,-9.68431806564331
COCO-2017-val,Molmo2-ER,coco_1249_98839,21,horizontal,target-reference,0.6573741932840547,6.597194671630859
COCO-2017-val,Molmo2-ER,coco_1249_98839,21,vertical,target-reference,-0.1539035358770104,-3.0406715869903564
COCO-2017-val,Molmo2-ER,coco_1250_179265,21,distance,target-reference,0.0044553230030286994,3.3607513904571533
COCO-2017-val,Molmo2-ER,coco_1250_179265,21,horizontal,target-reference,0.7621599443820145,6.931196808815002
COCO-2017-val,Molmo2-ER,coco_1250_179265,21,vertical,target-reference,-0.0213019462321406,-1.4028522372245789
COCO-2017-val,Molmo2-ER,coco_1251_189806,21,distance,target-reference,0.10546620086609629,0.6530954837799072
COCO-2017-val,Molmo2-ER,coco_1251_189806,21,horizontal,target-reference,0.691429552087236,10.622725009918213
COCO-2017-val,Molmo2-ER,coco_1251_189806,21,vertical,target-reference,0.12738240280406948,9.72874116897583
COCO-2017-val,Molmo2-ER,coco_1252_414034,21,distance,target-reference,-0.021965963035630504,-3.9729167222976685
COCO-2017-val,Molmo2-ER,coco_1252_414034,21,horizontal,target-reference,-0.5217326786968378,-5.281349420547485
COCO-2017-val,Molmo2-ER,coco_1252_414034,21,vertical,target-reference,0.4519755104791496,1.256664752960205
COCO-2017-val,Molmo2-ER,coco_1253_548555,21,distance,target-reference,0.2219284594295156,2.515990138053894
COCO-2017-val,Molmo2-ER,coco_1253_548555,21,horizontal,target-reference,0.6452760193194971,1.7949239611625671
COCO-2017-val,Molmo2-ER,coco_1253_548555,21,vertical,target-reference,0.4030879418979602,2.0553173422813416
COCO-2017-val,Molmo2-ER,coco_1254_560312,21,distance,target-reference,-0.6462234510341334,-2.593687087297439
COCO-2017-val,Molmo2-ER,coco_1254_560312,21,horizontal,target-reference,0.3986496647069,3.7863343954086304
COCO-2017-val,Molmo2-ER,coco_1254_560312,21,vertical,target-reference,-0.8803438519520423,-12.452441215515137
COCO-2017-val,Molmo2-ER,coco_1255_370813,21,distance,target-reference,-0.008902206058710227,-2.5118357837200165
COCO-2017-val,Molmo2-ER,coco_1255_370813,21,horizontal,target-reference,0.1889826375510244,0.41515207290649414
COCO-2017-val,Molmo2-ER,coco_1255_370813,21,vertical,target-reference,-0.6118573906689121,-6.968754053115845
COCO-2017-val,Molmo2-ER,coco_1256_566923,21,distance,target-reference,-0.6797004159253732,-7.989956378936768
COCO-2017-val,Molmo2-ER,coco_1256_566923,21,horizontal,target-reference,0.09323351357564963,-6.096505552530289
COCO-2017-val,Molmo2-ER,coco_1256_566923,21,vertical,target-reference,-1.1439533582236312,-10.395089149475098
COCO-2017-val,Molmo2-ER,coco_1257_206025,21,distance,target-reference,-0.1275873654088015,-3.2828060388565063
COCO-2017-val,Molmo2-ER,coco_1257_206025,21,horizontal,target-reference,-0.0184121144157736,-1.2841408848762512
COCO-2017-val,Molmo2-ER,coco_1257_206025,21,vertical,target-reference,-0.35051383452867846,-10.13008713722229
COCO-2017-val,Molmo2-ER,coco_1258_52891,21,distance,target-reference,0.24637212425696403,-1.3399543762207031
COCO-2017-val,Molmo2-ER,coco_1258_52891,21,horizontal,target-reference,-0.4432806897455915,-3.316476657986641
COCO-2017-val,Molmo2-ER,coco_1258_52891,21,vertical,target-reference,0.6030776394408905,3.2466868162155147
COCO-2017-val,Molmo2-ER,coco_1259_17714,21,distance,target-reference,-0.03560085233567062,3.7133277654647823
COCO-2017-val,Molmo2-ER,coco_1259_17714,21,horizontal,target-reference,-0.5520387163160179,-7.559317588806152
COCO-2017-val,Molmo2-ER,coco_1259_17714,21,vertical,target-reference,0.5120335417002234,7.556246757507324
COCO-2017-val,Molmo2-ER,coco_1260_197004,21,distance,target-reference,0.6961896842432762,5.807398736476898
COCO-2017-val,Molmo2-ER,coco_1260_197004,21,horizontal,target-reference,-0.39419283667075855,-2.9341955184936523
COCO-2017-val,Molmo2-ER,coco_1260_197004,21,vertical,target-reference,0.7611467102659651,11.690937757492065
COCO-2017-val,Molmo2-ER,coco_1261_453722,21,distance,target-reference,-0.7302325465488935,-9.574094295501709
COCO-2017-val,Molmo2-ER,coco_1261_453722,21,horizontal,target-reference,0.40522706280568205,3.2915902137756348
COCO-2017-val,Molmo2-ER,coco_1261_453722,21,vertical,target-reference,-0.8506386531803636,-16.390066146850586
COCO-2017-val,Molmo2-ER,coco_1262_6894,21,distance,target-reference,-0.04540740590675679,-1.283214807510376
COCO-2017-val,Molmo2-ER,coco_1262_6894,21,horizontal,target-reference,0.9263238292966592,1.0630165934562683
COCO-2017-val,Molmo2-ER,coco_1262_6894,21,vertical,target-reference,0.10540569206653322,1.5957231521606445
COCO-2017-val,Molmo2-ER,coco_1263_356427,21,distance,target-reference,0.0986065913088504,-2.291655659675598
COCO-2017-val,Molmo2-ER,coco_1263_356427,21,horizontal,target-reference,0.5166697752749225,6.948069095611572
COCO-2017-val,Molmo2-ER,coco_1263_356427,21,vertical,target-reference,0.46322240935915593,7.717384338378906
COCO-2017-val,Molmo2-ER,coco_1264_470773,21,distance,target-reference,0.517583962783537,1.7054477334022524
COCO-2017-val,Molmo2-ER,coco_1264_470773,21,horizontal,target-reference,-0.5814862665941641,-5.182413935661316
COCO-2017-val,Molmo2-ER,coco_1264_470773,21,vertical,target-reference,0.500568421936414,5.708074569702148
COCO-2017-val,Molmo2-ER,coco_1265_191761,21,distance,target-reference,-0.1759869667469246,-1.1635311245918274
COCO-2017-val,Molmo2-ER,coco_1265_191761,21,horizontal,target-reference,0.38289374804358395,-0.36480236053466797
COCO-2017-val,Molmo2-ER,coco_1265_191761,21,vertical,target-reference,-0.1994123291730488,1.5449241399765015
COCO-2017-val,Molmo2-ER,coco_1266_108495,21,distance,target-reference,0.06254501249727792,-3.867361307144165
COCO-2017-val,Molmo2-ER,coco_1266_108495,21,horizontal,target-reference,-0.2468226131511287,-0.2932250499725342
COCO-2017-val,Molmo2-ER,coco_1266_108495,21,vertical,target-reference,0.5840047567557809,8.687401294708252
COCO-2017-val,Molmo2-ER,coco_1267_113235,21,distance,target-reference,0.8425981650964847,9.463873147964478
COCO-2017-val,Molmo2-ER,coco_1267_113235,21,horizontal,target-reference,0.47131173026357753,-1.3257780969142914
COCO-2017-val,Molmo2-ER,coco_1267_113235,21,vertical,target-reference,0.719916132922211,2.025189220905304
COCO-2017-val,Molmo2-ER,coco_1268_14226,21,distance,target-reference,-0.1524093381025084,-5.519096672534943
COCO-2017-val,Molmo2-ER,coco_1268_14226,21,horizontal,target-reference,-0.0892053339836778,-0.47999656200408936
COCO-2017-val,Molmo2-ER,coco_1268_14226,21,vertical,target-reference,-0.8020991398212187,-10.248115062713623
COCO-2017-val,Molmo2-ER,coco_1269_405306,21,distance,target-reference,-0.10077170918389788,1.161339521408081
COCO-2017-val,Molmo2-ER,coco_1269_405306,21,horizontal,target-reference,0.6657880506908426,-0.4570304453372954
COCO-2017-val,Molmo2-ER,coco_1269_405306,21,vertical,target-reference,-0.639539397970412,-3.0117775201797485
COCO-2017-val,Molmo2-ER,coco_1270_306733,21,distance,target-reference,-0.4269111664591182,-9.514487504959106
COCO-2017-val,Molmo2-ER,coco_1270_306733,21,horizontal,target-reference,0.6708316736111904,2.337132692337036
COCO-2017-val,Molmo2-ER,coco_1270_306733,21,vertical,target-reference,-0.2509164738101085,3.73268461227417
COCO-2017-val,Molmo2-ER,coco_1271_486040,21,distance,target-reference,0.5496336750447044,4.415649890899658
COCO-2017-val,Molmo2-ER,coco_1271_486040,21,horizontal,target-reference,0.03558871949970421,-5.240493774414062
COCO-2017-val,Molmo2-ER,coco_1271_486040,21,vertical,target-reference,0.7605273115229754,16.08187246322632
COCO-2017-val,Molmo2-ER,coco_1272_17029,21,distance,target-reference,-0.06579650753612107,-6.263109087944031
COCO-2017-val,Molmo2-ER,coco_1272_17029,21,horizontal,target-reference,0.2111137386461882,2.9472320079803467
COCO-2017-val,Molmo2-ER,coco_1272_17029,21,vertical,target-reference,-0.6437486856751106,-7.341378688812256
COCO-2017-val,Molmo2-ER,coco_1273_190307,21,distance,target-reference,0.09674678815799719,-0.877446174621582
COCO-2017-val,Molmo2-ER,coco_1273_190307,21,horizontal,target-reference,-0.0170716256272165,2.1151572465896606
COCO-2017-val,Molmo2-ER,coco_1273_190307,21,vertical,target-reference,0.7103629015446583,7.16388726234436
COCO-2017-val,Molmo2-ER,coco_1274_213033,21,distance,target-reference,0.06861339428056434,-4.821584105491638
COCO-2017-val,Molmo2-ER,coco_1274_213033,21,horizontal,target-reference,-0.2534792757318885,-2.0510212779045105
COCO-2017-val,Molmo2-ER,coco_1274_213033,21,vertical,target-reference,-0.6376515121760615,-5.8629032373428345
COCO-2017-val,Molmo2-ER,coco_1275_61108,21,distance,target-reference,0.10694214314365968,-3.330266118049621
COCO-2017-val,Molmo2-ER,coco_1275_61108,21,horizontal,target-reference,-0.5152239056183542,-6.413844585418701
COCO-2017-val,Molmo2-ER,coco_1275_61108,21,vertical,target-reference,-0.33049995767787327,0.3116987943649293
COCO-2017-val,Molmo2-ER,coco_1276_577735,21,distance,target-reference,-0.114896264951964,-4.387976050376892
COCO-2017-val,Molmo2-ER,coco_1276_577735,21,horizontal,target-reference,0.2534603754872258,2.2841619849205017
COCO-2017-val,Molmo2-ER,coco_1276_577735,21,vertical,target-reference,0.6863588579950459,4.330853343009949
COCO-2017-val,Molmo2-ER,coco_1277_508730,21,distance,target-reference,0.246257148675833,-0.9201657772064209
COCO-2017-val,Molmo2-ER,coco_1277_508730,21,horizontal,target-reference,-0.5542473715794918,-12.800976753234863
COCO-2017-val,Molmo2-ER,coco_1277_508730,21,vertical,target-reference,1.1953999761189074,13.305150985717772
COCO-2017-val,Molmo2-ER,coco_1278_389109,21,distance,target-reference,-0.33992002361456597,-5.145208358764648
COCO-2017-val,Molmo2-ER,coco_1278_389109,21,horizontal,target-reference,0.6967186332161528,4.225347399711609
COCO-2017-val,Molmo2-ER,coco_1278_389109,21,vertical,target-reference,-0.3678598245966944,-3.8004982471466064
COCO-2017-val,Molmo2-ER,coco_1279_512657,21,distance,target-reference,-0.251873745851477,0.5624777674674988
COCO-2017-val,Molmo2-ER,coco_1279_512657,21,horizontal,target-reference,-0.31358920417654,1.3607835173606875
COCO-2017-val,Molmo2-ER,coco_1279_512657,21,vertical,target-reference,-0.8494434262107768,-14.012602806091309
COCO-2017-val,Molmo2-ER,coco_1280_320490,21,distance,target-reference,0.8880900812188677,2.870849132537842
COCO-2017-val,Molmo2-ER,coco_1280_320490,21,horizontal,target-reference,-0.5894455306006621,-6.6675262451171875
COCO-2017-val,Molmo2-ER,coco_1280_320490,21,vertical,target-reference,0.6257174974592659,5.302175283432007
COCO-2017-val,Molmo2-ER,coco_1281_464144,21,distance,target-reference,-0.18502733320801504,-2.7051253318786626
COCO-2017-val,Molmo2-ER,coco_1281_464144,21,horizontal,target-reference,0.2020180498938714,1.8070317506790161
COCO-2017-val,Molmo2-ER,coco_1281_464144,21,vertical,target-reference,-0.6378588937540073,-13.68982219696045
COCO-2017-val,Molmo2-ER,coco_1282_510329,21,distance,target-reference,-0.1894275836748385,-4.243354320526123
COCO-2017-val,Molmo2-ER,coco_1282_510329,21,horizontal,target-reference,0.5870501051471523,3.2279856204986572
COCO-2017-val,Molmo2-ER,coco_1282_510329,21,vertical,target-reference,0.44884988137327947,8.711344480514526
COCO-2017-val,Molmo2-ER,coco_1283_292456,21,distance,target-reference,0.3784880253605388,3.57154130935669
COCO-2017-val,Molmo2-ER,coco_1283_292456,21,horizontal,target-reference,0.43117793455448694,7.2731828689575195
COCO-2017-val,Molmo2-ER,coco_1283_292456,21,vertical,target-reference,0.7385788023425369,10.651689529418945
COCO-2017-val,Molmo2-ER,coco_1284_288762,21,distance,target-reference,0.44937411248646564,-1.8168976306915288
COCO-2017-val,Molmo2-ER,coco_1284_288762,21,horizontal,target-reference,0.3847239815023333,1.7427512109279633
COCO-2017-val,Molmo2-ER,coco_1284_288762,21,vertical,target-reference,-0.5055198396379108,-3.842288613319397
COCO-2017-val,Molmo2-ER,coco_1285_404249,21,distance,target-reference,0.1576985214952926,-0.11455035209655762
COCO-2017-val,Molmo2-ER,coco_1285_404249,21,horizontal,target-reference,-0.03303233455587479,0.18517452478408822
COCO-2017-val,Molmo2-ER,coco_1285_404249,21,vertical,target-reference,0.6423591695180995,9.003641843795776
COCO-2017-val,Molmo2-ER,coco_1286_42628,21,distance,target-reference,-0.6039452131094438,-9.07843405008316
COCO-2017-val,Molmo2-ER,coco_1286_42628,21,horizontal,target-reference,0.20691342077060515,-1.8353285789489746
COCO-2017-val,Molmo2-ER,coco_1286_42628,21,vertical,target-reference,-0.9918593960869435,-4.818513631820679
COCO-2017-val,Molmo2-ER,coco_1287_572517,21,distance,target-reference,-0.535850285241652,-5.39617657661438
COCO-2017-val,Molmo2-ER,coco_1287_572517,21,horizontal,target-reference,-0.4891019492261813,-8.421846866607666
COCO-2017-val,Molmo2-ER,coco_1287_572517,21,vertical,target-reference,-0.5818537206793543,-4.722375869750977
COCO-2017-val,Molmo2-ER,coco_1288_28452,21,distance,target-reference,-0.03931290505631099,-0.8767142295837402
COCO-2017-val,Molmo2-ER,coco_1288_28452,21,horizontal,target-reference,0.1980722969222044,5.109843015670776
COCO-2017-val,Molmo2-ER,coco_1288_28452,21,vertical,target-reference,-0.2918188811064607,-0.8848851323127747
COCO-2017-val,Molmo2-ER,coco_1289_385997,21,distance,target-reference,0.2051994070083505,1.0855659246444702
COCO-2017-val,Molmo2-ER,coco_1289_385997,21,horizontal,target-reference,-0.567890170871332,-9.390655219554901
COCO-2017-val,Molmo2-ER,coco_1289_385997,21,vertical,target-reference,0.6156259712468021,6.746223211288452
COCO-2017-val,Molmo2-ER,coco_1290_4395,21,distance,target-reference,-0.08966698370226339,-3.317385494709015
COCO-2017-val,Molmo2-ER,coco_1290_4395,21,horizontal,target-reference,-0.0945574143834473,0.2794191837310792
COCO-2017-val,Molmo2-ER,coco_1290_4395,21,vertical,target-reference,-0.35135857572078805,-7.557883501052857
COCO-2017-val,Molmo2-ER,coco_1291_330369,21,distance,target-reference,-0.0920685367404791,-7.135094881057739
COCO-2017-val,Molmo2-ER,coco_1291_330369,21,horizontal,target-reference,-0.5375601544924987,-4.094701826572418
COCO-2017-val,Molmo2-ER,coco_1291_330369,21,vertical,target-reference,-0.34005137779659417,-3.778369665145874
COCO-2017-val,Molmo2-ER,coco_1292_162581,21,distance,target-reference,-0.2098193428964567,-5.62261700630188
COCO-2017-val,Molmo2-ER,coco_1292_162581,21,horizontal,target-reference,-0.2493719027860993,-2.17273873090744
COCO-2017-val,Molmo2-ER,coco_1292_162581,21,vertical,target-reference,-0.6760859019248949,-6.944285750389099
COCO-2017-val,Molmo2-ER,coco_1293_471087,21,distance,target-reference,-0.012870178108439,-1.9722777605056763
COCO-2017-val,Molmo2-ER,coco_1293_471087,21,horizontal,target-reference,0.2637303832486402,2.2736412286758423
COCO-2017-val,Molmo2-ER,coco_1293_471087,21,vertical,target-reference,-0.30726187398104404,-8.025381326675415
COCO-2017-val,Molmo2-ER,coco_1294_357978,21,distance,target-reference,-0.2844969426001402,-0.02505779266357422
COCO-2017-val,Molmo2-ER,coco_1294_357978,21,horizontal,target-reference,0.6016341286135505,7.523793429136276
COCO-2017-val,Molmo2-ER,coco_1294_357978,21,vertical,target-reference,-0.5530225945630529,-10.844827651977539
COCO-2017-val,Molmo2-ER,coco_1295_22479,21,distance,target-reference,-0.17735504977030447,-2.1331473588943486
COCO-2017-val,Molmo2-ER,coco_1295_22479,21,horizontal,target-reference,-0.41783903882841333,-3.8765382766723633
COCO-2017-val,Molmo2-ER,coco_1295_22479,21,vertical,target-reference,-0.5962655018747156,-7.801905155181885
COCO-2017-val,Molmo2-ER,coco_1296_434204,21,distance,target-reference,0.1981422020376076,4.500561714172363
COCO-2017-val,Molmo2-ER,coco_1296_434204,21,horizontal,target-reference,-0.4788320837787401,-6.189372301101685
COCO-2017-val,Molmo2-ER,coco_1296_434204,21,vertical,target-reference,0.775740885015612,7.726521015167237
COCO-2017-val,Molmo2-ER,coco_1297_205834,21,distance,target-reference,-0.2379886295390779,-3.288811206817627
COCO-2017-val,Molmo2-ER,coco_1297_205834,21,horizontal,target-reference,0.3429446992765003,0.6615262627601622
COCO-2017-val,Molmo2-ER,coco_1297_205834,21,vertical,target-reference,-0.8006243563259323,-6.120546340942383
COCO-2017-val,Molmo2-ER,coco_1298_546325,21,distance,target-reference,0.4832579977868552,4.230974197387696
COCO-2017-val,Molmo2-ER,coco_1298_546325,21,horizontal,target-reference,-0.5697430891893249,-7.924987554550171
COCO-2017-val,Molmo2-ER,coco_1298_546325,21,vertical,target-reference,0.46965646655639026,4.668488502502441
COCO-2017-val,Molmo2-ER,coco_1299_478393,21,distance,target-reference,0.018565250535973105,-0.4225561618804927
COCO-2017-val,Molmo2-ER,coco_1299_478393,21,horizontal,target-reference,0.6247562130427432,3.3798335194587708
COCO-2017-val,Molmo2-ER,coco_1299_478393,21,vertical,target-reference,-0.0410789060276364,-2.3672302961349487
COCO-2017-val,Molmo2-ER,coco_1300_286660,21,distance,target-reference,-0.07926145327996598,-1.5332117080688477
COCO-2017-val,Molmo2-ER,coco_1300_286660,21,horizontal,target-reference,0.8715091785636678,2.3301395773887634
COCO-2017-val,Molmo2-ER,coco_1300_286660,21,vertical,target-reference,-0.0966935142338616,-1.544828251004219
COCO-2017-val,Molmo2-ER,coco_1301_106235,21,distance,target-reference,-0.1100256867277691,6.757215738296509
COCO-2017-val,Molmo2-ER,coco_1301_106235,21,horizontal,target-reference,0.6447159677946571,0.9966714382171631
COCO-2017-val,Molmo2-ER,coco_1301_106235,21,vertical,target-reference,0.00426336924580481,6.529542922973633
COCO-2017-val,Molmo2-ER,coco_1302_174371,21,distance,target-reference,-0.29363594896291345,0.3874838352203369
COCO-2017-val,Molmo2-ER,coco_1302_174371,21,horizontal,target-reference,0.6150148380096422,0.6467857360839844
COCO-2017-val,Molmo2-ER,coco_1302_174371,21,vertical,target-reference,-0.4913707398138432,-6.298563480377197
COCO-2017-val,Molmo2-ER,coco_1303_394206,21,distance,target-reference,-0.2580573433592456,-6.368523001670837
COCO-2017-val,Molmo2-ER,coco_1303_394206,21,horizontal,target-reference,0.5746065331845074,3.093631476163864
COCO-2017-val,Molmo2-ER,coco_1303_394206,21,vertical,target-reference,0.10540385678661113,5.761767655611038
COCO-2017-val,Molmo2-ER,coco_1304_97994,21,distance,target-reference,-0.025251134930035668,-2.3185060620307922
COCO-2017-val,Molmo2-ER,coco_1304_97994,21,horizontal,target-reference,0.6314768469924135,5.0296913385391235
COCO-2017-val,Molmo2-ER,coco_1304_97994,21,vertical,target-reference,0.2165413278239225,4.607291996479034
COCO-2017-val,Molmo2-ER,coco_1305_19221,21,distance,target-reference,-0.02963461317185828,-0.5075836181640621
COCO-2017-val,Molmo2-ER,coco_1305_19221,21,horizontal,target-reference,-0.517987407748328,-2.4539181590080266
COCO-2017-val,Molmo2-ER,coco_1305_19221,21,vertical,target-reference,-0.508586681751164,-1.1271060705184937
COCO-2017-val,Molmo2-ER,coco_1306_343706,21,distance,target-reference,0.30058901792835535,1.9529118537902832
COCO-2017-val,Molmo2-ER,coco_1306_343706,21,horizontal,target-reference,-0.34695415992250733,-2.2925672531127925
COCO-2017-val,Molmo2-ER,coco_1306_343706,21,vertical,target-reference,0.473954464377894,3.406063139438629
COCO-2017-val,Molmo2-ER,coco_1307_206579,21,distance,target-reference,-0.5750257287694618,-9.277778625488281
COCO-2017-val,Molmo2-ER,coco_1307_206579,21,horizontal,target-reference,-0.07827249335863945,-3.0778391361236572
COCO-2017-val,Molmo2-ER,coco_1307_206579,21,vertical,target-reference,-0.8081201962713542,-6.657731294631958
COCO-2017-val,Molmo2-ER,coco_1308_178028,21,distance,target-reference,0.3983160518935116,1.640303134918213
COCO-2017-val,Molmo2-ER,coco_1308_178028,21,horizontal,target-reference,-0.8870149794529627,-10.46851921081543
COCO-2017-val,Molmo2-ER,coco_1308_178028,21,vertical,target-reference,0.3081307498563917,4.074938774108887
COCO-2017-val,Molmo2-ER,coco_1309_107087,21,distance,target-reference,0.48667756731695344,1.8309192657470705
COCO-2017-val,Molmo2-ER,coco_1309_107087,21,horizontal,target-reference,0.02829345966070418,2.8795100450515747
COCO-2017-val,Molmo2-ER,coco_1309_107087,21,vertical,target-reference,0.7108365859631661,-1.4487959146499634
COCO-2017-val,Molmo2-ER,coco_1310_196754,21,distance,target-reference,-0.4601543664836404,-5.795349836349486
COCO-2017-val,Molmo2-ER,coco_1310_196754,21,horizontal,target-reference,-0.7715933465598432,-3.706354022026062
COCO-2017-val,Molmo2-ER,coco_1310_196754,21,vertical,target-reference,-0.3184662112219861,-8.345929384231567
COCO-2017-val,Molmo2-ER,coco_1311_258883,21,distance,target-reference,0.608704614059318,6.237102746963501
COCO-2017-val,Molmo2-ER,coco_1311_258883,21,horizontal,target-reference,-0.9460209017279035,-0.7762043476104736
COCO-2017-val,Molmo2-ER,coco_1311_258883,21,vertical,target-reference,-0.12967469918074764,-3.2962881326675415
COCO-2017-val,Molmo2-ER,coco_1312_131138,21,distance,target-reference,-0.5885332487092402,-5.316915273666382
COCO-2017-val,Molmo2-ER,coco_1312_131138,21,horizontal,target-reference,-0.3539848184464054,-2.991461753845215
COCO-2017-val,Molmo2-ER,coco_1312_131138,21,vertical,target-reference,-0.9492608254552046,-13.574256896972656
COCO-2017-val,Molmo2-ER,coco_1313_578545,21,distance,target-reference,-0.5550499130116915,-6.091543912887573
COCO-2017-val,Molmo2-ER,coco_1313_578545,21,horizontal,target-reference,0.6382412244510949,2.6723889112472534
COCO-2017-val,Molmo2-ER,coco_1313_578545,21,vertical,target-reference,-0.5510194270204584,-6.2614006996154785
COCO-2017-val,Molmo2-ER,coco_1314_233238,21,distance,target-reference,0.6778682096923392,4.212512284517288
COCO-2017-val,Molmo2-ER,coco_1314_233238,21,horizontal,target-reference,-0.028216300803999284,-0.5073229074478147
COCO-2017-val,Molmo2-ER,coco_1314_233238,21,vertical,target-reference,0.6313303108215697,5.85712218284607
COCO-2017-val,Molmo2-ER,coco_1315_52413,21,distance,target-reference,-0.6693314678091161,-10.391371726989746
COCO-2017-val,Molmo2-ER,coco_1315_52413,21,horizontal,target-reference,-0.012072629811578611,-0.1304454207420349
COCO-2017-val,Molmo2-ER,coco_1315_52413,21,vertical,target-reference,-0.7909380890985417,-4.9350762367248535
COCO-2017-val,Molmo2-ER,coco_1316_102805,21,distance,target-reference,0.2453223306730199,-0.39089179039001465
COCO-2017-val,Molmo2-ER,coco_1316_102805,21,horizontal,target-reference,0.345754701740131,-0.13758027553558327
COCO-2017-val,Molmo2-ER,coco_1316_102805,21,vertical,target-reference,0.5352529933871153,5.7246657609939575
COCO-2017-val,Molmo2-ER,coco_1317_13201,21,distance,target-reference,0.2557438244431875,-0.33594632148742676
COCO-2017-val,Molmo2-ER,coco_1317_13201,21,horizontal,target-reference,-0.17645996325798718,-0.9275501370429992
COCO-2017-val,Molmo2-ER,coco_1317_13201,21,vertical,target-reference,0.5085535777755137,9.198205947875977
COCO-2017-val,Molmo2-ER,coco_1318_310862,21,distance,target-reference,0.031957748529351904,-0.882758378982544
COCO-2017-val,Molmo2-ER,coco_1318_310862,21,horizontal,target-reference,0.07029358386857279,-3.3752395808696747
COCO-2017-val,Molmo2-ER,coco_1318_310862,21,vertical,target-reference,0.279936347367167,2.4689321517944336
COCO-2017-val,Molmo2-ER,coco_1319_277005,21,distance,target-reference,-0.3509636448940221,-2.1037992238998413
COCO-2017-val,Molmo2-ER,coco_1319_277005,21,horizontal,target-reference,0.5982115674729604,1.7879536151885986
COCO-2017-val,Molmo2-ER,coco_1319_277005,21,vertical,target-reference,-0.4852808230753485,-8.818256258964539
COCO-2017-val,Molmo2-ER,coco_1320_349480,21,distance,target-reference,0.6219655270208733,-0.9076726138591766
COCO-2017-val,Molmo2-ER,coco_1320_349480,21,horizontal,target-reference,0.176151144324886,-0.11806654930114746
COCO-2017-val,Molmo2-ER,coco_1320_349480,21,vertical,target-reference,0.8643778790858436,7.541526794433594
COCO-2017-val,Molmo2-ER,coco_1321_255536,21,distance,target-reference,-0.3241867354512959,-9.68137788772583
COCO-2017-val,Molmo2-ER,coco_1321_255536,21,horizontal,target-reference,-0.5983622313890333,-7.4328378438949585
COCO-2017-val,Molmo2-ER,coco_1321_255536,21,vertical,target-reference,-0.07161461924031243,-8.042638778686523
COCO-2017-val,Molmo2-ER,coco_1322_502737,21,distance,target-reference,-0.3218168333338144,-3.3508566617965703
COCO-2017-val,Molmo2-ER,coco_1322_502737,21,horizontal,target-reference,-0.6228894567894204,-3.1240807622671127
COCO-2017-val,Molmo2-ER,coco_1322_502737,21,vertical,target-reference,-0.38120106829521844,-8.826292991638184
COCO-2017-val,Molmo2-ER,coco_1323_509699,21,distance,target-reference,0.010880163527967113,2.4608958959579468
COCO-2017-val,Molmo2-ER,coco_1323_509699,21,horizontal,target-reference,-0.6032009076823042,-14.1123046875
COCO-2017-val,Molmo2-ER,coco_1323_509699,21,vertical,target-reference,-0.021679674730031795,3.479837715625764
COCO-2017-val,Molmo2-ER,coco_1324_229553,21,distance,target-reference,0.07547042825038419,-1.992680311203003
COCO-2017-val,Molmo2-ER,coco_1324_229553,21,horizontal,target-reference,0.019039572243968905,0.697396039962769
COCO-2017-val,Molmo2-ER,coco_1324_229553,21,vertical,target-reference,0.6026231111529026,9.357597827911377
COCO-2017-val,Molmo2-ER,coco_1325_231339,21,distance,target-reference,-0.388486889626106,-8.397444248199463
COCO-2017-val,Molmo2-ER,coco_1325_231339,21,horizontal,target-reference,-0.09481015696756431,1.3539090156555171
COCO-2017-val,Molmo2-ER,coco_1325_231339,21,vertical,target-reference,-0.6067573627420556,-6.108490407466888
COCO-2017-val,Molmo2-ER,coco_1326_407002,21,distance,target-reference,-0.016511951479044107,-0.06650269031524658
COCO-2017-val,Molmo2-ER,coco_1326_407002,21,horizontal,target-reference,0.38964398848385007,2.180015325546264
COCO-2017-val,Molmo2-ER,coco_1326_407002,21,vertical,target-reference,-0.5951002299044217,-11.982573032379149
COCO-2017-val,Molmo2-ER,coco_1327_513580,21,distance,target-reference,0.0008679631048996161,0.9426178336143494
COCO-2017-val,Molmo2-ER,coco_1327_513580,21,horizontal,target-reference,-0.46009421477464396,-7.969782114028931
COCO-2017-val,Molmo2-ER,coco_1327_513580,21,vertical,target-reference,0.5300002163630693,16.771324157714844
COCO-2017-val,Molmo2-ER,coco_1328_382009,21,distance,target-reference,0.0026323675135217772,-4.35138875246048
COCO-2017-val,Molmo2-ER,coco_1328_382009,21,horizontal,target-reference,0.551281236216347,2.618015706539154
COCO-2017-val,Molmo2-ER,coco_1328_382009,21,vertical,target-reference,0.37121057683922404,3.017409980297088
COCO-2017-val,Molmo2-ER,coco_1329_22705,21,distance,target-reference,0.13689194460745258,4.962414026260376
COCO-2017-val,Molmo2-ER,coco_1329_22705,21,horizontal,target-reference,0.5201842586825346,1.6470164060592651
COCO-2017-val,Molmo2-ER,coco_1329_22705,21,vertical,target-reference,0.2251272493755335,0.9606173038482666
COCO-2017-val,Molmo2-ER,coco_1330_343937,21,distance,target-reference,0.1933770691203055,0.11197185516357422
COCO-2017-val,Molmo2-ER,coco_1330_343937,21,horizontal,target-reference,0.08502133936778081,0.9619929790496826
COCO-2017-val,Molmo2-ER,coco_1330_343937,21,vertical,target-reference,0.9306503790877172,7.581022024154663
COCO-2017-val,Molmo2-ER,coco_1331_358195,21,distance,target-reference,0.08639228138855448,-0.9928705692291264
COCO-2017-val,Molmo2-ER,coco_1331_358195,21,horizontal,target-reference,0.1658364470477098,2.998827993869781
COCO-2017-val,Molmo2-ER,coco_1331_358195,21,vertical,target-reference,0.5949323008071208,8.722440481185913
COCO-2017-val,Molmo2-ER,coco_1332_146825,21,distance,target-reference,-0.7382635627817371,-8.689677625894547
COCO-2017-val,Molmo2-ER,coco_1332_146825,21,horizontal,target-reference,0.054797387977334494,-1.3236831724643707
COCO-2017-val,Molmo2-ER,coco_1332_146825,21,vertical,target-reference,-0.8717612181356298,-13.16667652130127
COCO-2017-val,Molmo2-ER,coco_1333_367569,21,distance,target-reference,-0.7274712568333574,-4.7939064502716064
COCO-2017-val,Molmo2-ER,coco_1333_367569,21,horizontal,target-reference,0.10167210231370138,-0.13513469696044922
COCO-2017-val,Molmo2-ER,coco_1333_367569,21,vertical,target-reference,-0.728633423670245,-11.669714450836182
COCO-2017-val,Molmo2-ER,coco_1334_504711,21,distance,target-reference,-0.10631121217620129,-5.4506025314331055
COCO-2017-val,Molmo2-ER,coco_1334_504711,21,horizontal,target-reference,0.1839522982878805,0.8575484752655029
COCO-2017-val,Molmo2-ER,coco_1334_504711,21,vertical,target-reference,-0.7267824319522216,-6.331379413604736
COCO-2017-val,Molmo2-ER,coco_1335_34873,21,distance,target-reference,0.3910221545591739,2.2608500719070435
COCO-2017-val,Molmo2-ER,coco_1335_34873,21,horizontal,target-reference,-0.6969481339465947,-9.593472480773926
COCO-2017-val,Molmo2-ER,coco_1335_34873,21,vertical,target-reference,0.22059275586427052,6.386799573898316
COCO-2017-val,Molmo2-ER,coco_1336_9772,21,distance,target-reference,0.4742772081362345,1.9649537205696104
COCO-2017-val,Molmo2-ER,coco_1336_9772,21,horizontal,target-reference,0.6234272026134031,4.869266033172607
COCO-2017-val,Molmo2-ER,coco_1336_9772,21,vertical,target-reference,-0.466662977135037,-1.6882503032684326
COCO-2017-val,Molmo2-ER,coco_1337_492110,21,distance,target-reference,0.05223458765196293,-0.8029384613037109
COCO-2017-val,Molmo2-ER,coco_1337_492110,21,horizontal,target-reference,0.5684091128833487,4.928445875644684
COCO-2017-val,Molmo2-ER,coco_1337_492110,21,vertical,target-reference,0.34668955450263717,4.569608926773071
COCO-2017-val,Molmo2-ER,coco_1338_84477,21,distance,target-reference,0.041035395561136334,2.9761343002319336
COCO-2017-val,Molmo2-ER,coco_1338_84477,21,horizontal,target-reference,-0.3846402890614339,-11.458669185638428
COCO-2017-val,Molmo2-ER,coco_1338_84477,21,vertical,target-reference,0.8950956678684805,20.014986991882324
COCO-2017-val,Molmo2-ER,coco_1339_376322,21,distance,target-reference,-0.011744347474177505,0.6371833086013792
COCO-2017-val,Molmo2-ER,coco_1339_376322,21,horizontal,target-reference,-0.9326950324465707,-5.078822016716003
COCO-2017-val,Molmo2-ER,coco_1339_376322,21,vertical,target-reference,0.017302489459317227,1.4294993877410893
COCO-2017-val,Molmo2-ER,coco_1340_426203,21,distance,target-reference,-0.14804847230423998,-0.9134085178375244
COCO-2017-val,Molmo2-ER,coco_1340_426203,21,horizontal,target-reference,0.5700631863781537,4.609013140201569
COCO-2017-val,Molmo2-ER,coco_1340_426203,21,vertical,target-reference,0.5288102789739564,2.541013717651368
COCO-2017-val,Molmo2-ER,coco_1341_487583,21,distance,target-reference,0.5194081527743142,2.362090826034546
COCO-2017-val,Molmo2-ER,coco_1341_487583,21,horizontal,target-reference,0.7677926506492754,-1.40719598531723
COCO-2017-val,Molmo2-ER,coco_1341_487583,21,vertical,target-reference,-0.4244352752945637,-3.6761942505836487
COCO-2017-val,Molmo2-ER,coco_1342_85195,21,distance,target-reference,-0.0529998805907928,-3.9215203523635864
COCO-2017-val,Molmo2-ER,coco_1342_85195,21,horizontal,target-reference,-0.3135849062263613,-2.2049668729305267
COCO-2017-val,Molmo2-ER,coco_1342_85195,21,vertical,target-reference,-0.05807883479642381,-4.868304252624512
COCO-2017-val,Molmo2-ER,coco_1343_223747,21,distance,target-reference,-0.3444284933823692,-8.851789712905884
COCO-2017-val,Molmo2-ER,coco_1343_223747,21,horizontal,target-reference,0.5026323439165165,4.159889817237854
COCO-2017-val,Molmo2-ER,coco_1343_223747,21,vertical,target-reference,-0.7238018327776155,-11.026085615158081
COCO-2017-val,Molmo2-ER,coco_1344_238013,21,distance,target-reference,0.04725842582295009,-3.632486581802368
COCO-2017-val,Molmo2-ER,coco_1344_238013,21,horizontal,target-reference,-0.5882442318303445,-3.9353946149349213
COCO-2017-val,Molmo2-ER,coco_1344_238013,21,vertical,target-reference,0.17633738319560432,-1.0962746143341064
COCO-2017-val,Molmo2-ER,coco_1345_163682,21,distance,target-reference,0.0720741538974595,-2.880247950553894
COCO-2017-val,Molmo2-ER,coco_1345_163682,21,horizontal,target-reference,-0.6949136288131356,-3.871932983398438
COCO-2017-val,Molmo2-ER,coco_1345_163682,21,vertical,target-reference,0.2746560233712372,2.434365540742874
COCO-2017-val,Molmo2-ER,coco_1346_513524,21,distance,target-reference,-0.0815634568876106,-5.3093507289886475
COCO-2017-val,Molmo2-ER,coco_1346_513524,21,horizontal,target-reference,0.3229016437199238,0.9676458835601807
COCO-2017-val,Molmo2-ER,coco_1346_513524,21,vertical,target-reference,-0.8028092676970231,-9.626749992370605
COCO-2017-val,Molmo2-ER,coco_1347_65485,21,distance,target-reference,0.1143070910405869,3.1648603677749643
COCO-2017-val,Molmo2-ER,coco_1347_65485,21,horizontal,target-reference,-0.3553504293628562,-5.283355951309204
COCO-2017-val,Molmo2-ER,coco_1347_65485,21,vertical,target-reference,0.3284519410406832,-2.822927951812745
COCO-2017-val,Molmo2-ER,coco_1348_315492,21,distance,target-reference,0.0351955801196307,1.2531547546386719
COCO-2017-val,Molmo2-ER,coco_1348_315492,21,horizontal,target-reference,0.5041417485149966,-3.8445913791656494
COCO-2017-val,Molmo2-ER,coco_1348_315492,21,vertical,target-reference,-0.4752410605967375,2.144570827484131
COCO-2017-val,Molmo2-ER,coco_1349_437205,21,distance,target-reference,0.05799405202886532,-2.1842145919799805
COCO-2017-val,Molmo2-ER,coco_1349_437205,21,horizontal,target-reference,-0.5422837460242118,-2.815581440925598
COCO-2017-val,Molmo2-ER,coco_1349_437205,21,vertical,target-reference,0.0817433259627712,1.5695226788520813
COCO-2017-val,Molmo2-ER,coco_1350_103585,21,distance,target-reference,0.3438208446156078,4.103375852108002
COCO-2017-val,Molmo2-ER,coco_1350_103585,21,horizontal,target-reference,-0.9565796727464664,-10.272366404533386
COCO-2017-val,Molmo2-ER,coco_1350_103585,21,vertical,target-reference,-0.1446773337395222,-1.3593565225601196
COCO-2017-val,Molmo2-ER,coco_1351_345356,21,distance,target-reference,-0.7986176496145669,-11.996816635131836
COCO-2017-val,Molmo2-ER,coco_1351_345356,21,horizontal,target-reference,0.0162691431140448,3.172967970371246
COCO-2017-val,Molmo2-ER,coco_1351_345356,21,vertical,target-reference,-0.9344348000499715,-11.651240110397339
COCO-2017-val,Molmo2-ER,coco_1352_281414,21,distance,target-reference,-0.023015014004871714,0.3999587297439575
COCO-2017-val,Molmo2-ER,coco_1352_281414,21,horizontal,target-reference,-0.8107496203276369,-6.370909094810486
COCO-2017-val,Molmo2-ER,coco_1352_281414,21,vertical,target-reference,-0.1382531212485911,-3.9888410568237305
COCO-2017-val,Molmo2-ER,coco_1353_396526,21,distance,target-reference,0.0552843099669504,2.927889585494995
COCO-2017-val,Molmo2-ER,coco_1353_396526,21,horizontal,target-reference,-0.6020423607805806,-12.068471908569336
COCO-2017-val,Molmo2-ER,coco_1353_396526,21,vertical,target-reference,-0.0037718251509530343,0.005535840988158958
COCO-2017-val,Molmo2-ER,coco_1354_299887,21,distance,target-reference,-0.6402343143372511,-10.005852699279785
COCO-2017-val,Molmo2-ER,coco_1354_299887,21,horizontal,target-reference,-0.4245642960738474,-8.296378254890442
COCO-2017-val,Molmo2-ER,coco_1354_299887,21,vertical,target-reference,-0.5227077164082975,-10.614459037780762
COCO-2017-val,Molmo2-ER,coco_1355_270066,21,distance,target-reference,0.46556094570013823,4.7499647736549395
COCO-2017-val,Molmo2-ER,coco_1355_270066,21,horizontal,target-reference,0.1046964564529729,-4.640171051025391
COCO-2017-val,Molmo2-ER,coco_1355_270066,21,vertical,target-reference,0.7626039902134774,14.89759087562561
COCO-2017-val,Molmo2-ER,coco_1356_466256,21,distance,target-reference,-0.1714497216635419,-5.054681181907654
COCO-2017-val,Molmo2-ER,coco_1356_466256,21,horizontal,target-reference,0.3038999209518254,0.9995725154876709
COCO-2017-val,Molmo2-ER,coco_1356_466256,21,vertical,target-reference,-0.30210145578155323,-3.8749693632125854
COCO-2017-val,Molmo2-ER,coco_1357_521601,21,distance,target-reference,0.0938506155859557,-0.48583333194255823
COCO-2017-val,Molmo2-ER,coco_1357_521601,21,horizontal,target-reference,-0.002036400315705199,-2.4341235160827637
COCO-2017-val,Molmo2-ER,coco_1357_521601,21,vertical,target-reference,-0.4759752627397832,-1.6806887388229368
COCO-2017-val,Molmo2-ER,coco_1358_532481,21,distance,target-reference,0.0712439652337685,3.1721241176128387
COCO-2017-val,Molmo2-ER,coco_1358_532481,21,horizontal,target-reference,0.5757721221222589,-1.6190423369407654
COCO-2017-val,Molmo2-ER,coco_1358_532481,21,vertical,target-reference,0.4956970028043376,14.764317989349365
COCO-2017-val,Molmo2-ER,coco_1359_64718,21,distance,target-reference,0.0255282757382978,-0.664652466773987
COCO-2017-val,Molmo2-ER,coco_1359_64718,21,horizontal,target-reference,0.6361702277054754,2.934728503227234
COCO-2017-val,Molmo2-ER,coco_1359_64718,21,vertical,target-reference,0.2989044730694246,-0.9491041302680969
COCO-2017-val,Molmo2-ER,coco_1360_336209,21,distance,target-reference,-0.17951248290620078,-1.7055041790008543
COCO-2017-val,Molmo2-ER,coco_1360_336209,21,horizontal,target-reference,-0.4317280668830965,-8.13546895980835
COCO-2017-val,Molmo2-ER,coco_1360_336209,21,vertical,target-reference,-0.6498804190590728,-7.294382095336914
COCO-2017-val,Molmo2-ER,coco_1361_413395,21,distance,target-reference,0.136044019797923,2.519094467163086
COCO-2017-val,Molmo2-ER,coco_1361_413395,21,horizontal,target-reference,0.6665171718681787,-1.1627564430236816
COCO-2017-val,Molmo2-ER,coco_1361_413395,21,vertical,target-reference,-0.01686020906470849,-4.69932746887207
COCO-2017-val,Molmo2-ER,coco_1362_401446,21,distance,target-reference,-0.07618110052387621,-6.009422063827515
COCO-2017-val,Molmo2-ER,coco_1362_401446,21,horizontal,target-reference,-0.237052462871878,-2.3245295882225037
COCO-2017-val,Molmo2-ER,coco_1362_401446,21,vertical,target-reference,-0.749615658927852,-7.774576961994171
COCO-2017-val,Molmo2-ER,coco_1363_568710,21,distance,target-reference,-0.9346677670116232,-6.645710587501526
COCO-2017-val,Molmo2-ER,coco_1363_568710,21,horizontal,target-reference,-0.20085078896474085,2.248550534248352
COCO-2017-val,Molmo2-ER,coco_1363_568710,21,vertical,target-reference,-0.9423415924599556,-7.15015983581543
COCO-2017-val,Molmo2-ER,coco_1364_456292,21,distance,target-reference,-0.1505469633981263,0.16219019889831565
COCO-2017-val,Molmo2-ER,coco_1364_456292,21,horizontal,target-reference,-0.7210558397334209,-11.048871755599976
COCO-2017-val,Molmo2-ER,coco_1364_456292,21,vertical,target-reference,-0.4516888780713888,-7.58988356590271
COCO-2017-val,Molmo2-ER,coco_1365_368294,21,distance,target-reference,0.2332478449426434,-4.037730216979981
COCO-2017-val,Molmo2-ER,coco_1365_368294,21,horizontal,target-reference,-0.566676699016768,-1.4923576712608337
COCO-2017-val,Molmo2-ER,coco_1365_368294,21,vertical,target-reference,-0.10717238102272852,-4.76781964302063
COCO-2017-val,Molmo2-ER,coco_1366_192191,21,distance,target-reference,0.0699478229004883,-4.2544156312942505
COCO-2017-val,Molmo2-ER,coco_1366_192191,21,horizontal,target-reference,0.030688780398132387,-2.045188069343567
COCO-2017-val,Molmo2-ER,coco_1366_192191,21,vertical,target-reference,-0.401866260481689,-4.265617609024048
COCO-2017-val,Molmo2-ER,coco_1367_333745,21,distance,target-reference,0.01025470530793171,-0.024089097976684792
COCO-2017-val,Molmo2-ER,coco_1367_333745,21,horizontal,target-reference,-0.5463735677956995,-4.840946435928345
COCO-2017-val,Molmo2-ER,coco_1367_333745,21,vertical,target-reference,0.3847884218391085,3.7539708614349365
COCO-2017-val,Molmo2-ER,coco_1368_46378,21,distance,target-reference,0.11905986391989731,-9.481833457946777
COCO-2017-val,Molmo2-ER,coco_1368_46378,21,horizontal,target-reference,0.37178307580080117,5.210866212844849
COCO-2017-val,Molmo2-ER,coco_1368_46378,21,vertical,target-reference,0.7936392208044619,9.485133647918701
COCO-2017-val,Molmo2-ER,coco_1369_138979,21,distance,target-reference,-0.4759064883580249,-5.633055686950684
COCO-2017-val,Molmo2-ER,coco_1369_138979,21,horizontal,target-reference,-0.554106981559758,-6.630652904510498
COCO-2017-val,Molmo2-ER,coco_1369_138979,21,vertical,target-reference,-0.4772533683952823,-10.198482036590576
COCO-2017-val,Molmo2-ER,coco_1370_144333,21,distance,target-reference,0.059910802586074396,-4.146465420722961
COCO-2017-val,Molmo2-ER,coco_1370_144333,21,horizontal,target-reference,0.16594445519594508,1.8809814453125
COCO-2017-val,Molmo2-ER,coco_1370_144333,21,vertical,target-reference,-0.46481110177127305,0.8855812549591064
COCO-2017-val,Molmo2-ER,coco_1371_138954,21,distance,target-reference,0.2718810650699175,4.55262041091919
COCO-2017-val,Molmo2-ER,coco_1371_138954,21,horizontal,target-reference,0.3656446177958599,2.5175033509731293
COCO-2017-val,Molmo2-ER,coco_1371_138954,21,vertical,target-reference,-0.0005582996090141004,-1.082518458366394
COCO-2017-val,Molmo2-ER,coco_1372_352618,21,distance,target-reference,0.24477880203693192,-0.5772386789321899
COCO-2017-val,Molmo2-ER,coco_1372_352618,21,horizontal,target-reference,-0.4398000256057893,-6.106831043958664
COCO-2017-val,Molmo2-ER,coco_1372_352618,21,vertical,target-reference,0.1400225456846193,2.088736772537231
COCO-2017-val,Molmo2-ER,coco_1373_127530,21,distance,target-reference,-0.8561719473812203,-6.224729418754578
COCO-2017-val,Molmo2-ER,coco_1373_127530,21,horizontal,target-reference,0.5312788945989273,0.37723107635974884
COCO-2017-val,Molmo2-ER,coco_1373_127530,21,vertical,target-reference,0.5373315397512517,7.2098915576934814
COCO-2017-val,Molmo2-ER,coco_1374_88432,21,distance,target-reference,0.472512248881065,4.251617431640625
COCO-2017-val,Molmo2-ER,coco_1374_88432,21,horizontal,target-reference,0.021487178464966616,0.30322909355163574
COCO-2017-val,Molmo2-ER,coco_1374_88432,21,vertical,target-reference,0.6053493946576326,5.084855079650879
COCO-2017-val,Molmo2-ER,coco_1375_332845,21,distance,target-reference,0.5065070424396795,5.298022091388702
COCO-2017-val,Molmo2-ER,coco_1375_332845,21,horizontal,target-reference,-0.0737100809415339,-5.702903747558594
COCO-2017-val,Molmo2-ER,coco_1375_332845,21,vertical,target-reference,0.6516589048761968,16.768376350402832
COCO-2017-val,Molmo2-ER,coco_1376_579902,21,distance,target-reference,0.0559551973420852,2.959790825843811
COCO-2017-val,Molmo2-ER,coco_1376_579902,21,horizontal,target-reference,-0.09080858937962871,-1.5901117324829102
COCO-2017-val,Molmo2-ER,coco_1376_579902,21,vertical,target-reference,0.6521746878709299,3.11692351102829
COCO-2017-val,Molmo2-ER,coco_1377_157365,21,distance,target-reference,0.0922767082964979,-0.6789808273315434
COCO-2017-val,Molmo2-ER,coco_1377_157365,21,horizontal,target-reference,0.012886452436019907,0.9443649053573608
COCO-2017-val,Molmo2-ER,coco_1377_157365,21,vertical,target-reference,0.6214345704805642,10.058220386505127
COCO-2017-val,Molmo2-ER,coco_1378_491757,21,distance,target-reference,-0.0752402494840249,-3.749793529510498
COCO-2017-val,Molmo2-ER,coco_1378_491757,21,horizontal,target-reference,-0.2683484102751381,-0.4305952787399292
COCO-2017-val,Molmo2-ER,coco_1378_491757,21,vertical,target-reference,0.08970989729138679,-1.6842652559280396
COCO-2017-val,Molmo2-ER,coco_1379_440475,21,distance,target-reference,-0.3266221352467663,-12.006672382354735
COCO-2017-val,Molmo2-ER,coco_1379_440475,21,horizontal,target-reference,0.5565472965292513,3.649892568588257
COCO-2017-val,Molmo2-ER,coco_1379_440475,21,vertical,target-reference,-0.41416633854747675,-11.960984230041504
COCO-2017-val,Molmo2-ER,coco_1380_350003,21,distance,target-reference,0.042477423479309495,0.6037583351135254
COCO-2017-val,Molmo2-ER,coco_1380_350003,21,horizontal,target-reference,-0.6445270164355059,-9.063469409942627
COCO-2017-val,Molmo2-ER,coco_1380_350003,21,vertical,target-reference,-0.03210009145557599,-5.357801914215088
COCO-2017-val,Molmo2-ER,coco_1381_163640,21,distance,target-reference,0.36240293719619243,1.846434235572815
COCO-2017-val,Molmo2-ER,coco_1381_163640,21,horizontal,target-reference,-0.6181268396834969,-8.116070121526718
COCO-2017-val,Molmo2-ER,coco_1381_163640,21,vertical,target-reference,0.11575860840605862,3.2364052534103394
COCO-2017-val,Molmo2-ER,coco_1382_458768,21,distance,target-reference,0.22233275628070553,-8.50681734085083
COCO-2017-val,Molmo2-ER,coco_1382_458768,21,horizontal,target-reference,-0.6058839795086738,-4.136114716529846
COCO-2017-val,Molmo2-ER,coco_1382_458768,21,vertical,target-reference,0.29347059468409753,-4.067808747291565
COCO-2017-val,Molmo2-ER,coco_1383_185950,21,distance,target-reference,-0.1630917927220557,-1.4514689445495605
COCO-2017-val,Molmo2-ER,coco_1383_185950,21,horizontal,target-reference,0.0428914240197788,-2.317460417747497
COCO-2017-val,Molmo2-ER,coco_1383_185950,21,vertical,target-reference,-0.5859687361211041,-7.435702800750733
COCO-2017-val,Molmo2-ER,coco_1384_80273,21,distance,target-reference,0.15898666149021928,1.557397603988648
COCO-2017-val,Molmo2-ER,coco_1384_80273,21,horizontal,target-reference,0.1714765657140356,-0.305717408657074
COCO-2017-val,Molmo2-ER,coco_1384_80273,21,vertical,target-reference,0.793155706061825,7.863965749740601
COCO-2017-val,Molmo2-ER,coco_1385_475191,21,distance,target-reference,-0.43316553987871387,-5.150504112243652
COCO-2017-val,Molmo2-ER,coco_1385_475191,21,horizontal,target-reference,0.2210858914213718,2.062193512916565
COCO-2017-val,Molmo2-ER,coco_1385_475191,21,vertical,target-reference,-0.7252597792784236,-6.901545166969299
COCO-2017-val,Molmo2-ER,coco_1386_362434,21,distance,target-reference,-0.2889747593193369,-4.305430710315704
COCO-2017-val,Molmo2-ER,coco_1386_362434,21,horizontal,target-reference,-0.4979633665868104,-7.076615333557129
COCO-2017-val,Molmo2-ER,coco_1386_362434,21,vertical,target-reference,-0.2483151097152172,-2.439368486404419
COCO-2017-val,Molmo2-ER,coco_1387_386879,21,distance,target-reference,-0.11826936691129061,-1.6854477524757385
COCO-2017-val,Molmo2-ER,coco_1387_386879,21,horizontal,target-reference,0.6315395752073807,3.605333685874939
COCO-2017-val,Molmo2-ER,coco_1387_386879,21,vertical,target-reference,0.1618302299513228,-1.234196662902832
COCO-2017-val,Molmo2-ER,coco_1388_3553,21,distance,target-reference,0.05142365237573461,-2.152624726295471
COCO-2017-val,Molmo2-ER,coco_1388_3553,21,horizontal,target-reference,-0.0681000119124689,1.907897710800171
COCO-2017-val,Molmo2-ER,coco_1388_3553,21,vertical,target-reference,0.7246696836112121,11.995485305786133
COCO-2017-val,Molmo2-ER,coco_1389_133418,21,distance,target-reference,0.17868436041520758,-2.351593613624573
COCO-2017-val,Molmo2-ER,coco_1389_133418,21,horizontal,target-reference,-0.5074344892043487,-5.166108250617981
COCO-2017-val,Molmo2-ER,coco_1389_133418,21,vertical,target-reference,-0.5695010369410463,-6.669090270996094
COCO-2017-val,Molmo2-ER,coco_1390_567886,21,distance,target-reference,0.5381269502600797,6.093979597091675
COCO-2017-val,Molmo2-ER,coco_1390_567886,21,horizontal,target-reference,-0.2554958247301902,-1.2671378850936883
COCO-2017-val,Molmo2-ER,coco_1390_567886,21,vertical,target-reference,0.7343190783323656,7.590851843357086
COCO-2017-val,Molmo2-ER,coco_1391_306437,21,distance,target-reference,0.5342427760264332,4.829378128051758
COCO-2017-val,Molmo2-ER,coco_1391_306437,21,horizontal,target-reference,0.4284615091129681,0.40931594371795654
COCO-2017-val,Molmo2-ER,coco_1391_306437,21,vertical,target-reference,0.5377185497983071,9.493020057678223
COCO-2017-val,Molmo2-ER,coco_1392_492284,21,distance,target-reference,-0.1941335294468385,-6.586880207061768
COCO-2017-val,Molmo2-ER,coco_1392_492284,21,horizontal,target-reference,-0.451832103147644,-4.4011852741241455
COCO-2017-val,Molmo2-ER,coco_1392_492284,21,vertical,target-reference,-0.0956697191399171,-1.5308571755886078
COCO-2017-val,Molmo2-ER,coco_1393_237071,21,distance,target-reference,0.28126374565942297,-2.333968877792359
COCO-2017-val,Molmo2-ER,coco_1393_237071,21,horizontal,target-reference,-0.6374915575647951,-6.114728212356567
COCO-2017-val,Molmo2-ER,coco_1393_237071,21,vertical,target-reference,0.1334083651942779,-0.07392805814743042
COCO-2017-val,Molmo2-ER,coco_1394_493334,21,distance,target-reference,-0.1309595471257732,0.6654253005981445
COCO-2017-val,Molmo2-ER,coco_1394_493334,21,horizontal,target-reference,-0.1104313289682736,-3.233201026916504
COCO-2017-val,Molmo2-ER,coco_1394_493334,21,vertical,target-reference,-0.5979110144059523,-5.402065873146057
COCO-2017-val,Molmo2-ER,coco_1395_350148,21,distance,target-reference,0.4297904507756152,8.894463539123535
COCO-2017-val,Molmo2-ER,coco_1395_350148,21,horizontal,target-reference,-0.47638446875240725,-3.860600471496582
COCO-2017-val,Molmo2-ER,coco_1395_350148,21,vertical,target-reference,0.4677498789455363,7.543973445892334
COCO-2017-val,Molmo2-ER,coco_1396_97337,21,distance,target-reference,0.35588269872071376,6.684883832931519
COCO-2017-val,Molmo2-ER,coco_1396_97337,21,horizontal,target-reference,0.3795207216054544,-3.9073047637939453
COCO-2017-val,Molmo2-ER,coco_1396_97337,21,vertical,target-reference,0.7960466919170607,15.897842407226562
COCO-2017-val,Molmo2-ER,coco_1397_498032,21,distance,target-reference,-0.19925134705992262,-4.88543164730072
COCO-2017-val,Molmo2-ER,coco_1397_498032,21,horizontal,target-reference,-0.3663554112438661,-4.092526435852051
COCO-2017-val,Molmo2-ER,coco_1397_498032,21,vertical,target-reference,0.6848207651180658,-0.7057578563690184
COCO-2017-val,Molmo2-ER,coco_1398_265816,21,distance,target-reference,0.0845606323362777,-1.8110125064849854
COCO-2017-val,Molmo2-ER,coco_1398_265816,21,horizontal,target-reference,-0.5490557969821609,-9.988876342773438
COCO-2017-val,Molmo2-ER,coco_1398_265816,21,vertical,target-reference,0.22087885006620445,-1.781383991241455
COCO-2017-val,Molmo2-ER,coco_1399_321790,21,distance,target-reference,0.2173570273316797,-1.217023491859436
COCO-2017-val,Molmo2-ER,coco_1399_321790,21,horizontal,target-reference,-0.5805301841102481,-5.237072110176086
COCO-2017-val,Molmo2-ER,coco_1399_321790,21,vertical,target-reference,0.21771401285321962,-0.2189774513244629
COCO-2017-val,Molmo2-ER,coco_1400_138115,21,distance,target-reference,0.3401013705654674,1.4050698280334468
COCO-2017-val,Molmo2-ER,coco_1400_138115,21,horizontal,target-reference,-0.07583979237310709,-1.2341119349002838
COCO-2017-val,Molmo2-ER,coco_1400_138115,21,vertical,target-reference,0.1895157875603561,6.737452983856201
COCO-2017-val,Molmo2-ER,coco_1401_382696,21,distance,target-reference,0.06008651429484718,2.792190194129944
COCO-2017-val,Molmo2-ER,coco_1401_382696,21,horizontal,target-reference,-0.575511853393371,-13.526216983795166
COCO-2017-val,Molmo2-ER,coco_1401_382696,21,vertical,target-reference,-0.2829688876861982,-2.143962264060974
COCO-2017-val,Molmo2-ER,coco_1402_88970,21,distance,target-reference,0.06852802223863347,-1.4193952083587646
COCO-2017-val,Molmo2-ER,coco_1402_88970,21,horizontal,target-reference,-0.300052460820865,-5.545266091823579
COCO-2017-val,Molmo2-ER,coco_1402_88970,21,vertical,target-reference,0.5320164181885407,2.5460970401763916
COCO-2017-val,Molmo2-ER,coco_1403_512403,21,distance,target-reference,0.19674129370904558,3.901169776916504
COCO-2017-val,Molmo2-ER,coco_1403_512403,21,horizontal,target-reference,0.6573224478912334,8.245137929916382
COCO-2017-val,Molmo2-ER,coco_1403_512403,21,vertical,target-reference,0.04058379467640433,1.1763348132371902
COCO-2017-val,Molmo2-ER,coco_1404_16439,21,distance,target-reference,0.2778058966929468,1.3697116374969482
COCO-2017-val,Molmo2-ER,coco_1404_16439,21,horizontal,target-reference,0.5027249003427956,5.878956079483032
COCO-2017-val,Molmo2-ER,coco_1404_16439,21,vertical,target-reference,0.1811779419650903,4.833054184913635
COCO-2017-val,Molmo2-ER,coco_1405_73702,21,distance,target-reference,0.4743112248841014,-2.2649362087249756
COCO-2017-val,Molmo2-ER,coco_1405_73702,21,horizontal,target-reference,0.7580466761659059,-1.0703554153442383
COCO-2017-val,Molmo2-ER,coco_1405_73702,21,vertical,target-reference,-0.31460004650749623,-9.176513433456421
COCO-2017-val,Molmo2-ER,coco_1406_214869,21,distance,target-reference,-0.4378573686107039,-7.415368139743805
COCO-2017-val,Molmo2-ER,coco_1406_214869,21,horizontal,target-reference,-0.0087795618628243,-2.8839399814605713
COCO-2017-val,Molmo2-ER,coco_1406_214869,21,vertical,target-reference,-0.6545521121553483,-7.2773284912109375
COCO-2017-val,Molmo2-ER,coco_1407_507667,21,distance,target-reference,0.1660204158961806,2.751691490411758
COCO-2017-val,Molmo2-ER,coco_1407_507667,21,horizontal,target-reference,0.5957676503167562,5.656812071800232
COCO-2017-val,Molmo2-ER,coco_1407_507667,21,vertical,target-reference,0.2973698838629102,8.764561772346497
COCO-2017-val,Molmo2-ER,coco_1408_374052,21,distance,target-reference,-0.15538792537579021,2.220654606819153
COCO-2017-val,Molmo2-ER,coco_1408_374052,21,horizontal,target-reference,-0.4339970442743924,-0.40583831071853627
COCO-2017-val,Molmo2-ER,coco_1408_374052,21,vertical,target-reference,-0.6470897849393142,-2.259169101715088
COCO-2017-val,Molmo2-ER,coco_1409_493442,21,distance,target-reference,-0.2129741091377247,-1.6375192403793335
COCO-2017-val,Molmo2-ER,coco_1409_493442,21,horizontal,target-reference,0.015147302869846502,-1.824668049812317
COCO-2017-val,Molmo2-ER,coco_1409_493442,21,vertical,target-reference,-0.7414190316785115,-14.413383722305298
COCO-2017-val,Molmo2-ER,coco_1410_407083,21,distance,target-reference,0.4169144913011376,0.17136216163635254
COCO-2017-val,Molmo2-ER,coco_1410_407083,21,horizontal,target-reference,0.8644704700438226,2.7679779529571533
COCO-2017-val,Molmo2-ER,coco_1410_407083,21,vertical,target-reference,0.06873363375172409,-2.2592560052871704
COCO-2017-val,Molmo2-ER,coco_1411_38048,21,distance,target-reference,0.26738517891029323,5.0279765129089355
COCO-2017-val,Molmo2-ER,coco_1411_38048,21,horizontal,target-reference,-0.9085275622951702,-7.8561692237854
COCO-2017-val,Molmo2-ER,coco_1411_38048,21,vertical,target-reference,0.1670706193691901,2.5493690967559814
COCO-2017-val,Molmo2-ER,coco_1412_257169,21,distance,target-reference,0.739512538516979,1.931402325630188
COCO-2017-val,Molmo2-ER,coco_1412_257169,21,horizontal,target-reference,-0.588313583283936,-4.981605291366577
COCO-2017-val,Molmo2-ER,coco_1412_257169,21,vertical,target-reference,-0.5784950348805,-5.836876392364502
COCO-2017-val,Molmo2-ER,coco_1413_210030,21,distance,target-reference,0.20356437913731,-0.5658378601074217
COCO-2017-val,Molmo2-ER,coco_1413_210030,21,horizontal,target-reference,0.2707327609048169,2.950690686702729
COCO-2017-val,Molmo2-ER,coco_1413_210030,21,vertical,target-reference,0.2561919167505358,-0.5380232334136963
COCO-2017-val,Molmo2-ER,coco_1414_23023,21,distance,target-reference,0.19253648266485832,2.9239505529403687
COCO-2017-val,Molmo2-ER,coco_1414_23023,21,horizontal,target-reference,-0.5757817713666661,-6.750445008277893
COCO-2017-val,Molmo2-ER,coco_1414_23023,21,vertical,target-reference,-0.0828913651359668,-0.5267441272735596
COCO-2017-val,Molmo2-ER,coco_1415_367082,21,distance,target-reference,-0.12183554804547558,0.46361005306243896
COCO-2017-val,Molmo2-ER,coco_1415_367082,21,horizontal,target-reference,-0.0189352390995986,-0.8953240811824799
COCO-2017-val,Molmo2-ER,coco_1415_367082,21,vertical,target-reference,-0.5048761457986812,-2.778593897819519
COCO-2017-val,Molmo2-ER,coco_1416_2149,21,distance,target-reference,-0.0788119317927766,0.0045015811920166016
COCO-2017-val,Molmo2-ER,coco_1416_2149,21,horizontal,target-reference,-0.3121521823869116,-0.24925023317337058
COCO-2017-val,Molmo2-ER,coco_1416_2149,21,vertical,target-reference,-0.2950434280076376,-3.3731918931007385
COCO-2017-val,Molmo2-ER,coco_1417_237316,21,distance,target-reference,-0.05335795283521261,1.1490938663482666
COCO-2017-val,Molmo2-ER,coco_1417_237316,21,horizontal,target-reference,0.562404601841757,5.5135865211486825
COCO-2017-val,Molmo2-ER,coco_1417_237316,21,vertical,target-reference,-0.4018438098318198,-3.7288683056831355
COCO-2017-val,Molmo2-ER,coco_1418_292488,21,distance,target-reference,-0.274200025475845,-3.161813735961914
COCO-2017-val,Molmo2-ER,coco_1418_292488,21,horizontal,target-reference,0.3898094800639179,1.9341344237327576
COCO-2017-val,Molmo2-ER,coco_1418_292488,21,vertical,target-reference,-0.5458248783110123,-3.952470064163208
COCO-2017-val,Molmo2-ER,coco_1419_455301,21,distance,target-reference,-0.34710316093356497,-5.4149394035339355
COCO-2017-val,Molmo2-ER,coco_1419_455301,21,horizontal,target-reference,-0.09435691064719387,4.198545932769775
COCO-2017-val,Molmo2-ER,coco_1419_455301,21,vertical,target-reference,-0.7015106399693074,-3.607724606990814
COCO-2017-val,Molmo2-ER,coco_1420_517069,21,distance,target-reference,-0.1497025315019187,-5.699869394302368
COCO-2017-val,Molmo2-ER,coco_1420_517069,21,horizontal,target-reference,-0.5024162652550677,-10.44965410232544
COCO-2017-val,Molmo2-ER,coco_1420_517069,21,vertical,target-reference,-0.17973521092979583,-0.6282325983047485
COCO-2017-val,Molmo2-ER,coco_1421_383838,21,distance,target-reference,0.840505152087637,7.385470390319824
COCO-2017-val,Molmo2-ER,coco_1421_383838,21,horizontal,target-reference,-0.6719300209332014,-2.2855248451232906
COCO-2017-val,Molmo2-ER,coco_1421_383838,21,vertical,target-reference,-0.20626044898805063,-1.1776697635650633
COCO-2017-val,Molmo2-ER,coco_1422_173830,21,distance,target-reference,0.002448564961396116,-2.2377043962478638
COCO-2017-val,Molmo2-ER,coco_1422_173830,21,horizontal,target-reference,-0.013500385427080305,-0.9699645042419434
COCO-2017-val,Molmo2-ER,coco_1422_173830,21,vertical,target-reference,-0.6104567566281032,-11.90692400932312
COCO-2017-val,Molmo2-ER,coco_1423_189451,21,distance,target-reference,0.4865520998424196,0.5727181434631345
COCO-2017-val,Molmo2-ER,coco_1423_189451,21,horizontal,target-reference,0.5323444943720976,2.629797339439392
COCO-2017-val,Molmo2-ER,coco_1423_189451,21,vertical,target-reference,0.30593719141463654,2.934637188911439
COCO-2017-val,Molmo2-ER,coco_1424_343496,21,distance,target-reference,-0.0267370465543923,0.3458364009857178
COCO-2017-val,Molmo2-ER,coco_1424_343496,21,horizontal,target-reference,0.3106871833774843,1.0547046661376953
COCO-2017-val,Molmo2-ER,coco_1424_343496,21,vertical,target-reference,-0.8458225391758617,-9.239137172698975
COCO-2017-val,Molmo2-ER,coco_1425_61333,21,distance,target-reference,0.00592795275515931,-1.7228236198425293
COCO-2017-val,Molmo2-ER,coco_1425_61333,21,horizontal,target-reference,0.5791115589649197,4.945537567138672
COCO-2017-val,Molmo2-ER,coco_1425_61333,21,vertical,target-reference,0.3001853902013676,2.6805989742279053
COCO-2017-val,Molmo2-ER,coco_1426_254368,21,distance,target-reference,0.13594020447580818,-0.8680031299591064
COCO-2017-val,Molmo2-ER,coco_1426_254368,21,horizontal,target-reference,0.1543209158190011,0.36675274372100874
COCO-2017-val,Molmo2-ER,coco_1426_254368,21,vertical,target-reference,0.5702408526274276,4.550574421882629
COCO-2017-val,Molmo2-ER,coco_1427_269314,21,distance,target-reference,-0.14468790442193868,0.35356342792510986
COCO-2017-val,Molmo2-ER,coco_1427_269314,21,horizontal,target-reference,0.5060406119986733,1.1749505996704102
COCO-2017-val,Molmo2-ER,coco_1427_269314,21,vertical,target-reference,-0.576879746116513,-4.216031908988953
COCO-2017-val,Molmo2-ER,coco_1428_302107,21,distance,target-reference,0.1324610050517118,-5.854474842548371
COCO-2017-val,Molmo2-ER,coco_1428_302107,21,horizontal,target-reference,-0.6507728316793977,-4.015929102897644
COCO-2017-val,Molmo2-ER,coco_1428_302107,21,vertical,target-reference,0.4198169336618518,6.7979302406311035
COCO-2017-val,Molmo2-ER,coco_1429_485027,21,distance,target-reference,-0.1077120761980932,-3.8516851663589478
COCO-2017-val,Molmo2-ER,coco_1429_485027,21,horizontal,target-reference,0.8837743507548459,3.141683980822563
COCO-2017-val,Molmo2-ER,coco_1429_485027,21,vertical,target-reference,-0.4528231995317332,-1.836048737168312
COCO-2017-val,Molmo2-ER,coco_1430_565989,21,distance,target-reference,0.2888376323893306,0.7352135181427002
COCO-2017-val,Molmo2-ER,coco_1430_565989,21,horizontal,target-reference,-0.68568228079747,-7.243448734283447
COCO-2017-val,Molmo2-ER,coco_1430_565989,21,vertical,target-reference,0.38767987948311133,14.144968152046204
COCO-2017-val,Molmo2-ER,coco_1431_492968,21,distance,target-reference,-0.2638428269990037,-4.023408770561218
COCO-2017-val,Molmo2-ER,coco_1431_492968,21,horizontal,target-reference,-0.2959555111818152,-3.7334593534469604
COCO-2017-val,Molmo2-ER,coco_1431_492968,21,vertical,target-reference,-0.6913080584811118,-8.32767391204834
COCO-2017-val,Molmo2-ER,coco_1432_374083,21,distance,target-reference,-0.3489407428006906,0.8131759166717529
COCO-2017-val,Molmo2-ER,coco_1432_374083,21,horizontal,target-reference,0.9024082697596976,-0.9086316078901291
COCO-2017-val,Molmo2-ER,coco_1432_374083,21,vertical,target-reference,-0.41367154552412094,3.4075783789157867
COCO-2017-val,Molmo2-ER,coco_1433_112110,21,distance,target-reference,-0.1170212135303786,-0.5458779335021973
COCO-2017-val,Molmo2-ER,coco_1433_112110,21,horizontal,target-reference,0.09599456188918401,-2.6313908100128174
COCO-2017-val,Molmo2-ER,coco_1433_112110,21,vertical,target-reference,-0.8418465107659784,-9.71950626373291
COCO-2017-val,Molmo2-ER,coco_1434_58029,21,distance,target-reference,0.10826266941112511,9.68963885307312
COCO-2017-val,Molmo2-ER,coco_1434_58029,21,horizontal,target-reference,0.5928146532769037,7.3317670822143555
COCO-2017-val,Molmo2-ER,coco_1434_58029,21,vertical,target-reference,0.10018405718524481,2.4904613494873047
COCO-2017-val,Molmo2-ER,coco_1435_237118,21,distance,target-reference,0.08193990605786289,-1.4964132905006409
COCO-2017-val,Molmo2-ER,coco_1435_237118,21,horizontal,target-reference,0.6778113844349398,2.0664639472961426
COCO-2017-val,Molmo2-ER,coco_1435_237118,21,vertical,target-reference,0.26303958597211663,5.3088560104370135
COCO-2017-val,Molmo2-ER,coco_1436_161781,21,distance,target-reference,0.1231831324447049,-3.0171303153038025
COCO-2017-val,Molmo2-ER,coco_1436_161781,21,horizontal,target-reference,-0.2293458592632973,-5.096705913543701
COCO-2017-val,Molmo2-ER,coco_1436_161781,21,vertical,target-reference,0.8099255728080983,10.003370523452759
COCO-2017-val,Molmo2-ER,coco_1437_197658,21,distance,target-reference,0.207084892201865,-3.8333020210266113
COCO-2017-val,Molmo2-ER,coco_1437_197658,21,horizontal,target-reference,-0.5032091575086726,-5.8495495319366455
COCO-2017-val,Molmo2-ER,coco_1437_197658,21,vertical,target-reference,0.1938966033359233,4.850511789321899
COCO-2017-val,Molmo2-ER,coco_1438_571804,21,distance,target-reference,0.2149849433533309,2.9225454926490784
COCO-2017-val,Molmo2-ER,coco_1438_571804,21,horizontal,target-reference,0.5777921275782467,7.179166316986084
COCO-2017-val,Molmo2-ER,coco_1438_571804,21,vertical,target-reference,-0.0324221997515346,0.8269460201263428
COCO-2017-val,Molmo2-ER,coco_1439_463527,21,distance,target-reference,-0.5216593685343669,-9.438872814178467
COCO-2017-val,Molmo2-ER,coco_1439_463527,21,horizontal,target-reference,0.2855347341517673,-0.39047813415527344
COCO-2017-val,Molmo2-ER,coco_1439_463527,21,vertical,target-reference,-0.6653449880964806,-9.8769211769104
COCO-2017-val,Molmo2-ER,coco_1440_80153,21,distance,target-reference,-0.2747082695861913,-6.3068034052848825
COCO-2017-val,Molmo2-ER,coco_1440_80153,21,horizontal,target-reference,-0.02416550090704031,-3.81247341632843
COCO-2017-val,Molmo2-ER,coco_1440_80153,21,vertical,target-reference,-0.5974701449564046,-14.980205059051515
COCO-2017-val,Molmo2-ER,coco_1441_316666,21,distance,target-reference,-0.10896181932299699,-0.6900811195373535
COCO-2017-val,Molmo2-ER,coco_1441_316666,21,horizontal,target-reference,-0.5907510146599024,-9.404718160629272
COCO-2017-val,Molmo2-ER,coco_1441_316666,21,vertical,target-reference,0.2838715438512103,4.80719518661499
COCO-2017-val,Molmo2-ER,coco_1442_422670,21,distance,target-reference,0.15653140040182106,1.4890517592430115
COCO-2017-val,Molmo2-ER,coco_1442_422670,21,horizontal,target-reference,0.464895413797235,4.491405695676804
COCO-2017-val,Molmo2-ER,coco_1442_422670,21,vertical,target-reference,-0.2919593512373481,1.8310372829437256
COCO-2017-val,Molmo2-ER,coco_1443_539883,21,distance,target-reference,-0.11800476696209208,-2.9154092371463776
COCO-2017-val,Molmo2-ER,coco_1443_539883,21,horizontal,target-reference,-0.36487977092602636,-1.7941873073577879
COCO-2017-val,Molmo2-ER,coco_1443_539883,21,vertical,target-reference,-0.7929413814761695,-7.785463035106658
COCO-2017-val,Molmo2-ER,coco_1444_194832,21,distance,target-reference,-0.3622207866434015,-5.142404317855835
COCO-2017-val,Molmo2-ER,coco_1444_194832,21,horizontal,target-reference,-0.0204926374201411,-1.9862205982208252
COCO-2017-val,Molmo2-ER,coco_1444_194832,21,vertical,target-reference,-0.4575123976545201,-8.600966930389404
COCO-2017-val,Molmo2-ER,coco_1445_399764,21,distance,target-reference,-0.5415518432424501,-3.5518457889556885
COCO-2017-val,Molmo2-ER,coco_1445_399764,21,horizontal,target-reference,0.7788408967352742,3.350774049758911
COCO-2017-val,Molmo2-ER,coco_1445_399764,21,vertical,target-reference,-0.3456888244138169,-8.002005338668823
COCO-2017-val,Molmo2-ER,coco_1446_29187,21,distance,target-reference,-0.2176332712506186,-5.107724279165268
COCO-2017-val,Molmo2-ER,coco_1446_29187,21,horizontal,target-reference,-0.5101884737793467,-6.641293048858643
COCO-2017-val,Molmo2-ER,coco_1446_29187,21,vertical,target-reference,-0.1542488962439182,0.7590267658233643
COCO-2017-val,Molmo2-ER,coco_1447_464476,21,distance,target-reference,-0.21274938765480644,-1.8807232975959776
COCO-2017-val,Molmo2-ER,coco_1447_464476,21,horizontal,target-reference,0.5144246800583501,3.186322271823883
COCO-2017-val,Molmo2-ER,coco_1447_464476,21,vertical,target-reference,-0.2730343715846262,-7.924397945404053
COCO-2017-val,Molmo2-ER,coco_1448_309484,21,distance,target-reference,-0.018973460023866198,-3.07727187871933
COCO-2017-val,Molmo2-ER,coco_1448_309484,21,horizontal,target-reference,-0.011979679287429101,-3.662400245666504
COCO-2017-val,Molmo2-ER,coco_1448_309484,21,vertical,target-reference,0.4619598204055152,2.119372844696045
COCO-2017-val,Molmo2-ER,coco_1449_280779,21,distance,target-reference,0.0748624660359349,-2.1092042922973633
COCO-2017-val,Molmo2-ER,coco_1449_280779,21,horizontal,target-reference,-0.07578341970947869,-5.996780633926392
COCO-2017-val,Molmo2-ER,coco_1449_280779,21,vertical,target-reference,0.8491653717688785,9.177543640136719
COCO-2017-val,Molmo2-ER,coco_1450_521405,21,distance,target-reference,-0.5026227078074315,-5.822248578071594
COCO-2017-val,Molmo2-ER,coco_1450_521405,21,horizontal,target-reference,0.4623479865851547,3.0974645614624023
COCO-2017-val,Molmo2-ER,coco_1450_521405,21,vertical,target-reference,0.7125982787031239,7.280816555023194
COCO-2017-val,Molmo2-ER,coco_1451_329219,21,distance,target-reference,-0.4079061217038883,-6.514160752296448
COCO-2017-val,Molmo2-ER,coco_1451_329219,21,horizontal,target-reference,-0.3244053694514829,-6.053394317626953
COCO-2017-val,Molmo2-ER,coco_1451_329219,21,vertical,target-reference,-0.7494989798753235,-12.223040163517
COCO-2017-val,Molmo2-ER,coco_1452_291664,21,distance,target-reference,-0.016092254279161722,-1.4553296566009521
COCO-2017-val,Molmo2-ER,coco_1452_291664,21,horizontal,target-reference,0.61020592227131,3.854400277137756
COCO-2017-val,Molmo2-ER,coco_1452_291664,21,vertical,target-reference,0.1215079284644931,6.821789026260376
COCO-2017-val,Molmo2-ER,coco_1453_88951,21,distance,target-reference,-0.022287667395104488,-1.674818515777588
COCO-2017-val,Molmo2-ER,coco_1453_88951,21,horizontal,target-reference,-0.6111207080457747,-8.10505986213684
COCO-2017-val,Molmo2-ER,coco_1453_88951,21,vertical,target-reference,-0.24688941342220044,-7.487675905227661
COCO-2017-val,Molmo2-ER,coco_1454_147725,21,distance,target-reference,-0.0044262222372705995,-4.464795082807541
COCO-2017-val,Molmo2-ER,coco_1454_147725,21,horizontal,target-reference,-0.5102963529321101,-5.157294809818268
COCO-2017-val,Molmo2-ER,coco_1454_147725,21,vertical,target-reference,0.1817415158367573,0.29387283325195324
COCO-2017-val,Molmo2-ER,coco_1455_167067,21,distance,target-reference,0.0109127665356923,-1.9282200336456299
COCO-2017-val,Molmo2-ER,coco_1455_167067,21,horizontal,target-reference,-0.170392146492691,-3.624110877513884
COCO-2017-val,Molmo2-ER,coco_1455_167067,21,vertical,target-reference,-0.11930674486328768,-4.495153903961182
COCO-2017-val,Molmo2-ER,coco_1456_203580,21,distance,target-reference,0.08270242972906759,-1.2149763107299805
COCO-2017-val,Molmo2-ER,coco_1456_203580,21,horizontal,target-reference,-0.03029367314869358,-0.022414207458496094
COCO-2017-val,Molmo2-ER,coco_1456_203580,21,vertical,target-reference,-0.730095786551395,-10.333158016204834
COCO-2017-val,Molmo2-ER,coco_1457_507893,21,distance,target-reference,-0.3705387347463977,1.7178289890289302
COCO-2017-val,Molmo2-ER,coco_1457_507893,21,horizontal,target-reference,0.029744068213626296,-1.1415123939514151
COCO-2017-val,Molmo2-ER,coco_1457_507893,21,vertical,target-reference,-0.5968259468825732,-8.463884949684143
COCO-2017-val,Molmo2-ER,coco_1458_180296,21,distance,target-reference,-0.017450546857919608,0.16242694854736328
COCO-2017-val,Molmo2-ER,coco_1458_180296,21,horizontal,target-reference,0.29547947036996636,3.083877921104431
COCO-2017-val,Molmo2-ER,coco_1458_180296,21,vertical,target-reference,0.017821654392237596,0.17861080169677734
COCO-2017-val,Molmo2-ER,coco_1459_343453,21,distance,target-reference,-0.06237820930929172,-4.944968283176422
COCO-2017-val,Molmo2-ER,coco_1459_343453,21,horizontal,target-reference,0.0671740905938631,-1.5238571166992188
COCO-2017-val,Molmo2-ER,coco_1459_343453,21,vertical,target-reference,0.670451915084678,5.768869519233704
COCO-2017-val,Molmo2-ER,coco_1460_529148,21,distance,target-reference,-0.09114233776859298,1.1802389621734624
COCO-2017-val,Molmo2-ER,coco_1460_529148,21,horizontal,target-reference,0.6048072858114555,-7.459975004196167
COCO-2017-val,Molmo2-ER,coco_1460_529148,21,vertical,target-reference,-0.1119238369499056,-1.1597139835357666
COCO-2017-val,Molmo2-ER,coco_1461_90284,21,distance,target-reference,-0.07510097463450247,-0.7469726204872131
COCO-2017-val,Molmo2-ER,coco_1461_90284,21,horizontal,target-reference,-0.2905027806468161,-5.830116629600525
COCO-2017-val,Molmo2-ER,coco_1461_90284,21,vertical,target-reference,-0.2838942700201728,-4.063608527183533
COCO-2017-val,Molmo2-ER,coco_1462_80932,21,distance,target-reference,-0.5041667458885399,-6.599070906639099
COCO-2017-val,Molmo2-ER,coco_1462_80932,21,horizontal,target-reference,-0.2644598429623766,-2.3453034162521362
COCO-2017-val,Molmo2-ER,coco_1462_80932,21,vertical,target-reference,-0.6297917394544263,-3.9245388507843018
COCO-2017-val,Molmo2-ER,coco_1463_427034,21,distance,target-reference,-0.4877895724125635,-4.647079586982727
COCO-2017-val,Molmo2-ER,coco_1463_427034,21,horizontal,target-reference,0.8420121586217088,1.496650218963623
COCO-2017-val,Molmo2-ER,coco_1463_427034,21,vertical,target-reference,-0.74907350210223,-6.502518653869629
COCO-2017-val,Molmo2-ER,coco_1464_368335,21,distance,target-reference,0.2376437828944677,2.4677464962005624
COCO-2017-val,Molmo2-ER,coco_1464_368335,21,horizontal,target-reference,-0.7599577689411036,-11.181639194488525
COCO-2017-val,Molmo2-ER,coco_1464_368335,21,vertical,target-reference,0.017603044786654802,-1.3297197818756106
COCO-2017-val,Molmo2-ER,coco_1465_257865,21,distance,target-reference,0.22276425256304397,-4.746869146823883
COCO-2017-val,Molmo2-ER,coco_1465_257865,21,horizontal,target-reference,0.1333138330786456,0.7008527219295502
COCO-2017-val,Molmo2-ER,coco_1465_257865,21,vertical,target-reference,0.7501166633122225,6.548372030258179
COCO-2017-val,Molmo2-ER,coco_1466_350833,21,distance,target-reference,0.5353176088522903,8.675710439682007
COCO-2017-val,Molmo2-ER,coco_1466_350833,21,horizontal,target-reference,-0.6356483772749475,-6.363426387310028
COCO-2017-val,Molmo2-ER,coco_1466_350833,21,vertical,target-reference,0.257573470803514,7.399715185165405
COCO-2017-val,Molmo2-ER,coco_1467_2592,21,distance,target-reference,-0.3561450934872132,-5.026496052742004
COCO-2017-val,Molmo2-ER,coco_1467_2592,21,horizontal,target-reference,-0.1116627873671263,-2.7079275846481323
COCO-2017-val,Molmo2-ER,coco_1467_2592,21,vertical,target-reference,-0.4621295649650059,-5.786737680435181
COCO-2017-val,Molmo2-ER,coco_1468_78823,21,distance,target-reference,-0.6538350079249585,-6.83458548784256
COCO-2017-val,Molmo2-ER,coco_1468_78823,21,horizontal,target-reference,-0.5147005457273874,-5.0641772747039795
COCO-2017-val,Molmo2-ER,coco_1468_78823,21,vertical,target-reference,-0.3755580776245043,-7.074250817298889
COCO-2017-val,Molmo2-ER,coco_1469_498807,21,distance,target-reference,0.22625993743054673,3.138698101043701
COCO-2017-val,Molmo2-ER,coco_1469_498807,21,horizontal,target-reference,0.2491626343632899,-0.1898096799850463
COCO-2017-val,Molmo2-ER,coco_1469_498807,21,vertical,target-reference,0.7817008216714972,8.420188903808594
COCO-2017-val,Molmo2-ER,coco_1470_115898,21,distance,target-reference,0.015383335560759492,-4.399259507656097
COCO-2017-val,Molmo2-ER,coco_1470_115898,21,horizontal,target-reference,0.3888795197793637,1.7385880947113037
COCO-2017-val,Molmo2-ER,coco_1470_115898,21,vertical,target-reference,-0.6374494912686381,-7.743647575378418
COCO-2017-val,Molmo2-ER,coco_1471_273132,21,distance,target-reference,0.152862514179019,1.017584204673767
COCO-2017-val,Molmo2-ER,coco_1471_273132,21,horizontal,target-reference,0.5871129789364948,5.020960092544556
COCO-2017-val,Molmo2-ER,coco_1471_273132,21,vertical,target-reference,0.08751185455002419,-4.034995198249817
COCO-2017-val,Molmo2-ER,coco_1472_571264,21,distance,target-reference,-6.15900170266026e-05,-2.555483639240265
COCO-2017-val,Molmo2-ER,coco_1472_571264,21,horizontal,target-reference,-0.45915032621792473,-5.7248663902282715
COCO-2017-val,Molmo2-ER,coco_1472_571264,21,vertical,target-reference,0.3168810708221421,0.7368048429489136
COCO-2017-val,Molmo2-ER,coco_1473_394559,21,distance,target-reference,-0.012948356560707919,-4.13304603099823
COCO-2017-val,Molmo2-ER,coco_1473_394559,21,horizontal,target-reference,-0.255828682918755,-3.1432440280914307
COCO-2017-val,Molmo2-ER,coco_1473_394559,21,vertical,target-reference,-0.5665951283513123,-6.8688377141952515
COCO-2017-val,Molmo2-ER,coco_1474_354829,21,distance,target-reference,0.08984226604065901,-4.20841246843338
COCO-2017-val,Molmo2-ER,coco_1474_354829,21,horizontal,target-reference,0.4343142867113406,4.9158711433410645
COCO-2017-val,Molmo2-ER,coco_1474_354829,21,vertical,target-reference,0.4169364455042054,11.608871459960938
COCO-2017-val,Molmo2-ER,coco_1475_422706,21,distance,target-reference,-0.16941837357386746,0.9287761449813843
COCO-2017-val,Molmo2-ER,coco_1475_422706,21,horizontal,target-reference,0.5380110869261044,5.144970059394836
COCO-2017-val,Molmo2-ER,coco_1475_422706,21,vertical,target-reference,-0.0590432905572551,2.2967072129249573
COCO-2017-val,Molmo2-ER,coco_1476_158227,21,distance,target-reference,-0.06156488356273149,-3.4705567359924316
COCO-2017-val,Molmo2-ER,coco_1476_158227,21,horizontal,target-reference,-0.447347161025201,-5.041950821876526
COCO-2017-val,Molmo2-ER,coco_1476_158227,21,vertical,target-reference,-0.4085176980915669,-2.3414509296417236
COCO-2017-val,Molmo2-ER,coco_1477_562243,21,distance,target-reference,-0.1581719905695847,-3.6777037680149083
COCO-2017-val,Molmo2-ER,coco_1477_562243,21,horizontal,target-reference,-0.0767524533368176,-1.843786597251892
COCO-2017-val,Molmo2-ER,coco_1477_562243,21,vertical,target-reference,-0.2756018182400857,-9.97200059890747
COCO-2017-val,Molmo2-ER,coco_1478_565153,21,distance,target-reference,0.626225135980323,-2.5986320972442627
COCO-2017-val,Molmo2-ER,coco_1478_565153,21,horizontal,target-reference,0.22888453498104772,-7.759649038314819
COCO-2017-val,Molmo2-ER,coco_1478_565153,21,vertical,target-reference,0.5809830413527328,9.38802433013916
COCO-2017-val,Molmo2-ER,coco_1479_270474,21,distance,target-reference,0.029155580023187466,-2.6846089363098145
COCO-2017-val,Molmo2-ER,coco_1479_270474,21,horizontal,target-reference,-0.5699584032849015,-6.582302927970886
COCO-2017-val,Molmo2-ER,coco_1479_270474,21,vertical,target-reference,0.111415468620558,0.9810562133789071
COCO-2017-val,Molmo2-ER,coco_1480_433192,21,distance,target-reference,-0.043697728657630205,-2.057979941368103
COCO-2017-val,Molmo2-ER,coco_1480_433192,21,horizontal,target-reference,0.3015651809496544,4.41938042640686
COCO-2017-val,Molmo2-ER,coco_1480_433192,21,vertical,target-reference,0.27836004752707744,3.667253851890564
COCO-2017-val,Molmo2-ER,coco_1481_553664,21,distance,target-reference,-0.1505493136771021,-3.592079520225525
COCO-2017-val,Molmo2-ER,coco_1481_553664,21,horizontal,target-reference,-0.5333130456082407,-4.958129018545151
COCO-2017-val,Molmo2-ER,coco_1481_553664,21,vertical,target-reference,-0.4700846135265381,-5.9009369015693665
COCO-2017-val,Molmo2-ER,coco_1482_785,21,distance,target-reference,0.11203257855081061,-2.496839940547943
COCO-2017-val,Molmo2-ER,coco_1482_785,21,horizontal,target-reference,-0.059618045937696984,-4.608042240142822
COCO-2017-val,Molmo2-ER,coco_1482_785,21,vertical,target-reference,0.7374816640172013,7.724190950393677
COCO-2017-val,Molmo2-ER,coco_1483_384651,21,distance,target-reference,0.5993581885757403,5.746354103088379
COCO-2017-val,Molmo2-ER,coco_1483_384651,21,horizontal,target-reference,0.3852492129346889,0.016687870025634766
COCO-2017-val,Molmo2-ER,coco_1483_384651,21,vertical,target-reference,0.37446760697848935,5.666101932525635
COCO-2017-val,Molmo2-ER,coco_1484_121506,21,distance,target-reference,0.3582314477105103,3.995963335037231
COCO-2017-val,Molmo2-ER,coco_1484_121506,21,horizontal,target-reference,-0.5405982108176193,-7.826945543289185
COCO-2017-val,Molmo2-ER,coco_1484_121506,21,vertical,target-reference,-0.3728161721200396,-0.37178659439086914
COCO-2017-val,Molmo2-ER,coco_1485_569700,21,distance,target-reference,0.1558341978294939,-5.937728941440582
COCO-2017-val,Molmo2-ER,coco_1485_569700,21,horizontal,target-reference,0.016307726562464403,-5.3445863127708435
COCO-2017-val,Molmo2-ER,coco_1485_569700,21,vertical,target-reference,0.6825648499000743,3.1947362422943115
COCO-2017-val,Molmo2-ER,coco_1486_320554,21,distance,target-reference,0.2107553783581098,-1.6679553985595703
COCO-2017-val,Molmo2-ER,coco_1486_320554,21,horizontal,target-reference,0.08841892206236261,-3.84115332365036
COCO-2017-val,Molmo2-ER,coco_1486_320554,21,vertical,target-reference,0.8465485123378006,13.555837631225584
COCO-2017-val,Molmo2-ER,coco_1487_79014,21,distance,target-reference,0.3963224121238838,2.3584043383598328
COCO-2017-val,Molmo2-ER,coco_1487_79014,21,horizontal,target-reference,0.1895418146483927,0.14501535892486572
COCO-2017-val,Molmo2-ER,coco_1487_79014,21,vertical,target-reference,-0.2457365198912688,0.33649444580078125
COCO-2017-val,Molmo2-ER,coco_1488_562207,21,distance,target-reference,0.016466646412321095,-3.798482120037079
COCO-2017-val,Molmo2-ER,coco_1488_562207,21,horizontal,target-reference,-0.38151970835002763,-7.757124185562134
COCO-2017-val,Molmo2-ER,coco_1488_562207,21,vertical,target-reference,0.4998679527582009,8.07146143913269
COCO-2017-val,Molmo2-ER,coco_1489_334417,21,distance,target-reference,0.017571150998301796,-1.5857089459896088
COCO-2017-val,Molmo2-ER,coco_1489_334417,21,horizontal,target-reference,-0.011146415102029697,-1.0055837631225586
COCO-2017-val,Molmo2-ER,coco_1489_334417,21,vertical,target-reference,-0.4488182488994392,-6.809255599975586
COCO-2017-val,Molmo2-ER,coco_1490_7088,21,distance,target-reference,-0.4866472870256432,-6.106034755706787
COCO-2017-val,Molmo2-ER,coco_1490_7088,21,horizontal,target-reference,0.2923023228069087,1.1209012269973755
COCO-2017-val,Molmo2-ER,coco_1490_7088,21,vertical,target-reference,-0.4902332555367692,-10.554658889770508
COCO-2017-val,Molmo2-ER,coco_1491_107554,21,distance,target-reference,-0.8259103534315625,-7.68880033493042
COCO-2017-val,Molmo2-ER,coco_1491_107554,21,horizontal,target-reference,-0.512183756427879,-2.0079158544540405
COCO-2017-val,Molmo2-ER,coco_1491_107554,21,vertical,target-reference,-0.3328335169517076,1.4365888833999634
COCO-2017-val,Molmo2-ER,coco_1492_520910,21,distance,target-reference,-0.2236442663336862,0.0961236655712128
COCO-2017-val,Molmo2-ER,coco_1492_520910,21,horizontal,target-reference,0.32253954744538743,6.404763698577881
COCO-2017-val,Molmo2-ER,coco_1492_520910,21,vertical,target-reference,-0.490541229846528,-8.965939998626709
COCO-2017-val,Molmo2-ER,coco_1493_226984,21,distance,target-reference,0.167560923130731,5.822325706481934
COCO-2017-val,Molmo2-ER,coco_1493_226984,21,horizontal,target-reference,0.49914187651572833,4.196496844291687
COCO-2017-val,Molmo2-ER,coco_1493_226984,21,vertical,target-reference,-0.0906022341768846,3.3333650827407837
COCO-2017-val,Molmo2-ER,coco_1494_412286,21,distance,target-reference,0.027256256388908398,-4.480198383331299
COCO-2017-val,Molmo2-ER,coco_1494_412286,21,horizontal,target-reference,-0.154748031883574,-1.313835322856903
COCO-2017-val,Molmo2-ER,coco_1494_412286,21,vertical,target-reference,-0.4924576311283912,-4.88435161113739
COCO-2017-val,Molmo2-ER,coco_1495_328430,21,distance,target-reference,-0.2921802242662316,-1.837769627571106
COCO-2017-val,Molmo2-ER,coco_1495_328430,21,horizontal,target-reference,-0.0958860276237905,-5.007533311843872
COCO-2017-val,Molmo2-ER,coco_1495_328430,21,vertical,target-reference,0.6111670989416166,7.205998063087463
COCO-2017-val,Molmo2-ER,coco_1496_18770,21,distance,target-reference,-0.172435572712212,-4.186801910400391
COCO-2017-val,Molmo2-ER,coco_1496_18770,21,horizontal,target-reference,-0.3796556315348763,-2.1542819738388057
COCO-2017-val,Molmo2-ER,coco_1496_18770,21,vertical,target-reference,0.1744186339924975,1.8848872780799866
COCO-2017-val,Molmo2-ER,coco_1497_81594,21,distance,target-reference,0.10500947826654211,-0.5814958810806274
COCO-2017-val,Molmo2-ER,coco_1497_81594,21,horizontal,target-reference,0.49105995380424,8.672739505767822
COCO-2017-val,Molmo2-ER,coco_1497_81594,21,vertical,target-reference,-0.4955258561489343,-8.73705792427063
COCO-2017-val,Molmo2-ER,coco_1498_127660,21,distance,target-reference,0.1958913033066904,-1.3356559276580813
COCO-2017-val,Molmo2-ER,coco_1498_127660,21,horizontal,target-reference,0.0652890878985228,0.27562856674194336
COCO-2017-val,Molmo2-ER,coco_1498_127660,21,vertical,target-reference,0.5473134582605119,4.0955973863601685
COCO-2017-val,Molmo2-ER,coco_1499_281409,21,distance,target-reference,0.2574645030208579,-5.078245282173157
COCO-2017-val,Molmo2-ER,coco_1499_281409,21,horizontal,target-reference,-0.3660836719565701,-7.729650497436523
COCO-2017-val,Molmo2-ER,coco_1499_281409,21,vertical,target-reference,0.6846286381247142,12.940901756286621
COCO-2017-val,Molmo2-ER,coco_1500_443844,21,distance,target-reference,-0.1745790695114019,-0.6182245016098025
COCO-2017-val,Molmo2-ER,coco_1500_443844,21,horizontal,target-reference,0.30517682601468904,-1.625932216644287
COCO-2017-val,Molmo2-ER,coco_1500_443844,21,vertical,target-reference,-0.5069988480977656,-6.692827224731445
COCO-2017-val,Molmo2-ER,coco_1501_116479,21,distance,target-reference,0.08906558275978793,6.871037006378174
COCO-2017-val,Molmo2-ER,coco_1501_116479,21,horizontal,target-reference,0.703405123158109,8.584375143051147
COCO-2017-val,Molmo2-ER,coco_1501_116479,21,vertical,target-reference,-0.12413601632325899,-1.0954298973083498
COCO-2017-val,Molmo2-ER,coco_1502_338901,21,distance,target-reference,-0.016256325564460897,-3.202407568693161
COCO-2017-val,Molmo2-ER,coco_1502_338901,21,horizontal,target-reference,-0.2913486970341961,-2.8497966825962067
COCO-2017-val,Molmo2-ER,coco_1502_338901,21,vertical,target-reference,0.0693342221991329,-1.194632112979889
COCO-2017-val,Molmo2-ER,coco_1503_544444,21,distance,target-reference,-0.1813104827342965,-1.0622957944869995
COCO-2017-val,Molmo2-ER,coco_1503_544444,21,horizontal,target-reference,0.5417451463593854,2.9610162973403926
COCO-2017-val,Molmo2-ER,coco_1503_544444,21,vertical,target-reference,-0.4237008229468218,-11.021059513092041
COCO-2017-val,Molmo2-ER,coco_1504_13004,21,distance,target-reference,0.0326962910036265,-0.043291330337524414
COCO-2017-val,Molmo2-ER,coco_1504_13004,21,horizontal,target-reference,-0.11190466191690131,-1.6111149191856384
COCO-2017-val,Molmo2-ER,coco_1504_13004,21,vertical,target-reference,-0.3556663703508815,-1.800924465060234
COCO-2017-val,Molmo2-ER,coco_1505_459153,21,distance,target-reference,-0.2268743517356757,-7.672405242919922
COCO-2017-val,Molmo2-ER,coco_1505_459153,21,horizontal,target-reference,0.8104616943137876,0.9330015778541565
COCO-2017-val,Molmo2-ER,coco_1505_459153,21,vertical,target-reference,0.06848489235752231,4.155092000961304
COCO-2017-val,Molmo2-ER,coco_1506_356505,21,distance,target-reference,-0.1641171713108341,-5.483444154262543
COCO-2017-val,Molmo2-ER,coco_1506_356505,21,horizontal,target-reference,-0.2271588465504599,-2.495763659477234
COCO-2017-val,Molmo2-ER,coco_1506_356505,21,vertical,target-reference,-0.675955697029463,-7.95325493812561
COCO-2017-val,Molmo2-ER,coco_1507_58705,21,distance,target-reference,0.13051149519804262,-2.04031503200531
COCO-2017-val,Molmo2-ER,coco_1507_58705,21,horizontal,target-reference,-0.32306518499195064,1.276071548461914
COCO-2017-val,Molmo2-ER,coco_1507_58705,21,vertical,target-reference,-0.7075081989286417,-5.966949701309204
COCO-2017-val,Molmo2-ER,coco_1508_411774,21,distance,target-reference,0.21631665085587368,-1.579378426074982
COCO-2017-val,Molmo2-ER,coco_1508_411774,21,horizontal,target-reference,0.2909009647287587,2.703106462955475
COCO-2017-val,Molmo2-ER,coco_1508_411774,21,vertical,target-reference,-0.6968649661244462,-3.055241048336029
COCO-2017-val,Molmo2-ER,coco_1509_566436,21,distance,target-reference,-0.1730858551041076,-5.079327285289764
COCO-2017-val,Molmo2-ER,coco_1509_566436,21,horizontal,target-reference,-0.29909571701385407,-2.6682011485099792
COCO-2017-val,Molmo2-ER,coco_1509_566436,21,vertical,target-reference,-0.6655819988026774,-7.856753826141357
COCO-2017-val,Molmo2-ER,coco_1510_190756,21,distance,target-reference,0.0801489034572423,-0.8700276017189026
COCO-2017-val,Molmo2-ER,coco_1510_190756,21,horizontal,target-reference,0.020855497726239694,-0.35160285234451294
COCO-2017-val,Molmo2-ER,coco_1510_190756,21,vertical,target-reference,0.6767398280916589,3.745934307575226
COCO-2017-val,Molmo2-ER,coco_1511_452084,21,distance,target-reference,0.5580305000643735,0.9693424701690674
COCO-2017-val,Molmo2-ER,coco_1511_452084,21,horizontal,target-reference,0.4765555415527123,2.3291494250297546
COCO-2017-val,Molmo2-ER,coco_1511_452084,21,vertical,target-reference,-0.059104828998340186,0.847824811935425
COCO-2017-val,Molmo2-ER,coco_1512_170595,21,distance,target-reference,0.06903190481282132,5.0989158153533936
COCO-2017-val,Molmo2-ER,coco_1512_170595,21,horizontal,target-reference,0.351704585669365,6.025820016860962
COCO-2017-val,Molmo2-ER,coco_1512_170595,21,vertical,target-reference,-0.4497694549182001,-0.31601500511169434
COCO-2017-val,Molmo2-ER,coco_1513_348708,21,distance,target-reference,0.4119724540336803,0.07444810867309526
COCO-2017-val,Molmo2-ER,coco_1513_348708,21,horizontal,target-reference,-0.618052432996028,-4.994176924228668
COCO-2017-val,Molmo2-ER,coco_1513_348708,21,vertical,target-reference,0.0377585861958094,-1.3735553026199345
COCO-2017-val,Molmo2-ER,coco_1514_67180,21,distance,target-reference,0.09666633534541189,-1.4065735340118406
COCO-2017-val,Molmo2-ER,coco_1514_67180,21,horizontal,target-reference,-0.055143847954668396,-2.6381057500839233
COCO-2017-val,Molmo2-ER,coco_1514_67180,21,vertical,target-reference,-0.3093279313287836,-7.542201995849609
COCO-2017-val,Molmo2-ER,coco_1515_137106,21,distance,target-reference,-0.028896339248412506,-4.390395283699036
COCO-2017-val,Molmo2-ER,coco_1515_137106,21,horizontal,target-reference,-0.2487610073280932,-4.273001432418823
COCO-2017-val,Molmo2-ER,coco_1515_137106,21,vertical,target-reference,0.1413359287052957,-3.4759016036987305
COCO-2017-val,Molmo2-ER,coco_1516_434297,21,distance,target-reference,-0.1290861753540649,2.8302419185638437
COCO-2017-val,Molmo2-ER,coco_1516_434297,21,horizontal,target-reference,-0.526453561550198,-9.324223518371582
COCO-2017-val,Molmo2-ER,coco_1516_434297,21,vertical,target-reference,-0.2705614168610267,-5.059055984020233
COCO-2017-val,Molmo2-ER,coco_1517_34760,21,distance,target-reference,-0.4528040442559031,-11.294870376586914
COCO-2017-val,Molmo2-ER,coco_1517_34760,21,horizontal,target-reference,0.786706958823615,7.7421181201934814
COCO-2017-val,Molmo2-ER,coco_1517_34760,21,vertical,target-reference,-0.12938477619474048,-0.695591926574707
COCO-2017-val,Molmo2-ER,coco_1518_162415,21,distance,target-reference,0.05847904345224289,-2.4553356170654297
COCO-2017-val,Molmo2-ER,coco_1518_162415,21,horizontal,target-reference,0.5261683058724175,4.736301422119141
COCO-2017-val,Molmo2-ER,coco_1518_162415,21,vertical,target-reference,0.015908850486204384,1.4435036778450012
COCO-2017-val,Molmo2-ER,coco_1519_263594,21,distance,target-reference,0.5024553067584708,1.4285531640052798
COCO-2017-val,Molmo2-ER,coco_1519_263594,21,horizontal,target-reference,0.3982680292918059,6.050416707992554
COCO-2017-val,Molmo2-ER,coco_1519_263594,21,vertical,target-reference,0.6012806041416681,2.4984554648399353
COCO-2017-val,Molmo2-ER,coco_1520_494427,21,distance,target-reference,-0.0186312056924062,1.0434422492980953
COCO-2017-val,Molmo2-ER,coco_1520_494427,21,horizontal,target-reference,0.015184132625350094,-6.656487822532654
COCO-2017-val,Molmo2-ER,coco_1520_494427,21,vertical,target-reference,0.2818758855810799,7.254073858261108
COCO-2017-val,Molmo2-ER,coco_1521_333956,21,distance,target-reference,0.5662874485866076,-1.8743269443511967
COCO-2017-val,Molmo2-ER,coco_1521_333956,21,horizontal,target-reference,0.45997569852849496,5.026178479194641
COCO-2017-val,Molmo2-ER,coco_1521_333956,21,vertical,target-reference,-0.4384823352002465,-7.1555211544036865
COCO-2017-val,Molmo2-ER,coco_1522_550714,21,distance,target-reference,0.49495365976383787,0.700916051864624
COCO-2017-val,Molmo2-ER,coco_1522_550714,21,horizontal,target-reference,0.055326797607119595,0.7695200443267822
COCO-2017-val,Molmo2-ER,coco_1522_550714,21,vertical,target-reference,0.35493069045300774,2.624494791030884
COCO-2017-val,Molmo2-ER,coco_1523_360564,21,distance,target-reference,0.10321171843676352,0.7598510384559631
COCO-2017-val,Molmo2-ER,coco_1523_360564,21,horizontal,target-reference,-0.24836806779842252,-8.33817708492279
COCO-2017-val,Molmo2-ER,coco_1523_360564,21,vertical,target-reference,0.7317307560153571,10.87161672115326
COCO-2017-val,Molmo2-ER,coco_1524_147740,21,distance,target-reference,0.08635347827433726,4.864690899848938
COCO-2017-val,Molmo2-ER,coco_1524_147740,21,horizontal,target-reference,-0.5937445898409608,-2.6143124103546143
COCO-2017-val,Molmo2-ER,coco_1524_147740,21,vertical,target-reference,-0.03917399465230287,1.8096652030944829
COCO-2017-val,Molmo2-ER,coco_1525_442306,21,distance,target-reference,-0.001022770066052503,-4.988667964935303
COCO-2017-val,Molmo2-ER,coco_1525_442306,21,horizontal,target-reference,-0.2628025521637341,-2.834423542022705
COCO-2017-val,Molmo2-ER,coco_1525_442306,21,vertical,target-reference,-0.4845796743550118,-7.691613674163818
COCO-2017-val,Molmo2-ER,coco_1526_112626,21,distance,target-reference,-0.4277297507798565,-7.295238494873047
COCO-2017-val,Molmo2-ER,coco_1526_112626,21,horizontal,target-reference,0.6827219438568529,3.695684790611267
COCO-2017-val,Molmo2-ER,coco_1526_112626,21,vertical,target-reference,-0.1921513563638142,-4.85825514793396
COCO-2017-val,Molmo2-ER,coco_1527_231580,21,distance,target-reference,-0.062472500232620964,-7.851859092712402
COCO-2017-val,Molmo2-ER,coco_1527_231580,21,horizontal,target-reference,0.44650675865982303,7.395116329193115
COCO-2017-val,Molmo2-ER,coco_1527_231580,21,vertical,target-reference,-0.2617920008997991,-8.809245109558105
COCO-2017-val,Molmo2-ER,coco_1528_416170,21,distance,target-reference,0.2279180835798811,-0.7456625699996953
COCO-2017-val,Molmo2-ER,coco_1528_416170,21,horizontal,target-reference,-0.7999613187778011,-8.929776191711426
COCO-2017-val,Molmo2-ER,coco_1528_416170,21,vertical,target-reference,0.04712952008449456,-4.25676691532135
COCO-2017-val,Molmo2-ER,coco_1529_261318,21,distance,target-reference,-0.106486763259928,0.33285877108573914
COCO-2017-val,Molmo2-ER,coco_1529_261318,21,horizontal,target-reference,0.4217903394159007,4.117995381355286
COCO-2017-val,Molmo2-ER,coco_1529_261318,21,vertical,target-reference,-0.4760155786309517,-10.613498210906982
COCO-2017-val,Molmo2-ER,coco_1530_222235,21,distance,target-reference,0.04272379248704289,5.8095749616622925
COCO-2017-val,Molmo2-ER,coco_1530_222235,21,horizontal,target-reference,-0.026850569961842007,-7.000654697418213
COCO-2017-val,Molmo2-ER,coco_1530_222235,21,vertical,target-reference,0.7243475943623896,14.00527572631836
COCO-2017-val,Molmo2-ER,coco_1531_65736,21,distance,target-reference,-0.19082444585037572,-2.8593782782554626
COCO-2017-val,Molmo2-ER,coco_1531_65736,21,horizontal,target-reference,-0.2526332544084159,-3.852636218070984
COCO-2017-val,Molmo2-ER,coco_1531_65736,21,vertical,target-reference,0.6008205663094138,5.940085411071777
COCO-2017-val,Molmo2-ER,coco_1532_120420,21,distance,target-reference,0.9465802091717919,11.588191986083984
COCO-2017-val,Molmo2-ER,coco_1532_120420,21,horizontal,target-reference,-0.3380145266613419,-7.395989537239075
COCO-2017-val,Molmo2-ER,coco_1532_120420,21,vertical,target-reference,0.5017898559807533,11.880973935127257
COCO-2017-val,Molmo2-ER,coco_1533_190140,21,distance,target-reference,0.19330260949908018,-0.652420938014984
COCO-2017-val,Molmo2-ER,coco_1533_190140,21,horizontal,target-reference,0.571748382895983,8.246041536331177
COCO-2017-val,Molmo2-ER,coco_1533_190140,21,vertical,target-reference,0.0425131020942619,2.6912076473236084
COCO-2017-val,Molmo2-ER,coco_1534_260925,21,distance,target-reference,-0.0449328441668988,-5.184403657913208
COCO-2017-val,Molmo2-ER,coco_1534_260925,21,horizontal,target-reference,-0.022829358913301904,-1.6027604639530182
COCO-2017-val,Molmo2-ER,coco_1534_260925,21,vertical,target-reference,-0.24989415670296453,-7.525313973426819
COCO-2017-val,Molmo2-ER,coco_1535_32081,21,distance,target-reference,0.009480496437293762,-4.314853847026825
COCO-2017-val,Molmo2-ER,coco_1535_32081,21,horizontal,target-reference,-0.4512524724066178,-3.8432095050811768
COCO-2017-val,Molmo2-ER,coco_1535_32081,21,vertical,target-reference,-0.501080160647085,-3.5992338061332703
COCO-2017-val,Molmo2-ER,coco_1536_436738,21,distance,target-reference,0.2512212825514767,4.0580830574035645
COCO-2017-val,Molmo2-ER,coco_1536_436738,21,horizontal,target-reference,-0.6478803531414841,-10.1251060962677
COCO-2017-val,Molmo2-ER,coco_1536_436738,21,vertical,target-reference,0.046321857859111804,-2.4376838207244873
COCO-2017-val,Molmo2-ER,coco_1537_362520,21,distance,target-reference,-0.19848689213179593,-4.161982357501984
COCO-2017-val,Molmo2-ER,coco_1537_362520,21,horizontal,target-reference,-0.25032931352763454,-1.2687473893165588
COCO-2017-val,Molmo2-ER,coco_1537_362520,21,vertical,target-reference,-0.4724534672811063,-7.211891174316407
COCO-2017-val,Molmo2-ER,coco_1538_365208,21,distance,target-reference,-0.1266565400406107,-0.08951908349990845
COCO-2017-val,Molmo2-ER,coco_1538_365208,21,horizontal,target-reference,-0.6467079038058898,-5.560638606548309
COCO-2017-val,Molmo2-ER,coco_1538_365208,21,vertical,target-reference,0.07787764033199901,3.5839322805404663
COCO-2017-val,Molmo2-ER,coco_1539_292330,21,distance,target-reference,0.08008666920600871,2.5644021034240723
COCO-2017-val,Molmo2-ER,coco_1539_292330,21,horizontal,target-reference,0.3749236263310509,-2.229076862335205
COCO-2017-val,Molmo2-ER,coco_1539_292330,21,vertical,target-reference,-0.5074747526659195,0.7072727084159852
COCO-2017-val,Molmo2-ER,coco_1540_250127,21,distance,target-reference,0.2017154325597694,-1.2486547231674194
COCO-2017-val,Molmo2-ER,coco_1540_250127,21,horizontal,target-reference,-0.1573320542248956,-0.9268744587898254
COCO-2017-val,Molmo2-ER,coco_1540_250127,21,vertical,target-reference,-0.5209113684549163,-7.474498748779297
COCO-2017-val,Molmo2-ER,coco_1541_303713,21,distance,target-reference,0.1713572434301962,-4.980713129043579
COCO-2017-val,Molmo2-ER,coco_1541_303713,21,horizontal,target-reference,-0.30551408047774264,0.5165605545043945
COCO-2017-val,Molmo2-ER,coco_1541_303713,21,vertical,target-reference,0.5483976693867456,6.265434265136719
COCO-2017-val,Molmo2-ER,coco_1542_47585,21,distance,target-reference,-0.038523743062800514,-1.8468629121780402
COCO-2017-val,Molmo2-ER,coco_1542_47585,21,horizontal,target-reference,0.2804307246877729,-2.9126662015914917
COCO-2017-val,Molmo2-ER,coco_1542_47585,21,vertical,target-reference,0.6051860344535933,11.287256240844725
COCO-2017-val,Molmo2-ER,coco_1543_322944,21,distance,target-reference,-0.24880161957050861,-3.936267673969269
COCO-2017-val,Molmo2-ER,coco_1543_322944,21,horizontal,target-reference,-0.0705918829452652,-3.7429510354995728
COCO-2017-val,Molmo2-ER,coco_1543_322944,21,vertical,target-reference,-0.2570551969955654,-5.154843091964722
COCO-2017-val,Molmo2-ER,coco_1544_124798,21,distance,target-reference,0.11139118874840521,3.1008898615837097
COCO-2017-val,Molmo2-ER,coco_1544_124798,21,horizontal,target-reference,-0.4925616020365965,-6.717217445373535
COCO-2017-val,Molmo2-ER,coco_1544_124798,21,vertical,target-reference,-0.12678925819379266,-6.548501431941986
COCO-2017-val,Molmo2-ER,coco_1545_555050,21,distance,target-reference,-0.38658233409042586,-1.3977429270744324
COCO-2017-val,Molmo2-ER,coco_1545_555050,21,horizontal,target-reference,0.5593725104353012,3.8395712971687317
COCO-2017-val,Molmo2-ER,coco_1545_555050,21,vertical,target-reference,-0.052195302170024105,-0.7923898696899414
COCO-2017-val,Molmo2-ER,coco_1546_15956,21,distance,target-reference,-0.13081528239844598,-3.175021231174469
COCO-2017-val,Molmo2-ER,coco_1546_15956,21,horizontal,target-reference,-0.5359533654621416,-4.954948544502258
COCO-2017-val,Molmo2-ER,coco_1546_15956,21,vertical,target-reference,-0.2127263580083038,-6.4245195388793945
COCO-2017-val,Molmo2-ER,coco_1547_427077,21,distance,target-reference,-0.16477645533730118,-4.975504159927368
COCO-2017-val,Molmo2-ER,coco_1547_427077,21,horizontal,target-reference,0.02015274216320198,-1.580353796482086
COCO-2017-val,Molmo2-ER,coco_1547_427077,21,vertical,target-reference,-0.4264781643945161,-2.4713787138462067
COCO-2017-val,Molmo2-ER,coco_1548_23272,21,distance,target-reference,-0.32713114805238663,-6.279090523719788
COCO-2017-val,Molmo2-ER,coco_1548_23272,21,horizontal,target-reference,-0.1338012465072973,-1.4084502756595612
COCO-2017-val,Molmo2-ER,coco_1548_23272,21,vertical,target-reference,-0.626129249900432,-0.7292128503322601
COCO-2017-val,Molmo2-ER,coco_1549_177357,21,distance,target-reference,0.1208257756964222,3.268256425857544
COCO-2017-val,Molmo2-ER,coco_1549_177357,21,horizontal,target-reference,0.4926894860596679,2.10369735956192
COCO-2017-val,Molmo2-ER,coco_1549_177357,21,vertical,target-reference,0.1226556205472083,3.2451267242431636
COCO-2017-val,Molmo2-ER,coco_1550_248284,21,distance,target-reference,-0.1843527543327794,-3.688276767730713
COCO-2017-val,Molmo2-ER,coco_1550_248284,21,horizontal,target-reference,0.3533456236187827,7.9583094120025635
COCO-2017-val,Molmo2-ER,coco_1550_248284,21,vertical,target-reference,-0.5574754745981788,-11.442069053649902
COCO-2017-val,Molmo2-ER,coco_1551_138856,21,distance,target-reference,-0.3479144493848425,-0.6861703395843506
COCO-2017-val,Molmo2-ER,coco_1551_138856,21,horizontal,target-reference,0.0794747425787956,-4.890238046646118
COCO-2017-val,Molmo2-ER,coco_1551_138856,21,vertical,target-reference,-0.4527548168081911,2.1639984846115112
COCO-2017-val,Molmo2-ER,coco_1552_341921,21,distance,target-reference,0.0039840230083646,-2.9571037292480464
COCO-2017-val,Molmo2-ER,coco_1552_341921,21,horizontal,target-reference,0.45298262353021596,2.661643385887146
COCO-2017-val,Molmo2-ER,coco_1552_341921,21,vertical,target-reference,0.36106917604033445,5.835428714752197
COCO-2017-val,Molmo2-ER,coco_1553_365642,21,distance,target-reference,-0.025008433441059075,-0.9298245906829832
COCO-2017-val,Molmo2-ER,coco_1553_365642,21,horizontal,target-reference,-0.2554984418319799,-5.6822309494018555
COCO-2017-val,Molmo2-ER,coco_1553_365642,21,vertical,target-reference,-0.38571111561421373,-6.2686285972595215
COCO-2017-val,Molmo2-ER,coco_1554_105912,21,distance,target-reference,-0.7689328084918564,-10.098598003387451
COCO-2017-val,Molmo2-ER,coco_1554_105912,21,horizontal,target-reference,0.4013588007500664,3.192502737045288
COCO-2017-val,Molmo2-ER,coco_1554_105912,21,vertical,target-reference,-0.4005542738241857,-11.957122802734375
COCO-2017-val,Molmo2-ER,coco_1555_92124,21,distance,target-reference,0.2381611017500197,3.6257578134536743
COCO-2017-val,Molmo2-ER,coco_1555_92124,21,horizontal,target-reference,-0.11597312898277146,0.09484195709228471
COCO-2017-val,Molmo2-ER,coco_1555_92124,21,vertical,target-reference,0.5967369298422152,11.236725330352783
COCO-2017-val,Molmo2-ER,coco_1556_85329,21,distance,target-reference,-0.1305590508024264,0.020396232604980913
COCO-2017-val,Molmo2-ER,coco_1556_85329,21,horizontal,target-reference,-0.056323603246112075,0.2779384851455686
COCO-2017-val,Molmo2-ER,coco_1556_85329,21,vertical,target-reference,0.5066811709068674,2.966049075126648
COCO-2017-val,Molmo2-ER,coco_1557_328337,21,distance,target-reference,-0.2714319485832451,-4.752732008695602
COCO-2017-val,Molmo2-ER,coco_1557_328337,21,horizontal,target-reference,-0.1743483044139131,0.7236045002937318
COCO-2017-val,Molmo2-ER,coco_1557_328337,21,vertical,target-reference,-0.6260083105685434,-3.309594988822937
COCO-2017-val,Molmo2-ER,coco_1558_451144,21,distance,target-reference,0.0900755047776508,-0.34193360805511475
COCO-2017-val,Molmo2-ER,coco_1558_451144,21,horizontal,target-reference,-0.40570013078187994,-1.5959507822990417
COCO-2017-val,Molmo2-ER,coco_1558_451144,21,vertical,target-reference,0.5205937688345006,6.5643861293792725
COCO-2017-val,Molmo2-ER,coco_1559_445999,21,distance,target-reference,0.052349119794417004,-0.21561956405639648
COCO-2017-val,Molmo2-ER,coco_1559_445999,21,horizontal,target-reference,-0.27745202281722847,-2.280903697013855
COCO-2017-val,Molmo2-ER,coco_1559_445999,21,vertical,target-reference,0.12235876838438901,1.4695198237895966
COCO-2017-val,Molmo2-ER,coco_1560_374369,21,distance,target-reference,0.0799183934976891,-3.22678154706955
COCO-2017-val,Molmo2-ER,coco_1560_374369,21,horizontal,target-reference,0.0173573585569539,-2.388891577720642
COCO-2017-val,Molmo2-ER,coco_1560_374369,21,vertical,target-reference,0.5649351492955523,9.220460414886475
COCO-2017-val,Molmo2-ER,coco_1561_199551,21,distance,target-reference,-0.3969779475346721,-5.185936808586121
COCO-2017-val,Molmo2-ER,coco_1561_199551,21,horizontal,target-reference,-0.1882445538661123,-2.8659234642982483
COCO-2017-val,Molmo2-ER,coco_1561_199551,21,vertical,target-reference,-0.505801872102246,-3.1548500061035156
COCO-2017-val,Molmo2-ER,coco_1562_48153,21,distance,target-reference,-0.4499474098899081,-4.866567373275757
COCO-2017-val,Molmo2-ER,coco_1562_48153,21,horizontal,target-reference,-0.0265150342884397,1.0632889270782473
COCO-2017-val,Molmo2-ER,coco_1562_48153,21,vertical,target-reference,-0.6379367360771202,-4.7701966762542725
COCO-2017-val,Molmo2-ER,coco_1563_448365,21,distance,target-reference,0.1104408124182796,1.0432565212249756
COCO-2017-val,Molmo2-ER,coco_1563_448365,21,horizontal,target-reference,0.0766112536907968,0.31330895423889166
COCO-2017-val,Molmo2-ER,coco_1563_448365,21,vertical,target-reference,0.8590515190867759,9.390493392944336
COCO-2017-val,Molmo2-ER,coco_1564_223955,21,distance,target-reference,-0.2292177102813704,-6.206947475671768
COCO-2017-val,Molmo2-ER,coco_1564_223955,21,horizontal,target-reference,-0.202328496835704,-2.3639861345291138
COCO-2017-val,Molmo2-ER,coco_1564_223955,21,vertical,target-reference,-0.6771658777844953,-5.734867334365845
COCO-2017-val,Molmo2-ER,coco_1565_217285,21,distance,target-reference,0.4164957725028673,-2.1707366704940796
COCO-2017-val,Molmo2-ER,coco_1565_217285,21,horizontal,target-reference,0.28267240062274485,3.1221731901168828
COCO-2017-val,Molmo2-ER,coco_1565_217285,21,vertical,target-reference,0.7850953710339533,12.512341022491455
COCO-2017-val,Molmo2-ER,coco_1566_369541,21,distance,target-reference,-0.17215383386491723,-6.125358402729034
COCO-2017-val,Molmo2-ER,coco_1566_369541,21,horizontal,target-reference,0.5629741600327117,2.105780839920044
COCO-2017-val,Molmo2-ER,coco_1566_369541,21,vertical,target-reference,-0.26159716827596996,-3.765641450881958
COCO-2017-val,Molmo2-ER,coco_1567_439854,21,distance,target-reference,0.2952274472496974,-1.623791962862015
COCO-2017-val,Molmo2-ER,coco_1567_439854,21,horizontal,target-reference,0.492939015180209,0.10889530181884766
COCO-2017-val,Molmo2-ER,coco_1567_439854,21,vertical,target-reference,0.3433086004860871,6.304789185523987
COCO-2017-val,Molmo2-ER,coco_1568_190648,21,distance,target-reference,0.34955578870061554,4.575610041618347
COCO-2017-val,Molmo2-ER,coco_1568_190648,21,horizontal,target-reference,-0.1808573792322229,-3.450756788253784
COCO-2017-val,Molmo2-ER,coco_1568_190648,21,vertical,target-reference,0.4072540657191308,6.639016628265381
COCO-2017-val,Molmo2-ER,coco_1569_40036,21,distance,target-reference,0.33672473787121937,-0.08013838529586792
COCO-2017-val,Molmo2-ER,coco_1569_40036,21,horizontal,target-reference,0.4640958656833305,2.083984106779098
COCO-2017-val,Molmo2-ER,coco_1569_40036,21,vertical,target-reference,0.0133156694314284,0.7595938444137572
COCO-2017-val,Molmo2-ER,coco_1570_290248,21,distance,target-reference,-0.5176289399329125,-7.193007230758667
COCO-2017-val,Molmo2-ER,coco_1570_290248,21,horizontal,target-reference,0.5361486671970501,2.543079376220703
COCO-2017-val,Molmo2-ER,coco_1570_290248,21,vertical,target-reference,-0.04033947140779137,-0.07129669189453125
COCO-2017-val,Molmo2-ER,coco_1571_554595,21,distance,target-reference,-0.14372071600481778,0.17895746231079057
COCO-2017-val,Molmo2-ER,coco_1571_554595,21,horizontal,target-reference,-0.48221712033854686,-5.631004571914673
COCO-2017-val,Molmo2-ER,coco_1571_554595,21,vertical,target-reference,-0.09395061300601482,-4.211993515491486
COCO-2017-val,Molmo2-ER,coco_1572_561366,21,distance,target-reference,0.3879189170430225,3.303356647491455
COCO-2017-val,Molmo2-ER,coco_1572_561366,21,horizontal,target-reference,0.0853507165135648,1.5676753520965576
COCO-2017-val,Molmo2-ER,coco_1572_561366,21,vertical,target-reference,0.4352790085656316,8.918320178985594
COCO-2017-val,Molmo2-ER,coco_1573_255483,21,distance,target-reference,-0.1899417558233555,-2.315420567989349
COCO-2017-val,Molmo2-ER,coco_1573_255483,21,horizontal,target-reference,-0.6402177797772756,-4.5825583934783936
COCO-2017-val,Molmo2-ER,coco_1573_255483,21,vertical,target-reference,-0.21512059853812548,-1.7843455076217651
COCO-2017-val,Molmo2-ER,coco_1574_570736,21,distance,target-reference,-0.12938951385255748,-7.382723808288574
COCO-2017-val,Molmo2-ER,coco_1574_570736,21,horizontal,target-reference,-0.7193329485026876,-11.357128977775574
COCO-2017-val,Molmo2-ER,coco_1574_570736,21,vertical,target-reference,0.2007098747280145,0.10349643230438232
COCO-2017-val,Molmo2-ER,coco_1575_341681,21,distance,target-reference,-0.03771876946027809,-2.4478442668914795
COCO-2017-val,Molmo2-ER,coco_1575_341681,21,horizontal,target-reference,0.3204318397143778,1.3050017952919006
COCO-2017-val,Molmo2-ER,coco_1575_341681,21,vertical,target-reference,-0.49860531949842923,-5.21112322807312
COCO-2017-val,Molmo2-ER,coco_1576_152120,21,distance,target-reference,0.0740932409441303,-0.4891793727874756
COCO-2017-val,Molmo2-ER,coco_1576_152120,21,horizontal,target-reference,-0.09679910162640869,-3.2476967573165894
COCO-2017-val,Molmo2-ER,coco_1576_152120,21,vertical,target-reference,0.6512566841102527,3.3076864182949066
COCO-2017-val,Molmo2-ER,coco_1577_379332,21,distance,target-reference,0.3446894043774025,0.048922955989837646
COCO-2017-val,Molmo2-ER,coco_1577_379332,21,horizontal,target-reference,-0.16521876643397715,2.1730515956878658
COCO-2017-val,Molmo2-ER,coco_1577_379332,21,vertical,target-reference,-0.6502122455213706,-7.830661296844482
COCO-2017-val,Molmo2-ER,coco_1578_397681,21,distance,target-reference,-0.3788199411766725,-0.05406343936920166
COCO-2017-val,Molmo2-ER,coco_1578_397681,21,horizontal,target-reference,-0.44204493328151784,-9.946164846420288
COCO-2017-val,Molmo2-ER,coco_1578_397681,21,vertical,target-reference,-0.4636316915211476,-3.910223960876465
COCO-2017-val,Molmo2-ER,coco_1579_121673,21,distance,target-reference,0.19749687001152652,3.2399835586547843
COCO-2017-val,Molmo2-ER,coco_1579_121673,21,horizontal,target-reference,0.448908468372353,1.805431306362152
COCO-2017-val,Molmo2-ER,coco_1579_121673,21,vertical,target-reference,0.5756680500185851,8.73885726928711
COCO-2017-val,Molmo2-ER,coco_1580_179141,21,distance,target-reference,-0.3917043100947802,-5.639670133590698
COCO-2017-val,Molmo2-ER,coco_1580_179141,21,horizontal,target-reference,0.3190928917832325,-1.16343355178833
COCO-2017-val,Molmo2-ER,coco_1580_179141,21,vertical,target-reference,-0.6202201512492491,-12.868388652801514
COCO-2017-val,Molmo2-ER,coco_1581_229311,21,distance,target-reference,-0.23173925939552442,3.8682108521461487
COCO-2017-val,Molmo2-ER,coco_1581_229311,21,horizontal,target-reference,-0.527946870960222,-2.9559073448181152
COCO-2017-val,Molmo2-ER,coco_1581_229311,21,vertical,target-reference,-0.3410587520574172,1.9133960008621216
COCO-2017-val,Molmo2-ER,coco_1582_122606,21,distance,target-reference,0.02778502959220963,3.1753482818603516
COCO-2017-val,Molmo2-ER,coco_1582_122606,21,horizontal,target-reference,-0.27030220980793407,-1.3459509909152985
COCO-2017-val,Molmo2-ER,coco_1582_122606,21,vertical,target-reference,0.207883764870653,-2.6550362706184387
COCO-2017-val,Molmo2-ER,coco_1583_383606,21,distance,target-reference,-0.05566325160481417,-7.116543769836426
COCO-2017-val,Molmo2-ER,coco_1583_383606,21,horizontal,target-reference,0.24803602988570458,3.5341137647628784
COCO-2017-val,Molmo2-ER,coco_1583_383606,21,vertical,target-reference,-0.5397034122348892,-10.912744045257568
COCO-2017-val,Molmo2-ER,coco_1584_291490,21,distance,target-reference,-0.1748610584059899,-0.9491399526596067
COCO-2017-val,Molmo2-ER,coco_1584_291490,21,horizontal,target-reference,-0.4103394093661331,-4.4329540729522705
COCO-2017-val,Molmo2-ER,coco_1584_291490,21,vertical,target-reference,-0.1256453732543674,-1.9150989949703217
COCO-2017-val,Molmo2-ER,coco_1585_266409,21,distance,target-reference,0.17442354528379972,-2.0114530324935913
COCO-2017-val,Molmo2-ER,coco_1585_266409,21,horizontal,target-reference,0.017188842646907204,-5.053495168685913
COCO-2017-val,Molmo2-ER,coco_1585_266409,21,vertical,target-reference,0.713262232836181,7.165615677833557
COCO-2017-val,Molmo2-ER,coco_1586_377575,21,distance,target-reference,-0.0981273279677661,-6.626195788383484
COCO-2017-val,Molmo2-ER,coco_1586_377575,21,horizontal,target-reference,0.559632042711242,7.522489786148071
COCO-2017-val,Molmo2-ER,coco_1586_377575,21,vertical,target-reference,-0.0823276549913424,-5.273233652114868
COCO-2017-val,Molmo2-ER,coco_1587_371529,21,distance,target-reference,0.5743995393168881,0.42446058988571167
COCO-2017-val,Molmo2-ER,coco_1587_371529,21,horizontal,target-reference,-0.3704182393643696,-2.68618905544281
COCO-2017-val,Molmo2-ER,coco_1587_371529,21,vertical,target-reference,0.31864375474059037,8.98696368932724
COCO-2017-val,Molmo2-ER,coco_1588_235836,21,distance,target-reference,-0.2624644397938254,-6.547785758972168
COCO-2017-val,Molmo2-ER,coco_1588_235836,21,horizontal,target-reference,-0.7662564139384249,-7.201042652130127
COCO-2017-val,Molmo2-ER,coco_1588_235836,21,vertical,target-reference,-0.019243351393026298,0.22463011741638184
COCO-2017-val,Molmo2-ER,coco_1589_307145,21,distance,target-reference,0.11930405893155277,6.897528231143951
COCO-2017-val,Molmo2-ER,coco_1589_307145,21,horizontal,target-reference,-0.47616961574890837,-10.107326984405518
COCO-2017-val,Molmo2-ER,coco_1589_307145,21,vertical,target-reference,0.08130177160644625,8.667880475521088
COCO-2017-val,Molmo2-ER,coco_1590_191288,21,distance,target-reference,0.1014113645116717,-2.918364107608795
COCO-2017-val,Molmo2-ER,coco_1590_191288,21,horizontal,target-reference,0.0054907286992325055,-3.3602734804153442
COCO-2017-val,Molmo2-ER,coco_1590_191288,21,vertical,target-reference,0.5870457454321136,1.9892786741256714
COCO-2017-val,Molmo2-ER,coco_1591_312552,21,distance,target-reference,0.002911914990963216,-3.1010544896125793
COCO-2017-val,Molmo2-ER,coco_1591_312552,21,horizontal,target-reference,-0.2621511522309245,-0.27351808547973633
COCO-2017-val,Molmo2-ER,coco_1591_312552,21,vertical,target-reference,-0.3130856310729036,1.094999611377716
COCO-2017-val,Molmo2-ER,coco_1592_219283,21,distance,target-reference,0.03419545626436841,-2.69974684715271
COCO-2017-val,Molmo2-ER,coco_1592_219283,21,horizontal,target-reference,-0.5002063503328693,-5.016307473182678
COCO-2017-val,Molmo2-ER,coco_1592_219283,21,vertical,target-reference,0.2066433765040847,4.056503772735597
COCO-2017-val,Molmo2-ER,coco_1593_545826,21,distance,target-reference,0.2580722942015574,-2.1000515222549434
COCO-2017-val,Molmo2-ER,coco_1593_545826,21,horizontal,target-reference,-0.2565588025838146,-2.0085062980651855
COCO-2017-val,Molmo2-ER,coco_1593_545826,21,vertical,target-reference,-0.6213933432540494,-1.7038283348083496
COCO-2017-val,Molmo2-ER,coco_1594_632,21,distance,target-reference,0.5837590285330048,6.701483845710754
COCO-2017-val,Molmo2-ER,coco_1594_632,21,horizontal,target-reference,-0.34773119792922197,-5.420897603034973
COCO-2017-val,Molmo2-ER,coco_1594_632,21,vertical,target-reference,0.4712598791290601,5.531881004571915
COCO-2017-val,Molmo2-ER,coco_1595_261732,21,distance,target-reference,0.29816353094971987,0.22506016492843628
COCO-2017-val,Molmo2-ER,coco_1595_261732,21,horizontal,target-reference,-0.40466910206922757,-2.937869906425476
COCO-2017-val,Molmo2-ER,coco_1595_261732,21,vertical,target-reference,0.4474247294197936,5.327227830886841
COCO-2017-val,Molmo2-ER,coco_1596_302882,21,distance,target-reference,-0.1443862716858202,3.6230289936065674
COCO-2017-val,Molmo2-ER,coco_1596_302882,21,horizontal,target-reference,0.43596066842407344,3.1225285530090328
COCO-2017-val,Molmo2-ER,coco_1596_302882,21,vertical,target-reference,-0.41779086936796117,-0.8011128902435303
COCO-2017-val,Molmo2-ER,coco_1597_80666,21,distance,target-reference,-0.09681625913697231,-0.6152420043945312
COCO-2017-val,Molmo2-ER,coco_1597_80666,21,horizontal,target-reference,-0.30213363982106717,-5.393541574478149
COCO-2017-val,Molmo2-ER,coco_1597_80666,21,vertical,target-reference,-0.39655853871122654,-2.055288404226304
COCO-2017-val,Molmo2-ER,coco_1598_472375,21,distance,target-reference,-0.3664197586804413,-7.509752511978149
COCO-2017-val,Molmo2-ER,coco_1598_472375,21,horizontal,target-reference,-0.002691824565150401,3.7406901717185974
COCO-2017-val,Molmo2-ER,coco_1598_472375,21,vertical,target-reference,-0.3281204780254514,-11.759617328643799
COCO-2017-val,Molmo2-ER,coco_1599_117719,21,distance,target-reference,0.16365013236550852,-0.8835899233818054
COCO-2017-val,Molmo2-ER,coco_1599_117719,21,horizontal,target-reference,0.6041078565712195,3.185630440711975
COCO-2017-val,Molmo2-ER,coco_1599_117719,21,vertical,target-reference,-0.08518051427531886,-4.484094113111496
COCO-2017-val,Molmo2-ER,coco_1600_69138,21,distance,target-reference,0.8710333623638541,6.759647846221925
COCO-2017-val,Molmo2-ER,coco_1600_69138,21,horizontal,target-reference,0.5739289201142902,6.750130832195282
COCO-2017-val,Molmo2-ER,coco_1600_69138,21,vertical,target-reference,0.1666960996705976,-1.5581125319004057
COCO-2017-val,Molmo2-ER,coco_1601_218249,21,distance,target-reference,-0.0690986930540161,-0.8659082651138306
COCO-2017-val,Molmo2-ER,coco_1601_218249,21,horizontal,target-reference,-0.1773766227178564,-4.121932029724121
COCO-2017-val,Molmo2-ER,coco_1601_218249,21,vertical,target-reference,0.2394906302791105,0.7984141111373904
COCO-2017-val,Molmo2-ER,coco_1602_88485,21,distance,target-reference,0.12094498397579956,-3.146496891975403
COCO-2017-val,Molmo2-ER,coco_1602_88485,21,horizontal,target-reference,-0.2833758533195657,-2.8548778295516968
COCO-2017-val,Molmo2-ER,coco_1602_88485,21,vertical,target-reference,0.3707134330762439,2.642875015735626
COCO-2017-val,Molmo2-ER,coco_1603_261982,21,distance,target-reference,-0.005346069114853691,-2.2633424401283264
COCO-2017-val,Molmo2-ER,coco_1603_261982,21,horizontal,target-reference,-0.1037171683244966,-0.9869428873062134
COCO-2017-val,Molmo2-ER,coco_1603_261982,21,vertical,target-reference,-0.5524874711559719,-8.015982151031494
COCO-2017-val,Molmo2-ER,coco_1604_519569,21,distance,target-reference,0.2833949331526011,3.6585419178009033
COCO-2017-val,Molmo2-ER,coco_1604_519569,21,horizontal,target-reference,-0.7787444415384153,-12.951975345611572
COCO-2017-val,Molmo2-ER,coco_1604_519569,21,vertical,target-reference,0.0744974774632365,3.9943840503692627
COCO-2017-val,Molmo2-ER,coco_1605_194746,21,distance,target-reference,-0.00709252088549181,0.3510969281196594
COCO-2017-val,Molmo2-ER,coco_1605_194746,21,horizontal,target-reference,0.1115701980295883,3.672040581703186
COCO-2017-val,Molmo2-ER,coco_1605_194746,21,vertical,target-reference,-0.2441513634757936,-1.0998656749725342
COCO-2017-val,Molmo2-ER,coco_1606_245764,21,distance,target-reference,0.038799815626489986,0.3376679420471187
COCO-2017-val,Molmo2-ER,coco_1606_245764,21,horizontal,target-reference,-0.4712856700044593,-7.331468105316162
COCO-2017-val,Molmo2-ER,coco_1606_245764,21,vertical,target-reference,-0.06536038803194452,-1.5900703966617584
COCO-2017-val,Molmo2-ER,coco_1607_128654,21,distance,target-reference,0.0655053263713899,0.006781339645385742
COCO-2017-val,Molmo2-ER,coco_1607_128654,21,horizontal,target-reference,0.1978350876627139,1.409690022468567
COCO-2017-val,Molmo2-ER,coco_1607_128654,21,vertical,target-reference,-0.3470698050366693,-2.711539626121521
COCO-2017-val,Molmo2-ER,coco_1608_540928,21,distance,target-reference,-0.14705297587391059,-10.676263809204102
COCO-2017-val,Molmo2-ER,coco_1608_540928,21,horizontal,target-reference,0.36639089880611897,2.336416721343994
COCO-2017-val,Molmo2-ER,coco_1608_540928,21,vertical,target-reference,-0.1384752484432821,3.9160007536411285
COCO-2017-val,Molmo2-ER,coco_1609_203639,21,distance,target-reference,0.0026485435354098863,-1.426148653030396
COCO-2017-val,Molmo2-ER,coco_1609_203639,21,horizontal,target-reference,0.07399158277457141,-1.1766854524612427
COCO-2017-val,Molmo2-ER,coco_1609_203639,21,vertical,target-reference,-0.3407746558748253,-2.081273853778839
COCO-2017-val,Molmo2-ER,coco_1610_361621,21,distance,target-reference,-0.5151196475566098,-5.5523362159729
COCO-2017-val,Molmo2-ER,coco_1610_361621,21,horizontal,target-reference,0.3853834011356605,2.333138108253479
COCO-2017-val,Molmo2-ER,coco_1610_361621,21,vertical,target-reference,0.1618603381299823,2.0550110340118417
COCO-2017-val,Molmo2-ER,coco_1611_318455,21,distance,target-reference,-0.32879312286863444,-8.027577638626099
COCO-2017-val,Molmo2-ER,coco_1611_318455,21,horizontal,target-reference,0.26324324507085783,2.6640875339508066
COCO-2017-val,Molmo2-ER,coco_1611_318455,21,vertical,target-reference,-0.3302255351304697,-4.455358624458313
COCO-2017-val,Molmo2-ER,coco_1612_462728,21,distance,target-reference,-0.16689272485123022,-6.210855215787888
COCO-2017-val,Molmo2-ER,coco_1612_462728,21,horizontal,target-reference,-0.4643672665158859,-1.455115258693695
COCO-2017-val,Molmo2-ER,coco_1612_462728,21,vertical,target-reference,-0.4396847988492628,-8.782835483551025
COCO-2017-val,Molmo2-ER,coco_1613_42276,21,distance,target-reference,-0.034144925894466216,1.5170858800411224
COCO-2017-val,Molmo2-ER,coco_1613_42276,21,horizontal,target-reference,0.5122342667253494,4.381364345550537
COCO-2017-val,Molmo2-ER,coco_1613_42276,21,vertical,target-reference,-0.2878663970001468,-6.860455274581909
COCO-2017-val,Molmo2-ER,coco_1614_182162,21,distance,target-reference,0.02926844763764247,-0.3954418897628784
COCO-2017-val,Molmo2-ER,coco_1614_182162,21,horizontal,target-reference,0.5053162883649294,2.003593921661377
COCO-2017-val,Molmo2-ER,coco_1614_182162,21,vertical,target-reference,-0.049595281969794514,-2.528710126876831
COCO-2017-val,Molmo2-ER,coco_1615_212226,21,distance,target-reference,0.062499788123710404,-3.4989562034606934
COCO-2017-val,Molmo2-ER,coco_1615_212226,21,horizontal,target-reference,0.201184991064308,-1.2754448056221008
COCO-2017-val,Molmo2-ER,coco_1615_212226,21,vertical,target-reference,0.10469495536626569,-1.0181078910827637
COCO-2017-val,Molmo2-ER,coco_1616_416745,21,distance,target-reference,-0.03976944249718367,4.109009385108948
COCO-2017-val,Molmo2-ER,coco_1616_416745,21,horizontal,target-reference,-0.4607152783955737,-13.719744205474854
COCO-2017-val,Molmo2-ER,coco_1616_416745,21,vertical,target-reference,-0.3807691683640469,-5.108333230018616
COCO-2017-val,Molmo2-ER,coco_1617_209747,21,distance,target-reference,0.2798128669695276,-1.6746411323547368
COCO-2017-val,Molmo2-ER,coco_1617_209747,21,horizontal,target-reference,0.052434614461310106,-1.3662469387054443
COCO-2017-val,Molmo2-ER,coco_1617_209747,21,vertical,target-reference,0.47486960437249115,0.5073058605194092
COCO-2017-val,Molmo2-ER,coco_1618_532575,21,distance,target-reference,-0.1417282522626098,-6.451022386550903
COCO-2017-val,Molmo2-ER,coco_1618_532575,21,horizontal,target-reference,0.4394510901265668,5.093045711517334
COCO-2017-val,Molmo2-ER,coco_1618_532575,21,vertical,target-reference,-0.1471270295926826,-4.234639465808868
COCO-2017-val,Molmo2-ER,coco_1619_277197,21,distance,target-reference,-0.7016923619311635,2.5540696382522583
COCO-2017-val,Molmo2-ER,coco_1619_277197,21,horizontal,target-reference,-0.34517126795939235,2.4896873235702515
COCO-2017-val,Molmo2-ER,coco_1619_277197,21,vertical,target-reference,-0.46790404080893816,-3.7037562131881714
COCO-2017-val,Molmo2-ER,coco_1620_261706,21,distance,target-reference,-0.1392295213426042,0.3376462757587433
COCO-2017-val,Molmo2-ER,coco_1620_261706,21,horizontal,target-reference,-0.4405115051597722,-3.727187752723694
COCO-2017-val,Molmo2-ER,coco_1620_261706,21,vertical,target-reference,-0.005820852028844581,0.7410309910774231
COCO-2017-val,Molmo2-ER,coco_1621_388258,21,distance,target-reference,0.023672520590484497,-0.6718459129333495
COCO-2017-val,Molmo2-ER,coco_1621_388258,21,horizontal,target-reference,-0.5173517561353509,-4.223080933094025
COCO-2017-val,Molmo2-ER,coco_1621_388258,21,vertical,target-reference,-0.03055497158274048,-3.3534690737724304
COCO-2017-val,Molmo2-ER,coco_1622_231879,21,distance,target-reference,-0.2162377127235387,-2.6142358779907227
COCO-2017-val,Molmo2-ER,coco_1622_231879,21,horizontal,target-reference,0.34064576194474827,-4.370672821998596
COCO-2017-val,Molmo2-ER,coco_1622_231879,21,vertical,target-reference,0.33587379597609224,7.246359825134277
COCO-2017-val,Molmo2-ER,coco_1623_170670,21,distance,target-reference,0.1091134363951114,4.589095830917358
COCO-2017-val,Molmo2-ER,coco_1623_170670,21,horizontal,target-reference,0.2486395547215004,2.3133044242858887
COCO-2017-val,Molmo2-ER,coco_1623_170670,21,vertical,target-reference,0.25111568149599517,1.5950937867164612
COCO-2017-val,Molmo2-ER,coco_1624_264441,21,distance,target-reference,-0.040693718479483505,-2.825969696044922
COCO-2017-val,Molmo2-ER,coco_1624_264441,21,horizontal,target-reference,0.047310759031209,0.4319287836551667
COCO-2017-val,Molmo2-ER,coco_1624_264441,21,vertical,target-reference,-0.1760103175415342,-4.631889045238495
COCO-2017-val,Molmo2-ER,coco_1625_53909,21,distance,target-reference,-0.06988119624226019,-4.96316933631897
COCO-2017-val,Molmo2-ER,coco_1625_53909,21,horizontal,target-reference,0.3217521012441087,1.3326650857925415
COCO-2017-val,Molmo2-ER,coco_1625_53909,21,vertical,target-reference,0.49444954686924736,1.7663243412971497
COCO-2017-val,Molmo2-ER,coco_1626_39551,21,distance,target-reference,-0.06497369462545931,-5.2069785594940186
COCO-2017-val,Molmo2-ER,coco_1626_39551,21,horizontal,target-reference,-0.4066145993791091,-2.217992067337036
COCO-2017-val,Molmo2-ER,coco_1626_39551,21,vertical,target-reference,-0.2440489405288457,-5.7547996044158936
COCO-2017-val,Molmo2-ER,coco_1627_84650,21,distance,target-reference,0.19358801348937538,4.359625458717346
COCO-2017-val,Molmo2-ER,coco_1627_84650,21,horizontal,target-reference,0.35132566901596973,2.018646210432052
COCO-2017-val,Molmo2-ER,coco_1627_84650,21,vertical,target-reference,0.1449608630127716,5.51974093914032
COCO-2017-val,Molmo2-ER,coco_1628_106389,21,distance,target-reference,-0.6475265358635198,-12.127855777740479
COCO-2017-val,Molmo2-ER,coco_1628_106389,21,horizontal,target-reference,0.3111913525524105,0.4376962184906006
COCO-2017-val,Molmo2-ER,coco_1628_106389,21,vertical,target-reference,-0.6743216724182618,-10.55655574798584
COCO-2017-val,Molmo2-ER,coco_1629_366199,21,distance,target-reference,0.4377379656806004,2.0447280406951904
COCO-2017-val,Molmo2-ER,coco_1629_366199,21,horizontal,target-reference,-0.022941105922050398,-0.25125062465667747
COCO-2017-val,Molmo2-ER,coco_1629_366199,21,vertical,target-reference,0.5470239705549054,1.0258591175079346
COCO-2017-val,Molmo2-ER,coco_1630_73326,21,distance,target-reference,0.2304805382438695,2.3336764574050903
COCO-2017-val,Molmo2-ER,coco_1630_73326,21,horizontal,target-reference,0.2309660683103317,6.199788331985474
COCO-2017-val,Molmo2-ER,coco_1630_73326,21,vertical,target-reference,-0.2517043899771061,-2.1896490752696987
COCO-2017-val,Molmo2-ER,coco_1631_5529,21,distance,target-reference,0.06081167639069909,-1.3160755634307861
COCO-2017-val,Molmo2-ER,coco_1631_5529,21,horizontal,target-reference,-0.07677450556731563,-2.916435956954956
COCO-2017-val,Molmo2-ER,coco_1631_5529,21,vertical,target-reference,0.41757761399275295,9.506601810455322
COCO-2017-val,Molmo2-ER,coco_1632_389933,21,distance,target-reference,-0.5718330500085085,-8.253181219100952
COCO-2017-val,Molmo2-ER,coco_1632_389933,21,horizontal,target-reference,0.2835308749602128,4.735701322555542
COCO-2017-val,Molmo2-ER,coco_1632_389933,21,vertical,target-reference,-0.5026730802103445,-3.874148339033127
COCO-2017-val,Molmo2-ER,coco_1633_477689,21,distance,target-reference,0.044267828808459905,-2.76772677898407
COCO-2017-val,Molmo2-ER,coco_1633_477689,21,horizontal,target-reference,-0.1199527793337641,-3.154904246330261
COCO-2017-val,Molmo2-ER,coco_1633_477689,21,vertical,target-reference,-0.14946303340961128,-6.145641803741456
COCO-2017-val,Molmo2-ER,coco_1634_10707,21,distance,target-reference,-0.5565396628971735,-12.415120601654053
COCO-2017-val,Molmo2-ER,coco_1634_10707,21,horizontal,target-reference,-0.11459020598121061,-3.2867631912231445
COCO-2017-val,Molmo2-ER,coco_1634_10707,21,vertical,target-reference,-0.63551667550686,-12.979065895080566
COCO-2017-val,Molmo2-ER,coco_1635_442746,21,distance,target-reference,-0.2652166153428895,-4.738059759140015
COCO-2017-val,Molmo2-ER,coco_1635_442746,21,horizontal,target-reference,0.5452476581087673,4.637497425079346
COCO-2017-val,Molmo2-ER,coco_1635_442746,21,vertical,target-reference,-0.09533943900796049,-5.238474369049072
COCO-2017-val,Molmo2-ER,coco_1636_118367,21,distance,target-reference,-0.1639990356543541,-3.4773664474487305
COCO-2017-val,Molmo2-ER,coco_1636_118367,21,horizontal,target-reference,-0.5692644635383336,-2.9299098253250118
COCO-2017-val,Molmo2-ER,coco_1636_118367,21,vertical,target-reference,0.1756682739727772,1.7637661695480347
COCO-2017-val,Molmo2-ER,coco_1637_203488,21,distance,target-reference,0.4334185736290942,-0.9886682033538818
COCO-2017-val,Molmo2-ER,coco_1637_203488,21,horizontal,target-reference,-0.306359891840218,-4.437375068664551
COCO-2017-val,Molmo2-ER,coco_1637_203488,21,vertical,target-reference,-0.44409888824220634,-5.980060577392578
COCO-2017-val,Molmo2-ER,coco_1638_101068,21,distance,target-reference,0.00916600683761537,-3.5184741020202637
COCO-2017-val,Molmo2-ER,coco_1638_101068,21,horizontal,target-reference,0.4970047210571398,-1.0807185173034668
COCO-2017-val,Molmo2-ER,coco_1638_101068,21,vertical,target-reference,0.3731741193493388,0.3721613883972166
COCO-2017-val,Molmo2-ER,coco_1639_527695,21,distance,target-reference,0.0774813850657049,0.13488829135894775
COCO-2017-val,Molmo2-ER,coco_1639_527695,21,horizontal,target-reference,0.1684427096270798,-0.10807943344116211
COCO-2017-val,Molmo2-ER,coco_1639_527695,21,vertical,target-reference,-0.1174015098054388,-1.0174955129623418
COCO-2017-val,Molmo2-ER,coco_1640_99428,21,distance,target-reference,-0.4822142320630814,-7.038398742675781
COCO-2017-val,Molmo2-ER,coco_1640_99428,21,horizontal,target-reference,0.2249630009311278,-0.9464716911315918
COCO-2017-val,Molmo2-ER,coco_1640_99428,21,vertical,target-reference,0.2183262067810515,2.307284861803055
COCO-2017-val,Molmo2-ER,coco_1641_10977,21,distance,target-reference,0.13842665551809058,6.730299472808838
COCO-2017-val,Molmo2-ER,coco_1641_10977,21,horizontal,target-reference,0.4768697427197245,3.991058349609375
COCO-2017-val,Molmo2-ER,coco_1641_10977,21,vertical,target-reference,-0.33893840325861424,0.10976171493530273
COCO-2017-val,Molmo2-ER,coco_1642_52591,21,distance,target-reference,0.10191140860767209,-4.965921938419342
COCO-2017-val,Molmo2-ER,coco_1642_52591,21,horizontal,target-reference,0.3276634669179757,2.494122087955475
COCO-2017-val,Molmo2-ER,coco_1642_52591,21,vertical,target-reference,-0.0960285843617312,-0.9895437955856322
COCO-2017-val,Molmo2-ER,coco_1643_181421,21,distance,target-reference,-0.032961958434711794,-5.861552476882935
COCO-2017-val,Molmo2-ER,coco_1643_181421,21,horizontal,target-reference,0.018736000777245493,0.13769793510437012
COCO-2017-val,Molmo2-ER,coco_1643_181421,21,vertical,target-reference,-0.6303538646831748,-10.732184410095215
COCO-2017-val,Molmo2-ER,coco_1644_327780,21,distance,target-reference,-0.1661909212260331,-3.4093893170356755
COCO-2017-val,Molmo2-ER,coco_1644_327780,21,horizontal,target-reference,0.3715368864033807,2.8189878463745117
COCO-2017-val,Molmo2-ER,coco_1644_327780,21,vertical,target-reference,-0.3626917775806275,-1.918774604797363
COCO-2017-val,Molmo2-ER,coco_1645_194471,21,distance,target-reference,0.12233452443761358,0.7393348217010498
COCO-2017-val,Molmo2-ER,coco_1645_194471,21,horizontal,target-reference,0.22312966764758801,2.4515721797943115
COCO-2017-val,Molmo2-ER,coco_1645_194471,21,vertical,target-reference,0.3921367155695318,7.742510795593262
COCO-2017-val,Molmo2-ER,coco_1646_476258,21,distance,target-reference,0.04909932944953971,-2.5257831215858455
COCO-2017-val,Molmo2-ER,coco_1646_476258,21,horizontal,target-reference,-0.05887529939236619,-2.2465108036994934
COCO-2017-val,Molmo2-ER,coco_1646_476258,21,vertical,target-reference,-0.7336190379388413,-10.860142230987549
COCO-2017-val,Molmo2-ER,coco_1647_490171,21,distance,target-reference,-0.0411374703102571,-1.0267839431762695
COCO-2017-val,Molmo2-ER,coco_1647_490171,21,horizontal,target-reference,-0.4039071824421265,-6.9633097648620605
COCO-2017-val,Molmo2-ER,coco_1647_490171,21,vertical,target-reference,0.056922473110194494,1.8971353173255923
COCO-2017-val,Molmo2-ER,coco_1648_114871,21,distance,target-reference,-0.3473197444478275,-6.715831100940704
COCO-2017-val,Molmo2-ER,coco_1648_114871,21,horizontal,target-reference,-0.27735863214795287,-5.750663995742798
COCO-2017-val,Molmo2-ER,coco_1648_114871,21,vertical,target-reference,-0.1393824942019403,-2.204875111579895
COCO-2017-val,Molmo2-ER,coco_1649_68628,21,distance,target-reference,-0.0348802556149738,-2.1322399973869324
COCO-2017-val,Molmo2-ER,coco_1649_68628,21,horizontal,target-reference,-0.006477180003688902,-4.076460003852844
COCO-2017-val,Molmo2-ER,coco_1649_68628,21,vertical,target-reference,-0.6827667312285597,-7.774555921554565
COCO-2017-val,Molmo2-ER,coco_1650_161879,21,distance,target-reference,0.09655003763761971,-0.1852454841136933
COCO-2017-val,Molmo2-ER,coco_1650_161879,21,horizontal,target-reference,-0.11358610544107461,-0.8750242590904236
COCO-2017-val,Molmo2-ER,coco_1650_161879,21,vertical,target-reference,0.6057233479114448,8.17641830444336
COCO-2017-val,Molmo2-ER,coco_1651_224724,21,distance,target-reference,-0.2838584688073834,-3.216544985771179
COCO-2017-val,Molmo2-ER,coco_1651_224724,21,horizontal,target-reference,0.7432068988451768,12.90284776687622
COCO-2017-val,Molmo2-ER,coco_1651_224724,21,vertical,target-reference,0.05488984437574351,1.1786775588989258
COCO-2017-val,Molmo2-ER,coco_1652_14007,21,distance,target-reference,0.3951428893848537,2.773137390613556
COCO-2017-val,Molmo2-ER,coco_1652_14007,21,horizontal,target-reference,0.1806630077474705,3.505034923553467
COCO-2017-val,Molmo2-ER,coco_1652_14007,21,vertical,target-reference,0.5776512157969187,11.183852672576904
COCO-2017-val,Molmo2-ER,coco_1653_284991,21,distance,target-reference,0.19022173638516732,-2.7754015922546387
COCO-2017-val,Molmo2-ER,coco_1653_284991,21,horizontal,target-reference,0.3079091495407033,0.613745391368866
COCO-2017-val,Molmo2-ER,coco_1653_284991,21,vertical,target-reference,0.2709101323253716,-0.5314817428588865
COCO-2017-val,Molmo2-ER,coco_1654_192670,21,distance,target-reference,0.6438425806857406,2.545812726020813
COCO-2017-val,Molmo2-ER,coco_1654_192670,21,horizontal,target-reference,0.1316833447944949,-6.535050630569458
COCO-2017-val,Molmo2-ER,coco_1654_192670,21,vertical,target-reference,0.7262513955781891,14.152745723724365
COCO-2017-val,Molmo2-ER,coco_1655_269121,21,distance,target-reference,-0.08770138823085741,-4.578169971704483
COCO-2017-val,Molmo2-ER,coco_1655_269121,21,horizontal,target-reference,0.6891202130013538,2.727140039205551
COCO-2017-val,Molmo2-ER,coco_1655_269121,21,vertical,target-reference,-0.33560100837158846,-0.649601399898529
COCO-2017-val,Molmo2-ER,coco_1656_485424,21,distance,target-reference,-0.1310544966179345,-2.283020496368408
COCO-2017-val,Molmo2-ER,coco_1656_485424,21,horizontal,target-reference,0.047557128629643716,-2.95530903339386
COCO-2017-val,Molmo2-ER,coco_1656_485424,21,vertical,target-reference,-0.6594033991473137,13.434664726257324
COCO-2017-val,Molmo2-ER,coco_1657_248752,21,distance,target-reference,0.05054151661311551,-2.965401977300644
COCO-2017-val,Molmo2-ER,coco_1657_248752,21,horizontal,target-reference,-0.0237332498784191,-3.2323307991027828
COCO-2017-val,Molmo2-ER,coco_1657_248752,21,vertical,target-reference,0.6341909063568347,5.460575580596924
COCO-2017-val,Molmo2-ER,coco_1658_376442,21,distance,target-reference,-0.08434955122761831,-0.49486070871353127
COCO-2017-val,Molmo2-ER,coco_1658_376442,21,horizontal,target-reference,0.18375599158499012,2.476248800754547
COCO-2017-val,Molmo2-ER,coco_1658_376442,21,vertical,target-reference,-0.25475865769563266,-4.052183300256729
COCO-2017-val,Molmo2-ER,coco_1659_375493,21,distance,target-reference,0.08577794019385743,-3.584881544113159
COCO-2017-val,Molmo2-ER,coco_1659_375493,21,horizontal,target-reference,0.2032095004937124,3.994482398033142
COCO-2017-val,Molmo2-ER,coco_1659_375493,21,vertical,target-reference,0.5874967233204537,3.79105806350708
COCO-2017-val,Molmo2-ER,coco_1660_387098,21,distance,target-reference,0.027418464840276095,-3.101681351661682
COCO-2017-val,Molmo2-ER,coco_1660_387098,21,horizontal,target-reference,-0.39037020257025556,-6.111232757568359
COCO-2017-val,Molmo2-ER,coco_1660_387098,21,vertical,target-reference,-0.0947604368434865,-3.6988794803619385
COCO-2017-val,Molmo2-ER,coco_1661_463283,21,distance,target-reference,-0.6096131166585145,-3.9826180934906006
COCO-2017-val,Molmo2-ER,coco_1661_463283,21,horizontal,target-reference,-0.5640882969075547,-4.59252667427063
COCO-2017-val,Molmo2-ER,coco_1661_463283,21,vertical,target-reference,0.4324468962554039,-0.17243123054504395
COCO-2017-val,Molmo2-ER,coco_1662_76417,21,distance,target-reference,0.6114061195636473,-0.05878877639770508
COCO-2017-val,Molmo2-ER,coco_1662_76417,21,horizontal,target-reference,0.4270908067177904,-2.310835123062134
COCO-2017-val,Molmo2-ER,coco_1662_76417,21,vertical,target-reference,0.46979166533186867,-0.17260313034057662
COCO-2017-val,Molmo2-ER,coco_1663_163951,21,distance,target-reference,0.1021210095062832,0.799950122833252
COCO-2017-val,Molmo2-ER,coco_1663_163951,21,horizontal,target-reference,0.0622802480531659,1.1666978597640991
COCO-2017-val,Molmo2-ER,coco_1663_163951,21,vertical,target-reference,-0.2651588488087986,0.5118951797485352
COCO-2017-val,Molmo2-ER,coco_1664_314177,21,distance,target-reference,0.0495949805572371,-3.3439724445343018
COCO-2017-val,Molmo2-ER,coco_1664_314177,21,horizontal,target-reference,0.005546063204527,1.5206273794174194
COCO-2017-val,Molmo2-ER,coco_1664_314177,21,vertical,target-reference,0.396034063440577,5.699797511100769
COCO-2017-val,Molmo2-ER,coco_1665_428280,21,distance,target-reference,0.3439775140427941,2.181104838848114
COCO-2017-val,Molmo2-ER,coco_1665_428280,21,horizontal,target-reference,-0.2126641602383278,0.11562967300415039
COCO-2017-val,Molmo2-ER,coco_1665_428280,21,vertical,target-reference,0.5575623518234581,11.006529331207275
COCO-2017-val,Molmo2-ER,coco_1666_543047,21,distance,target-reference,-0.3915957393023033,-9.580770015716553
COCO-2017-val,Molmo2-ER,coco_1666_543047,21,horizontal,target-reference,0.32722975863798676,5.7624123096466064
COCO-2017-val,Molmo2-ER,coco_1666_543047,21,vertical,target-reference,-0.5732541075895508,-8.349778771400452
COCO-2017-val,Molmo2-ER,coco_1667_536038,21,distance,target-reference,0.15241008018900717,-0.32640373706817627
COCO-2017-val,Molmo2-ER,coco_1667_536038,21,horizontal,target-reference,-0.1395170224097087,-1.0201152563095093
COCO-2017-val,Molmo2-ER,coco_1667_536038,21,vertical,target-reference,0.275175302612797,8.199706196784973
COCO-2017-val,Molmo2-ER,coco_1668_353970,21,distance,target-reference,-0.009997659098993202,-1.5853333473205566
COCO-2017-val,Molmo2-ER,coco_1668_353970,21,horizontal,target-reference,-0.0790795000052904,-4.422488689422607
COCO-2017-val,Molmo2-ER,coco_1668_353970,21,vertical,target-reference,-0.29101479210980397,-0.25539571046829224
COCO-2017-val,Molmo2-ER,coco_1669_147518,21,distance,target-reference,0.11443909673944869,4.937589168548584
COCO-2017-val,Molmo2-ER,coco_1669_147518,21,horizontal,target-reference,0.4651654187441723,5.411546885967255
COCO-2017-val,Molmo2-ER,coco_1669_147518,21,vertical,target-reference,-0.4168016779423443,-1.3178277015686035
COCO-2017-val,Molmo2-ER,coco_1670_480212,21,distance,target-reference,0.1853385463278714,-1.5000050067901611
COCO-2017-val,Molmo2-ER,coco_1670_480212,21,horizontal,target-reference,0.0843773178056464,-1.7809023261070251
COCO-2017-val,Molmo2-ER,coco_1670_480212,21,vertical,target-reference,0.21910106963557668,-1.3339701890945432
COCO-2017-val,Molmo2-ER,coco_1671_478136,21,distance,target-reference,-0.3121212787083711,-0.1813782453536985
COCO-2017-val,Molmo2-ER,coco_1671_478136,21,horizontal,target-reference,0.056188545810604895,-3.0417076349258423
COCO-2017-val,Molmo2-ER,coco_1671_478136,21,vertical,target-reference,-0.5870964808338911,-4.042614042758942
COCO-2017-val,Molmo2-ER,coco_1672_84492,21,distance,target-reference,0.0642797459752869,-0.004774332046508789
COCO-2017-val,Molmo2-ER,coco_1672_84492,21,horizontal,target-reference,-0.3032620763501495,-6.614819765090942
COCO-2017-val,Molmo2-ER,coco_1672_84492,21,vertical,target-reference,-0.4128859230797697,-0.2747654914855957
COCO-2017-val,Molmo2-ER,coco_1673_368212,21,distance,target-reference,0.1117577560404987,-3.649136126041413
COCO-2017-val,Molmo2-ER,coco_1673_368212,21,horizontal,target-reference,0.1757127886632143,1.2260369658470154
COCO-2017-val,Molmo2-ER,coco_1673_368212,21,vertical,target-reference,0.349571257206305,1.5537115931510925
COCO-2017-val,Molmo2-ER,coco_1674_193429,21,distance,target-reference,0.2100818633057958,4.5122281312942505
COCO-2017-val,Molmo2-ER,coco_1674_193429,21,horizontal,target-reference,0.11298782066037659,1.8274769484996796
COCO-2017-val,Molmo2-ER,coco_1674_193429,21,vertical,target-reference,0.4671773465006209,7.106335163116455
COCO-2017-val,Molmo2-ER,coco_1675_273711,21,distance,target-reference,0.09309678745619511,-5.186002403497696
COCO-2017-val,Molmo2-ER,coco_1675_273711,21,horizontal,target-reference,0.1993009365989368,-0.28697896003723145
COCO-2017-val,Molmo2-ER,coco_1675_273711,21,vertical,target-reference,0.16669529972070052,-1.1989238262176514
COCO-2017-val,Molmo2-ER,coco_1676_476415,21,distance,target-reference,-0.12031715847843721,-5.266030013561249
COCO-2017-val,Molmo2-ER,coco_1676_476415,21,horizontal,target-reference,0.031007722543526323,-3.0646965503692627
COCO-2017-val,Molmo2-ER,coco_1676_476415,21,vertical,target-reference,0.1811055664593414,-2.1632270216941833
COCO-2017-val,Molmo2-ER,coco_1677_450559,21,distance,target-reference,-0.012550680407194204,-2.224531888961792
COCO-2017-val,Molmo2-ER,coco_1677_450559,21,horizontal,target-reference,0.465696838789047,2.7050173878669748
COCO-2017-val,Molmo2-ER,coco_1677_450559,21,vertical,target-reference,0.31348960802482667,7.424185752868652
COCO-2017-val,Molmo2-ER,coco_1678_304365,21,distance,target-reference,-0.06960419436764669,-5.916159063577652
COCO-2017-val,Molmo2-ER,coco_1678_304365,21,horizontal,target-reference,0.4156689210141061,2.1934158504009247
COCO-2017-val,Molmo2-ER,coco_1678_304365,21,vertical,target-reference,0.09289676297590638,-0.5217832922935485
COCO-2017-val,Molmo2-ER,coco_1679_169356,21,distance,target-reference,-0.2010286945276409,-2.7216171622276306
COCO-2017-val,Molmo2-ER,coco_1679_169356,21,horizontal,target-reference,-0.0495870954851058,-1.9978760480880737
COCO-2017-val,Molmo2-ER,coco_1679_169356,21,vertical,target-reference,-0.683432127438834,-7.321722030639648
COCO-2017-val,Molmo2-ER,coco_1680_577584,21,distance,target-reference,-0.25774328075558417,-3.5761075019836426
COCO-2017-val,Molmo2-ER,coco_1680_577584,21,horizontal,target-reference,0.5204832954551967,8.277409076690674
COCO-2017-val,Molmo2-ER,coco_1680_577584,21,vertical,target-reference,-0.242123035034556,-9.149432182312012
COCO-2017-val,Molmo2-ER,coco_1681_394510,21,distance,target-reference,-0.016202615487564992,-2.7414426803588867
COCO-2017-val,Molmo2-ER,coco_1681_394510,21,horizontal,target-reference,0.05226628432540689,-2.7001112699508667
COCO-2017-val,Molmo2-ER,coco_1681_394510,21,vertical,target-reference,-0.6397448541362039,-8.468061327934265
COCO-2017-val,Molmo2-ER,coco_1682_556158,21,distance,target-reference,-0.08479929631453789,-1.0112531185150149
COCO-2017-val,Molmo2-ER,coco_1682_556158,21,horizontal,target-reference,0.010966690824365695,1.4569724798202515
COCO-2017-val,Molmo2-ER,coco_1682_556158,21,vertical,target-reference,-0.4453451402756101,-12.568695545196533
COCO-2017-val,Molmo2-ER,coco_1683_349184,21,distance,target-reference,0.1849625077889469,-0.2707700729370117
COCO-2017-val,Molmo2-ER,coco_1683_349184,21,horizontal,target-reference,-0.3938205902982985,-1.5525475144386296
COCO-2017-val,Molmo2-ER,coco_1683_349184,21,vertical,target-reference,0.0376148710497117,0.19246125221252441
COCO-2017-val,Molmo2-ER,coco_1684_347174,21,distance,target-reference,0.032472986850350896,-0.3096296787261963
COCO-2017-val,Molmo2-ER,coco_1684_347174,21,horizontal,target-reference,-0.0357770388053229,-1.472015619277954
COCO-2017-val,Molmo2-ER,coco_1684_347174,21,vertical,target-reference,0.1821003702090607,1.6313155889511108
COCO-2017-val,Molmo2-ER,coco_1685_360137,21,distance,target-reference,-0.03099116974744237,0.8060866594314575
COCO-2017-val,Molmo2-ER,coco_1685_360137,21,horizontal,target-reference,0.41458614311291125,1.7852278053760529
COCO-2017-val,Molmo2-ER,coco_1685_360137,21,vertical,target-reference,-0.10190073622591744,-6.372770428657532
COCO-2017-val,Molmo2-ER,coco_1686_205105,21,distance,target-reference,-0.11478705794775973,-2.7584953308105464
COCO-2017-val,Molmo2-ER,coco_1686_205105,21,horizontal,target-reference,-0.17832952611955905,-2.4662947058677673
COCO-2017-val,Molmo2-ER,coco_1686_205105,21,vertical,target-reference,-0.7193877159330702,-3.801091194152833
COCO-2017-val,Molmo2-ER,coco_1687_342186,21,distance,target-reference,0.060038877650487495,0.19320321083068848
COCO-2017-val,Molmo2-ER,coco_1687_342186,21,horizontal,target-reference,-0.1898445886206947,-0.31324219703674316
COCO-2017-val,Molmo2-ER,coco_1687_342186,21,vertical,target-reference,0.001658828193216999,0.6796455383300781
COCO-2017-val,Molmo2-ER,coco_1688_63602,21,distance,target-reference,0.08405789516276713,-0.8231538534164431
COCO-2017-val,Molmo2-ER,coco_1688_63602,21,horizontal,target-reference,-0.3836902312492906,-6.623141765594482
COCO-2017-val,Molmo2-ER,coco_1688_63602,21,vertical,target-reference,0.05877245646330792,-2.1105902194976807
COCO-2017-val,Molmo2-ER,coco_1689_396518,21,distance,target-reference,0.2993610712812438,0.571638822555542
COCO-2017-val,Molmo2-ER,coco_1689_396518,21,horizontal,target-reference,0.22043892605669457,-0.7644491195678711
COCO-2017-val,Molmo2-ER,coco_1689_396518,21,vertical,target-reference,0.4738480338234055,8.290444493293762
COCO-2017-val,Molmo2-ER,coco_1690_486479,21,distance,target-reference,0.3494240953151404,2.2950015068054195
COCO-2017-val,Molmo2-ER,coco_1690_486479,21,horizontal,target-reference,0.525353168175444,7.77194619178772
COCO-2017-val,Molmo2-ER,coco_1690_486479,21,vertical,target-reference,-0.223791961935374,-11.62084150314331
COCO-2017-val,Molmo2-ER,coco_1691_532855,21,distance,target-reference,0.2510932851692588,-1.3250517845153804
COCO-2017-val,Molmo2-ER,coco_1691_532855,21,horizontal,target-reference,0.29706257048885953,2.259142279624939
COCO-2017-val,Molmo2-ER,coco_1691_532855,21,vertical,target-reference,0.5484649160437322,8.210724830627441
COCO-2017-val,Molmo2-ER,coco_1692_220584,21,distance,target-reference,-0.31993841878203666,-6.235540091991425
COCO-2017-val,Molmo2-ER,coco_1692_220584,21,horizontal,target-reference,-0.3670937451396237,-4.369085669517517
COCO-2017-val,Molmo2-ER,coco_1692_220584,21,vertical,target-reference,-0.4686546828013058,-8.605013370513916
COCO-2017-val,Molmo2-ER,coco_1693_190637,21,distance,target-reference,-0.2657039742029751,-1.8059929609298706
COCO-2017-val,Molmo2-ER,coco_1693_190637,21,horizontal,target-reference,0.1437814137708939,-1.3844067454338074
COCO-2017-val,Molmo2-ER,coco_1693_190637,21,vertical,target-reference,-0.4816336229723045,-7.111552834510803
COCO-2017-val,Molmo2-ER,coco_1694_227491,21,distance,target-reference,0.08478367934833977,-1.3428895473480225
COCO-2017-val,Molmo2-ER,coco_1694_227491,21,horizontal,target-reference,0.3984124629100701,2.664096474647522
COCO-2017-val,Molmo2-ER,coco_1694_227491,21,vertical,target-reference,0.37684221523158046,3.37105655670166
COCO-2017-val,Molmo2-ER,coco_1695_455157,21,distance,target-reference,-0.053883960592430696,-1.437854826450348
COCO-2017-val,Molmo2-ER,coco_1695_455157,21,horizontal,target-reference,-0.3990156813138837,-6.950589179992676
COCO-2017-val,Molmo2-ER,coco_1695_455157,21,vertical,target-reference,0.30521687491493726,7.322549283504486
COCO-2017-val,Molmo2-ER,coco_1696_459437,21,distance,target-reference,-0.19215575130559012,-0.43944370746612504
COCO-2017-val,Molmo2-ER,coco_1696_459437,21,horizontal,target-reference,0.4636157273614766,-2.0868968963623047
COCO-2017-val,Molmo2-ER,coco_1696_459437,21,vertical,target-reference,0.08409041175832654,2.461094915866852
COCO-2017-val,Molmo2-ER,coco_1697_383842,21,distance,target-reference,0.43910265043260177,0.9464733600616455
COCO-2017-val,Molmo2-ER,coco_1697_383842,21,horizontal,target-reference,-0.26548477773839924,-0.9247689247131348
COCO-2017-val,Molmo2-ER,coco_1697_383842,21,vertical,target-reference,0.568883143971729,10.204269886016846
COCO-2017-val,Molmo2-ER,coco_1698_4765,21,distance,target-reference,0.0033856230294078,2.3912265300750724
COCO-2017-val,Molmo2-ER,coco_1698_4765,21,horizontal,target-reference,0.1521811071333592,-1.2360676527023315
COCO-2017-val,Molmo2-ER,coco_1698_4765,21,vertical,target-reference,0.47828804991619356,7.9522788524627686
COCO-2017-val,Molmo2-ER,coco_1699_550322,21,distance,target-reference,0.0756128405494354,-0.7933030128479
COCO-2017-val,Molmo2-ER,coco_1699_550322,21,horizontal,target-reference,-0.0921534704437959,-1.4979877471923828
COCO-2017-val,Molmo2-ER,coco_1699_550322,21,vertical,target-reference,-0.41423062559110885,-4.393144965171814
COCO-2017-val,Molmo2-ER,coco_1700_179285,21,distance,target-reference,-0.6256313057408328,-3.3386752009391785
COCO-2017-val,Molmo2-ER,coco_1700_179285,21,horizontal,target-reference,-0.15639278530854428,-2.648004174232483
COCO-2017-val,Molmo2-ER,coco_1700_179285,21,vertical,target-reference,-0.0035436806244405,-3.145238012075424
COCO-2017-val,Molmo2-ER,coco_1701_311394,21,distance,target-reference,0.1941643802610172,0.7790882587432861
COCO-2017-val,Molmo2-ER,coco_1701_311394,21,horizontal,target-reference,-0.3641500428792471,-2.0188554525375366
COCO-2017-val,Molmo2-ER,coco_1701_311394,21,vertical,target-reference,0.0553240187195881,0.10093200206756592
COCO-2017-val,Molmo2-ER,coco_1702_159282,21,distance,target-reference,0.20746767395316848,-1.0776896476745605
COCO-2017-val,Molmo2-ER,coco_1702_159282,21,horizontal,target-reference,-0.0535360726431761,-8.814866065979004
COCO-2017-val,Molmo2-ER,coco_1702_159282,21,vertical,target-reference,0.46465762181734993,6.2609617710113525
COCO-2017-val,Molmo2-ER,coco_1703_105335,21,distance,target-reference,-0.12530451929812228,-3.145061731338501
COCO-2017-val,Molmo2-ER,coco_1703_105335,21,horizontal,target-reference,-0.054148885316060796,-4.156541883945465
COCO-2017-val,Molmo2-ER,coco_1703_105335,21,vertical,target-reference,-0.24748458363823292,0.22081422805786122
COCO-2017-val,Molmo2-ER,coco_1704_544519,21,distance,target-reference,-0.1322321009963445,-6.098666191101074
COCO-2017-val,Molmo2-ER,coco_1704_544519,21,horizontal,target-reference,0.2748811477257629,0.8349330425262451
COCO-2017-val,Molmo2-ER,coco_1704_544519,21,vertical,target-reference,-0.18911101735788383,-1.2471411228179932
COCO-2017-val,Molmo2-ER,coco_1705_516916,21,distance,target-reference,0.2075335433433205,-0.5716600418090811
COCO-2017-val,Molmo2-ER,coco_1705_516916,21,horizontal,target-reference,-0.3112250902414737,-2.7728915214538583
COCO-2017-val,Molmo2-ER,coco_1705_516916,21,vertical,target-reference,0.3377995871711892,6.852694749832153
COCO-2017-val,Molmo2-ER,coco_1706_329614,21,distance,target-reference,-0.6160768257303183,-2.074178457260132
COCO-2017-val,Molmo2-ER,coco_1706_329614,21,horizontal,target-reference,0.38356795184198333,0.4381132125854492
COCO-2017-val,Molmo2-ER,coco_1706_329614,21,vertical,target-reference,-0.3488286548724136,-6.3996217250823975
COCO-2017-val,Molmo2-ER,coco_1707_284698,21,distance,target-reference,-0.0780100757109149,-4.4957276582717896
COCO-2017-val,Molmo2-ER,coco_1707_284698,21,horizontal,target-reference,0.09209336519624578,-1.2384593486785889
COCO-2017-val,Molmo2-ER,coco_1707_284698,21,vertical,target-reference,-0.2519836553462823,-6.971763610839844
COCO-2017-val,Molmo2-ER,coco_1708_450686,21,distance,target-reference,-0.06111280152113002,0.08673715591430664
COCO-2017-val,Molmo2-ER,coco_1708_450686,21,horizontal,target-reference,0.2680937774022173,-0.5673871040344238
COCO-2017-val,Molmo2-ER,coco_1708_450686,21,vertical,target-reference,-0.5471998895478339,-4.010867118835449
COCO-2017-val,Molmo2-ER,coco_1709_51712,21,distance,target-reference,-0.1757256763223106,-3.4812835454940796
COCO-2017-val,Molmo2-ER,coco_1709_51712,21,horizontal,target-reference,-0.026512795996811445,0.2873806953430176
COCO-2017-val,Molmo2-ER,coco_1709_51712,21,vertical,target-reference,-0.7465851266939114,-12.425836563110352
COCO-2017-val,Molmo2-ER,coco_1710_553990,21,distance,target-reference,0.07522438123927169,-1.7411531805992124
COCO-2017-val,Molmo2-ER,coco_1710_553990,21,horizontal,target-reference,-0.08180076054747759,0.8959041088819505
COCO-2017-val,Molmo2-ER,coco_1710_553990,21,vertical,target-reference,0.4021759414260336,3.334253292530775
COCO-2017-val,Molmo2-ER,coco_1711_462643,21,distance,target-reference,-0.0003081412875907963,-5.194785296916962
COCO-2017-val,Molmo2-ER,coco_1711_462643,21,horizontal,target-reference,-0.1441297468712231,-0.20574083924293524
COCO-2017-val,Molmo2-ER,coco_1711_462643,21,vertical,target-reference,0.13512784882905252,-0.6903044581413269
COCO-2017-val,Molmo2-ER,coco_1712_578792,21,distance,target-reference,0.1518929876359895,-0.36605679988861084
COCO-2017-val,Molmo2-ER,coco_1712_578792,21,horizontal,target-reference,0.1910366676668691,0.07391607761383057
COCO-2017-val,Molmo2-ER,coco_1712_578792,21,vertical,target-reference,0.4751050896634369,1.7814107239246368
COCO-2017-val,Molmo2-ER,coco_1713_372203,21,distance,target-reference,-0.2809849553040236,-1.0171806812286381
COCO-2017-val,Molmo2-ER,coco_1713_372203,21,horizontal,target-reference,-0.38503263572691926,-4.671838760375977
COCO-2017-val,Molmo2-ER,coco_1713_372203,21,vertical,target-reference,-0.30507770742101026,-3.808054208755493
COCO-2017-val,Molmo2-ER,coco_1714_402118,21,distance,target-reference,0.09810682238530982,-4.036829650402069
COCO-2017-val,Molmo2-ER,coco_1714_402118,21,horizontal,target-reference,-0.07960809111497019,-1.9401333332061768
COCO-2017-val,Molmo2-ER,coco_1714_402118,21,vertical,target-reference,-0.5750245852226566,-7.871219873428345
COCO-2017-val,Molmo2-ER,coco_1715_507473,21,distance,target-reference,0.1621664067858346,-1.144599437713623
COCO-2017-val,Molmo2-ER,coco_1715_507473,21,horizontal,target-reference,-0.15694999964263032,-5.033406615257263
COCO-2017-val,Molmo2-ER,coco_1715_507473,21,vertical,target-reference,-0.47442011358372316,-2.0113855004310612
COCO-2017-val,Molmo2-ER,coco_1716_175251,21,distance,target-reference,-0.06670432774100482,-4.018452167510987
COCO-2017-val,Molmo2-ER,coco_1716_175251,21,horizontal,target-reference,-0.3364900468195136,-5.182920455932617
COCO-2017-val,Molmo2-ER,coco_1716_175251,21,vertical,target-reference,-0.09047207630976728,-1.2124390006065369
COCO-2017-val,Molmo2-ER,coco_1717_130579,21,distance,target-reference,0.0554958383644773,-4.6805770099163055
COCO-2017-val,Molmo2-ER,coco_1717_130579,21,horizontal,target-reference,-0.3109462738200666,-4.28737199306488
COCO-2017-val,Molmo2-ER,coco_1717_130579,21,vertical,target-reference,-0.336552278493459,0.6705138087272644
COCO-2017-val,Molmo2-ER,coco_1718_131131,21,distance,target-reference,0.27928291579889103,2.4800102710723877
COCO-2017-val,Molmo2-ER,coco_1718_131131,21,horizontal,target-reference,-0.1905343803394369,-5.890153169631958
COCO-2017-val,Molmo2-ER,coco_1718_131131,21,vertical,target-reference,0.3358427401102413,8.610147953033447
COCO-2017-val,Molmo2-ER,coco_1719_425390,21,distance,target-reference,0.12644930133539523,2.945098638534546
COCO-2017-val,Molmo2-ER,coco_1719_425390,21,horizontal,target-reference,-0.1924099535740128,-3.449548840522766
COCO-2017-val,Molmo2-ER,coco_1719_425390,21,vertical,target-reference,0.03536644697626329,3.986982583999634
COCO-2017-val,Molmo2-ER,coco_1720_489014,21,distance,target-reference,0.0644814632683864,-4.368096977472305
COCO-2017-val,Molmo2-ER,coco_1720_489014,21,horizontal,target-reference,0.21752062247874798,0.179274320602417
COCO-2017-val,Molmo2-ER,coco_1720_489014,21,vertical,target-reference,0.19865922922097068,0.8002389669418335
COCO-2017-val,Molmo2-ER,coco_1721_351810,21,distance,target-reference,-0.14882908682980162,-0.5575347542762756
COCO-2017-val,Molmo2-ER,coco_1721_351810,21,horizontal,target-reference,0.09355476447071087,2.414032459259033
COCO-2017-val,Molmo2-ER,coco_1721_351810,21,vertical,target-reference,-0.6385175688046817,-2.6610130667686462
COCO-2017-val,Molmo2-ER,coco_1722_253819,21,distance,target-reference,0.1209748383420104,-0.1210184097290039
COCO-2017-val,Molmo2-ER,coco_1722_253819,21,horizontal,target-reference,0.0415537486366979,-0.9243795275688171
COCO-2017-val,Molmo2-ER,coco_1722_253819,21,vertical,target-reference,0.76991546624956,7.726768493652344
COCO-2017-val,Molmo2-ER,coco_1723_25986,21,distance,target-reference,-0.005707481741854398,1.2827152609825134
COCO-2017-val,Molmo2-ER,coco_1723_25986,21,horizontal,target-reference,0.44675803011862597,5.894732713699341
COCO-2017-val,Molmo2-ER,coco_1723_25986,21,vertical,target-reference,0.1567084998917586,3.4023561477661133
COCO-2017-val,Molmo2-ER,coco_1724_233033,21,distance,target-reference,0.09740156557580809,2.257726639509201
COCO-2017-val,Molmo2-ER,coco_1724_233033,21,horizontal,target-reference,0.026041809047037602,-3.1017414331436157
COCO-2017-val,Molmo2-ER,coco_1724_233033,21,vertical,target-reference,0.8189034003075898,14.41072130203247
COCO-2017-val,Molmo2-ER,coco_1725_416330,21,distance,target-reference,0.08688626896139459,1.2017832398414612
COCO-2017-val,Molmo2-ER,coco_1725_416330,21,horizontal,target-reference,0.20127675751347268,-1.9410400688648224
COCO-2017-val,Molmo2-ER,coco_1725_416330,21,vertical,target-reference,0.120721514148116,-0.6376700103282928
COCO-2017-val,Molmo2-ER,coco_1726_223188,21,distance,target-reference,-0.2839235446229836,-0.2560091018676761
COCO-2017-val,Molmo2-ER,coco_1726_223188,21,horizontal,target-reference,0.2919008602936708,0.6593167930841445
COCO-2017-val,Molmo2-ER,coco_1726_223188,21,vertical,target-reference,-0.5925357210431225,-4.203087568283081
COCO-2017-val,Molmo2-ER,coco_1727_210915,21,distance,target-reference,-0.1392184616357203,1.8288326263427734
COCO-2017-val,Molmo2-ER,coco_1727_210915,21,horizontal,target-reference,0.3240317594657487,1.4401037991046906
COCO-2017-val,Molmo2-ER,coco_1727_210915,21,vertical,target-reference,-0.30960703567093517,-0.1235841512680054
COCO-2017-val,Molmo2-ER,coco_1728_560011,21,distance,target-reference,0.3226609167410733,4.5478140115737915
COCO-2017-val,Molmo2-ER,coco_1728_560011,21,horizontal,target-reference,-0.2696159698783515,-14.315603733062742
COCO-2017-val,Molmo2-ER,coco_1728_560011,21,vertical,target-reference,0.3630156023114118,11.005899429321289
COCO-2017-val,Molmo2-ER,coco_1729_295138,21,distance,target-reference,0.2163699735645342,4.19751501083374
COCO-2017-val,Molmo2-ER,coco_1729_295138,21,horizontal,target-reference,0.1463896309834955,3.219295740127563
COCO-2017-val,Molmo2-ER,coco_1729_295138,21,vertical,target-reference,-0.4629464461215421,-6.687580347061157
COCO-2017-val,Molmo2-ER,coco_1730_417911,21,distance,target-reference,0.09297396143313379,3.865025758743286
COCO-2017-val,Molmo2-ER,coco_1730_417911,21,horizontal,target-reference,0.22067671625523938,-0.5121756792068481
COCO-2017-val,Molmo2-ER,coco_1730_417911,21,vertical,target-reference,0.5738266761550548,9.443340301513672
COCO-2017-val,Molmo2-ER,coco_1731_132375,21,distance,target-reference,0.1223972941331537,-4.665404230356216
COCO-2017-val,Molmo2-ER,coco_1731_132375,21,horizontal,target-reference,0.2374103277688899,5.755620718002319
COCO-2017-val,Molmo2-ER,coco_1731_132375,21,vertical,target-reference,-0.15475346158068337,-4.532292366027832
COCO-2017-val,Molmo2-ER,coco_1732_104424,21,distance,target-reference,0.1087165139960687,-2.2161767482757564
COCO-2017-val,Molmo2-ER,coco_1732_104424,21,horizontal,target-reference,-0.3182905829997391,-5.963585138320923
COCO-2017-val,Molmo2-ER,coco_1732_104424,21,vertical,target-reference,0.3569549598539494,3.2144801616668692
COCO-2017-val,Molmo2-ER,coco_1733_56344,21,distance,target-reference,0.0269931219906113,-2.5896787643432617
COCO-2017-val,Molmo2-ER,coco_1733_56344,21,horizontal,target-reference,0.4460515913666902,7.486428141593933
COCO-2017-val,Molmo2-ER,coco_1733_56344,21,vertical,target-reference,0.044176521967488114,-0.05814647674560547
COCO-2017-val,Molmo2-ER,coco_1734_343076,21,distance,target-reference,-0.1629931100158298,2.1534451991319656
COCO-2017-val,Molmo2-ER,coco_1734_343076,21,horizontal,target-reference,0.143835350469107,-1.4518227577209473
COCO-2017-val,Molmo2-ER,coco_1734_343076,21,vertical,target-reference,-0.3388907087563292,0.2442367672920227
COCO-2017-val,Molmo2-ER,coco_1735_289229,21,distance,target-reference,0.1551101064814343,2.2081095576286316
COCO-2017-val,Molmo2-ER,coco_1735_289229,21,horizontal,target-reference,0.0998437777919884,2.9665470123291016
COCO-2017-val,Molmo2-ER,coco_1735_289229,21,vertical,target-reference,0.4141907513991352,0.587200403213501
COCO-2017-val,Molmo2-ER,coco_1736_370486,21,distance,target-reference,-0.06261394658341049,0.35277181863784796
COCO-2017-val,Molmo2-ER,coco_1736_370486,21,horizontal,target-reference,0.12546248281584413,3.2840133905410767
COCO-2017-val,Molmo2-ER,coco_1736_370486,21,vertical,target-reference,-0.44415668171016054,-7.579678416252136
COCO-2017-val,Molmo2-ER,coco_1737_18193,21,distance,target-reference,0.06848076741716722,0.7778959274291992
COCO-2017-val,Molmo2-ER,coco_1737_18193,21,horizontal,target-reference,0.4389600592463714,-1.105860233306884
COCO-2017-val,Molmo2-ER,coco_1737_18193,21,vertical,target-reference,-0.4488746421806493,-2.23871111869812
COCO-2017-val,Molmo2-ER,coco_1738_135604,21,distance,target-reference,0.08450088559107469,-6.365139484405518
COCO-2017-val,Molmo2-ER,coco_1738_135604,21,horizontal,target-reference,-0.18231705487500194,-3.1795453429222107
COCO-2017-val,Molmo2-ER,coco_1738_135604,21,vertical,target-reference,0.5503427472811905,2.9266668558120728
COCO-2017-val,Molmo2-ER,coco_1739_123480,21,distance,target-reference,0.013157612203727131,-3.7951653003692627
COCO-2017-val,Molmo2-ER,coco_1739_123480,21,horizontal,target-reference,0.2231551872039476,4.125036835670471
COCO-2017-val,Molmo2-ER,coco_1739_123480,21,vertical,target-reference,0.43410087835579636,0.809287428855896
COCO-2017-val,Molmo2-ER,coco_1740_183675,21,distance,target-reference,-0.24000150431946177,-4.694651007652283
COCO-2017-val,Molmo2-ER,coco_1740_183675,21,horizontal,target-reference,0.3059375391467063,0.4686816036701202
COCO-2017-val,Molmo2-ER,coco_1740_183675,21,vertical,target-reference,-0.44237732496703225,-7.916589736938476
COCO-2017-val,Molmo2-ER,coco_1741_494913,21,distance,target-reference,-0.0862553645061867,-6.741485953330994
COCO-2017-val,Molmo2-ER,coco_1741_494913,21,horizontal,target-reference,0.38749295105947984,1.5576775074005127
COCO-2017-val,Molmo2-ER,coco_1741_494913,21,vertical,target-reference,-0.1723205642578683,-5.876714527606964
COCO-2017-val,Molmo2-ER,coco_1742_391290,21,distance,target-reference,0.007281688476948878,2.4654502868652344
COCO-2017-val,Molmo2-ER,coco_1742_391290,21,horizontal,target-reference,0.4314190261355348,-0.7669539451599121
COCO-2017-val,Molmo2-ER,coco_1742_391290,21,vertical,target-reference,0.15224959204529198,-0.887061595916748
COCO-2017-val,Molmo2-ER,coco_1743_275392,21,distance,target-reference,0.3578400748146204,1.0734150409698486
COCO-2017-val,Molmo2-ER,coco_1743_275392,21,horizontal,target-reference,-0.4123174496378299,-6.830161094665527
COCO-2017-val,Molmo2-ER,coco_1743_275392,21,vertical,target-reference,0.2555633412711739,4.443877398967743
COCO-2017-val,Molmo2-ER,coco_1744_25228,21,distance,target-reference,-0.4012594209730136,-7.091124713420868
COCO-2017-val,Molmo2-ER,coco_1744_25228,21,horizontal,target-reference,-0.0603112151956241,-1.3949929475784302
COCO-2017-val,Molmo2-ER,coco_1744_25228,21,vertical,target-reference,-0.5023690356271133,-7.554901599884033
COCO-2017-val,Molmo2-ER,coco_1745_71938,21,distance,target-reference,0.206419283457765,-1.803548276424408
COCO-2017-val,Molmo2-ER,coco_1745_71938,21,horizontal,target-reference,-0.602792822495393,-2.411708116531372
COCO-2017-val,Molmo2-ER,coco_1745_71938,21,vertical,target-reference,0.1857176799730372,-3.5793632864952087
COCO-2017-val,Molmo2-ER,coco_1746_451155,21,distance,target-reference,-0.234888866182192,-2.6177645921707153
COCO-2017-val,Molmo2-ER,coco_1746_451155,21,horizontal,target-reference,0.33844809723625235,-0.6618896722793579
COCO-2017-val,Molmo2-ER,coco_1746_451155,21,vertical,target-reference,-0.42419103103621875,-2.7475315034389496
COCO-2017-val,Molmo2-ER,coco_1747_125129,21,distance,target-reference,0.1522081746500526,-4.973469972610474
COCO-2017-val,Molmo2-ER,coco_1747_125129,21,horizontal,target-reference,-0.22197284613866175,-0.8854496479034424
COCO-2017-val,Molmo2-ER,coco_1747_125129,21,vertical,target-reference,0.18490374114128794,0.7376904487609863
COCO-2017-val,Molmo2-ER,coco_1748_136466,21,distance,target-reference,0.19724102343645078,-5.671434164047241
COCO-2017-val,Molmo2-ER,coco_1748_136466,21,horizontal,target-reference,0.3231214180790589,6.650538444519043
COCO-2017-val,Molmo2-ER,coco_1748_136466,21,vertical,target-reference,-0.02748041789448122,-0.302967309951782
COCO-2017-val,Molmo2-ER,coco_1749_403565,21,distance,target-reference,-0.06011491022228191,1.520965650677681
COCO-2017-val,Molmo2-ER,coco_1749_403565,21,horizontal,target-reference,-0.2143134656027289,-3.1628788709640507
COCO-2017-val,Molmo2-ER,coco_1749_403565,21,vertical,target-reference,-0.4846442143645431,-9.482662916183472
COCO-2017-val,Molmo2-ER,coco_1750_187990,21,distance,target-reference,-0.2072263352599284,-1.5532933473587036
COCO-2017-val,Molmo2-ER,coco_1750_187990,21,horizontal,target-reference,-0.29497783702176217,-3.2782543897628784
COCO-2017-val,Molmo2-ER,coco_1750_187990,21,vertical,target-reference,-0.4880357336148241,-8.820878505706787
COCO-2017-val,Molmo2-ER,coco_1751_46048,21,distance,target-reference,0.3341579871827701,1.2450205087661743
COCO-2017-val,Molmo2-ER,coco_1751_46048,21,horizontal,target-reference,0.005552590450807582,-0.060185194015503374
COCO-2017-val,Molmo2-ER,coco_1751_46048,21,vertical,target-reference,0.4038640862032568,2.70879065990448
COCO-2017-val,Molmo2-ER,coco_1752_415882,21,distance,target-reference,0.2329866593742709,-1.6264907121658325
COCO-2017-val,Molmo2-ER,coco_1752_415882,21,horizontal,target-reference,-0.18892232916612567,0.9657338261604308
COCO-2017-val,Molmo2-ER,coco_1752_415882,21,vertical,target-reference,0.3714456208405417,2.5152539014816284
COCO-2017-val,Molmo2-ER,coco_1753_149568,21,distance,target-reference,0.23781623969279522,2.654334783554077
COCO-2017-val,Molmo2-ER,coco_1753_149568,21,horizontal,target-reference,0.43421587970918263,0.5758485794067385
COCO-2017-val,Molmo2-ER,coco_1753_149568,21,vertical,target-reference,-0.24004033520498913,0.06560945510864169
COCO-2017-val,Molmo2-ER,coco_1754_578489,21,distance,target-reference,0.2129062466024283,5.338559150695801
COCO-2017-val,Molmo2-ER,coco_1754_578489,21,horizontal,target-reference,0.2778265797949832,2.8592153191566467
COCO-2017-val,Molmo2-ER,coco_1754_578489,21,vertical,target-reference,-0.33627578542235437,-0.74930539727211
COCO-2017-val,Molmo2-ER,coco_1755_393115,21,distance,target-reference,0.436444960201819,1.9244606494903567
COCO-2017-val,Molmo2-ER,coco_1755_393115,21,horizontal,target-reference,-0.0715130457503744,-2.1186167001724243
COCO-2017-val,Molmo2-ER,coco_1755_393115,21,vertical,target-reference,0.4429810157706568,6.794161319732666
COCO-2017-val,Molmo2-ER,coco_1756_530624,21,distance,target-reference,-0.17584184857449262,-3.5336141586303715
COCO-2017-val,Molmo2-ER,coco_1756_530624,21,horizontal,target-reference,0.0238493511266156,-2.908360481262207
COCO-2017-val,Molmo2-ER,coco_1756_530624,21,vertical,target-reference,-0.2592753592172131,-0.7818987369537351
COCO-2017-val,Molmo2-ER,coco_1757_347254,21,distance,target-reference,0.08704136631272309,-2.2094881534576416
COCO-2017-val,Molmo2-ER,coco_1757_347254,21,horizontal,target-reference,-0.2522941940609318,-7.634664535522461
COCO-2017-val,Molmo2-ER,coco_1757_347254,21,vertical,target-reference,0.41403259593810504,4.4094016551971436
COCO-2017-val,Molmo2-ER,coco_1758_506279,21,distance,target-reference,0.2387853147302038,-3.1640987396240234
COCO-2017-val,Molmo2-ER,coco_1758_506279,21,horizontal,target-reference,0.007586720623952201,-1.3229604363441467
COCO-2017-val,Molmo2-ER,coco_1758_506279,21,vertical,target-reference,-0.4703347724204234,-4.226861000061035
COCO-2017-val,Molmo2-ER,coco_1759_421923,21,distance,target-reference,7.925273424652657e-05,-4.489435911178588
COCO-2017-val,Molmo2-ER,coco_1759_421923,21,horizontal,target-reference,0.11212330723431219,-8.3418527841568
COCO-2017-val,Molmo2-ER,coco_1759_421923,21,vertical,target-reference,0.4040444426246646,-2.476372003555298
COCO-2017-val,Molmo2-ER,coco_1760_468577,21,distance,target-reference,0.1078869721598642,-2.3421812057495117
COCO-2017-val,Molmo2-ER,coco_1760_468577,21,horizontal,target-reference,-0.1325751240211249,-2.91671621799469
COCO-2017-val,Molmo2-ER,coco_1760_468577,21,vertical,target-reference,0.1163386632703964,-5.729386925697327
COCO-2017-val,Molmo2-ER,coco_1761_381360,21,distance,target-reference,-0.1786094619609162,-5.415271461009979
COCO-2017-val,Molmo2-ER,coco_1761_381360,21,horizontal,target-reference,-0.031898603772096634,-0.5189159214496613
COCO-2017-val,Molmo2-ER,coco_1761_381360,21,vertical,target-reference,-0.6386549077408032,-8.767119884490967
COCO-2017-val,Molmo2-ER,coco_1762_367095,21,distance,target-reference,-0.26800681999191023,-8.184530019760132
COCO-2017-val,Molmo2-ER,coco_1762_367095,21,horizontal,target-reference,-0.34040295459244824,-7.683877468109132
COCO-2017-val,Molmo2-ER,coco_1762_367095,21,vertical,target-reference,-0.3137266741150699,-3.2452869415283203
COCO-2017-val,Molmo2-ER,coco_1763_233370,21,distance,target-reference,0.08146683275639749,-3.6805540025234222
COCO-2017-val,Molmo2-ER,coco_1763_233370,21,horizontal,target-reference,-0.16366281100938662,-0.1511908769607544
COCO-2017-val,Molmo2-ER,coco_1763_233370,21,vertical,target-reference,0.35248796401826243,2.266456365585327
COCO-2017-val,Molmo2-ER,coco_1764_2587,21,distance,target-reference,0.09037628148569343,-2.1795709133148193
COCO-2017-val,Molmo2-ER,coco_1764_2587,21,horizontal,target-reference,0.3050092698368162,6.001183748245239
COCO-2017-val,Molmo2-ER,coco_1764_2587,21,vertical,target-reference,-0.6109621725841633,-10.474003791809082
COCO-2017-val,Molmo2-ER,coco_1765_202445,21,distance,target-reference,-0.08369968821831421,-4.955477714538574
COCO-2017-val,Molmo2-ER,coco_1765_202445,21,horizontal,target-reference,-0.039164603071421,0.8033612966537476
COCO-2017-val,Molmo2-ER,coco_1765_202445,21,vertical,target-reference,-0.01643725308797772,-2.3805737495422363
COCO-2017-val,Molmo2-ER,coco_1766_349594,21,distance,target-reference,-0.3659228828877636,-2.2861160039901733
COCO-2017-val,Molmo2-ER,coco_1766_349594,21,horizontal,target-reference,-0.0366050752430715,-1.1093445420265198
COCO-2017-val,Molmo2-ER,coco_1766_349594,21,vertical,target-reference,-0.03457562084390098,-3.293218493461609
COCO-2017-val,Molmo2-ER,coco_1767_453040,21,distance,target-reference,0.5216177272251336,1.552505612373352
COCO-2017-val,Molmo2-ER,coco_1767_453040,21,horizontal,target-reference,-0.050082682826371495,0.5137768983840942
COCO-2017-val,Molmo2-ER,coco_1767_453040,21,vertical,target-reference,0.2863337717342955,-2.0202388763427734
COCO-2017-val,Molmo2-ER,coco_1768_136772,21,distance,target-reference,-0.010586836894770607,-1.7634048461914058
COCO-2017-val,Molmo2-ER,coco_1768_136772,21,horizontal,target-reference,0.16223695868840238,1.5691130757331848
COCO-2017-val,Molmo2-ER,coco_1768_136772,21,vertical,target-reference,0.23430154615764698,2.4361978173255916
COCO-2017-val,Molmo2-ER,coco_1769_8211,21,distance,target-reference,-0.10384379962652812,-1.542279064655304
COCO-2017-val,Molmo2-ER,coco_1769_8211,21,horizontal,target-reference,0.4114245395535911,2.9674132466316223
COCO-2017-val,Molmo2-ER,coco_1769_8211,21,vertical,target-reference,-0.14604817171107398,0.5952921509742737
COCO-2017-val,Molmo2-ER,coco_1770_551439,21,distance,target-reference,0.10966566136018968,-0.2031947374343872
COCO-2017-val,Molmo2-ER,coco_1770_551439,21,horizontal,target-reference,0.41467768548113776,-0.894854724407196
COCO-2017-val,Molmo2-ER,coco_1770_551439,21,vertical,target-reference,-0.1168642276162502,-6.266803979873657
COCO-2017-val,Molmo2-ER,coco_1771_261535,21,distance,target-reference,-0.056044649561948,-3.160147190093994
COCO-2017-val,Molmo2-ER,coco_1771_261535,21,horizontal,target-reference,0.3899310716533393,3.0773834586143494
COCO-2017-val,Molmo2-ER,coco_1771_261535,21,vertical,target-reference,0.3957446040171186,1.3672344088554382
COCO-2017-val,Molmo2-ER,coco_1772_441491,21,distance,target-reference,0.1641422497483119,1.9304635524749756
COCO-2017-val,Molmo2-ER,coco_1772_441491,21,horizontal,target-reference,-0.0639555997424181,-1.3691970109939575
COCO-2017-val,Molmo2-ER,coco_1772_441491,21,vertical,target-reference,-0.5865070689314371,-3.477930426597595
COCO-2017-val,Molmo2-ER,coco_1773_228214,21,distance,target-reference,-0.012126823983464818,-2.66370552778244
COCO-2017-val,Molmo2-ER,coco_1773_228214,21,horizontal,target-reference,-0.31300689658578396,-2.007782220840454
COCO-2017-val,Molmo2-ER,coco_1773_228214,21,vertical,target-reference,0.4511923138080838,10.271012783050537
COCO-2017-val,Molmo2-ER,coco_1774_541664,21,distance,target-reference,0.037036199120141895,8.165044784545898
COCO-2017-val,Molmo2-ER,coco_1774_541664,21,horizontal,target-reference,0.041788486438694594,-0.1412346363067627
COCO-2017-val,Molmo2-ER,coco_1774_541664,21,vertical,target-reference,0.2493107306399797,7.0047242641448975
COCO-2017-val,Molmo2-ER,coco_1775_109055,21,distance,target-reference,-0.0557280989758118,-1.142242610454559
COCO-2017-val,Molmo2-ER,coco_1775_109055,21,horizontal,target-reference,-0.2320463749609445,1.1748956441879281
COCO-2017-val,Molmo2-ER,coco_1775_109055,21,vertical,target-reference,-0.2824370422355247,-14.225997924804688
COCO-2017-val,Molmo2-ER,coco_1776_543043,21,distance,target-reference,0.1263156349947699,1.9789490699768062
COCO-2017-val,Molmo2-ER,coco_1776_543043,21,horizontal,target-reference,-0.21035207877731799,-10.545670747756956
COCO-2017-val,Molmo2-ER,coco_1776_543043,21,vertical,target-reference,0.3556727660127771,7.439587831497194
COCO-2017-val,Molmo2-ER,coco_1777_521509,21,distance,target-reference,-0.1374354204002352,-1.868127703666687
COCO-2017-val,Molmo2-ER,coco_1777_521509,21,horizontal,target-reference,-0.3697824360014773,-2.8911425471305847
COCO-2017-val,Molmo2-ER,coco_1777_521509,21,vertical,target-reference,-0.3561292862889645,-3.7258872985839844
COCO-2017-val,Molmo2-ER,coco_1778_164115,21,distance,target-reference,-0.2197297907737686,-6.797213792800903
COCO-2017-val,Molmo2-ER,coco_1778_164115,21,horizontal,target-reference,-0.32717115729807156,0.1411218643188477
COCO-2017-val,Molmo2-ER,coco_1778_164115,21,vertical,target-reference,-0.2451812846484228,-4.716039538383484
COCO-2017-val,Molmo2-ER,coco_1779_110784,21,distance,target-reference,-0.0537637056114324,-0.19773912429809615
COCO-2017-val,Molmo2-ER,coco_1779_110784,21,horizontal,target-reference,0.6136731624404566,1.6164605617523196
COCO-2017-val,Molmo2-ER,coco_1779_110784,21,vertical,target-reference,-0.0024236767064982,-3.745886743068695
COCO-2017-val,Molmo2-ER,coco_1780_43816,21,distance,target-reference,-0.11565710628246952,-0.400801420211792
COCO-2017-val,Molmo2-ER,coco_1780_43816,21,horizontal,target-reference,-0.38620503725304456,-8.614645719528198
COCO-2017-val,Molmo2-ER,coco_1780_43816,21,vertical,target-reference,-0.217981400085208,-5.955813050270081
COCO-2017-val,Molmo2-ER,coco_1781_436617,21,distance,target-reference,0.010008773179696498,0.05988597869873069
COCO-2017-val,Molmo2-ER,coco_1781_436617,21,horizontal,target-reference,-0.7067150417902348,-5.901336908340454
COCO-2017-val,Molmo2-ER,coco_1781_436617,21,vertical,target-reference,-0.11781446985108834,-0.49555742740631104
COCO-2017-val,Molmo2-ER,coco_1782_138550,21,distance,target-reference,0.5642997778608552,4.268567681312561
COCO-2017-val,Molmo2-ER,coco_1782_138550,21,horizontal,target-reference,0.2333089761262363,0.6028714179992676
COCO-2017-val,Molmo2-ER,coco_1782_138550,21,vertical,target-reference,0.6031332014084692,11.193328261375427
COCO-2017-val,Molmo2-ER,coco_1783_239537,21,distance,target-reference,0.15917667816596653,-4.248568594455719
COCO-2017-val,Molmo2-ER,coco_1783_239537,21,horizontal,target-reference,-0.3012246931923255,-3.476191222667694
COCO-2017-val,Molmo2-ER,coco_1783_239537,21,vertical,target-reference,0.3568722436402859,-0.4762582778930664
COCO-2017-val,Molmo2-ER,coco_1784_80671,21,distance,target-reference,-0.01603567316695409,-1.7792063355445866
COCO-2017-val,Molmo2-ER,coco_1784_80671,21,horizontal,target-reference,-0.0639608483429856,0.34694862365722645
COCO-2017-val,Molmo2-ER,coco_1784_80671,21,vertical,target-reference,-0.540461922939455,-11.148577690124512
COCO-2017-val,Molmo2-ER,coco_1785_293804,21,distance,target-reference,-0.527798564790193,-11.02074384689331
COCO-2017-val,Molmo2-ER,coco_1785_293804,21,horizontal,target-reference,-0.3789616774161664,-9.321898460388184
COCO-2017-val,Molmo2-ER,coco_1785_293804,21,vertical,target-reference,-0.2783766433792381,-11.057281374931334
COCO-2017-val,Molmo2-ER,coco_1786_481567,21,distance,target-reference,-0.23018537082964607,-4.788397923111916
COCO-2017-val,Molmo2-ER,coco_1786_481567,21,horizontal,target-reference,-0.050332255992259795,-2.304813027381897
COCO-2017-val,Molmo2-ER,coco_1786_481567,21,vertical,target-reference,-0.45482485395069805,-6.929576635360718
COCO-2017-val,Molmo2-ER,coco_1787_102331,21,distance,target-reference,-0.00892878205613759,-2.899863600730896
COCO-2017-val,Molmo2-ER,coco_1787_102331,21,horizontal,target-reference,-0.052411262668000495,-1.9687491655349731
COCO-2017-val,Molmo2-ER,coco_1787_102331,21,vertical,target-reference,-0.5215825818823028,-3.1920313835144043
COCO-2017-val,Molmo2-ER,coco_1788_88848,21,distance,target-reference,0.4611757350631874,0.5325698256492614
COCO-2017-val,Molmo2-ER,coco_1788_88848,21,horizontal,target-reference,0.5685890262826576,-2.8677978515625
COCO-2017-val,Molmo2-ER,coco_1788_88848,21,vertical,target-reference,0.127862756004826,1.1044323444366457
COCO-2017-val,Molmo2-ER,coco_1789_178469,21,distance,target-reference,0.039149338450325505,3.544896364212036
COCO-2017-val,Molmo2-ER,coco_1789_178469,21,horizontal,target-reference,0.036527611250242696,-5.426189661026001
COCO-2017-val,Molmo2-ER,coco_1789_178469,21,vertical,target-reference,0.29985245040089686,7.220612525939941
COCO-2017-val,Molmo2-ER,coco_1790_297578,21,distance,target-reference,-0.1251652287482727,-1.558362245559692
COCO-2017-val,Molmo2-ER,coco_1790_297578,21,horizontal,target-reference,-0.06893994359924799,-6.258130073547363
COCO-2017-val,Molmo2-ER,coco_1790_297578,21,vertical,target-reference,-0.6843900585621651,-7.656192243099213
COCO-2017-val,Molmo2-ER,coco_1791_564280,21,distance,target-reference,-0.0800831486356253,1.8909647464752197
COCO-2017-val,Molmo2-ER,coco_1791_564280,21,horizontal,target-reference,0.052959000730959806,-2.9313302040100098
COCO-2017-val,Molmo2-ER,coco_1791_564280,21,vertical,target-reference,-0.18753905098992069,-0.4034607410430908
COCO-2017-val,Molmo2-ER,coco_1792_343466,21,distance,target-reference,-0.06106983204124666,-9.038685321807861
COCO-2017-val,Molmo2-ER,coco_1792_343466,21,horizontal,target-reference,-0.4404758033353329,-11.942806243896484
COCO-2017-val,Molmo2-ER,coco_1792_343466,21,vertical,target-reference,-0.03378861098193031,-7.937011122703552
COCO-2017-val,Molmo2-ER,coco_1793_450202,21,distance,target-reference,0.060824915810946005,1.7695629000663757
COCO-2017-val,Molmo2-ER,coco_1793_450202,21,horizontal,target-reference,-0.018020970558926694,-0.2232327461242676
COCO-2017-val,Molmo2-ER,coco_1793_450202,21,vertical,target-reference,0.18765611781950162,-0.6686427593231192
COCO-2017-val,Molmo2-ER,coco_1794_58350,21,distance,target-reference,-0.5637242361128167,-5.890257120132446
COCO-2017-val,Molmo2-ER,coco_1794_58350,21,horizontal,target-reference,-0.6195319389100583,-3.386069655418396
COCO-2017-val,Molmo2-ER,coco_1794_58350,21,vertical,target-reference,-0.15080783002848627,-4.11362886428833
COCO-2017-val,Molmo2-ER,coco_1795_21465,21,distance,target-reference,-0.6633922024741471,-2.8096476793289185
COCO-2017-val,Molmo2-ER,coco_1795_21465,21,horizontal,target-reference,0.3056840820337666,1.7722079157829285
COCO-2017-val,Molmo2-ER,coco_1795_21465,21,vertical,target-reference,-0.24898933966490966,-1.1767024993896484
COCO-2017-val,Molmo2-ER,coco_1796_94336,21,distance,target-reference,0.057188671648377695,-0.802794218063354
COCO-2017-val,Molmo2-ER,coco_1796_94336,21,horizontal,target-reference,-0.0480482849049299,-3.408848077058792
COCO-2017-val,Molmo2-ER,coco_1796_94336,21,vertical,target-reference,-0.2649695855974159,-4.272542774677277
COCO-2017-val,Molmo2-ER,coco_1797_44068,21,distance,target-reference,-0.0224301372854156,-4.609174847602844
COCO-2017-val,Molmo2-ER,coco_1797_44068,21,horizontal,target-reference,0.3763863939820561,2.8604095578193665
COCO-2017-val,Molmo2-ER,coco_1797_44068,21,vertical,target-reference,-0.09489823586390231,-4.324281454086304
COCO-2017-val,Molmo2-ER,coco_1798_39769,21,distance,target-reference,0.013782024974312398,1.5499097704887392
COCO-2017-val,Molmo2-ER,coco_1798_39769,21,horizontal,target-reference,-0.0269347946641172,-2.558976739645004
COCO-2017-val,Molmo2-ER,coco_1798_39769,21,vertical,target-reference,-0.0928283098908939,1.6689269542694092
COCO-2017-val,Molmo2-ER,coco_1799_451084,21,distance,target-reference,-0.06979931538009632,-2.5154632925987244
COCO-2017-val,Molmo2-ER,coco_1799_451084,21,horizontal,target-reference,0.0925425590299589,-2.0128036737442017
COCO-2017-val,Molmo2-ER,coco_1799_451084,21,vertical,target-reference,-0.4060116220694582,-6.044500827789307
COCO-2017-val,Molmo2-ER,coco_1800_54164,21,distance,target-reference,-0.10480781091427327,-3.8308287858963013
COCO-2017-val,Molmo2-ER,coco_1800_54164,21,horizontal,target-reference,0.15525972238385738,0.4568211436271668
COCO-2017-val,Molmo2-ER,coco_1800_54164,21,vertical,target-reference,-0.5188423927649828,-8.956601619720459
COCO-2017-val,Molmo2-ER,coco_1801_170278,21,distance,target-reference,0.057390036241335304,-1.0866557359695435
COCO-2017-val,Molmo2-ER,coco_1801_170278,21,horizontal,target-reference,0.2211896510809426,-0.7994800209999083
COCO-2017-val,Molmo2-ER,coco_1801_170278,21,vertical,target-reference,-0.015979561666541853,-1.095788836479187
COCO-2017-val,Molmo2-ER,coco_1802_124442,21,distance,target-reference,-0.06397459287440799,-5.860818266868591
COCO-2017-val,Molmo2-ER,coco_1802_124442,21,horizontal,target-reference,-0.47642180636792875,-3.565746307373047
COCO-2017-val,Molmo2-ER,coco_1802_124442,21,vertical,target-reference,-0.136348529436442,-4.6719489097595215
COCO-2017-val,Molmo2-ER,coco_1803_572678,21,distance,target-reference,0.2766155892519513,5.629123032093048
COCO-2017-val,Molmo2-ER,coco_1803_572678,21,horizontal,target-reference,-0.07690175938865518,-9.21295577287674
COCO-2017-val,Molmo2-ER,coco_1803_572678,21,vertical,target-reference,0.4875130887785536,4.509413003921509
COCO-2017-val,Molmo2-ER,coco_1804_471869,21,distance,target-reference,0.3654468713248245,2.682589292526245
COCO-2017-val,Molmo2-ER,coco_1804_471869,21,horizontal,target-reference,-0.1099015973565158,-0.9302240610122681
COCO-2017-val,Molmo2-ER,coco_1804_471869,21,vertical,target-reference,0.026782212543926702,-2.8207582235336304
COCO-2017-val,Molmo2-ER,coco_1805_21604,21,distance,target-reference,0.1175598391893688,-1.4720512628555293
COCO-2017-val,Molmo2-ER,coco_1805_21604,21,horizontal,target-reference,0.0589202814123717,0.7608110904693604
COCO-2017-val,Molmo2-ER,coco_1805_21604,21,vertical,target-reference,0.155306079085024,2.8881337642669678
COCO-2017-val,Molmo2-ER,coco_1806_535306,21,distance,target-reference,-0.046339597399308013,-2.6926455497741704
COCO-2017-val,Molmo2-ER,coco_1806_535306,21,horizontal,target-reference,-0.2315897482839271,-2.3152459859848022
COCO-2017-val,Molmo2-ER,coco_1806_535306,21,vertical,target-reference,-0.6171406085162706,-7.548821449279785
COCO-2017-val,Molmo2-ER,coco_1807_261097,21,distance,target-reference,-0.1745883975552217,0.33085906505584717
COCO-2017-val,Molmo2-ER,coco_1807_261097,21,horizontal,target-reference,-0.2593312088556866,-1.9272662997245789
COCO-2017-val,Molmo2-ER,coco_1807_261097,21,vertical,target-reference,-0.4072113989787769,0.1237286925315857
COCO-2017-val,Molmo2-ER,coco_1808_343803,21,distance,target-reference,-0.6358643996484289,-6.700995922088623
COCO-2017-val,Molmo2-ER,coco_1808_343803,21,horizontal,target-reference,0.26808254248718766,1.6312716603279114
COCO-2017-val,Molmo2-ER,coco_1808_343803,21,vertical,target-reference,-0.1508547638254034,-0.06605684757232666
COCO-2017-val,Molmo2-ER,coco_1809_409198,21,distance,target-reference,-0.035798748501936734,-0.20982563495635986
COCO-2017-val,Molmo2-ER,coco_1809_409198,21,horizontal,target-reference,0.2622334933240632,0.9283996224403381
COCO-2017-val,Molmo2-ER,coco_1809_409198,21,vertical,target-reference,0.0440824804716152,-0.5619932413101196
COCO-2017-val,Molmo2-ER,coco_1810_448256,21,distance,target-reference,-0.55736104172252,-12.35261332988739
COCO-2017-val,Molmo2-ER,coco_1810_448256,21,horizontal,target-reference,-0.4955743793375028,-1.584243893623352
COCO-2017-val,Molmo2-ER,coco_1810_448256,21,vertical,target-reference,-0.3652416651251042,-5.576683521270752
COCO-2017-val,Molmo2-ER,coco_1811_311180,21,distance,target-reference,-0.11469155254731539,-0.8502559661865234
COCO-2017-val,Molmo2-ER,coco_1811_311180,21,horizontal,target-reference,0.44521292769763954,1.4364975094795227
COCO-2017-val,Molmo2-ER,coco_1811_311180,21,vertical,target-reference,-0.08346722806356052,0.38808679580688465
COCO-2017-val,Molmo2-ER,coco_1812_18150,21,distance,target-reference,0.10305190869923242,-1.664469838142395
COCO-2017-val,Molmo2-ER,coco_1812_18150,21,horizontal,target-reference,0.1844720275247484,-0.8023399114608762
COCO-2017-val,Molmo2-ER,coco_1812_18150,21,vertical,target-reference,0.5385201331401418,-1.33968847990036
COCO-2017-val,Molmo2-ER,coco_1813_47801,21,distance,target-reference,0.1591789625642404,1.5850906372070312
COCO-2017-val,Molmo2-ER,coco_1813_47801,21,horizontal,target-reference,0.0839429854202685,0.8532113432884216
COCO-2017-val,Molmo2-ER,coco_1813_47801,21,vertical,target-reference,0.4690182349883918,7.262284517288208
COCO-2017-val,Molmo2-ER,coco_1814_193674,21,distance,target-reference,0.023872517178191298,-1.3912526369094849
COCO-2017-val,Molmo2-ER,coco_1814_193674,21,horizontal,target-reference,0.3898228170913791,-0.8156616687774656
COCO-2017-val,Molmo2-ER,coco_1814_193674,21,vertical,target-reference,-0.3109135454679306,-4.98866868019104
COCO-2017-val,Molmo2-ER,coco_1815_154705,21,distance,target-reference,0.1793017905204544,3.809558093547821
COCO-2017-val,Molmo2-ER,coco_1815_154705,21,horizontal,target-reference,0.3832725298186982,8.292340755462646
COCO-2017-val,Molmo2-ER,coco_1815_154705,21,vertical,target-reference,-0.0108355531747766,-1.9406613111495972
COCO-2017-val,Molmo2-ER,coco_1816_230983,21,distance,target-reference,0.047277585592184104,-2.171314537525177
COCO-2017-val,Molmo2-ER,coco_1816_230983,21,horizontal,target-reference,-0.1706658553889078,-3.416104316711426
COCO-2017-val,Molmo2-ER,coco_1816_230983,21,vertical,target-reference,0.363164045091634,7.712295055389404
COCO-2017-val,Molmo2-ER,coco_1817_293390,21,distance,target-reference,-0.10340640970978218,-6.337893486022951
COCO-2017-val,Molmo2-ER,coco_1817_293390,21,horizontal,target-reference,0.36676431814336485,3.2080125212669373
COCO-2017-val,Molmo2-ER,coco_1817_293390,21,vertical,target-reference,-0.21301124140931538,-4.153660893440247
COCO-2017-val,Molmo2-ER,coco_1818_467315,21,distance,target-reference,0.4771097932471058,6.446897983551025
COCO-2017-val,Molmo2-ER,coco_1818_467315,21,horizontal,target-reference,0.10779255427387752,0.3607285469770432
COCO-2017-val,Molmo2-ER,coco_1818_467315,21,vertical,target-reference,0.39818829681331136,7.105194807052612
COCO-2017-val,Molmo2-ER,coco_1819_71877,21,distance,target-reference,0.08501501282224448,-0.1617487668991091
COCO-2017-val,Molmo2-ER,coco_1819_71877,21,horizontal,target-reference,0.40470400224013,1.6542964577674868
COCO-2017-val,Molmo2-ER,coco_1819_71877,21,vertical,target-reference,0.3722061372010118,6.851771116256714
COCO-2017-val,Molmo2-ER,coco_1820_227482,21,distance,target-reference,-0.33146646035490884,-2.5297494530677795
COCO-2017-val,Molmo2-ER,coco_1820_227482,21,horizontal,target-reference,0.12802593755893316,-0.45380210876464844
COCO-2017-val,Molmo2-ER,coco_1820_227482,21,vertical,target-reference,-0.3684964199099199,-2.932111382484436
COCO-2017-val,Molmo2-ER,coco_1821_296224,21,distance,target-reference,-0.05335328834187872,2.8498007357120514
COCO-2017-val,Molmo2-ER,coco_1821_296224,21,horizontal,target-reference,-0.1347242347554534,-0.09652411937713623
COCO-2017-val,Molmo2-ER,coco_1821_296224,21,vertical,target-reference,0.0843233152039809,-1.1547790169715881
COCO-2017-val,Molmo2-ER,coco_1822_97022,21,distance,target-reference,0.2977862395945354,2.5125043839216232
COCO-2017-val,Molmo2-ER,coco_1822_97022,21,horizontal,target-reference,0.4017588543746655,3.17972731590271
COCO-2017-val,Molmo2-ER,coco_1822_97022,21,vertical,target-reference,-0.0397523196531837,-1.7153165936470032
COCO-2017-val,Molmo2-ER,coco_1823_151051,21,distance,target-reference,0.13313150376122068,-1.4251903891563416
COCO-2017-val,Molmo2-ER,coco_1823_151051,21,horizontal,target-reference,0.08418931141729458,-0.44517695903778076
COCO-2017-val,Molmo2-ER,coco_1823_151051,21,vertical,target-reference,0.4520029414401419,6.653393268585205
COCO-2017-val,Molmo2-ER,coco_1824_181303,21,distance,target-reference,-0.04027194245474561,-4.403448104858398
COCO-2017-val,Molmo2-ER,coco_1824_181303,21,horizontal,target-reference,0.0181667450952058,3.981055498123169
COCO-2017-val,Molmo2-ER,coco_1824_181303,21,vertical,target-reference,-0.631182267272557,-6.4160197377204895
COCO-2017-val,Molmo2-ER,coco_1825_139,21,distance,target-reference,0.10885653499821007,3.502421021461487
COCO-2017-val,Molmo2-ER,coco_1825_139,21,horizontal,target-reference,-0.38743535309291643,-10.206963062286377
COCO-2017-val,Molmo2-ER,coco_1825_139,21,vertical,target-reference,0.1513733630711165,6.549888491630554
COCO-2017-val,Molmo2-ER,coco_1826_308466,21,distance,target-reference,-0.2286347729358963,-7.392505407333374
COCO-2017-val,Molmo2-ER,coco_1826_308466,21,horizontal,target-reference,0.28869747021126463,5.972977876663208
COCO-2017-val,Molmo2-ER,coco_1826_308466,21,vertical,target-reference,-0.1431304488713223,-1.4611284732818595
COCO-2017-val,Molmo2-ER,coco_1827_317999,21,distance,target-reference,-0.37359254040257683,-1.0211479663848877
COCO-2017-val,Molmo2-ER,coco_1827_317999,21,horizontal,target-reference,-0.2106727411857768,-2.2875760793685918
COCO-2017-val,Molmo2-ER,coco_1827_317999,21,vertical,target-reference,-0.4989277699249035,-6.088475227355957
COCO-2017-val,Molmo2-ER,coco_1828_525155,21,distance,target-reference,-0.03555174781663978,-3.1053963899612427
COCO-2017-val,Molmo2-ER,coco_1828_525155,21,horizontal,target-reference,-0.0010347136765325171,-3.02817702293396
COCO-2017-val,Molmo2-ER,coco_1828_525155,21,vertical,target-reference,0.4718278390828386,3.0482261180877686
COCO-2017-val,Molmo2-ER,coco_1829_171788,21,distance,target-reference,-0.09282285650326039,-2.6779460310935974
COCO-2017-val,Molmo2-ER,coco_1829_171788,21,horizontal,target-reference,-0.4648565991369906,-3.6166871786117554
COCO-2017-val,Molmo2-ER,coco_1829_171788,21,vertical,target-reference,-0.3894925328193119,-3.633870005607605
COCO-2017-val,Molmo2-ER,coco_1830_530099,21,distance,target-reference,0.4189963463132059,0.01709890365600586
COCO-2017-val,Molmo2-ER,coco_1830_530099,21,horizontal,target-reference,0.23361480716727462,-1.1865897178649902
COCO-2017-val,Molmo2-ER,coco_1830_530099,21,vertical,target-reference,0.44843387751044156,8.367589950561523
COCO-2017-val,Molmo2-ER,coco_1831_540466,21,distance,target-reference,0.06154380724952789,0.3127254247665405
COCO-2017-val,Molmo2-ER,coco_1831_540466,21,horizontal,target-reference,-0.046871501894193424,-1.4260913133621216
COCO-2017-val,Molmo2-ER,coco_1831_540466,21,vertical,target-reference,-0.5690834242105307,-5.904557824134827
COCO-2017-val,Molmo2-ER,coco_1832_179112,21,distance,target-reference,0.2529908991911375,-0.866687774658204
COCO-2017-val,Molmo2-ER,coco_1832_179112,21,horizontal,target-reference,0.21288630034976988,0.19441339373588562
COCO-2017-val,Molmo2-ER,coco_1832_179112,21,vertical,target-reference,-0.2426734142153637,-1.4949339628219604
COCO-2017-val,Molmo2-ER,coco_1833_210099,21,distance,target-reference,-0.0752907932897581,0.9831826686859126
COCO-2017-val,Molmo2-ER,coco_1833_210099,21,horizontal,target-reference,0.19764671309665188,1.7471116781234741
COCO-2017-val,Molmo2-ER,coco_1833_210099,21,vertical,target-reference,0.0454236962141494,2.3828030824661255
COCO-2017-val,Molmo2-ER,coco_1834_261888,21,distance,target-reference,-0.075060239855437,0.9791474342346196
COCO-2017-val,Molmo2-ER,coco_1834_261888,21,horizontal,target-reference,-0.06559006948424662,-3.9648093581199646
COCO-2017-val,Molmo2-ER,coco_1834_261888,21,vertical,target-reference,0.5356358189983003,5.343369245529175
COCO-2017-val,Molmo2-ER,coco_1835_257896,21,distance,target-reference,-0.07717484286413862,-3.229452610015869
COCO-2017-val,Molmo2-ER,coco_1835_257896,21,horizontal,target-reference,-0.2797902329514741,-3.2281490564346313
COCO-2017-val,Molmo2-ER,coco_1835_257896,21,vertical,target-reference,-0.07745471006234819,3.138270139694214
COCO-2017-val,Molmo2-ER,coco_1836_430048,21,distance,target-reference,-0.021725575652449397,2.7477405667304993
COCO-2017-val,Molmo2-ER,coco_1836_430048,21,horizontal,target-reference,0.0130041518754418,5.061478614807129
COCO-2017-val,Molmo2-ER,coco_1836_430048,21,vertical,target-reference,-0.5432104853797861,-10.354574203491211
COCO-2017-val,Molmo2-ER,coco_1837_244496,21,distance,target-reference,0.04330497693319302,0.7525174617767334
COCO-2017-val,Molmo2-ER,coco_1837_244496,21,horizontal,target-reference,-0.0181983220329765,-0.5300290584564209
COCO-2017-val,Molmo2-ER,coco_1837_244496,21,vertical,target-reference,0.053425464185616,1.9291150569915771
COCO-2017-val,Molmo2-ER,coco_1838_532690,21,distance,target-reference,-0.2983207985074335,-7.661263704299927
COCO-2017-val,Molmo2-ER,coco_1838_532690,21,horizontal,target-reference,-0.04691423693909358,-2.491300106048585
COCO-2017-val,Molmo2-ER,coco_1838_532690,21,vertical,target-reference,-0.30082285555972305,-1.8753907680511475
COCO-2017-val,Molmo2-ER,coco_1839_187513,21,distance,target-reference,-0.48692082907717205,-11.546157836914062
COCO-2017-val,Molmo2-ER,coco_1839_187513,21,horizontal,target-reference,0.5836060332129107,7.722601532936096
COCO-2017-val,Molmo2-ER,coco_1839_187513,21,vertical,target-reference,0.17844357051786575,3.9206162691116333
COCO-2017-val,Molmo2-ER,coco_1840_551215,21,distance,target-reference,-0.015152332187676198,-5.044574975967406
COCO-2017-val,Molmo2-ER,coco_1840_551215,21,horizontal,target-reference,-0.202924341213606,-2.778812527656555
COCO-2017-val,Molmo2-ER,coco_1840_551215,21,vertical,target-reference,-0.23599951793365367,-3.2632288336753845
COCO-2017-val,Molmo2-ER,coco_1841_118515,21,distance,target-reference,0.06582617162880709,-1.9714057445526123
COCO-2017-val,Molmo2-ER,coco_1841_118515,21,horizontal,target-reference,0.2535965276286865,0.4902458190917969
COCO-2017-val,Molmo2-ER,coco_1841_118515,21,vertical,target-reference,0.4393580892264357,4.5716957449913025
COCO-2017-val,Molmo2-ER,coco_1842_400044,21,distance,target-reference,-0.08723097921522008,0.8781824111938477
COCO-2017-val,Molmo2-ER,coco_1842_400044,21,horizontal,target-reference,0.33257162984107025,1.297478437423706
COCO-2017-val,Molmo2-ER,coco_1842_400044,21,vertical,target-reference,0.30648107508982,6.78429651260376
COCO-2017-val,Molmo2-ER,coco_1843_9590,21,distance,target-reference,-0.3369017045306834,-8.129315257072449
COCO-2017-val,Molmo2-ER,coco_1843_9590,21,horizontal,target-reference,-0.03322810522136449,0.8331283330917358
COCO-2017-val,Molmo2-ER,coco_1843_9590,21,vertical,target-reference,-0.3412245298752617,-2.65102219581604
COCO-2017-val,Molmo2-ER,coco_1844_401250,21,distance,target-reference,0.3032282418164915,-2.132317543029785
COCO-2017-val,Molmo2-ER,coco_1844_401250,21,horizontal,target-reference,-0.1524349187167949,-1.2461090087890625
COCO-2017-val,Molmo2-ER,coco_1844_401250,21,vertical,target-reference,0.6125008277252155,-1.8392004966735835
COCO-2017-val,Molmo2-ER,coco_1845_548339,21,distance,target-reference,0.3273108353415567,-0.4214432239532466
COCO-2017-val,Molmo2-ER,coco_1845_548339,21,horizontal,target-reference,0.4390779563130416,0.16823506355285645
COCO-2017-val,Molmo2-ER,coco_1845_548339,21,vertical,target-reference,-0.03756379204960242,-2.23679655790329
COCO-2017-val,Molmo2-ER,coco_1846_250619,21,distance,target-reference,-0.08759418552487849,-1.7456747591495507
COCO-2017-val,Molmo2-ER,coco_1846_250619,21,horizontal,target-reference,0.053059505137592805,-2.9483304023742676
COCO-2017-val,Molmo2-ER,coco_1846_250619,21,vertical,target-reference,0.6726216638574285,11.437453210353851
COCO-2017-val,Molmo2-ER,coco_1847_471756,21,distance,target-reference,-0.12298941370052871,-5.237330198287964
COCO-2017-val,Molmo2-ER,coco_1847_471756,21,horizontal,target-reference,0.1100281558850344,-1.2325921058654787
COCO-2017-val,Molmo2-ER,coco_1847_471756,21,vertical,target-reference,-0.2810720385701715,-5.716336250305176
COCO-2017-val,Molmo2-ER,coco_1848_523175,21,distance,target-reference,-0.46022650723698977,-3.6825774908065796
COCO-2017-val,Molmo2-ER,coco_1848_523175,21,horizontal,target-reference,0.2529405581373862,-0.0934379696846008
COCO-2017-val,Molmo2-ER,coco_1848_523175,21,vertical,target-reference,-0.33092844499060986,-0.6106925010681152
COCO-2017-val,Molmo2-ER,coco_1849_574520,21,distance,target-reference,-0.05774587065400752,-4.795077562332153
COCO-2017-val,Molmo2-ER,coco_1849_574520,21,horizontal,target-reference,0.20235659766248387,1.3215085268020632
COCO-2017-val,Molmo2-ER,coco_1849_574520,21,vertical,target-reference,-0.345623081673438,-7.8212316036224365
COCO-2017-val,Molmo2-ER,coco_1850_442463,21,distance,target-reference,0.06434187608575699,-0.7487696409225464
COCO-2017-val,Molmo2-ER,coco_1850_442463,21,horizontal,target-reference,-0.08435177179556799,-1.5304742455482483
COCO-2017-val,Molmo2-ER,coco_1850_442463,21,vertical,target-reference,0.3705938636973783,8.857697010040283
COCO-2017-val,Molmo2-ER,coco_1851_278973,21,distance,target-reference,0.047206025037294,2.4346652030944824
COCO-2017-val,Molmo2-ER,coco_1851_278973,21,horizontal,target-reference,0.05344159726939551,-1.4240474700927737
COCO-2017-val,Molmo2-ER,coco_1851_278973,21,vertical,target-reference,0.40677663948677373,7.581635475158691
COCO-2017-val,Molmo2-ER,coco_1852_563349,21,distance,target-reference,0.074698368764162,1.875434160232544
COCO-2017-val,Molmo2-ER,coco_1852_563349,21,horizontal,target-reference,0.47643509993673755,2.938922882080077
COCO-2017-val,Molmo2-ER,coco_1852_563349,21,vertical,target-reference,0.132115171546064,9.403789281845093
COCO-2017-val,Molmo2-ER,coco_1853_132703,21,distance,target-reference,0.1265718783082366,0.49156439304351807
COCO-2017-val,Molmo2-ER,coco_1853_132703,21,horizontal,target-reference,-0.19707556976541468,-1.6975694298744202
COCO-2017-val,Molmo2-ER,coco_1853_132703,21,vertical,target-reference,0.240233016891447,7.4723076820373535
COCO-2017-val,Molmo2-ER,coco_1854_222317,21,distance,target-reference,0.11862619685134079,-0.2811988592147827
COCO-2017-val,Molmo2-ER,coco_1854_222317,21,horizontal,target-reference,0.0848554671423952,0.06868651509284979
COCO-2017-val,Molmo2-ER,coco_1854_222317,21,vertical,target-reference,0.2513325597777212,1.8283111453056335
COCO-2017-val,Molmo2-ER,coco_1855_253433,21,distance,target-reference,0.08386443450968609,2.7686044573783875
COCO-2017-val,Molmo2-ER,coco_1855_253433,21,horizontal,target-reference,0.004588307828245801,-0.7103666365146637
COCO-2017-val,Molmo2-ER,coco_1855_253433,21,vertical,target-reference,0.0741337303854305,-3.1089845001697536
COCO-2017-val,Molmo2-ER,coco_1856_332570,21,distance,target-reference,-0.003707186092077791,1.453615665435791
COCO-2017-val,Molmo2-ER,coco_1856_332570,21,horizontal,target-reference,0.5385700797615092,-0.777541160583496
COCO-2017-val,Molmo2-ER,coco_1856_332570,21,vertical,target-reference,-0.2343750553694127,-3.0758458375930786
COCO-2017-val,Molmo2-ER,coco_1857_138241,21,distance,target-reference,-0.1749293476223727,-4.2171595096588135
COCO-2017-val,Molmo2-ER,coco_1857_138241,21,horizontal,target-reference,0.07173832714052321,-1.1282436549663544
COCO-2017-val,Molmo2-ER,coco_1857_138241,21,vertical,target-reference,-0.0054694110704237,-3.1882479190826416
COCO-2017-val,Molmo2-ER,coco_1858_211042,21,distance,target-reference,0.24634443243795578,1.174662590026856
COCO-2017-val,Molmo2-ER,coco_1858_211042,21,horizontal,target-reference,-0.3363923675537249,-2.5692672729492188
COCO-2017-val,Molmo2-ER,coco_1858_211042,21,vertical,target-reference,0.2554895348870715,4.6522908210754395
COCO-2017-val,Molmo2-ER,coco_1859_55167,21,distance,target-reference,-0.1648088121689482,-5.431213736534119
COCO-2017-val,Molmo2-ER,coco_1859_55167,21,horizontal,target-reference,-0.3062924167559253,-7.748975098133087
COCO-2017-val,Molmo2-ER,coco_1859_55167,21,vertical,target-reference,0.07994553928260759,-3.325924277305602
COCO-2017-val,Molmo2-ER,coco_1860_395575,21,distance,target-reference,-0.027792278385734892,2.036119222640991
COCO-2017-val,Molmo2-ER,coco_1860_395575,21,horizontal,target-reference,0.4014296249089584,5.142859935760498
COCO-2017-val,Molmo2-ER,coco_1860_395575,21,vertical,target-reference,0.02165817709133719,-2.5358262062072754
COCO-2017-val,Molmo2-ER,coco_1861_199442,21,distance,target-reference,-0.06362745151242041,-4.852661162614822
COCO-2017-val,Molmo2-ER,coco_1861_199442,21,horizontal,target-reference,0.1717529822577768,2.167713463306427
COCO-2017-val,Molmo2-ER,coco_1861_199442,21,vertical,target-reference,-0.34122116259638946,-5.654785394668579
COCO-2017-val,Molmo2-ER,coco_1862_222118,21,distance,target-reference,-0.32612717757180276,-5.188224196434021
COCO-2017-val,Molmo2-ER,coco_1862_222118,21,horizontal,target-reference,-0.0150423676650083,-0.8937180936336517
COCO-2017-val,Molmo2-ER,coco_1862_222118,21,vertical,target-reference,-0.3739942684305564,-10.668805360794067
COCO-2017-val,Molmo2-ER,coco_1863_491464,21,distance,target-reference,0.24377069768754578,-1.7601910829544067
COCO-2017-val,Molmo2-ER,coco_1863_491464,21,horizontal,target-reference,0.1163164989026464,-0.9852155447006226
COCO-2017-val,Molmo2-ER,coco_1863_491464,21,vertical,target-reference,0.6807373480506937,4.5340025424957275
COCO-2017-val,Molmo2-ER,coco_1864_485130,21,distance,target-reference,0.5841508503308458,0.13045918941497803
COCO-2017-val,Molmo2-ER,coco_1864_485130,21,horizontal,target-reference,0.36734901754328647,2.45843243598938
COCO-2017-val,Molmo2-ER,coco_1864_485130,21,vertical,target-reference,0.6190408237425178,0.7454934120178222
COCO-2017-val,Molmo2-ER,coco_1865_119365,21,distance,target-reference,-0.03237018593448143,-3.599159002304077
COCO-2017-val,Molmo2-ER,coco_1865_119365,21,horizontal,target-reference,-0.43948680810433527,-9.773866176605225
COCO-2017-val,Molmo2-ER,coco_1865_119365,21,vertical,target-reference,0.1000733092767738,5.401966094970703
COCO-2017-val,Molmo2-ER,coco_1866_119911,21,distance,target-reference,0.05129813786940188,-1.3668465614318848
COCO-2017-val,Molmo2-ER,coco_1866_119911,21,horizontal,target-reference,-0.0030272746192368007,0.6275911331176753
COCO-2017-val,Molmo2-ER,coco_1866_119911,21,vertical,target-reference,0.5964531334873477,8.193028450012207
COCO-2017-val,Molmo2-ER,coco_1867_129812,21,distance,target-reference,0.5071725465445089,-4.051576793193817
COCO-2017-val,Molmo2-ER,coco_1867_129812,21,horizontal,target-reference,0.2147235650168043,0.9390994608402252
COCO-2017-val,Molmo2-ER,coco_1867_129812,21,vertical,target-reference,-0.5610607833399708,-7.735313415527344
COCO-2017-val,Molmo2-ER,coco_1868_10764,21,distance,target-reference,0.1196899211408905,-1.709307074546814
COCO-2017-val,Molmo2-ER,coco_1868_10764,21,horizontal,target-reference,-0.37113303449092283,-5.001445651054382
COCO-2017-val,Molmo2-ER,coco_1868_10764,21,vertical,target-reference,0.0336905951885296,-2.55653977394104
COCO-2017-val,Molmo2-ER,coco_1869_358923,21,distance,target-reference,-0.08208050230809891,1.5256492495536804
COCO-2017-val,Molmo2-ER,coco_1869_358923,21,horizontal,target-reference,0.1440057916701687,-5.554260969161987
COCO-2017-val,Molmo2-ER,coco_1869_358923,21,vertical,target-reference,0.3578478252515692,10.870864272117615
COCO-2017-val,Molmo2-ER,coco_1870_484415,21,distance,target-reference,-0.30901543550869526,-5.321439504623414
COCO-2017-val,Molmo2-ER,coco_1870_484415,21,horizontal,target-reference,0.3106300122697149,2.585589498281479
COCO-2017-val,Molmo2-ER,coco_1870_484415,21,vertical,target-reference,-0.056015738304452105,1.984344720840454
COCO-2017-val,Molmo2-ER,coco_1871_452891,21,distance,target-reference,-0.039244438392602,-3.3190838098526
COCO-2017-val,Molmo2-ER,coco_1871_452891,21,horizontal,target-reference,-0.0211217719947659,1.2968833297491074
COCO-2017-val,Molmo2-ER,coco_1871_452891,21,vertical,target-reference,0.10677368614224159,-1.6671173572540285
COCO-2017-val,Molmo2-ER,coco_1872_281929,21,distance,target-reference,-0.031615869584180306,-2.996113121509552
COCO-2017-val,Molmo2-ER,coco_1872_281929,21,horizontal,target-reference,0.05097957753906231,-1.5661673545837402
COCO-2017-val,Molmo2-ER,coco_1872_281929,21,vertical,target-reference,-0.3672765268288487,-8.50057077407837
COCO-2017-val,Molmo2-ER,coco_1873_551804,21,distance,target-reference,-0.11859749372990491,-1.7438844442367554
COCO-2017-val,Molmo2-ER,coco_1873_551804,21,horizontal,target-reference,-0.1298828197197725,-5.686724424362183
COCO-2017-val,Molmo2-ER,coco_1873_551804,21,vertical,target-reference,0.47800907196627923,3.1154110431671143
COCO-2017-val,Molmo2-ER,coco_1874_161032,21,distance,target-reference,0.04335704348464031,-2.67330002784729
COCO-2017-val,Molmo2-ER,coco_1874_161032,21,horizontal,target-reference,-0.1630031996526189,-2.3062311410903935
COCO-2017-val,Molmo2-ER,coco_1874_161032,21,vertical,target-reference,-0.4002549905545333,-6.0463146567344666
COCO-2017-val,Molmo2-ER,coco_1875_387383,21,distance,target-reference,-0.13773001466785162,-3.304538965225219
COCO-2017-val,Molmo2-ER,coco_1875_387383,21,horizontal,target-reference,-0.5478844891013537,-2.241182327270508
COCO-2017-val,Molmo2-ER,coco_1875_387383,21,vertical,target-reference,-0.051738141272164084,-2.342511773109436
COCO-2017-val,Molmo2-ER,coco_1876_205401,21,distance,target-reference,-0.0078380942222128,-1.672849178314209
COCO-2017-val,Molmo2-ER,coco_1876_205401,21,horizontal,target-reference,0.42400904323448707,2.8698155879974365
COCO-2017-val,Molmo2-ER,coco_1876_205401,21,vertical,target-reference,0.1080989488097081,11.520335674285889
COCO-2017-val,Molmo2-ER,coco_1877_277584,21,distance,target-reference,0.0239527411472511,-0.020804405212402455
COCO-2017-val,Molmo2-ER,coco_1877_277584,21,horizontal,target-reference,-0.0141237309683077,-0.7571901381015778
COCO-2017-val,Molmo2-ER,coco_1877_277584,21,vertical,target-reference,-0.07308646240209861,-2.8744530379772186
COCO-2017-val,Molmo2-ER,coco_1878_378116,21,distance,target-reference,-0.0686203771583806,-4.44998836517334
COCO-2017-val,Molmo2-ER,coco_1878_378116,21,horizontal,target-reference,-0.204352958951256,-2.529854774475098
COCO-2017-val,Molmo2-ER,coco_1878_378116,21,vertical,target-reference,-0.4172693928073974,-8.674791097640991
COCO-2017-val,Molmo2-ER,coco_1879_15660,21,distance,target-reference,-0.22415608480587182,-3.2822816371917725
COCO-2017-val,Molmo2-ER,coco_1879_15660,21,horizontal,target-reference,-0.168885310495071,0.31745123863220215
COCO-2017-val,Molmo2-ER,coco_1879_15660,21,vertical,target-reference,-0.5398036622980869,-7.27196729183197
COCO-2017-val,Molmo2-ER,coco_1880_290163,21,distance,target-reference,0.07688049288384241,0.711307287216187
COCO-2017-val,Molmo2-ER,coco_1880_290163,21,horizontal,target-reference,-0.04875391427535186,-4.873398303985596
COCO-2017-val,Molmo2-ER,coco_1880_290163,21,vertical,target-reference,0.16290580264512244,-1.4217708110809326
COCO-2017-val,Molmo2-ER,coco_1881_48924,21,distance,target-reference,0.01581589301178138,-3.870120644569397
COCO-2017-val,Molmo2-ER,coco_1881_48924,21,horizontal,target-reference,0.32688578548716984,-2.6005070209503174
COCO-2017-val,Molmo2-ER,coco_1881_48924,21,vertical,target-reference,0.1560162115242702,1.0097136497497559
COCO-2017-val,Molmo2-ER,coco_1882_112997,21,distance,target-reference,-0.2634349120984616,-5.747816681861877
COCO-2017-val,Molmo2-ER,coco_1882_112997,21,horizontal,target-reference,-0.49382220358835166,-1.4597527384757996
COCO-2017-val,Molmo2-ER,coco_1882_112997,21,vertical,target-reference,-0.10655827012835839,1.165858805179596
COCO-2017-val,Molmo2-ER,coco_1883_553776,21,distance,target-reference,0.10514279413301561,-0.7932646274566648
COCO-2017-val,Molmo2-ER,coco_1883_553776,21,horizontal,target-reference,0.2997656581010689,1.1385067105293274
COCO-2017-val,Molmo2-ER,coco_1883_553776,21,vertical,target-reference,0.2671964954841959,0.6776337027549744
COCO-2017-val,Molmo2-ER,coco_1884_245320,21,distance,target-reference,-0.16856226574485228,-4.687608480453491
COCO-2017-val,Molmo2-ER,coco_1884_245320,21,horizontal,target-reference,0.5536098580015552,1.0642651319503784
COCO-2017-val,Molmo2-ER,coco_1884_245320,21,vertical,target-reference,-0.027710673557693702,-6.210601985454559
COCO-2017-val,Molmo2-ER,coco_1885_129113,21,distance,target-reference,0.4577610395273207,-0.14401328563690186
COCO-2017-val,Molmo2-ER,coco_1885_129113,21,horizontal,target-reference,0.1413990988360934,-1.7676607370376587
COCO-2017-val,Molmo2-ER,coco_1885_129113,21,vertical,target-reference,-0.085557918298991,-1.7994014024734504
COCO-2017-val,Molmo2-ER,coco_1886_273760,21,distance,target-reference,-0.12015669814882249,0.4446548819541931
COCO-2017-val,Molmo2-ER,coco_1886_273760,21,horizontal,target-reference,0.31476598182543847,3.5097087621688843
COCO-2017-val,Molmo2-ER,coco_1886_273760,21,vertical,target-reference,-0.2248477575286076,-1.733025968074799
COCO-2017-val,Molmo2-ER,coco_1887_352760,21,distance,target-reference,-0.1940823459004564,-2.416701912879944
COCO-2017-val,Molmo2-ER,coco_1887_352760,21,horizontal,target-reference,-0.07140219456199279,-0.8247361779212952
COCO-2017-val,Molmo2-ER,coco_1887_352760,21,vertical,target-reference,-0.3840350174585495,-6.879990816116332
COCO-2017-val,Molmo2-ER,coco_1888_274219,21,distance,target-reference,0.1282300265684814,-1.6496688723564148
COCO-2017-val,Molmo2-ER,coco_1888_274219,21,horizontal,target-reference,0.013511400301081208,0.11757051944732669
COCO-2017-val,Molmo2-ER,coco_1888_274219,21,vertical,target-reference,0.108326717216221,-2.3385069668292995
COCO-2017-val,Molmo2-ER,coco_1889_142472,21,distance,target-reference,-0.046555467160600494,0.43802970647811895
COCO-2017-val,Molmo2-ER,coco_1889_142472,21,horizontal,target-reference,0.3502613957789189,7.491089940071106
COCO-2017-val,Molmo2-ER,coco_1889_142472,21,vertical,target-reference,-0.09480413448563524,-4.1563262939453125
COCO-2017-val,Molmo2-ER,coco_1890_92939,21,distance,target-reference,0.10197856565560182,-4.046949505805969
COCO-2017-val,Molmo2-ER,coco_1890_92939,21,horizontal,target-reference,-0.35953361434651837,-3.824524164199829
COCO-2017-val,Molmo2-ER,coco_1890_92939,21,vertical,target-reference,0.17477777432548436,-2.115696907043457
COCO-2017-val,Molmo2-ER,coco_1891_456662,21,distance,target-reference,-0.052161446581236504,-3.9334828853607178
COCO-2017-val,Molmo2-ER,coco_1891_456662,21,horizontal,target-reference,0.030026657052927,0.6779179573059082
COCO-2017-val,Molmo2-ER,coco_1891_456662,21,vertical,target-reference,-0.2147978284012895,-8.121577262878418
COCO-2017-val,Molmo2-ER,coco_1892_172396,21,distance,target-reference,-0.17507946652024575,-0.365684390068054
COCO-2017-val,Molmo2-ER,coco_1892_172396,21,horizontal,target-reference,0.0376444343299147,-1.2364766001701355
COCO-2017-val,Molmo2-ER,coco_1892_172396,21,vertical,target-reference,0.0865827577381712,3.2284836769104004
COCO-2017-val,Molmo2-ER,coco_1893_350054,21,distance,target-reference,-0.07328996984345859,-7.378066897392273
COCO-2017-val,Molmo2-ER,coco_1893_350054,21,horizontal,target-reference,-0.0343502192819474,0.031417399644851685
COCO-2017-val,Molmo2-ER,coco_1893_350054,21,vertical,target-reference,-0.3811043765662035,-7.161827325820923
COCO-2017-val,Molmo2-ER,coco_1894_344795,21,distance,target-reference,-0.0685134908849461,2.6669691503047943
COCO-2017-val,Molmo2-ER,coco_1894_344795,21,horizontal,target-reference,0.0199396967521672,-2.377551317214966
COCO-2017-val,Molmo2-ER,coco_1894_344795,21,vertical,target-reference,0.1500132194322192,2.1212252378463745
COCO-2017-val,Molmo2-ER,coco_1895_402765,21,distance,target-reference,-0.2986128499944748,-7.4017960131168365
COCO-2017-val,Molmo2-ER,coco_1895_402765,21,horizontal,target-reference,-0.403238862733957,-1.9134888648986816
COCO-2017-val,Molmo2-ER,coco_1895_402765,21,vertical,target-reference,-0.272847591372894,-2.9913614988327026
COCO-2017-val,Molmo2-ER,coco_1896_119516,21,distance,target-reference,-0.0012646810198259084,-2.0835902094841003
COCO-2017-val,Molmo2-ER,coco_1896_119516,21,horizontal,target-reference,-0.3728501585623676,-1.7829968929290771
COCO-2017-val,Molmo2-ER,coco_1896_119516,21,vertical,target-reference,0.01617757004718512,-3.3586756587028503
COCO-2017-val,Molmo2-ER,coco_1897_8899,21,distance,target-reference,-0.5368759439398465,-9.616057395935059
COCO-2017-val,Molmo2-ER,coco_1897_8899,21,horizontal,target-reference,-0.36308060904288064,-2.629733085632324
COCO-2017-val,Molmo2-ER,coco_1897_8899,21,vertical,target-reference,-0.1795904795507448,-4.296056866645813
COCO-2017-val,Molmo2-ER,coco_1898_324158,21,distance,target-reference,0.1147490696957003,0.8259677886962891
COCO-2017-val,Molmo2-ER,coco_1898_324158,21,horizontal,target-reference,-0.002081636929121,-0.8576557040214539
COCO-2017-val,Molmo2-ER,coco_1898_324158,21,vertical,target-reference,0.48516466494086635,8.783210515975952
COCO-2017-val,Molmo2-ER,coco_1899_11813,21,distance,target-reference,0.12001187502501931,-0.9523106813430786
COCO-2017-val,Molmo2-ER,coco_1899_11813,21,horizontal,target-reference,0.351937659217975,-1.4897632598876953
COCO-2017-val,Molmo2-ER,coco_1899_11813,21,vertical,target-reference,0.26524262319331826,-0.9021425247192383
COCO-2017-val,Molmo2-ER,coco_1900_122672,21,distance,target-reference,0.3430303365285245,-4.035530686378479
COCO-2017-val,Molmo2-ER,coco_1900_122672,21,horizontal,target-reference,0.074330728471471,-0.3124361336231231
COCO-2017-val,Molmo2-ER,coco_1900_122672,21,vertical,target-reference,-0.3805911595241427,-5.76991081237793
COCO-2017-val,Molmo2-ER,coco_1901_99242,21,distance,target-reference,-0.0192328751284679,-2.0393205881118774
COCO-2017-val,Molmo2-ER,coco_1901_99242,21,horizontal,target-reference,-0.055939614494301904,-0.867371141910553
COCO-2017-val,Molmo2-ER,coco_1901_99242,21,vertical,target-reference,-0.5186474127809095,-12.319144248962402
COCO-2017-val,Molmo2-ER,coco_1902_485071,21,distance,target-reference,-0.045729666841719904,0.882910966873169
COCO-2017-val,Molmo2-ER,coco_1902_485071,21,horizontal,target-reference,-0.3915535437414484,-4.925539255142212
COCO-2017-val,Molmo2-ER,coco_1902_485071,21,vertical,target-reference,0.02646897504775339,1.6353371739387512
COCO-2017-val,Molmo2-ER,coco_1903_546829,21,distance,target-reference,-0.12269439734631715,-3.902174234390259
COCO-2017-val,Molmo2-ER,coco_1903_546829,21,horizontal,target-reference,0.1897348415666406,1.8635241836309433
COCO-2017-val,Molmo2-ER,coco_1903_546829,21,vertical,target-reference,0.07834266073409091,-1.1381566524505615
COCO-2017-val,Molmo2-ER,coco_1904_50896,21,distance,target-reference,0.6334714449572965,-0.6413252353668213
COCO-2017-val,Molmo2-ER,coco_1904_50896,21,horizontal,target-reference,-0.0323095020478801,-2.101239502429962
COCO-2017-val,Molmo2-ER,coco_1904_50896,21,vertical,target-reference,0.08009804601141979,-1.266055315732956
COCO-2017-val,Molmo2-ER,coco_1905_140270,21,distance,target-reference,0.0292315904584707,-2.6029072999954224
COCO-2017-val,Molmo2-ER,coco_1905_140270,21,horizontal,target-reference,0.0850722929497507,-3.3150310516357426
COCO-2017-val,Molmo2-ER,coco_1905_140270,21,vertical,target-reference,0.3490093640791754,3.767138302326203
COCO-2017-val,Molmo2-ER,coco_1906_366611,21,distance,target-reference,-0.022793706141473885,-2.815627336502075
COCO-2017-val,Molmo2-ER,coco_1906_366611,21,horizontal,target-reference,0.30943216048766925,2.32136233150959
COCO-2017-val,Molmo2-ER,coco_1906_366611,21,vertical,target-reference,0.146310127848328,-1.6742239892482755
COCO-2017-val,Molmo2-ER,coco_1907_424521,21,distance,target-reference,-0.17945444685788892,-1.1637156009674072
COCO-2017-val,Molmo2-ER,coco_1907_424521,21,horizontal,target-reference,-0.1290748121196763,-1.726778268814087
COCO-2017-val,Molmo2-ER,coco_1907_424521,21,vertical,target-reference,0.3280478134763087,7.939272880554199
COCO-2017-val,Molmo2-ER,coco_1908_549055,21,distance,target-reference,0.21431514972644639,3.5144723653793335
COCO-2017-val,Molmo2-ER,coco_1908_549055,21,horizontal,target-reference,-0.2875219384601088,-6.4514124393463135
COCO-2017-val,Molmo2-ER,coco_1908_549055,21,vertical,target-reference,0.08195291955791739,-0.49900519847869873
COCO-2017-val,Molmo2-ER,coco_1909_181969,21,distance,target-reference,-0.6251819454981158,-6.939262628555298
COCO-2017-val,Molmo2-ER,coco_1909_181969,21,horizontal,target-reference,-0.19186374166450443,-0.06244713068008423
COCO-2017-val,Molmo2-ER,coco_1909_181969,21,vertical,target-reference,-0.3541185419815423,-1.9106019735336304
COCO-2017-val,Molmo2-ER,coco_1910_265108,21,distance,target-reference,0.019032781621340922,-3.2580305337905884
COCO-2017-val,Molmo2-ER,coco_1910_265108,21,horizontal,target-reference,-0.4205509394040451,-8.284364700317383
COCO-2017-val,Molmo2-ER,coco_1910_265108,21,vertical,target-reference,-0.0006452678573847237,-5.431792497634888
COCO-2017-val,Molmo2-ER,coco_1911_576052,21,distance,target-reference,0.1616441434589769,4.744302272796631
COCO-2017-val,Molmo2-ER,coco_1911_576052,21,horizontal,target-reference,-0.05538211226230311,-4.164057701826096
COCO-2017-val,Molmo2-ER,coco_1911_576052,21,vertical,target-reference,0.44991320916553823,7.3749964237213135
COCO-2017-val,Molmo2-ER,coco_1912_364126,21,distance,target-reference,-0.10715768659271552,-4.823815792798996
COCO-2017-val,Molmo2-ER,coco_1912_364126,21,horizontal,target-reference,0.10804398296909319,-0.9955854415893555
COCO-2017-val,Molmo2-ER,coco_1912_364126,21,vertical,target-reference,-0.5224269857378859,-8.394550085067749
COCO-2017-val,Molmo2-ER,coco_1913_499622,21,distance,target-reference,0.1696784573766324,1.951060950756073
COCO-2017-val,Molmo2-ER,coco_1913_499622,21,horizontal,target-reference,0.2071948083471237,2.7097901701927185
COCO-2017-val,Molmo2-ER,coco_1913_499622,21,vertical,target-reference,0.3545900906446478,5.264671564102173
COCO-2017-val,Molmo2-ER,coco_1914_186042,21,distance,target-reference,-0.06917278036341801,-2.2393884658813477
COCO-2017-val,Molmo2-ER,coco_1914_186042,21,horizontal,target-reference,-0.02718641900201152,1.2525079250335687
COCO-2017-val,Molmo2-ER,coco_1914_186042,21,vertical,target-reference,-0.5196753180037261,-9.72713327407837
COCO-2017-val,Molmo2-ER,coco_1915_555005,21,distance,target-reference,-0.05275700546809431,-2.6352291107177743
COCO-2017-val,Molmo2-ER,coco_1915_555005,21,horizontal,target-reference,0.18917292553798212,-0.39570251107215887
COCO-2017-val,Molmo2-ER,coco_1915_555005,21,vertical,target-reference,0.0616722331143289,-1.638505458831787
COCO-2017-val,Molmo2-ER,coco_1916_222455,21,distance,target-reference,-0.023730915640144304,4.012909412384033
COCO-2017-val,Molmo2-ER,coco_1916_222455,21,horizontal,target-reference,-0.0375992954687294,-0.8184530735015869
COCO-2017-val,Molmo2-ER,coco_1916_222455,21,vertical,target-reference,0.09455665824839854,-4.858847498893738
COCO-2017-val,Molmo2-ER,coco_1917_517832,21,distance,target-reference,0.0729523802955406,-2.5844500064849854
COCO-2017-val,Molmo2-ER,coco_1917_517832,21,horizontal,target-reference,-0.2787519160056835,-3.522563099861145
COCO-2017-val,Molmo2-ER,coco_1917_517832,21,vertical,target-reference,0.146835040091501,-0.3697134256362915
COCO-2017-val,Molmo2-ER,coco_1918_21167,21,distance,target-reference,-0.14409125907262188,-5.406270265579224
COCO-2017-val,Molmo2-ER,coco_1918_21167,21,horizontal,target-reference,-0.012563223046858363,0.827014684677124
COCO-2017-val,Molmo2-ER,coco_1918_21167,21,vertical,target-reference,-0.2833915487572924,-5.4336748123168945
COCO-2017-val,Molmo2-ER,coco_1919_574297,21,distance,target-reference,-0.12404972104438322,-3.8094449043273926
COCO-2017-val,Molmo2-ER,coco_1919_574297,21,horizontal,target-reference,0.025430164711452583,-2.83892422914505
COCO-2017-val,Molmo2-ER,coco_1919_574297,21,vertical,target-reference,-0.44865309733211056,-5.264667987823486
COCO-2017-val,Molmo2-ER,coco_1920_5001,21,distance,target-reference,-0.28981626887224565,1.499046802520752
COCO-2017-val,Molmo2-ER,coco_1920_5001,21,horizontal,target-reference,-0.12285411192230966,1.3038175702095032
COCO-2017-val,Molmo2-ER,coco_1920_5001,21,vertical,target-reference,-0.4076124752541308,2.1144938468933105
COCO-2017-val,Molmo2-ER,coco_1921_513041,21,distance,target-reference,-0.0709920939833992,-3.545769691467285
COCO-2017-val,Molmo2-ER,coco_1921_513041,21,horizontal,target-reference,-0.0738023303050358,-1.3203476667404175
COCO-2017-val,Molmo2-ER,coco_1921_513041,21,vertical,target-reference,-0.2892143052712799,0.2470788955688472
COCO-2017-val,Molmo2-ER,coco_1922_434996,21,distance,target-reference,-0.1183080569272715,0.9468154609203339
COCO-2017-val,Molmo2-ER,coco_1922_434996,21,horizontal,target-reference,-0.0174583147509771,-3.675966262817383
COCO-2017-val,Molmo2-ER,coco_1922_434996,21,vertical,target-reference,-0.11675769592006541,-0.21612796187400812
COCO-2017-val,Molmo2-ER,coco_1923_449579,21,distance,target-reference,0.010939205493055826,-0.8261554539203644
COCO-2017-val,Molmo2-ER,coco_1923_449579,21,horizontal,target-reference,0.2396385835299305,0.5412485599517822
COCO-2017-val,Molmo2-ER,coco_1923_449579,21,vertical,target-reference,0.3787182197542386,1.4584453105926514
COCO-2017-val,Molmo2-ER,coco_1924_157390,21,distance,target-reference,0.4891678155488721,-0.971346497535706
COCO-2017-val,Molmo2-ER,coco_1924_157390,21,horizontal,target-reference,-0.1115535808387712,2.3097422122955322
COCO-2017-val,Molmo2-ER,coco_1924_157390,21,vertical,target-reference,-0.1277903250826647,-1.6033704280853271
COCO-2017-val,Molmo2-ER,coco_1925_399655,21,distance,target-reference,-0.1309621438725102,-4.363178491592408
COCO-2017-val,Molmo2-ER,coco_1925_399655,21,horizontal,target-reference,-0.1153976523675522,-1.6537364721298216
COCO-2017-val,Molmo2-ER,coco_1925_399655,21,vertical,target-reference,-0.0381521911015505,-1.0590727925300598
COCO-2017-val,Molmo2-ER,coco_1926_365095,21,distance,target-reference,0.1384621110121284,0.5468085408210754
COCO-2017-val,Molmo2-ER,coco_1926_365095,21,horizontal,target-reference,-0.14692604676701265,-4.195295333862306
COCO-2017-val,Molmo2-ER,coco_1926_365095,21,vertical,target-reference,-0.3639647366014862,-5.378057718276977
COCO-2017-val,Molmo2-ER,coco_1927_365207,21,distance,target-reference,-0.2552692360264124,-8.071159362792969
COCO-2017-val,Molmo2-ER,coco_1927_365207,21,horizontal,target-reference,-0.34226322118074415,-6.0495249927043915
COCO-2017-val,Molmo2-ER,coco_1927_365207,21,vertical,target-reference,0.160252211018856,-1.2459295988082881
COCO-2017-val,Molmo2-ER,coco_1928_403353,21,distance,target-reference,0.1008253396305385,0.7642272710800171
COCO-2017-val,Molmo2-ER,coco_1928_403353,21,horizontal,target-reference,0.10447733420329197,-2.33805251121521
COCO-2017-val,Molmo2-ER,coco_1928_403353,21,vertical,target-reference,0.11383856513811791,0.782442569732666
COCO-2017-val,Molmo2-ER,coco_1929_241602,21,distance,target-reference,0.0804181721818173,1.072479009628296
COCO-2017-val,Molmo2-ER,coco_1929_241602,21,horizontal,target-reference,-0.018157790900319992,0.003973484039306641
COCO-2017-val,Molmo2-ER,coco_1929_241602,21,vertical,target-reference,0.467500414423746,10.400753617286682
COCO-2017-val,Molmo2-ER,coco_1930_129062,21,distance,target-reference,0.09569611904922387,-0.4413416981697082
COCO-2017-val,Molmo2-ER,coco_1930_129062,21,horizontal,target-reference,-0.22270611247299676,3.046270489692688
COCO-2017-val,Molmo2-ER,coco_1930_129062,21,vertical,target-reference,-0.3673159972445952,-5.052085638046265
COCO-2017-val,Molmo2-ER,coco_1931_6614,21,distance,target-reference,-0.1061318740299511,-3.0334365367889404
COCO-2017-val,Molmo2-ER,coco_1931_6614,21,horizontal,target-reference,0.1885043030769327,2.2006142139434814
COCO-2017-val,Molmo2-ER,coco_1931_6614,21,vertical,target-reference,-0.019557352239581216,2.6096009612083435
COCO-2017-val,Molmo2-ER,coco_1932_69795,21,distance,target-reference,0.010598599704762707,-5.28545069694519
COCO-2017-val,Molmo2-ER,coco_1932_69795,21,horizontal,target-reference,-0.1466032672080601,-2.9094669818878174
COCO-2017-val,Molmo2-ER,coco_1932_69795,21,vertical,target-reference,0.2901716775887767,1.1529295444488525
COCO-2017-val,Molmo2-ER,coco_1933_131938,21,distance,target-reference,-0.0795510712378252,-2.297673225402832
COCO-2017-val,Molmo2-ER,coco_1933_131938,21,horizontal,target-reference,-0.0265660614776105,-4.893327832221985
COCO-2017-val,Molmo2-ER,coco_1933_131938,21,vertical,target-reference,0.0270040754547977,-1.1925476044416428
COCO-2017-val,Molmo2-ER,coco_1934_473821,21,distance,target-reference,0.5839696075996015,2.9793021678924565
COCO-2017-val,Molmo2-ER,coco_1934_473821,21,horizontal,target-reference,0.3176944635941148,-4.1650590896606445
COCO-2017-val,Molmo2-ER,coco_1934_473821,21,vertical,target-reference,0.11469014788404808,5.513164758682251
COCO-2017-val,Molmo2-ER,coco_1935_384136,21,distance,target-reference,-0.3336168100659288,-4.28804424405098
COCO-2017-val,Molmo2-ER,coco_1935_384136,21,horizontal,target-reference,-0.0650391333997944,-4.428267240524292
COCO-2017-val,Molmo2-ER,coco_1935_384136,21,vertical,target-reference,0.0008871494852426831,-1.8885180354118347
COCO-2017-val,Molmo2-ER,coco_1936_19432,21,distance,target-reference,-0.17287920963041578,-2.527221918106079
COCO-2017-val,Molmo2-ER,coco_1936_19432,21,horizontal,target-reference,-0.0297629803213737,0.2264004945755005
COCO-2017-val,Molmo2-ER,coco_1936_19432,21,vertical,target-reference,-0.4517867687353832,-5.496798157691956
COCO-2017-val,Molmo2-ER,coco_1937_446117,21,distance,target-reference,0.07766567221600561,-0.9640390872955322
COCO-2017-val,Molmo2-ER,coco_1937_446117,21,horizontal,target-reference,0.007909599491271999,-2.2651925683021545
COCO-2017-val,Molmo2-ER,coco_1937_446117,21,vertical,target-reference,-0.1852799715796502,0.632199764251709
COCO-2017-val,Molmo2-ER,coco_1938_31217,21,distance,target-reference,0.01325187344524581,-2.3178251385688786
COCO-2017-val,Molmo2-ER,coco_1938_31217,21,horizontal,target-reference,0.2910403914820766,1.2794767022132874
COCO-2017-val,Molmo2-ER,coco_1938_31217,21,vertical,target-reference,-0.233034944622101,-4.132261514663696
COCO-2017-val,Molmo2-ER,coco_1939_55950,21,distance,target-reference,0.11380102080748938,-2.318135619163513
COCO-2017-val,Molmo2-ER,coco_1939_55950,21,horizontal,target-reference,0.43364970509625533,3.07045179605484
COCO-2017-val,Molmo2-ER,coco_1939_55950,21,vertical,target-reference,0.1977100825956868,1.8336377143859863
COCO-2017-val,Molmo2-ER,coco_1940_258541,21,distance,target-reference,-0.09183676845088562,-2.500058174133301
COCO-2017-val,Molmo2-ER,coco_1940_258541,21,horizontal,target-reference,0.0774723776611882,1.349834144115448
COCO-2017-val,Molmo2-ER,coco_1940_258541,21,vertical,target-reference,-0.04539520186898671,-2.37661874294281
COCO-2017-val,Molmo2-ER,coco_1941_327617,21,distance,target-reference,0.23229107778046987,-3.668285071849823
COCO-2017-val,Molmo2-ER,coco_1941_327617,21,horizontal,target-reference,0.1855565821721632,1.3351785838603973
COCO-2017-val,Molmo2-ER,coco_1941_327617,21,vertical,target-reference,0.2297232880726567,1.1855443716049194
COCO-2017-val,Molmo2-ER,coco_1942_82765,21,distance,target-reference,-0.0094424928881061,-1.3331679105758663
COCO-2017-val,Molmo2-ER,coco_1942_82765,21,horizontal,target-reference,0.16818057415940152,1.37958425283432
COCO-2017-val,Molmo2-ER,coco_1942_82765,21,vertical,target-reference,-0.015902776596494306,2.515993475914002
COCO-2017-val,Molmo2-ER,coco_1943_343524,21,distance,target-reference,-0.0854046368810204,-1.8581448793411255
COCO-2017-val,Molmo2-ER,coco_1943_343524,21,horizontal,target-reference,-0.35708080060797653,-3.025532364845276
COCO-2017-val,Molmo2-ER,coco_1943_343524,21,vertical,target-reference,-0.0477522269342395,0.10730123519897439
COCO-2017-val,Molmo2-ER,coco_1944_170955,21,distance,target-reference,0.1538555248676534,-1.1301019787788391
COCO-2017-val,Molmo2-ER,coco_1944_170955,21,horizontal,target-reference,0.16292421378606609,-4.089719653129578
COCO-2017-val,Molmo2-ER,coco_1944_170955,21,vertical,target-reference,0.39737521325557945,-1.0636651515960691
COCO-2017-val,Molmo2-ER,coco_1945_270883,21,distance,target-reference,0.020070618315734298,-3.4900429248809814
COCO-2017-val,Molmo2-ER,coco_1945_270883,21,horizontal,target-reference,-0.1131192837849609,-1.9936758279800415
COCO-2017-val,Molmo2-ER,coco_1945_270883,21,vertical,target-reference,0.014188562727739398,-3.0589494705200195
COCO-2017-val,Molmo2-ER,coco_1946_292415,21,distance,target-reference,0.0772888486155649,-0.2286838293075566
COCO-2017-val,Molmo2-ER,coco_1946_292415,21,horizontal,target-reference,0.3098875748898738,2.3676865696907043
COCO-2017-val,Molmo2-ER,coco_1946_292415,21,vertical,target-reference,0.1316682443129615,6.76119065284729
COCO-2017-val,Molmo2-ER,coco_1947_532493,21,distance,target-reference,0.013946745089969306,1.8288486003875728
COCO-2017-val,Molmo2-ER,coco_1947_532493,21,horizontal,target-reference,-0.3300700206015871,-3.96950364112854
COCO-2017-val,Molmo2-ER,coco_1947_532493,21,vertical,target-reference,0.003707347670621697,1.3325249552726746
COCO-2017-val,Molmo2-ER,coco_1948_32570,21,distance,target-reference,-0.0773933192854254,-5.317767381668091
COCO-2017-val,Molmo2-ER,coco_1948_32570,21,horizontal,target-reference,-0.1487790760990061,-0.6658823788166046
COCO-2017-val,Molmo2-ER,coco_1948_32570,21,vertical,target-reference,-0.3525429430222402,-8.962308406829834
COCO-2017-val,Molmo2-ER,coco_1949_435299,21,distance,target-reference,-0.23284797928557888,-4.579044461250305
COCO-2017-val,Molmo2-ER,coco_1949_435299,21,horizontal,target-reference,-0.0316253828086064,1.097518801689148
COCO-2017-val,Molmo2-ER,coco_1949_435299,21,vertical,target-reference,0.1164280919733294,-0.8339664340019227
COCO-2017-val,Molmo2-ER,coco_1950_351823,21,distance,target-reference,-0.0242098237428875,-5.679755806922913
COCO-2017-val,Molmo2-ER,coco_1950_351823,21,horizontal,target-reference,-0.2674200781114887,-1.9326274394989014
COCO-2017-val,Molmo2-ER,coco_1950_351823,21,vertical,target-reference,-0.1039739143359278,-0.7214531302452087
COCO-2017-val,Molmo2-ER,coco_1951_156372,21,distance,target-reference,-0.0866980392587268,0.37305998802185014
COCO-2017-val,Molmo2-ER,coco_1951_156372,21,horizontal,target-reference,0.1552893906042201,1.8370789289474487
COCO-2017-val,Molmo2-ER,coco_1951_156372,21,vertical,target-reference,-0.17621972896025384,-2.391900658607483
COCO-2017-val,Molmo2-ER,coco_1952_340451,21,distance,target-reference,0.1146869689585035,-0.17207288742065407
COCO-2017-val,Molmo2-ER,coco_1952_340451,21,horizontal,target-reference,0.0074869208326241,-2.04705548286438
COCO-2017-val,Molmo2-ER,coco_1952_340451,21,vertical,target-reference,-0.1090594241162467,-4.766137361526489
COCO-2017-val,Molmo2-ER,coco_1953_308165,21,distance,target-reference,0.0356505812159853,0.711639285087585
COCO-2017-val,Molmo2-ER,coco_1953_308165,21,horizontal,target-reference,0.001941488772570804,-3.289896249771118
COCO-2017-val,Molmo2-ER,coco_1953_308165,21,vertical,target-reference,0.2808299533009045,7.285109996795654
COCO-2017-val,Molmo2-ER,coco_1954_180878,21,distance,target-reference,0.2427239620141512,4.58128547668457
COCO-2017-val,Molmo2-ER,coco_1954_180878,21,horizontal,target-reference,-0.05995952539098687,-8.38726544380188
COCO-2017-val,Molmo2-ER,coco_1954_180878,21,vertical,target-reference,0.3898395173794061,5.5959553718566895
COCO-2017-val,Molmo2-ER,coco_1955_273198,21,distance,target-reference,-0.0655967172609072,-3.739749789237976
COCO-2017-val,Molmo2-ER,coco_1955_273198,21,horizontal,target-reference,-0.2728410809439994,-2.4190818071365356
COCO-2017-val,Molmo2-ER,coco_1955_273198,21,vertical,target-reference,-0.32871618334657504,-3.5770163536071777
COCO-2017-val,Molmo2-ER,coco_1956_85157,21,distance,target-reference,-0.2320442863086814,-11.386969089508057
COCO-2017-val,Molmo2-ER,coco_1956_85157,21,horizontal,target-reference,0.1147433563202841,1.4298793077468872
COCO-2017-val,Molmo2-ER,coco_1956_85157,21,vertical,target-reference,-0.29375481197596187,-6.053513765335083
COCO-2017-val,Molmo2-ER,coco_1957_215114,21,distance,target-reference,0.3930652881216272,3.816696107387543
COCO-2017-val,Molmo2-ER,coco_1957_215114,21,horizontal,target-reference,0.062239956102369806,1.0294350981712341
COCO-2017-val,Molmo2-ER,coco_1957_215114,21,vertical,target-reference,0.005277337963193907,-3.709603451192379
COCO-2017-val,Molmo2-ER,coco_1958_254016,21,distance,target-reference,0.04946301620407928,0.6758966445922856
COCO-2017-val,Molmo2-ER,coco_1958_254016,21,horizontal,target-reference,0.39253963547292003,-1.487628698348999
COCO-2017-val,Molmo2-ER,coco_1958_254016,21,vertical,target-reference,0.14720806801089337,3.3484880924224854
COCO-2017-val,Molmo2-ER,coco_1959_206027,21,distance,target-reference,0.31343842934477373,0.021055221557617188
COCO-2017-val,Molmo2-ER,coco_1959_206027,21,horizontal,target-reference,-0.1783493887048822,-1.73230642080307
COCO-2017-val,Molmo2-ER,coco_1959_206027,21,vertical,target-reference,0.3354432946328953,3.1512309312820435
COCO-2017-val,Molmo2-ER,coco_1960_489339,21,distance,target-reference,0.2216429502908167,1.6693201065063477
COCO-2017-val,Molmo2-ER,coco_1960_489339,21,horizontal,target-reference,-0.049682249832971995,-0.9511905312538147
COCO-2017-val,Molmo2-ER,coco_1960_489339,21,vertical,target-reference,0.31907497565825793,2.446058750152588
COCO-2017-val,Molmo2-ER,coco_1961_455085,21,distance,target-reference,-0.0852139273788054,-6.045760631561279
COCO-2017-val,Molmo2-ER,coco_1961_455085,21,horizontal,target-reference,0.1334148001564583,-1.6437563896179197
COCO-2017-val,Molmo2-ER,coco_1961_455085,21,vertical,target-reference,-0.029375583252158194,2.2746825218200684
COCO-2017-val,Molmo2-ER,coco_1962_60347,21,distance,target-reference,-0.021953719466958996,-2.331968069076538
COCO-2017-val,Molmo2-ER,coco_1962_60347,21,horizontal,target-reference,0.3946020057844566,0.22808754444122314
COCO-2017-val,Molmo2-ER,coco_1962_60347,21,vertical,target-reference,0.02873773860996659,-0.7664098739624023
COCO-2017-val,Molmo2-ER,coco_1963_391375,21,distance,target-reference,0.051695908426969917,-0.9298069477081294
COCO-2017-val,Molmo2-ER,coco_1963_391375,21,horizontal,target-reference,0.0457387937605082,-0.29200708866119385
COCO-2017-val,Molmo2-ER,coco_1963_391375,21,vertical,target-reference,0.30615160442829953,3.5891006588935848
COCO-2017-val,Molmo2-ER,coco_1964_314709,21,distance,target-reference,-0.017037510672209197,-1.8012040853500366
COCO-2017-val,Molmo2-ER,coco_1964_314709,21,horizontal,target-reference,-0.014019786740035484,-1.2980132102966309
COCO-2017-val,Molmo2-ER,coco_1964_314709,21,vertical,target-reference,0.40379173232458043,10.218271255493164
COCO-2017-val,Molmo2-ER,coco_1965_33368,21,distance,target-reference,-0.027417394650616198,0.24044442176818842
COCO-2017-val,Molmo2-ER,coco_1965_33368,21,horizontal,target-reference,0.2679694595055237,1.6017178893089294
COCO-2017-val,Molmo2-ER,coco_1965_33368,21,vertical,target-reference,-0.18876867360233007,-2.5780159533023834
COCO-2017-val,Molmo2-ER,coco_1966_561223,21,distance,target-reference,0.10333344992899451,1.983320713043213
COCO-2017-val,Molmo2-ER,coco_1966_561223,21,horizontal,target-reference,-0.0840185198324292,-2.6693403720855713
COCO-2017-val,Molmo2-ER,coco_1966_561223,21,vertical,target-reference,0.3817675895124324,4.798240005970001
COCO-2017-val,Molmo2-ER,coco_1967_125850,21,distance,target-reference,0.1707899859910691,0.4874262809753416
COCO-2017-val,Molmo2-ER,coco_1967_125850,21,horizontal,target-reference,0.2033448878491091,-1.9003702700138092
COCO-2017-val,Molmo2-ER,coco_1967_125850,21,vertical,target-reference,-0.030476341116676,0.0748412013053894
COCO-2017-val,Molmo2-ER,coco_1968_546976,21,distance,target-reference,0.294257506868811,-0.3418791294097898
COCO-2017-val,Molmo2-ER,coco_1968_546976,21,horizontal,target-reference,-0.1426697534338262,1.1118406057357788
COCO-2017-val,Molmo2-ER,coco_1968_546976,21,vertical,target-reference,0.3796519456930958,4.734893321990967
COCO-2017-val,Molmo2-ER,coco_1969_441286,21,distance,target-reference,-0.14220091047605898,-4.106711745262146
COCO-2017-val,Molmo2-ER,coco_1969_441286,21,horizontal,target-reference,0.09643965826480011,0.4679033160209655
COCO-2017-val,Molmo2-ER,coco_1969_441286,21,vertical,target-reference,-0.4099384018141502,-8.373018741607666
COCO-2017-val,Molmo2-ER,coco_1970_257478,21,distance,target-reference,-0.05608893064253251,-0.3773265480995178
COCO-2017-val,Molmo2-ER,coco_1970_257478,21,horizontal,target-reference,-0.14295971614487568,-3.1208885908126835
COCO-2017-val,Molmo2-ER,coco_1970_257478,21,vertical,target-reference,-0.020614008671136108,-6.5196075439453125
COCO-2017-val,Molmo2-ER,coco_1971_181859,21,distance,target-reference,-0.012596631226077501,-1.6091065406799316
COCO-2017-val,Molmo2-ER,coco_1971_181859,21,horizontal,target-reference,0.0564053311540924,0.9267244338989258
COCO-2017-val,Molmo2-ER,coco_1971_181859,21,vertical,target-reference,0.04653358242877961,-0.8371651172637944
COCO-2017-val,Molmo2-ER,coco_1972_188592,21,distance,target-reference,-0.1736098259149707,-4.6578540205955505
COCO-2017-val,Molmo2-ER,coco_1972_188592,21,horizontal,target-reference,-0.0677078772301736,-1.6103314161300657
COCO-2017-val,Molmo2-ER,coco_1972_188592,21,vertical,target-reference,0.17065876631404467,0.3555241823196411
COCO-2017-val,Molmo2-ER,coco_1973_417608,21,distance,target-reference,-0.0830870092177583,-0.9311742782592773
COCO-2017-val,Molmo2-ER,coco_1973_417608,21,horizontal,target-reference,-0.21465953653471903,-2.0631911754608154
COCO-2017-val,Molmo2-ER,coco_1973_417608,21,vertical,target-reference,-0.21379520960370457,-2.114105224609375
COCO-2017-val,Molmo2-ER,coco_1974_560911,21,distance,target-reference,0.2242810459276134,1.5283644795417786
COCO-2017-val,Molmo2-ER,coco_1974_560911,21,horizontal,target-reference,-0.48622642861418486,-2.4323648810386658
COCO-2017-val,Molmo2-ER,coco_1974_560911,21,vertical,target-reference,0.11584667532059931,-2.9113529026508336
COCO-2017-val,Molmo2-ER,coco_1975_161609,21,distance,target-reference,0.019895283851370793,-1.8215386867523193
COCO-2017-val,Molmo2-ER,coco_1975_161609,21,horizontal,target-reference,-0.16485815393157172,-2.569617927074432
COCO-2017-val,Molmo2-ER,coco_1975_161609,21,vertical,target-reference,0.22310043419146108,-0.6961531639099121
COCO-2017-val,Molmo2-ER,coco_1976_505573,21,distance,target-reference,-0.009139520844171384,-0.1635441780090332
COCO-2017-val,Molmo2-ER,coco_1976_505573,21,horizontal,target-reference,-0.0071076152412968,0.4955681264400483
COCO-2017-val,Molmo2-ER,coco_1976_505573,21,vertical,target-reference,-0.0975873798141142,0.7033998370170595
COCO-2017-val,Molmo2-ER,coco_1977_252507,21,distance,target-reference,0.0573417770778045,-2.314402461051941
COCO-2017-val,Molmo2-ER,coco_1977_252507,21,horizontal,target-reference,0.0794947044886981,-1.6469783782958984
COCO-2017-val,Molmo2-ER,coco_1977_252507,21,vertical,target-reference,0.24355418838445297,5.071947067975998
COCO-2017-val,Molmo2-ER,coco_1978_25386,21,distance,target-reference,-0.15363042765573381,2.2106744050979614
COCO-2017-val,Molmo2-ER,coco_1978_25386,21,horizontal,target-reference,0.19881388771579572,-2.397780179977417
COCO-2017-val,Molmo2-ER,coco_1978_25386,21,vertical,target-reference,-0.25061967213114755,1.3210542201995852
COCO-2017-val,Molmo2-ER,coco_1979_492905,21,distance,target-reference,0.1756308737579137,3.172958016395569
COCO-2017-val,Molmo2-ER,coco_1979_492905,21,horizontal,target-reference,-0.1155088018088882,-7.495085835456848
COCO-2017-val,Molmo2-ER,coco_1979_492905,21,vertical,target-reference,0.3446872301249928,9.352201104164124
COCO-2017-val,Molmo2-ER,coco_1980_176857,21,distance,target-reference,-0.18022552206373732,-7.063286781311035
COCO-2017-val,Molmo2-ER,coco_1980_176857,21,horizontal,target-reference,0.17859617525331808,0.38042736053466797
COCO-2017-val,Molmo2-ER,coco_1980_176857,21,vertical,target-reference,-0.2933118437118439,-3.5837615728378296
COCO-2017-val,Molmo2-ER,coco_1981_274411,21,distance,target-reference,0.018867903350930804,-2.041679799556732
COCO-2017-val,Molmo2-ER,coco_1981_274411,21,horizontal,target-reference,0.2382483577671029,1.7353975772857666
COCO-2017-val,Molmo2-ER,coco_1981_274411,21,vertical,target-reference,-0.2178948349872432,-3.745544195175171
COCO-2017-val,Molmo2-ER,coco_1982_433243,21,distance,target-reference,-0.0900362012896215,-3.76768684387207
COCO-2017-val,Molmo2-ER,coco_1982_433243,21,horizontal,target-reference,0.1751440680771126,1.6649171710014343
COCO-2017-val,Molmo2-ER,coco_1982_433243,21,vertical,target-reference,-0.3846516885946949,-13.20393180847168
COCO-2017-val,Molmo2-ER,coco_1983_288042,21,distance,target-reference,0.02776703286692267,1.0057489275932312
COCO-2017-val,Molmo2-ER,coco_1983_288042,21,horizontal,target-reference,0.00038333227793008184,-2.9573037624359126
COCO-2017-val,Molmo2-ER,coco_1983_288042,21,vertical,target-reference,0.3794639780133917,1.945487499237061
COCO-2017-val,Molmo2-ER,coco_1984_551794,21,distance,target-reference,0.022137417948887295,0.2604913711547847
COCO-2017-val,Molmo2-ER,coco_1984_551794,21,horizontal,target-reference,-0.07440857659397229,0.206865817308426
COCO-2017-val,Molmo2-ER,coco_1984_551794,21,vertical,target-reference,0.33056254322530143,3.759418159723282
COCO-2017-val,Molmo2-ER,coco_1985_39480,21,distance,target-reference,0.033786560247730024,-4.261983573436737
COCO-2017-val,Molmo2-ER,coco_1985_39480,21,horizontal,target-reference,0.26493888919732517,1.3382045328617096
COCO-2017-val,Molmo2-ER,coco_1985_39480,21,vertical,target-reference,0.08644356186792312,0.28998416662216187
COCO-2017-val,Molmo2-ER,coco_1986_324614,21,distance,target-reference,-0.030187357378773996,-1.5688433647155766
COCO-2017-val,Molmo2-ER,coco_1986_324614,21,horizontal,target-reference,0.23223362193030822,0.7388694137334824
COCO-2017-val,Molmo2-ER,coco_1986_324614,21,vertical,target-reference,-0.08585406794158401,-2.259604036808014
COCO-2017-val,Molmo2-ER,coco_1987_401244,21,distance,target-reference,-0.08690213252272319,-1.3334092497825623
COCO-2017-val,Molmo2-ER,coco_1987_401244,21,horizontal,target-reference,-0.0838717719851461,-2.038244307041168
COCO-2017-val,Molmo2-ER,coco_1987_401244,21,vertical,target-reference,0.12187097400049991,1.272740125656128
COCO-2017-val,Molmo2-ER,coco_1988_190753,21,distance,target-reference,-0.3365782345353934,-5.381407976150513
COCO-2017-val,Molmo2-ER,coco_1988_190753,21,horizontal,target-reference,0.10041632882204632,1.1003706455230726
COCO-2017-val,Molmo2-ER,coco_1988_190753,21,vertical,target-reference,-0.32816057523544373,-9.995703101158142
COCO-2017-val,Molmo2-ER,coco_1989_456496,21,distance,target-reference,0.012163653879306305,1.2712886333465576
COCO-2017-val,Molmo2-ER,coco_1989_456496,21,horizontal,target-reference,-0.22614826393411203,-1.438557744026184
COCO-2017-val,Molmo2-ER,coco_1989_456496,21,vertical,target-reference,-0.0647415648208039,-2.601758301258087
COCO-2017-val,Molmo2-ER,coco_1990_165518,21,distance,target-reference,0.06635840087631681,1.6619997024536133
COCO-2017-val,Molmo2-ER,coco_1990_165518,21,horizontal,target-reference,0.004222246489865203,-0.7525169849395754
COCO-2017-val,Molmo2-ER,coco_1990_165518,21,vertical,target-reference,0.22120674729236808,4.735320568084717
COCO-2017-val,Molmo2-ER,coco_1991_229659,21,distance,target-reference,0.006170325243956609,-9.762819290161133
COCO-2017-val,Molmo2-ER,coco_1991_229659,21,horizontal,target-reference,0.026054674443823478,0.8016819953918457
COCO-2017-val,Molmo2-ER,coco_1991_229659,21,vertical,target-reference,-0.0026454678926469133,-8.89985179901123
COCO-2017-val,Molmo2-ER,coco_1992_313034,21,distance,target-reference,0.3682399533892762,8.445494890213013
COCO-2017-val,Molmo2-ER,coco_1992_313034,21,horizontal,target-reference,0.07808343450407021,1.283128023147583
COCO-2017-val,Molmo2-ER,coco_1992_313034,21,vertical,target-reference,0.3659254438516875,9.133859634399414
COCO-2017-val,Molmo2-ER,coco_1993_43314,21,distance,target-reference,-0.210091943346713,-7.962326288223267
COCO-2017-val,Molmo2-ER,coco_1993_43314,21,horizontal,target-reference,0.1965630822004472,-1.0056187510490417
COCO-2017-val,Molmo2-ER,coco_1993_43314,21,vertical,target-reference,-0.049444004200221506,-3.885228931903839
COCO-2017-val,Molmo2-ER,coco_1994_527616,21,distance,target-reference,0.1165212417346862,4.784367918968201
COCO-2017-val,Molmo2-ER,coco_1994_527616,21,horizontal,target-reference,0.1883659044901091,3.4129563570022583
COCO-2017-val,Molmo2-ER,coco_1994_527616,21,vertical,target-reference,-0.13277499111161434,-4.276927471160889
COCO-2017-val,Molmo2-ER,coco_1995_13597,21,distance,target-reference,-0.5976870290034869,-5.825525403022766
COCO-2017-val,Molmo2-ER,coco_1995_13597,21,horizontal,target-reference,0.1829122045775463,-1.57174551486969
COCO-2017-val,Molmo2-ER,coco_1995_13597,21,vertical,target-reference,-0.6329830133445888,-1.2230179905891418
COCO-2017-val,Molmo2-ER,coco_1996_172649,21,distance,target-reference,0.04014843753152664,-0.2432553768157959
COCO-2017-val,Molmo2-ER,coco_1996_172649,21,horizontal,target-reference,-0.2199610401417556,-2.700100600719452
COCO-2017-val,Molmo2-ER,coco_1996_172649,21,vertical,target-reference,0.1860049745968228,7.496760845184326
COCO-2017-val,Molmo2-ER,coco_1997_121591,21,distance,target-reference,-0.13687901342230402,-4.130252838134766
COCO-2017-val,Molmo2-ER,coco_1997_121591,21,horizontal,target-reference,-0.049157560875372486,-1.6700395345687866
COCO-2017-val,Molmo2-ER,coco_1997_121591,21,vertical,target-reference,-0.2868706873035145,-0.42348742485046387
COCO-2017-val,Molmo2-ER,coco_1998_277020,21,distance,target-reference,-0.03052638587731321,-3.814655303955078
COCO-2017-val,Molmo2-ER,coco_1998_277020,21,horizontal,target-reference,0.1415430618323697,-0.2723417282104492
COCO-2017-val,Molmo2-ER,coco_1998_277020,21,vertical,target-reference,-0.15804914305787987,-3.6077966690063477
COCO-2017-val,Molmo2-ER,coco_1999_327306,21,distance,target-reference,0.0017018682887939979,-1.620249062776565
COCO-2017-val,Molmo2-ER,coco_1999_327306,21,horizontal,target-reference,-0.006522613174169134,-0.710297703742981
COCO-2017-val,Molmo2-ER,coco_1999_327306,21,vertical,target-reference,-0.3482732976875533,-6.039013385772705
COCO-2017-val,Molmo2-ER,coco_2000_334530,21,distance,target-reference,0.008834278942485396,2.628455638885498
COCO-2017-val,Molmo2-ER,coco_2000_334530,21,horizontal,target-reference,0.13632999203792098,-2.7396119236946106
COCO-2017-val,Molmo2-ER,coco_2000_334530,21,vertical,target-reference,0.27483110337717603,6.715571403503418
COCO-2017-val,Molmo2-ER,coco_2001_137246,21,distance,target-reference,0.4290059323476078,0.9278581142425537
COCO-2017-val,Molmo2-ER,coco_2001_137246,21,horizontal,target-reference,-0.25022215047867613,-3.6179957389831543
COCO-2017-val,Molmo2-ER,coco_2001_137246,21,vertical,target-reference,-0.03042510466344489,1.5233891010284424
COCO-2017-val,Molmo2-ER,coco_2002_259830,21,distance,target-reference,0.0674584942856736,2.9124421477317806
COCO-2017-val,Molmo2-ER,coco_2002_259830,21,horizontal,target-reference,0.22109746478460357,1.7310771942138672
COCO-2017-val,Molmo2-ER,coco_2002_259830,21,vertical,target-reference,0.2102075974419748,2.690282642841339
COCO-2017-val,Molmo2-ER,coco_2003_235784,21,distance,target-reference,-0.0625107287478408,-4.552150249481201
COCO-2017-val,Molmo2-ER,coco_2003_235784,21,horizontal,target-reference,-0.1486139042194648,-4.075242489576339
COCO-2017-val,Molmo2-ER,coco_2003_235784,21,vertical,target-reference,-0.15966325084516741,-2.1217215061187744
COCO-2017-val,Molmo2-ER,coco_2004_210299,21,distance,target-reference,-0.030578810908337,-0.5154443979263306
COCO-2017-val,Molmo2-ER,coco_2004_210299,21,horizontal,target-reference,-0.018641658779490422,0.25480616092681885
COCO-2017-val,Molmo2-ER,coco_2004_210299,21,vertical,target-reference,0.3322252533201464,2.973021149635315
COCO-2017-val,Molmo2-ER,coco_2005_460333,21,distance,target-reference,0.02699779557589982,-1.2737966775894165
COCO-2017-val,Molmo2-ER,coco_2005_460333,21,horizontal,target-reference,0.1891464754027012,-2.433643102645874
COCO-2017-val,Molmo2-ER,coco_2005_460333,21,vertical,target-reference,-0.0594350081576947,-1.625284105539322
COCO-2017-val,Molmo2-ER,coco_2006_154358,21,distance,target-reference,0.1217846713738957,4.315255403518677
COCO-2017-val,Molmo2-ER,coco_2006_154358,21,horizontal,target-reference,0.1374880100861846,2.9592002630233765
COCO-2017-val,Molmo2-ER,coco_2006_154358,21,vertical,target-reference,0.21769087659578187,4.564348459243774
COCO-2017-val,Molmo2-ER,coco_2007_190841,21,distance,target-reference,-0.09628900704732651,-0.9881598949432371
COCO-2017-val,Molmo2-ER,coco_2007_190841,21,horizontal,target-reference,-0.02943748388640488,-1.0796413421630855
COCO-2017-val,Molmo2-ER,coco_2007_190841,21,vertical,target-reference,0.3828083840267432,6.727115154266357
COCO-2017-val,Molmo2-ER,coco_2008_76416,21,distance,target-reference,0.02015252327632741,1.4657888412475581
COCO-2017-val,Molmo2-ER,coco_2008_76416,21,horizontal,target-reference,0.05156998830447179,-3.85703182220459
COCO-2017-val,Molmo2-ER,coco_2008_76416,21,vertical,target-reference,0.0650437080299768,0.8447494506835938
COCO-2017-val,Molmo2-ER,coco_2009_351362,21,distance,target-reference,-0.1799048756714647,-11.85286068916321
COCO-2017-val,Molmo2-ER,coco_2009_351362,21,horizontal,target-reference,-0.35154577318753955,-3.342949867248535
COCO-2017-val,Molmo2-ER,coco_2009_351362,21,vertical,target-reference,0.12380256399283623,3.755942463874817
COCO-2017-val,Molmo2-ER,coco_2010_284106,21,distance,target-reference,0.0424681499031555,-4.4999657869339
COCO-2017-val,Molmo2-ER,coco_2010_284106,21,horizontal,target-reference,-0.3826025146728272,2.2877176105976105
COCO-2017-val,Molmo2-ER,coco_2010_284106,21,vertical,target-reference,-0.1773825936533775,-2.5214950442314157
COCO-2017-val,Molmo2-ER,coco_2011_575243,21,distance,target-reference,0.0535951387270958,-1.7389449477195735
COCO-2017-val,Molmo2-ER,coco_2011_575243,21,horizontal,target-reference,0.036153962617253205,-1.3480509519577026
COCO-2017-val,Molmo2-ER,coco_2011_575243,21,vertical,target-reference,0.32100576362274924,2.7628713846206665
COCO-2017-val,Molmo2-ER,coco_2012_275058,21,distance,target-reference,0.0119710972547096,-2.248396575450897
COCO-2017-val,Molmo2-ER,coco_2012_275058,21,horizontal,target-reference,0.12132796270830551,1.5125297456979754
COCO-2017-val,Molmo2-ER,coco_2012_275058,21,vertical,target-reference,-0.23268320129050732,-8.572984218597412
COCO-2017-val,Molmo2-ER,coco_2013_172877,21,distance,target-reference,0.2043536381524293,-1.4406124353408813
COCO-2017-val,Molmo2-ER,coco_2013_172877,21,horizontal,target-reference,-0.0104745670864545,-0.14712011814117432
COCO-2017-val,Molmo2-ER,coco_2013_172877,21,vertical,target-reference,0.2808091128082809,-2.761129379272461
COCO-2017-val,Molmo2-ER,coco_2014_251119,21,distance,target-reference,-0.0019840341776820036,-3.161123752593994
COCO-2017-val,Molmo2-ER,coco_2014_251119,21,horizontal,target-reference,-0.021832157521124704,-1.658434271812439
COCO-2017-val,Molmo2-ER,coco_2014_251119,21,vertical,target-reference,-0.013625515467305005,-2.943394184112549
COCO-2017-val,Molmo2-ER,coco_2015_390246,21,distance,target-reference,0.05512244664391658,-3.8913633227348328
COCO-2017-val,Molmo2-ER,coco_2015_390246,21,horizontal,target-reference,0.2209402258944396,1.6215067207813263
COCO-2017-val,Molmo2-ER,coco_2015_390246,21,vertical,target-reference,0.058285386396109584,-1.547887921333313
COCO-2017-val,Molmo2-ER,coco_2016_493772,21,distance,target-reference,-0.025229799818256904,-1.425942599773407
COCO-2017-val,Molmo2-ER,coco_2016_493772,21,horizontal,target-reference,-0.005808927879718498,-1.2406848073005676
COCO-2017-val,Molmo2-ER,coco_2016_493772,21,vertical,target-reference,-0.254709296127611,-5.343238949775696
COCO-2017-val,Molmo2-ER,coco_2017_263068,21,distance,target-reference,-0.11304414441945992,-2.0044503211975098
COCO-2017-val,Molmo2-ER,coco_2017_263068,21,horizontal,target-reference,-0.1935305264591565,-2.446395993232727
COCO-2017-val,Molmo2-ER,coco_2017_263068,21,vertical,target-reference,0.2091135273848972,6.582382440567017
COCO-2017-val,Molmo2-ER,coco_2018_404805,21,distance,target-reference,-0.1834297803838211,-5.629631608724594
COCO-2017-val,Molmo2-ER,coco_2018_404805,21,horizontal,target-reference,0.0972389046396666,-0.2843438386917115
COCO-2017-val,Molmo2-ER,coco_2018_404805,21,vertical,target-reference,-0.24028153515532072,-6.0136576890945435
COCO-2017-val,Molmo2-ER,coco_2019_320696,21,distance,target-reference,-0.1444265037054377,-4.819292843341827
COCO-2017-val,Molmo2-ER,coco_2019_320696,21,horizontal,target-reference,-0.11195435268087629,-1.349476397037506
COCO-2017-val,Molmo2-ER,coco_2019_320696,21,vertical,target-reference,-0.3750266650374332,-8.877422094345093
COCO-2017-val,Molmo2-ER,coco_2020_206218,21,distance,target-reference,-0.0004463602234457964,-1.7677318453788762
COCO-2017-val,Molmo2-ER,coco_2020_206218,21,horizontal,target-reference,-0.024468469643738278,1.2533245086669922
COCO-2017-val,Molmo2-ER,coco_2020_206218,21,vertical,target-reference,-0.1734473835887504,-6.842262268066406
COCO-2017-val,Molmo2-ER,coco_2021_481413,21,distance,target-reference,0.0628026637806023,-0.848635196685791
COCO-2017-val,Molmo2-ER,coco_2021_481413,21,horizontal,target-reference,0.1986094034209822,2.8467572927474976
COCO-2017-val,Molmo2-ER,coco_2021_481413,21,vertical,target-reference,0.1282110828183585,-0.5102424919605255
COCO-2017-val,Molmo2-ER,coco_2022_399560,21,distance,target-reference,0.1908702184993316,1.5830240249633798
COCO-2017-val,Molmo2-ER,coco_2022_399560,21,horizontal,target-reference,0.12873869779465208,-2.913364589214325
COCO-2017-val,Molmo2-ER,coco_2022_399560,21,vertical,target-reference,0.052846996774313,5.244123458862305
COCO-2017-val,Molmo2-ER,coco_2023_569972,21,distance,target-reference,-0.050985637882422705,-3.1180866956710815
COCO-2017-val,Molmo2-ER,coco_2023_569972,21,horizontal,target-reference,-0.09080783715648622,-2.1719990968704224
COCO-2017-val,Molmo2-ER,coco_2023_569972,21,vertical,target-reference,-0.3013585734076648,-6.6395100355148315
COCO-2017-val,Molmo2-ER,coco_2024_434548,21,distance,target-reference,-0.10803614646260341,-1.5037024021148682
COCO-2017-val,Molmo2-ER,coco_2024_434548,21,horizontal,target-reference,-0.12007268515074489,-1.9819184541702268
COCO-2017-val,Molmo2-ER,coco_2024_434548,21,vertical,target-reference,0.020183229274524095,-7.847633719444275
COCO-2017-val,Molmo2-ER,coco_2025_27972,21,distance,target-reference,0.0872732820988684,-4.420091092586517
COCO-2017-val,Molmo2-ER,coco_2025_27972,21,horizontal,target-reference,0.11310554875733939,-1.1843311786651611
COCO-2017-val,Molmo2-ER,coco_2025_27972,21,vertical,target-reference,-0.1906340897616686,-6.035003662109376
COCO-2017-val,Molmo2-ER,coco_2026_344268,21,distance,target-reference,-0.13474645159110632,-2.093585252761841
COCO-2017-val,Molmo2-ER,coco_2026_344268,21,horizontal,target-reference,0.1184021668050814,-4.319539427757263
COCO-2017-val,Molmo2-ER,coco_2026_344268,21,vertical,target-reference,-0.07562262281971971,2.026578903198242
COCO-2017-val,Molmo2-ER,coco_2027_7818,21,distance,target-reference,0.1932875613333721,4.411266446113586
COCO-2017-val,Molmo2-ER,coco_2027_7818,21,horizontal,target-reference,0.0521511721830877,-5.383391857147217
COCO-2017-val,Molmo2-ER,coco_2027_7818,21,vertical,target-reference,0.2129473995910305,7.506140232086182
COCO-2017-val,Molmo2-ER,coco_2028_78266,21,distance,target-reference,-0.06517722515267799,-10.126893043518066
COCO-2017-val,Molmo2-ER,coco_2028_78266,21,horizontal,target-reference,-0.005270747028237155,0.2167644500732422
COCO-2017-val,Molmo2-ER,coco_2028_78266,21,vertical,target-reference,-0.29025138452984983,-9.218835949897766
COCO-2017-val,Molmo2-ER,coco_2029_57149,21,distance,target-reference,0.027336136026423707,0.9067606925964355
COCO-2017-val,Molmo2-ER,coco_2029_57149,21,horizontal,target-reference,0.229685948461276,0.4692793786525727
COCO-2017-val,Molmo2-ER,coco_2029_57149,21,vertical,target-reference,-0.026188931348847505,2.7049599289894104
COCO-2017-val,Molmo2-ER,coco_2030_2261,21,distance,target-reference,0.0284266031882661,2.286784648895264
COCO-2017-val,Molmo2-ER,coco_2030_2261,21,horizontal,target-reference,-0.0542731983633363,-2.4279878735542297
COCO-2017-val,Molmo2-ER,coco_2030_2261,21,vertical,target-reference,0.2399296318612332,5.715810298919678
COCO-2017-val,Molmo2-ER,coco_2031_267670,21,distance,target-reference,0.2072927862908392,3.9090327620506287
COCO-2017-val,Molmo2-ER,coco_2031_267670,21,horizontal,target-reference,0.0840541485078957,1.7764880657196045
COCO-2017-val,Molmo2-ER,coco_2031_267670,21,vertical,target-reference,0.15538643745991018,5.1577372550964355
COCO-2017-val,Molmo2-ER,coco_2032_508312,21,distance,target-reference,-0.4401114755038872,-6.083684921264648
COCO-2017-val,Molmo2-ER,coco_2032_508312,21,horizontal,target-reference,0.18285022426021114,-4.625408411026001
COCO-2017-val,Molmo2-ER,coco_2032_508312,21,vertical,target-reference,-0.011765636294265299,-1.8659789562225342
COCO-2017-val,Molmo2-ER,coco_2033_260261,21,distance,target-reference,0.150220589792294,-3.029135584831238
COCO-2017-val,Molmo2-ER,coco_2033_260261,21,horizontal,target-reference,0.3001371765483578,-0.21013927459716797
COCO-2017-val,Molmo2-ER,coco_2033_260261,21,vertical,target-reference,-0.044297226197533596,-2.463867664337158
COCO-2017-val,Molmo2-ER,coco_2034_94326,21,distance,target-reference,-0.19265786061623752,-2.1800766587257385
COCO-2017-val,Molmo2-ER,coco_2034_94326,21,horizontal,target-reference,0.17525190380672,-0.1599685549736023
COCO-2017-val,Molmo2-ER,coco_2034_94326,21,vertical,target-reference,0.06320663591374132,0.2507185935974121
COCO-2017-val,Molmo2-ER,coco_2035_329827,21,distance,target-reference,0.0362719153042812,-2.3740904331207275
COCO-2017-val,Molmo2-ER,coco_2035_329827,21,horizontal,target-reference,-0.16756286995611291,-5.491866588592529
COCO-2017-val,Molmo2-ER,coco_2035_329827,21,vertical,target-reference,0.24957260863785496,5.435239255428314
COCO-2017-val,Molmo2-ER,coco_2036_50638,21,distance,target-reference,-0.036706200414391196,-0.8519766330718994
COCO-2017-val,Molmo2-ER,coco_2036_50638,21,horizontal,target-reference,-0.11145695913838138,-3.3243876695632935
COCO-2017-val,Molmo2-ER,coco_2036_50638,21,vertical,target-reference,0.003587768392769808,-3.393001079559326
COCO-2017-val,Molmo2-ER,coco_2037_213171,21,distance,target-reference,0.1609032412850922,-3.6995458900928497
COCO-2017-val,Molmo2-ER,coco_2037_213171,21,horizontal,target-reference,0.16052068301248631,0.8611214160919185
COCO-2017-val,Molmo2-ER,coco_2037_213171,21,vertical,target-reference,0.08972421601929789,4.974072813987732
COCO-2017-val,Molmo2-ER,coco_2038_229358,21,distance,target-reference,-0.07020976658638489,-1.7320500165224075
COCO-2017-val,Molmo2-ER,coco_2038_229358,21,horizontal,target-reference,0.14755675718892342,-2.735960602760315
COCO-2017-val,Molmo2-ER,coco_2038_229358,21,vertical,target-reference,-0.22577875249161816,-3.9763693809509277
COCO-2017-val,Molmo2-ER,coco_2039_190007,21,distance,target-reference,0.012298858918292008,2.8515052795410156
COCO-2017-val,Molmo2-ER,coco_2039_190007,21,horizontal,target-reference,0.10158257007358709,-1.5632506608963013
COCO-2017-val,Molmo2-ER,coco_2039_190007,21,vertical,target-reference,0.3096752751943051,5.820030450820923
COCO-2017-val,Molmo2-ER,coco_2040_23359,21,distance,target-reference,0.032182520093713696,1.0671477317810059
COCO-2017-val,Molmo2-ER,coco_2040_23359,21,horizontal,target-reference,-0.09134957711148439,-1.8305354118347168
COCO-2017-val,Molmo2-ER,coco_2040_23359,21,vertical,target-reference,0.333208911560055,7.122080087661743
COCO-2017-val,Molmo2-ER,coco_2041_161861,21,distance,target-reference,-0.23451892326225962,-4.899595260620117
COCO-2017-val,Molmo2-ER,coco_2041_161861,21,horizontal,target-reference,-0.242982939300189,-3.9204849004745483
COCO-2017-val,Molmo2-ER,coco_2041_161861,21,vertical,target-reference,0.1009033815978009,-0.9745123684406279
COCO-2017-val,Molmo2-ER,coco_2042_426268,21,distance,target-reference,0.0867703154948296,2.4877190589904785
COCO-2017-val,Molmo2-ER,coco_2042_426268,21,horizontal,target-reference,-0.1618652603998904,1.9109995365142822
COCO-2017-val,Molmo2-ER,coco_2042_426268,21,vertical,target-reference,0.08336036701496893,-1.4835147261619568
COCO-2017-val,Molmo2-ER,coco_2043_7278,21,distance,target-reference,0.0068910325640563,-3.4427290558815002
COCO-2017-val,Molmo2-ER,coco_2043_7278,21,horizontal,target-reference,-0.20623174007866618,-1.9726907014846804
COCO-2017-val,Molmo2-ER,coco_2043_7278,21,vertical,target-reference,0.10335898440631142,-2.470847308635712
COCO-2017-val,Molmo2-ER,coco_2044_378454,21,distance,target-reference,-0.0541010955505221,-0.2918412685394287
COCO-2017-val,Molmo2-ER,coco_2044_378454,21,horizontal,target-reference,-0.01648919205023619,0.9604302048683164
COCO-2017-val,Molmo2-ER,coco_2044_378454,21,vertical,target-reference,-0.1749147038134431,-1.506379246711731
COCO-2017-val,Molmo2-ER,coco_2045_205289,21,distance,target-reference,-0.011219184771133206,-5.050263464450837
COCO-2017-val,Molmo2-ER,coco_2045_205289,21,horizontal,target-reference,-0.034328132037052005,-0.06542587280273443
COCO-2017-val,Molmo2-ER,coco_2045_205289,21,vertical,target-reference,-0.13225658211686742,-1.5563693046569824
COCO-2017-val,Molmo2-ER,coco_2046_230819,21,distance,target-reference,0.06362421737414391,1.9386930465698242
COCO-2017-val,Molmo2-ER,coco_2046_230819,21,horizontal,target-reference,0.02828015006255749,-1.2219931483268738
COCO-2017-val,Molmo2-ER,coco_2046_230819,21,vertical,target-reference,0.2882868883897688,5.808248281478881
COCO-2017-val,Molmo2-ER,coco_2047_559547,21,distance,target-reference,0.09363292441475918,-2.9883131980895996
COCO-2017-val,Molmo2-ER,coco_2047_559547,21,horizontal,target-reference,0.15532636672258504,5.367985725402832
COCO-2017-val,Molmo2-ER,coco_2047_559547,21,vertical,target-reference,-0.19231693486677265,0.38423967361450195
COCO-2017-val,Molmo2-ER,coco_2048_430073,21,distance,target-reference,-0.21281597921990136,-1.4548325538635254
COCO-2017-val,Molmo2-ER,coco_2048_430073,21,horizontal,target-reference,0.2676750605588921,5.536791086196899
COCO-2017-val,Molmo2-ER,coco_2048_430073,21,vertical,target-reference,-0.0787022776293406,-4.343397438526154
COCO-2017-val,Molmo2-ER,coco_2049_561889,21,distance,target-reference,-0.3218414124624237,-3.3491930961608896
COCO-2017-val,Molmo2-ER,coco_2049_561889,21,horizontal,target-reference,-0.014941184222588832,-1.6113383769989011
COCO-2017-val,Molmo2-ER,coco_2049_561889,21,vertical,target-reference,0.47194354090857815,5.990663290023804
COCO-2017-val,Molmo2-ER,coco_2050_334309,21,distance,target-reference,-0.16533522684049973,-5.266608953475952
COCO-2017-val,Molmo2-ER,coco_2050_334309,21,horizontal,target-reference,-0.0854695288000051,0.8159081637859346
COCO-2017-val,Molmo2-ER,coco_2050_334309,21,vertical,target-reference,-0.23899404990420542,-1.226245641708374
COCO-2017-val,Molmo2-ER,coco_2051_144114,21,distance,target-reference,-0.14707395050150301,-0.24421697854995733
COCO-2017-val,Molmo2-ER,coco_2051_144114,21,horizontal,target-reference,-0.1007806039561624,0.2716733217239379
COCO-2017-val,Molmo2-ER,coco_2051_144114,21,vertical,target-reference,0.10044546749106578,-4.03708028793335
COCO-2017-val,Molmo2-ER,coco_2052_357742,21,distance,target-reference,-0.00396888966710951,-0.2652008533477783
COCO-2017-val,Molmo2-ER,coco_2052_357742,21,horizontal,target-reference,0.007990762214937414,1.8521516323089608
COCO-2017-val,Molmo2-ER,coco_2052_357742,21,vertical,target-reference,0.1141987959049644,-3.8802065253257743
COCO-2017-val,Molmo2-ER,coco_2053_136915,21,distance,target-reference,0.20735009198971968,1.400367617607117
COCO-2017-val,Molmo2-ER,coco_2053_136915,21,horizontal,target-reference,0.020122010328763762,3.5067973136901855
COCO-2017-val,Molmo2-ER,coco_2053_136915,21,vertical,target-reference,0.2642099664010718,-0.8637930154800415
COCO-2017-val,Molmo2-ER,coco_2054_242678,21,distance,target-reference,0.01874768958133549,-1.7955695390701294
COCO-2017-val,Molmo2-ER,coco_2054_242678,21,horizontal,target-reference,0.0177187369664569,-1.742366969585419
COCO-2017-val,Molmo2-ER,coco_2054_242678,21,vertical,target-reference,0.1717526606784136,2.8027041256427765
COCO-2017-val,Molmo2-ER,coco_2055_530820,21,distance,target-reference,-0.14271995716872227,-1.7483510971069336
COCO-2017-val,Molmo2-ER,coco_2055_530820,21,horizontal,target-reference,-0.04831671153262661,-2.5799819231033325
COCO-2017-val,Molmo2-ER,coco_2055_530820,21,vertical,target-reference,0.1724952303501769,-0.6552298069000244
COCO-2017-val,Molmo2-ER,coco_2056_122166,21,distance,target-reference,-0.21599033355783318,0.5638704299926758
COCO-2017-val,Molmo2-ER,coco_2056_122166,21,horizontal,target-reference,-0.14639188488033195,-1.6323704719543457
COCO-2017-val,Molmo2-ER,coco_2056_122166,21,vertical,target-reference,0.1040090387033557,-0.7838921546936035
COCO-2017-val,Molmo2-ER,coco_2057_223182,21,distance,target-reference,-0.004645215368508426,-2.6243088245391846
COCO-2017-val,Molmo2-ER,coco_2057_223182,21,horizontal,target-reference,0.12660121494325038,-4.2494125962257385
COCO-2017-val,Molmo2-ER,coco_2057_223182,21,vertical,target-reference,0.08518800029984308,0.5491185188293457
COCO-2017-val,Molmo2-ER,coco_2058_473219,21,distance,target-reference,0.1222584758100084,-0.9949744641780853
COCO-2017-val,Molmo2-ER,coco_2058_473219,21,horizontal,target-reference,-0.0983732130451096,-2.4921627044677734
COCO-2017-val,Molmo2-ER,coco_2058_473219,21,vertical,target-reference,0.17263514103112423,-5.599588394165039
COCO-2017-val,Molmo2-ER,coco_2059_296649,21,distance,target-reference,-0.10119106128125133,-2.5321704149246216
COCO-2017-val,Molmo2-ER,coco_2059_296649,21,horizontal,target-reference,-0.06350240631238918,-2.4741474986076355
COCO-2017-val,Molmo2-ER,coco_2059_296649,21,vertical,target-reference,-0.2409087591354635,-7.251335382461548
COCO-2017-val,Molmo2-ER,coco_2060_82715,21,distance,target-reference,-0.0839256197069011,2.178563117980957
COCO-2017-val,Molmo2-ER,coco_2060_82715,21,horizontal,target-reference,0.1595304989054912,0.5888800621032715
COCO-2017-val,Molmo2-ER,coco_2060_82715,21,vertical,target-reference,-0.1185443726432952,-1.1936603784561157
COCO-2017-val,Molmo2-ER,coco_2061_217872,21,distance,target-reference,0.05944582036213981,-2.88309383392334
COCO-2017-val,Molmo2-ER,coco_2061_217872,21,horizontal,target-reference,0.2718494917073511,0.2788243889808655
COCO-2017-val,Molmo2-ER,coco_2061_217872,21,vertical,target-reference,0.002349140111134379,-4.864702939987183
COCO-2017-val,Molmo2-ER,coco_2062_482735,21,distance,target-reference,-0.035684573836856706,3.3698225021362305
COCO-2017-val,Molmo2-ER,coco_2062_482735,21,horizontal,target-reference,0.06120242998250763,-1.575247585773468
COCO-2017-val,Molmo2-ER,coco_2062_482735,21,vertical,target-reference,0.2743087497189605,5.166388034820557
COCO-2017-val,Molmo2-ER,coco_2063_86220,21,distance,target-reference,-0.004687862477497695,-2.2893445193767548
COCO-2017-val,Molmo2-ER,coco_2063_86220,21,horizontal,target-reference,0.0031047539366677035,-2.4612977504730225
COCO-2017-val,Molmo2-ER,coco_2063_86220,21,vertical,target-reference,-0.010155370517835396,-2.128974437713623
COCO-2017-val,Molmo2-ER,coco_2064_177861,21,distance,target-reference,-0.1646091967070455,1.1053831577301025
COCO-2017-val,Molmo2-ER,coco_2064_177861,21,horizontal,target-reference,0.24525848525470884,1.1562875360250473
COCO-2017-val,Molmo2-ER,coco_2064_177861,21,vertical,target-reference,0.015436785423853905,1.3516216278076172
COCO-2017-val,Molmo2-ER,coco_2065_74860,21,distance,target-reference,-0.0676930662011654,-5.376564472913742
COCO-2017-val,Molmo2-ER,coco_2065_74860,21,horizontal,target-reference,0.0811430885986758,-0.9117717742919924
COCO-2017-val,Molmo2-ER,coco_2065_74860,21,vertical,target-reference,-0.1776656597652599,-5.894110918045044
COCO-2017-val,Molmo2-ER,coco_2066_516318,21,distance,target-reference,-0.02326241894841259,-3.6966241598129272
COCO-2017-val,Molmo2-ER,coco_2066_516318,21,horizontal,target-reference,-0.09698395246623126,-3.5809160470962524
COCO-2017-val,Molmo2-ER,coco_2066_516318,21,vertical,target-reference,-0.2373071541550844,-6.8189947605133066
COCO-2017-val,Molmo2-ER,coco_2067_140076,21,distance,target-reference,0.15511661654064407,-4.311628103256226
COCO-2017-val,Molmo2-ER,coco_2067_140076,21,horizontal,target-reference,0.0165558983680444,-0.28850483894348145
COCO-2017-val,Molmo2-ER,coco_2067_140076,21,vertical,target-reference,-0.06376349977757245,-4.322779655456543
COCO-2017-val,Molmo2-ER,coco_2068_136033,21,distance,target-reference,0.06406231829180048,2.927981048822403
COCO-2017-val,Molmo2-ER,coco_2068_136033,21,horizontal,target-reference,-0.0274798135379202,-3.1734359264373775
COCO-2017-val,Molmo2-ER,coco_2068_136033,21,vertical,target-reference,0.23353646299800102,4.054677724838257
COCO-2017-val,Molmo2-ER,coco_2069_565045,21,distance,target-reference,-0.1456623992400987,-2.180169939994812
COCO-2017-val,Molmo2-ER,coco_2069_565045,21,horizontal,target-reference,-0.19513308206697055,-4.060878694057465
COCO-2017-val,Molmo2-ER,coco_2069_565045,21,vertical,target-reference,0.052339406559083645,-3.3445338010787964
COCO-2017-val,Molmo2-ER,coco_2070_482436,21,distance,target-reference,-0.09102274981174518,-4.251910150051117
COCO-2017-val,Molmo2-ER,coco_2070_482436,21,horizontal,target-reference,0.08915644007287679,1.9159744381904602
COCO-2017-val,Molmo2-ER,coco_2070_482436,21,vertical,target-reference,-0.08223990905098019,0.4955618381500244
COCO-2017-val,Molmo2-ER,coco_2071_279730,21,distance,target-reference,-0.0018363112082958044,3.0954477787017822
COCO-2017-val,Molmo2-ER,coco_2071_279730,21,horizontal,target-reference,0.004798667055208511,-1.4149165153503422
COCO-2017-val,Molmo2-ER,coco_2071_279730,21,vertical,target-reference,-0.014616244875969686,0.48579931259155273
COCO-2017-val,Molmo2-ER,coco_2072_560880,21,distance,target-reference,0.03393248446990438,2.5873751640319824
COCO-2017-val,Molmo2-ER,coco_2072_560880,21,horizontal,target-reference,0.11968364489862379,4.129477381706238
COCO-2017-val,Molmo2-ER,coco_2072_560880,21,vertical,target-reference,0.14733406035732993,9.871386528015137
COCO-2017-val,Molmo2-ER,coco_2073_395903,21,distance,target-reference,0.0018923513106874068,1.0432629585266113
COCO-2017-val,Molmo2-ER,coco_2073_395903,21,horizontal,target-reference,0.1275910991007354,0.768754243850708
COCO-2017-val,Molmo2-ER,coco_2073_395903,21,vertical,target-reference,0.0771116849305504,-0.4002571105957031
COCO-2017-val,Molmo2-ER,coco_2074_153797,21,distance,target-reference,-0.05925250926644629,-1.2395101189613342
COCO-2017-val,Molmo2-ER,coco_2074_153797,21,horizontal,target-reference,-0.05040066713018754,-2.9841642379760747
COCO-2017-val,Molmo2-ER,coco_2074_153797,21,vertical,target-reference,-0.0158152516674128,-6.391534328460693
COCO-2017-val,Molmo2-ER,coco_2075_408120,21,distance,target-reference,-0.12965453536630794,0.3423519134521483
COCO-2017-val,Molmo2-ER,coco_2075_408120,21,horizontal,target-reference,-0.0537217515758234,-1.3869982361793518
COCO-2017-val,Molmo2-ER,coco_2075_408120,21,vertical,target-reference,-0.1993511317033297,-5.0130950808525085
COCO-2017-val,Molmo2-ER,coco_2076_191672,21,distance,target-reference,-0.04496944703233069,-4.424751400947571
COCO-2017-val,Molmo2-ER,coco_2076_191672,21,horizontal,target-reference,0.015599582255318767,-1.6502187252044678
COCO-2017-val,Molmo2-ER,coco_2076_191672,21,vertical,target-reference,-0.2177510275085334,-6.8347556591033936
COCO-2017-val,Molmo2-ER,coco_2077_136715,21,distance,target-reference,0.002211460743268695,1.1266924738883972
COCO-2017-val,Molmo2-ER,coco_2077_136715,21,horizontal,target-reference,0.00023812420902946663,4.359258532524109
COCO-2017-val,Molmo2-ER,coco_2077_136715,21,vertical,target-reference,0.0258596875190774,-0.8193968534469604
COCO-2017-val,Molmo2-ER,coco_2078_474293,21,distance,target-reference,-0.032173215268048616,-0.07686138153076172
COCO-2017-val,Molmo2-ER,coco_2078_474293,21,horizontal,target-reference,0.039527979849486305,-2.1021227836608887
COCO-2017-val,Molmo2-ER,coco_2078_474293,21,vertical,target-reference,0.11001369904072944,-1.302501916885376
COCO-2017-val,Molmo2-ER,coco_2079_63154,21,distance,target-reference,0.056798744848399085,2.3544814586639413
COCO-2017-val,Molmo2-ER,coco_2079_63154,21,horizontal,target-reference,-0.12350141303836101,-3.271068811416626
COCO-2017-val,Molmo2-ER,coco_2079_63154,21,vertical,target-reference,0.1556379640099358,6.529659032821655
COCO-2017-val,Molmo2-ER,coco_2080_539962,21,distance,target-reference,0.05574660070964521,-4.661671161651611
COCO-2017-val,Molmo2-ER,coco_2080_539962,21,horizontal,target-reference,-0.05614275073694741,-1.727159023284912
COCO-2017-val,Molmo2-ER,coco_2080_539962,21,vertical,target-reference,-0.08420070796579937,-0.7071031332015991
COCO-2017-val,Molmo2-ER,coco_2081_74058,21,distance,target-reference,-0.10230277344209271,-1.6602856516838076
COCO-2017-val,Molmo2-ER,coco_2081_74058,21,horizontal,target-reference,0.1450738949322481,0.8192434310913086
COCO-2017-val,Molmo2-ER,coco_2081_74058,21,vertical,target-reference,-0.04242022225501921,-5.174151420593262
COCO-2017-val,Molmo2-ER,coco_2082_33005,21,distance,target-reference,-0.05208542916812789,-1.0567072629928589
COCO-2017-val,Molmo2-ER,coco_2082_33005,21,horizontal,target-reference,-0.1365539501707301,-3.052863836288452
COCO-2017-val,Molmo2-ER,coco_2082_33005,21,vertical,target-reference,-0.12221865347656499,-2.2719790935516357
COCO-2017-val,Molmo2-ER,coco_2083_380711,21,distance,target-reference,0.122761688475681,1.786888599395752
COCO-2017-val,Molmo2-ER,coco_2083_380711,21,horizontal,target-reference,-0.09525310375028209,-2.2863850593566895
COCO-2017-val,Molmo2-ER,coco_2083_380711,21,vertical,target-reference,0.11826678117492559,3.0248008966445923
COCO-2017-val,Molmo2-ER,coco_2084_537270,21,distance,target-reference,-0.1513882582296609,-1.837980568408966
COCO-2017-val,Molmo2-ER,coco_2084_537270,21,horizontal,target-reference,-0.054972029483156826,-2.184190511703491
COCO-2017-val,Molmo2-ER,coco_2084_537270,21,vertical,target-reference,-0.1714686341838848,-0.7232129573822021
COCO-2017-val,Molmo2-ER,coco_2085_455716,21,distance,target-reference,0.013507448128102492,-3.646154403686523
COCO-2017-val,Molmo2-ER,coco_2085_455716,21,horizontal,target-reference,-0.09987582356005253,-2.8106656074523926
COCO-2017-val,Molmo2-ER,coco_2085_455716,21,vertical,target-reference,0.011389321840306804,0.5374701023101802
COCO-2017-val,Molmo2-ER,coco_2086_244099,21,distance,target-reference,-0.014315129230227597,-3.2029290348291397
COCO-2017-val,Molmo2-ER,coco_2086_244099,21,horizontal,target-reference,-0.00694890222197142,-1.1565066576004028
COCO-2017-val,Molmo2-ER,coco_2086_244099,21,vertical,target-reference,-0.16313563084975632,-5.14194393157959
COCO-2017-val,Molmo2-ER,coco_2087_512985,21,distance,target-reference,-0.005203474326226504,2.4297003746032715
COCO-2017-val,Molmo2-ER,coco_2087_512985,21,horizontal,target-reference,0.046193255561762625,-2.1456243991851807
COCO-2017-val,Molmo2-ER,coco_2087_512985,21,vertical,target-reference,-0.100819767736511,-0.25223034620285034
COCO-2017-val,Molmo2-ER,coco_2088_89648,21,distance,target-reference,0.0568068791168643,2.523762047290802
COCO-2017-val,Molmo2-ER,coco_2088_89648,21,horizontal,target-reference,-0.0914362174716028,3.05638325214386
COCO-2017-val,Molmo2-ER,coco_2088_89648,21,vertical,target-reference,-0.1081359633196886,-4.4871509075164795
COCO-2017-val,Molmo2-ER,coco_2089_121586,21,distance,target-reference,0.0007470659262832913,-1.162247657775879
COCO-2017-val,Molmo2-ER,coco_2089_121586,21,horizontal,target-reference,-0.040599180555790815,1.985245704650879
COCO-2017-val,Molmo2-ER,coco_2089_121586,21,vertical,target-reference,0.005645529806956817,-1.670735120773315
COCO-2017-val,Molmo2-ER,coco_2090_263403,21,distance,target-reference,-0.06328002791899029,1.5043098926544183
COCO-2017-val,Molmo2-ER,coco_2090_263403,21,horizontal,target-reference,0.1286715937609988,-0.1629018783569336
COCO-2017-val,Molmo2-ER,coco_2090_263403,21,vertical,target-reference,0.1480059514401687,5.567653059959412
COCO-2017-val,Molmo2-ER,coco_2091_449190,21,distance,target-reference,-0.006186837620493824,3.055557012557984
COCO-2017-val,Molmo2-ER,coco_2091_449190,21,horizontal,target-reference,-0.02692754013105708,-2.6994309425354004
COCO-2017-val,Molmo2-ER,coco_2091_449190,21,vertical,target-reference,0.06499797555767794,-1.758632898330689
COCO-2017-val,Molmo2-ER,coco_2092_437239,21,distance,target-reference,-0.007871225617839817,-6.302895247936249
COCO-2017-val,Molmo2-ER,coco_2092_437239,21,horizontal,target-reference,-0.04542765564625159,-1.2989920377731323
COCO-2017-val,Molmo2-ER,coco_2092_437239,21,vertical,target-reference,-0.10654615805700951,-1.6988639831542969
COCO-2017-val,Molmo2-ER,coco_2093_187362,21,distance,target-reference,-0.007988576636134226,-3.608314871788026
COCO-2017-val,Molmo2-ER,coco_2093_187362,21,horizontal,target-reference,-0.0966186147683102,-2.0904926657676697
COCO-2017-val,Molmo2-ER,coco_2093_187362,21,vertical,target-reference,0.018515028549979107,-3.2813209295272827
COCO-2017-val,Molmo2-ER,coco_2094_262587,21,distance,target-reference,-0.039197851484935375,-3.9483309388160706
COCO-2017-val,Molmo2-ER,coco_2094_262587,21,horizontal,target-reference,-0.03910278707339401,-2.2805676460266113
COCO-2017-val,Molmo2-ER,coco_2094_262587,21,vertical,target-reference,-0.2018746872630575,-5.8960652351379395
COCO-2017-val,Molmo2-ER,coco_2095_542423,21,distance,target-reference,0.0362008361624474,-5.379351973533631
COCO-2017-val,Molmo2-ER,coco_2095_542423,21,horizontal,target-reference,-0.06405185039784711,-3.005513370037079
COCO-2017-val,Molmo2-ER,coco_2095_542423,21,vertical,target-reference,-0.0006834756085046245,1.7131409645080566
COCO-2017-val,Molmo2-ER,coco_2096_80022,21,distance,target-reference,-0.08665764458095511,-3.1527059674263005
COCO-2017-val,Molmo2-ER,coco_2096_80022,21,horizontal,target-reference,-0.0730155611457181,-1.959875762462616
COCO-2017-val,Molmo2-ER,coco_2096_80022,21,vertical,target-reference,-0.16622251725505627,-3.419487237930298
COCO-2017-val,Molmo2-ER,coco_2097_375078,21,distance,target-reference,-0.031004462745401307,-3.504765391349792
COCO-2017-val,Molmo2-ER,coco_2097_375078,21,horizontal,target-reference,0.0007985064769008982,-1.6635522842407227
COCO-2017-val,Molmo2-ER,coco_2097_375078,21,vertical,target-reference,-0.04288355592746701,-1.6307647228240965
COCO-2017-val,Molmo2-ER,coco_2098_331604,21,distance,target-reference,0.0011172084754966782,1.1866812705993657
COCO-2017-val,Molmo2-ER,coco_2098_331604,21,horizontal,target-reference,-0.0404099091663946,-2.9705023765563965
COCO-2017-val,Molmo2-ER,coco_2098_331604,21,vertical,target-reference,0.1854418076816528,7.7538511753082275
COCO-2017-val,Molmo2-ER,coco_2099_52507,21,distance,target-reference,0.0249285377747247,3.129150867462158
COCO-2017-val,Molmo2-ER,coco_2099_52507,21,horizontal,target-reference,0.02745265648399542,-0.16798371076583862
COCO-2017-val,Molmo2-ER,coco_2099_52507,21,vertical,target-reference,-0.04265808210571141,-1.250753104686737
COCO-2017-val,Molmo2-ER,coco_2100_350122,21,distance,target-reference,0.0007783772272564882,-0.9132521450519562
COCO-2017-val,Molmo2-ER,coco_2100_350122,21,horizontal,target-reference,0.020350789671243152,-4.429586410522461
COCO-2017-val,Molmo2-ER,coco_2100_350122,21,vertical,target-reference,0.009229789693041002,-4.7094566822052
COCO-2017-val,Molmo2-ER,coco_2101_183127,21,distance,target-reference,-0.00014831797776340694,-4.383214235305786
COCO-2017-val,Molmo2-ER,coco_2101_183127,21,horizontal,target-reference,0.02928228323022286,-0.419897198677063
COCO-2017-val,Molmo2-ER,coco_2101_183127,21,vertical,target-reference,-0.1549744639900633,-6.4559409618377686
COCO-2017-val,Molmo2-ER,coco_2102_477955,21,distance,target-reference,0.1033760994278489,1.1968576908111572
COCO-2017-val,Molmo2-ER,coco_2102_477955,21,horizontal,target-reference,-0.0734299018562951,-3.898040473461151
COCO-2017-val,Molmo2-ER,coco_2102_477955,21,vertical,target-reference,0.05657244124981098,4.773871898651123
COCO-2017-val,Molmo2-ER,coco_2103_515350,21,distance,target-reference,-0.0135751108515888,-5.208002805709839
COCO-2017-val,Molmo2-ER,coco_2103_515350,21,horizontal,target-reference,-0.031628672241800215,0.904114842414856
COCO-2017-val,Molmo2-ER,coco_2103_515350,21,vertical,target-reference,-0.1339268361296311,-7.461195707321167
COCO-2017-val,Molmo2-ER,coco_2104_425702,21,distance,target-reference,-0.0456282582241468,-3.3064969182014465
COCO-2017-val,Molmo2-ER,coco_2104_425702,21,horizontal,target-reference,0.0260734541740403,-0.7905187606811523
COCO-2017-val,Molmo2-ER,coco_2104_425702,21,vertical,target-reference,0.09294352416385651,-2.0863049030303955
COCO-2017-val,Molmo2-ER,coco_2105_437331,21,distance,target-reference,0.0781938327640747,-4.4766316413879395
COCO-2017-val,Molmo2-ER,coco_2105_437331,21,horizontal,target-reference,0.0661970975609805,0.438192993402481
COCO-2017-val,Molmo2-ER,coco_2105_437331,21,vertical,target-reference,0.059546879527935,-4.305569648742676
COCO-2017-val,Molmo2-ER,coco_2106_171757,21,distance,target-reference,0.002513282792781596,2.449403703212738
COCO-2017-val,Molmo2-ER,coco_2106_171757,21,horizontal,target-reference,0.013292282915321696,7.122812747955322
COCO-2017-val,Molmo2-ER,coco_2106_171757,21,vertical,target-reference,-0.0007689317300438869,-0.12965202331542924
COCO-2017-val,Molmo2-ER,coco_2107_505451,21,distance,target-reference,-0.018581307995832297,1.9838075637817383
COCO-2017-val,Molmo2-ER,coco_2107_505451,21,horizontal,target-reference,0.0821034308221957,-1.6498757600784302
COCO-2017-val,Molmo2-ER,coco_2107_505451,21,vertical,target-reference,0.0931374168290793,7.391516923904419
COCO-2017-val,Molmo2-ER,coco_2108_520832,21,distance,target-reference,0.018556009603906687,-0.3099703788757333
COCO-2017-val,Molmo2-ER,coco_2108_520832,21,horizontal,target-reference,0.0373318858137531,1.5608571767807007
COCO-2017-val,Molmo2-ER,coco_2108_520832,21,vertical,target-reference,-0.0821699823031507,-4.327759504318237
COCO-2017-val,Molmo2-ER,coco_2109_376206,21,distance,target-reference,0.0370950834109528,-4.483056902885437
COCO-2017-val,Molmo2-ER,coco_2109_376206,21,horizontal,target-reference,0.05983719904524701,-1.0922152251005173
COCO-2017-val,Molmo2-ER,coco_2109_376206,21,vertical,target-reference,-0.1202454014426679,-6.505813837051392
COCO-2017-val,Molmo2-ER,coco_2110_37751,21,distance,target-reference,0.019349181083636813,-2.980855703353882
COCO-2017-val,Molmo2-ER,coco_2110_37751,21,horizontal,target-reference,0.010369944649797597,-4.011923789978027
COCO-2017-val,Molmo2-ER,coco_2110_37751,21,vertical,target-reference,-0.056667063943696305,-0.08805298805236816
COCO-2017-val,Molmo2-ER,coco_2111_74457,21,distance,target-reference,0.011034086318232189,2.1574032306671143
COCO-2017-val,Molmo2-ER,coco_2111_74457,21,horizontal,target-reference,0.03975390105082166,-2.6143935918807983
COCO-2017-val,Molmo2-ER,coco_2111_74457,21,vertical,target-reference,0.012281151805199286,1.7526744604110718
COCO-2017-val,Molmo2-ER,coco_2112_161128,21,distance,target-reference,0.008274244160270394,0.9622236788272858
COCO-2017-val,Molmo2-ER,coco_2112_161128,21,horizontal,target-reference,-0.0056993302620040875,-2.4162943959236145
COCO-2017-val,Molmo2-ER,coco_2112_161128,21,vertical,target-reference,-0.0018616567416573915,-2.5829195976257324
COCO-2017-val,Molmo2-ER,coco_2113_521259,21,distance,target-reference,-0.0019836834632966927,1.3931346535682678
COCO-2017-val,Molmo2-ER,coco_2113_521259,21,horizontal,target-reference,0.0058963858975414896,-0.7762451171875
COCO-2017-val,Molmo2-ER,coco_2113_521259,21,vertical,target-reference,-0.002658788612965979,-6.062110185623169
COCO-2017-val,Molmo2-ER,coco_2114_184324,21,distance,target-reference,-0.002612831884335698,1.2744759321212764
COCO-2017-val,Molmo2-ER,coco_2114_184324,21,horizontal,target-reference,0.0014852994239216155,-3.7632462978363037
COCO-2017-val,Molmo2-ER,coco_2114_184324,21,vertical,target-reference,-0.0053110699132772055,-6.872711420059204
COCO-2017-val,Molmo2-ER,coco_2115_329456,21,distance,target-reference,0.058489827416736515,0.6353778839111319
COCO-2017-val,Molmo2-ER,coco_2115_329456,21,horizontal,target-reference,0.004256207166225101,5.753836512565613
COCO-2017-val,Molmo2-ER,coco_2115_329456,21,vertical,target-reference,0.007913103832182966,-2.6662917137145996
